ISO-10303-21;
HEADER;
FILE_DESCRIPTION (( 'STEP AP214' ),
    '1' );
FILE_NAME ('LGA-4_L1.4-W1.4-P0.66-TL.STEP',
    '2024-07-02T11:31:34',
    ( 'User' ),
    ( 'China' ),
    'SwSTEP 2.0',
    'SolidWorks 2020',
    '' );
FILE_SCHEMA (( 'AUTOMOTIVE_DESIGN' ));
ENDSEC;

DATA;
#1 = EDGE_CURVE ( 'NONE', #7788, #104, #8424, .T. ) ;
#2 = LINE ( 'NONE', #2176, #9047 ) ;
#3 = PRESENTATION_STYLE_ASSIGNMENT (( #9597 ) ) ;
#4 = LINE ( 'NONE', #1533, #6872 ) ;
#5 = LINE ( 'NONE', #1482, #2385 ) ;
#6 = VERTEX_POINT ( 'NONE', #7556 ) ;
#7 = EDGE_CURVE ( 'NONE', #7540, #6499, #2178, .T. ) ;
#8 = EDGE_CURVE ( 'NONE', #8008, #5789, #1425, .T. ) ;
#9 = PRESENTATION_STYLE_ASSIGNMENT (( #6017 ) ) ;
#10 = DIRECTION ( 'NONE',  ( 0.000000000000000000, 0.000000000000000000, 1.000000000000000000 ) ) ;
#11 = SURFACE_STYLE_USAGE ( .BOTH. , #7175 ) ;
#12 = VERTEX_POINT ( 'NONE', #3795 ) ;
#13 = VERTEX_POINT ( 'NONE', #6816 ) ;
#14 = VECTOR ( 'NONE', #4999, 1000.000000000000000 ) ;
#15 = ORIENTED_EDGE ( 'NONE', *, *, #6575, .T. ) ;
#16 = ADVANCED_FACE ( 'NONE', ( #9649 ), #5482, .F. ) ;
#17 = CARTESIAN_POINT ( 'NONE',  ( 0.5535406626217471704, -0.5903292646869716664, 0.2199999999999999734 ) ) ;
#18 = DIRECTION ( 'NONE',  ( 1.000000000000000000, -0.000000000000000000, -0.000000000000000000 ) ) ;
#19 = ORIENTED_EDGE ( 'NONE', *, *, #9351, .F. ) ;
#20 =( GEOMETRIC_REPRESENTATION_CONTEXT ( 3 ) GLOBAL_UNCERTAINTY_ASSIGNED_CONTEXT ( ( #7821 ) ) GLOBAL_UNIT_ASSIGNED_CONTEXT ( ( #7073, #3860, #3165 ) ) REPRESENTATION_CONTEXT ( 'NONE', 'WORKASPACE' ) );
#21 = CARTESIAN_POINT ( 'NONE',  ( 0.4755786643565521055, -0.5848082975186108534, 0.2099999999999999922 ) ) ;
#22 = LINE ( 'NONE', #7919, #77 ) ;
#23 = DIRECTION ( 'NONE',  ( -1.000000000000000000, 0.000000000000000000, -0.000000000000000000 ) ) ;
#24 = CARTESIAN_POINT ( 'NONE',  ( 0.3777857481450481170, -0.4716903648177822039, 0.2099999999999999922 ) ) ;
#25 = CARTESIAN_POINT ( 'NONE',  ( 0.4154917257121573115, -0.5763164063135421955, 0.2099999999999999922 ) ) ;
#26 = ORIENTED_EDGE ( 'NONE', *, *, #4288, .T. ) ;
#27 = CARTESIAN_POINT ( 'NONE',  ( -0.4550000000000001266, -0.2050000000000000155, -0.01000000000000000021 ) ) ;
#28 = ORIENTED_EDGE ( 'NONE', *, *, #358, .T. ) ;
#29 = VECTOR ( 'NONE', #8248, 1000.000000000000000 ) ;
#30 = B_SPLINE_SURFACE_WITH_KNOTS ( 'NONE', 3, 1, ( 
 ( #668, #3683 ),
 ( #6699, #7488 ),
 ( #3738, #9682 ),
 ( #2938, #2204 ) ),
 .UNSPECIFIED., .F., .F., .F.,
 ( 4, 4 ),
 ( 2, 2 ),
 ( 2.000000000000000000, 3.000000000000000000 ),
 ( 0.000000000000000000, 1.000000000000000000 ),
 .UNSPECIFIED. ) ;
#31 = EDGE_LOOP ( 'NONE', ( #2341, #1654, #2997, #3802 ) ) ;
#32 = CARTESIAN_POINT ( 'NONE',  ( 0.1502584533198238481, -0.5057983369980462163, 0.2099999999999999922 ) ) ;
#33 = VERTEX_POINT ( 'NONE', #1669 ) ;
#34 = CARTESIAN_POINT ( 'NONE',  ( 0.3813632358394068445, -0.5087526421768254759, 0.2199999999999999734 ) ) ;
#35 = DIRECTION ( 'NONE',  ( -1.000000000000000000, -6.023345402697242035E-16, 0.000000000000000000 ) ) ;
#36 = VECTOR ( 'NONE', #7867, 1000.000000000000000 ) ;
#37 = CARTESIAN_POINT ( 'NONE',  ( 0.3650602901874157036, -0.4761467508728471909, 0.2099999999999999922 ) ) ;
#38 = CARTESIAN_POINT ( 'NONE',  ( 0.4247758633271273010, -0.5564854883680827591, 0.2099999999999999922 ) ) ;
#39 = CARTESIAN_POINT ( 'NONE',  ( 0.4391229506548112727, -0.5998114639044999086, 0.2099999999999999922 ) ) ;
#40 = ORIENTED_EDGE ( 'NONE', *, *, #8666, .T. ) ;
#41 = VECTOR ( 'NONE', #5067, 1000.000000000000000 ) ;
#42 = DIRECTION ( 'NONE',  ( 0.000000000000000000, -0.000000000000000000, 1.000000000000000000 ) ) ;
#43 = ORIENTED_EDGE ( 'NONE', *, *, #9288, .T. ) ;
#44 = LINE ( 'NONE', #825, #8246 ) ;
#45 = EDGE_CURVE ( 'NONE', #5437, #1102, #2028, .T. ) ;
#46 = VERTEX_POINT ( 'NONE', #5576 ) ;
#47 = B_SPLINE_CURVE_WITH_KNOTS ( 'NONE', 3,
 ( #2256, #5223, #8430, #3929 ),
 .UNSPECIFIED., .F., .F.,
 ( 4, 4 ),
 ( 0.000000000000000000, 1.000000000000000000 ),
 .UNSPECIFIED. ) ;
#48 = CARTESIAN_POINT ( 'NONE',  ( 0.3700365879491555043, -0.5884229217635547071, 0.2199999999999999734 ) ) ;
#49 = CARTESIAN_POINT ( 'NONE',  ( 0.2828156136870604298, -0.5750035185764428292, 0.2199999999999999734 ) ) ;
#50 = CARTESIAN_POINT ( 'NONE',  ( 0.3749757491603115112, -0.5846102359163863893, 0.2099999999999999922 ) ) ;
#51 = CARTESIAN_POINT ( 'NONE',  ( 0.3917243334176417902, -0.4699078103957542996, 0.2199999999999999734 ) ) ;
#52 = DIRECTION ( 'NONE',  ( -1.000000000000000000, -0.000000000000000000, -0.000000000000000000 ) ) ;
#53 = ORIENTED_EDGE ( 'NONE', *, *, #6646, .F. ) ;
#54 = PLANE ( 'NONE',  #476 ) ;
#55 = EDGE_CURVE ( 'NONE', #5069, #6384, #1570, .T. ) ;
#56 = ORIENTED_EDGE ( 'NONE', *, *, #8027, .T. ) ;
#57 = ORIENTED_EDGE ( 'NONE', *, *, #7061, .F. ) ;
#58 = ORIENTED_EDGE ( 'NONE', *, *, #2101, .T. ) ;
#59 = EDGE_CURVE ( 'NONE', #6532, #5407, #1460, .T. ) ;
#60 = CARTESIAN_POINT ( 'NONE',  ( 0.4438764291137137219, -0.5135061206355617802, 0.2099999999999999922 ) ) ;
#61 = PRESENTATION_LAYER_ASSIGNMENT (  '', '', ( #8570 ) ) ;
#62 = CARTESIAN_POINT ( 'NONE',  ( 0.4295912360367263871, -0.5557427573587391256, 0.2099999999999999922 ) ) ;
#63 = LINE ( 'NONE', #6026, #1121 ) ;
#64 = ORIENTED_EDGE ( 'NONE', *, *, #8636, .T. ) ;
#65 = CARTESIAN_POINT ( 'NONE',  ( 0.4204432657734539780, -0.5721571126621458614, 0.2199999999999999734 ) ) ;
#66 = FACE_OUTER_BOUND ( 'NONE', #3048, .T. ) ;
#67 = LINE ( 'NONE', #8508, #3581 ) ;
#68 = CARTESIAN_POINT ( 'NONE',  ( 0.3821802399495823344, -0.4699078103957542996, 0.2099999999999999922 ) ) ;
#69 = EDGE_CURVE ( 'NONE', #2521, #2203, #926, .T. ) ;
#70 = CARTESIAN_POINT ( 'NONE',  ( 0.3414662017951822226, -0.5848082975186135180, 0.2199999999999999734 ) ) ;
#71 =( NAMED_UNIT ( * ) PLANE_ANGLE_UNIT ( ) SI_UNIT ( $, .RADIAN. ) );
#72 = CARTESIAN_POINT ( 'NONE',  ( 0.6999999999999997335, 0.6999999999999999556, 0.2099999999999999922 ) ) ;
#73 = EDGE_CURVE ( 'NONE', #8857, #5017, #9258, .T. ) ;
#74 = ADVANCED_FACE ( 'NONE', ( #7006 ), #3196, .F. ) ;
#75 = VERTEX_POINT ( 'NONE', #2510 ) ;
#76 = VECTOR ( 'NONE', #6207, 1000.000000000000000 ) ;
#77 = VECTOR ( 'NONE', #3357, 1000.000000000000000 ) ;
#78 = FILL_AREA_STYLE_COLOUR ( '', #7195 ) ;
#79 = EDGE_LOOP ( 'NONE', ( #4936, #4909, #2293, #5410 ) ) ;
#80 = SURFACE_SIDE_STYLE ('',( #909 ) ) ;
#81 = CARTESIAN_POINT ( 'NONE',  ( 0.3601582655266780675, -0.5474736854561776944, 0.2199999999999999734 ) ) ;
#82 = CARTESIAN_POINT ( 'NONE',  ( 0.4048335357300853476, -0.5705478621420710938, 0.2199999999999999734 ) ) ;
#83 = CARTESIAN_POINT ( 'NONE',  ( 0.2297927521670982964, -0.4586286597977606849, 0.2099999999999999922 ) ) ;
#84 = DIRECTION ( 'NONE',  ( -1.000000000000000000, 0.000000000000000000, 0.000000000000000000 ) ) ;
#85 = CARTESIAN_POINT ( 'NONE',  ( 0.5439470537532964389, -0.5654972912796583095, 0.2099999999999999922 ) ) ;
#86 = ORIENTED_EDGE ( 'NONE', *, *, #9701, .F. ) ;
#87 = CARTESIAN_POINT ( 'NONE',  ( 0.2910789232630332513, -0.5660516108144468816, 0.2099999999999999922 ) ) ;
#88 = CARTESIAN_POINT ( 'NONE',  ( 0.2318585729940072226, -0.5691503551888987822, 0.2099999999999999922 ) ) ;
#89 = CARTESIAN_POINT ( 'NONE',  ( 0.4095993930391267357, -0.5558665458601321774, 0.2099999999999999922 ) ) ;
#90 = VECTOR ( 'NONE', #5233, 1000.000000000000000 ) ;
#91 = FACE_OUTER_BOUND ( 'NONE', #648, .T. ) ;
#92 = EDGE_LOOP ( 'NONE', ( #2598, #7618, #5462, #8348 ) ) ;
#93 = CARTESIAN_POINT ( 'NONE',  ( 0.3862405027998652707, -0.5890913796717301976, 0.2099999999999999922 ) ) ;
#94 =( NAMED_UNIT ( * ) PLANE_ANGLE_UNIT ( ) SI_UNIT ( $, .RADIAN. ) );
#95 = DIRECTION ( 'NONE',  ( -0.3283461648125132748, 0.9445574604294404431, -0.000000000000000000 ) ) ;
#96 = CARTESIAN_POINT ( 'NONE',  ( 0.1963952279048619132, -0.4727451380969961980, 0.2099999999999999922 ) ) ;
#97 = ORIENTED_EDGE ( 'NONE', *, *, #6496, .F. ) ;
#98 = VECTOR ( 'NONE', #6685, 1000.000000000000000 ) ;
#99 = DIRECTION ( 'NONE',  ( -1.000000000000000000, 0.000000000000000000, -0.000000000000000000 ) ) ;
#100 = EDGE_CURVE ( 'NONE', #590, #5493, #6107, .T. ) ;
#101 = CARTESIAN_POINT ( 'NONE',  ( 0.4336267411867306132, -0.4650800588358516285, 0.2199999999999999734 ) ) ;
#102 = EDGE_LOOP ( 'NONE', ( #2540, #4136, #4664, #8360 ) ) ;
#103 = ORIENTED_EDGE ( 'NONE', *, *, #1306, .F. ) ;
#104 = VERTEX_POINT ( 'NONE', #7808 ) ;
#105 = VECTOR ( 'NONE', #6598, 1000.000000000000000 ) ;
#106 = FILL_AREA_STYLE_COLOUR ( '', #9302 ) ;
#107 = CARTESIAN_POINT ( 'NONE',  ( 0.3743815643529695425, -0.4752802313621141694, 0.2099999999999999922 ) ) ;
#108 = EDGE_LOOP ( 'NONE', ( #250, #6237, #3606, #4265 ) ) ;
#109 =( NAMED_UNIT ( * ) SI_UNIT ( $, .STERADIAN. ) SOLID_ANGLE_UNIT ( ) );
#110 = FACE_OUTER_BOUND ( 'NONE', #2587, .T. ) ;
#111 = EDGE_CURVE ( 'NONE', #7383, #2367, #3146, .T. ) ;
#112 = VECTOR ( 'NONE', #4604, 1000.000000000000000 ) ;
#113 = CARTESIAN_POINT ( 'NONE',  ( 0.4711346571512823878, -0.5112531699075868463, 0.2099999999999999922 ) ) ;
#114 = DIRECTION ( 'NONE',  ( 6.995610782682754331E-14, -1.000000000000000000, 0.000000000000000000 ) ) ;
#115 = ORIENTED_EDGE ( 'NONE', *, *, #3641, .F. ) ;
#116 = ORIENTED_EDGE ( 'NONE', *, *, #4883, .T. ) ;
#117 = PLANE ( 'NONE',  #6172 ) ;
#118 = ORIENTED_EDGE ( 'NONE', *, *, #773, .F. ) ;
#119 = CIRCLE ( 'NONE', #8631, 0.07999999999999998779 ) ;
#120 = EDGE_CURVE ( 'NONE', #1913, #6118, #1564, .T. ) ;
#121 = CARTESIAN_POINT ( 'NONE',  ( 0.1547344072008220162, -0.4655147471435845952, 0.2199999999999999734 ) ) ;
#122 = EDGE_LOOP ( 'NONE', ( #4694, #4219, #1500, #6084 ) ) ;
#123 = LINE ( 'NONE', #3830, #9379 ) ;
#124 = CARTESIAN_POINT ( 'NONE',  ( 0.5439470537532964389, -0.5729988744726010053, 0.2199999999999999734 ) ) ;
#125 = CARTESIAN_POINT ( 'NONE',  ( -0.4550000000000002376, 0.2849999999999999201, 0.000000000000000000 ) ) ;
#126 = EDGE_CURVE ( 'NONE', #1253, #3367, #7386, .T. ) ;
#127 = DIRECTION ( 'NONE',  ( -0.000000000000000000, -0.000000000000000000, 1.000000000000000000 ) ) ;
#128 = EDGE_CURVE ( 'NONE', #1648, #7318, #4624, .T. ) ;
#129 = CARTESIAN_POINT ( 'NONE',  ( 0.4093641948861510005, -0.5631453097505708660, 0.2099999999999999922 ) ) ;
#130 = DIRECTION ( 'NONE',  ( 1.000000000000000000, 0.000000000000000000, 0.000000000000000000 ) ) ;
#131 = STYLED_ITEM ( 'NONE', ( #4526 ), #413 ) ;
#132 = ORIENTED_EDGE ( 'NONE', *, *, #3250, .T. ) ;
#133 = CARTESIAN_POINT ( 'NONE',  ( 0.2511396242928895517, -0.4775654009216349638, 0.2099999999999999922 ) ) ;
#134 = EDGE_CURVE ( 'NONE', #3361, #7781, #9623, .T. ) ;
#135 = DIRECTION ( 'NONE',  ( -0.000000000000000000, -0.000000000000000000, -1.000000000000000000 ) ) ;
#136 = AXIS2_PLACEMENT_3D ( 'NONE', #7331, #6640, #8840 ) ;
#137 =( NAMED_UNIT ( * ) SI_UNIT ( $, .STERADIAN. ) SOLID_ANGLE_UNIT ( ) );
#138 = CARTESIAN_POINT ( 'NONE',  ( 0.4094879833877083097, -0.5861947287358537650, 0.2199999999999999734 ) ) ;
#139 = ORIENTED_EDGE ( 'NONE', *, *, #3024, .F. ) ;
#140 = DIRECTION ( 'NONE',  ( 0.000000000000000000, -0.000000000000000000, -1.000000000000000000 ) ) ;
#141 = DIRECTION ( 'NONE',  ( -0.000000000000000000, -0.000000000000000000, -1.000000000000000000 ) ) ;
#142 = CARTESIAN_POINT ( 'NONE',  ( 0.2418434043035459780, -0.4916818771686960465, 0.2099999999999999922 ) ) ;
#143 = ORIENTED_EDGE ( 'NONE', *, *, #7555, .F. ) ;
#144 = CARTESIAN_POINT ( 'NONE',  ( 0.4135358673878523073, -0.5695327964296650336, 0.2199999999999999734 ) ) ;
#145 = CARTESIAN_POINT ( 'NONE',  ( 0.3740473353987163740, -0.5036525559135289765, 0.2099999999999999922 ) ) ;
#146 = ORIENTED_EDGE ( 'NONE', *, *, #1569, .T. ) ;
#147 = ORIENTED_EDGE ( 'NONE', *, *, #2294, .F. ) ;
#148 = ORIENTED_EDGE ( 'NONE', *, *, #6822, .F. ) ;
#149 = FACE_OUTER_BOUND ( 'NONE', #9239, .T. ) ;
#150 = ORIENTED_EDGE ( 'NONE', *, *, #3140, .F. ) ;
#151 = DIRECTION ( 'NONE',  ( -0.5048830486499330528, 0.8631877589412104701, 0.000000000000000000 ) ) ;
#152 = CARTESIAN_POINT ( 'NONE',  ( 0.4225352914492895295, -0.5883981640632763854, 0.2199999999999999734 ) ) ;
#153 = LINE ( 'NONE', #4013, #2804 ) ;
#154 = CARTESIAN_POINT ( 'NONE',  ( 0.3414662017951807238, -0.5474736854561776944, 0.2199999999999999734 ) ) ;
#155 = VERTEX_POINT ( 'NONE', #4088 ) ;
#156 = EDGE_LOOP ( 'NONE', ( #1431, #3505, #7321, #1337 ) ) ;
#157 = ORIENTED_EDGE ( 'NONE', *, *, #7080, .T. ) ;
#158 = CARTESIAN_POINT ( 'NONE',  ( 0.3785408580043647109, -0.5697803734324470293, 0.2099999999999999922 ) ) ;
#159 = CARTESIAN_POINT ( 'NONE',  ( 0.1450938881186311646, -0.5026995991903511207, 0.2199999999999999734 ) ) ;
#160 = VERTEX_POINT ( 'NONE', #2933 ) ;
#161 = ADVANCED_FACE ( 'NONE', ( #6642 ), #4366, .F. ) ;
#162 = AXIS2_PLACEMENT_3D ( 'NONE', #987, #4791, #8395 ) ;
#163 = B_SPLINE_CURVE_WITH_KNOTS ( 'NONE', 3,
 ( #1899, #7940, #3237, #4875 ),
 .UNSPECIFIED., .F., .F.,
 ( 4, 4 ),
 ( 1.000000000000000000, 2.000000000000000000 ),
 .UNSPECIFIED. ) ;
#164 = CARTESIAN_POINT ( 'NONE',  ( 0.4225352914492895295, -0.5883981640632763854, 0.2099999999999999922 ) ) ;
#165 = CARTESIAN_POINT ( 'NONE',  ( 0.4942707280878861908, -0.5474736854561763622, 0.2099999999999999922 ) ) ;
#166 = DIRECTION ( 'NONE',  ( -0.000000000000000000, 1.000000000000000000, -0.000000000000000000 ) ) ;
#167 = ORIENTED_EDGE ( 'NONE', *, *, #7259, .T. ) ;
#168 =( LENGTH_UNIT ( ) NAMED_UNIT ( * ) SI_UNIT ( .MILLI., .METRE. ) );
#169 = CARTESIAN_POINT ( 'NONE',  ( 0.3989907184577749510, -0.4662436707502577438, 0.2099999999999999922 ) ) ;
#170 = DIRECTION ( 'NONE',  ( -0.000000000000000000, -0.000000000000000000, -1.000000000000000000 ) ) ;
#171 = PRESENTATION_STYLE_ASSIGNMENT (( #9295 ) ) ;
#172 = CARTESIAN_POINT ( 'NONE',  ( 0.3697271166951787147, -0.4713932724141087216, 0.2099999999999999922 ) ) ;
#173 = CARTESIAN_POINT ( 'NONE',  ( -0.5350000000000001421, -0.2050000000000005984, 0.000000000000000000 ) ) ;
#174 = LINE ( 'NONE', #4030, #3919 ) ;
#175 = EDGE_CURVE ( 'NONE', #4710, #8069, #2752, .T. ) ;
#176 = ORIENTED_EDGE ( 'NONE', *, *, #2420, .T. ) ;
#177 = ADVANCED_FACE ( 'NONE', ( #3395 ), #4415, .T. ) ;
#178 = B_SPLINE_CURVE_WITH_KNOTS ( 'NONE', 3,
 ( #1346, #6439, #5661, #1897 ),
 .UNSPECIFIED., .F., .F.,
 ( 4, 4 ),
 ( 5.000000000000000000, 6.000000000000000000 ),
 .UNSPECIFIED. ) ;
#179 = CARTESIAN_POINT ( 'NONE',  ( 0.2955548771440311695, -0.5422946056345676613, 0.2199999999999999734 ) ) ;
#180 = VECTOR ( 'NONE', #8177, 1000.000000000000000 ) ;
#181 = FACE_OUTER_BOUND ( 'NONE', #2410, .T. ) ;
#182 = FACE_OUTER_BOUND ( 'NONE', #8005, .T. ) ;
#183 = B_SPLINE_CURVE_WITH_KNOTS ( 'NONE', 3,
 ( #9554, #403, #5100, #5047 ),
 .UNSPECIFIED., .F., .F.,
 ( 4, 4 ),
 ( 16.00000000000000000, 17.00000000000000000 ),
 .UNSPECIFIED. ) ;
#184 = EDGE_CURVE ( 'NONE', #339, #399, #5961, .T. ) ;
#185 = DIRECTION ( 'NONE',  ( 1.000000000000000000, 0.000000000000000000, 0.000000000000000000 ) ) ;
#186 = VECTOR ( 'NONE', #983, 1000.000000000000000 ) ;
#187 = LINE ( 'NONE', #9208, #4135 ) ;
#188 = ADVANCED_FACE ( 'NONE', ( #6034 ), #8230, .T. ) ;
#189 = EDGE_LOOP ( 'NONE', ( #7720, #3111, #6509, #972 ) ) ;
#190 = EDGE_CURVE ( 'NONE', #9624, #8080, #5500, .T. ) ;
#191 = FACE_OUTER_BOUND ( 'NONE', #6796, .T. ) ;
#192 = PLANE ( 'NONE',  #162 ) ;
#193 = CARTESIAN_POINT ( 'NONE',  ( 0.4336267411867306132, -0.4650800588358516285, 0.2099999999999999922 ) ) ;
#194 = FACE_OUTER_BOUND ( 'NONE', #6564, .T. ) ;
#195 = ORIENTED_EDGE ( 'NONE', *, *, #1822, .F. ) ;
#196 = LINE ( 'NONE', #3157, #7637 ) ;
#197 = CARTESIAN_POINT ( 'NONE',  ( 0.4225352914492895295, -0.5883981640632763854, 0.2099999999999999922 ) ) ;
#198 = VERTEX_POINT ( 'NONE', #3730 ) ;
#199 = ORIENTED_EDGE ( 'NONE', *, *, #1873, .F. ) ;
#200 = ORIENTED_EDGE ( 'NONE', *, *, #2577, .F. ) ;
#201 = PRODUCT_DEFINITION_SHAPE ( 'NONE', 'NONE',  #1426 ) ;
#202 = LINE ( 'NONE', #4058, #6957 ) ;
#203 = CARTESIAN_POINT ( 'NONE',  ( 0.5070704591463386368, -0.4738690424445899940, 0.2099999999999999922 ) ) ;
#204 = ORIENTED_EDGE ( 'NONE', *, *, #8931, .F. ) ;
#205 = LINE ( 'NONE', #7626, #1527 ) ;
#206 = CARTESIAN_POINT ( 'NONE',  ( 0.3778476423959102881, -0.5549505109488411803, 0.2099999999999999922 ) ) ;
#207 = CARTESIAN_POINT ( 'NONE',  ( 0.3732179524385628167, -0.5805747307663839951, 0.2199999999999999734 ) ) ;
#208 = CARTESIAN_POINT ( 'NONE',  ( 0.4159868797182213473, -0.5598772933098575821, 0.2099999999999999922 ) ) ;
#209 = ORIENTED_EDGE ( 'NONE', *, *, #2308, .F. ) ;
#210 = VECTOR ( 'NONE', #859, 1000.000000000000000 ) ;
#211 = CARTESIAN_POINT ( 'NONE',  ( 0.2742080050182409967, -0.5426389178617498921, 0.2199999999999999734 ) ) ;
#212 = ORIENTED_EDGE ( 'NONE', *, *, #9391, .F. ) ;
#213 = CARTESIAN_POINT ( 'NONE',  ( 0.4086833581278346283, -0.5135061206355653329, 0.2199999999999999734 ) ) ;
#214 = CARTESIAN_POINT ( 'NONE',  ( 0.1609318893828013408, -0.5440161208012131988, 0.2199999999999999734 ) ) ;
#215 = VERTEX_POINT ( 'NONE', #1647 ) ;
#216 = PLANE ( 'NONE',  #7437 ) ;
#217 = CARTESIAN_POINT ( 'NONE',  ( 0.4149346774552167827, -0.5079851534672040758, 0.2199999999999999734 ) ) ;
#218 = ORIENTED_EDGE ( 'NONE', *, *, #3389, .T. ) ;
#219 = AXIS2_PLACEMENT_3D ( 'NONE', #2398, #6249, #3884 ) ;
#220 = CARTESIAN_POINT ( 'NONE',  ( 0.3732179524385628167, -0.5805747307663839951, 0.2199999999999999734 ) ) ;
#221 = DIRECTION ( 'NONE',  ( 0.000000000000000000, 0.000000000000000000, 1.000000000000000000 ) ) ;
#222 = CARTESIAN_POINT ( 'NONE',  ( 0.5674173536436449838, -0.5514844329058991024, 0.2199999999999999734 ) ) ;
#223 = CARTESIAN_POINT ( 'NONE',  ( -0.5350000000000001421, -0.4549999999999994049, 0.000000000000000000 ) ) ;
#224 = CARTESIAN_POINT ( 'NONE',  ( 0.3796054391176585385, -0.5861699710355784410, 0.2099999999999999922 ) ) ;
#225 = PLANE ( 'NONE',  #219 ) ;
#226 = FILL_AREA_STYLE_COLOUR ( '', #2192 ) ;
#227 = EDGE_CURVE ( 'NONE', #835, #7788, #4512, .T. ) ;
#228 = VERTEX_POINT ( 'NONE', #5991 ) ;
#229 = VECTOR ( 'NONE', #6320, 1000.000000000000000 ) ;
#230 = CARTESIAN_POINT ( 'NONE',  ( 0.07588870653990240078, -0.5209477466431118309, 0.2099999999999999922 ) ) ;
#231 = LINE ( 'NONE', #286, #4540 ) ;
#232 = VECTOR ( 'NONE', #8645, 1000.000000000000000 ) ;
#233 = ADVANCED_FACE ( 'NONE', ( #5406 ), #1595, .F. ) ;
#234 = CARTESIAN_POINT ( 'NONE',  ( 0.2311699748078178407, -0.5904972141806824615, 0.2199999999999999734 ) ) ;
#235 = DIRECTION ( 'NONE',  ( 0.000000000000000000, 0.000000000000000000, 1.000000000000000000 ) ) ;
#236 = ORIENTED_EDGE ( 'NONE', *, *, #768, .T. ) ;
#237 = VECTOR ( 'NONE', #5724, 1000.000000000000000 ) ;
#238 = CARTESIAN_POINT ( 'NONE',  ( 0.3887905459313502066, -0.5849816014208931714, 0.2199999999999999734 ) ) ;
#239 = CARTESIAN_POINT ( 'NONE',  ( 0.5439470537532964389, -0.5654972912796583095, 0.2099999999999999922 ) ) ;
#240 = FACE_OUTER_BOUND ( 'NONE', #9345, .T. ) ;
#241 = EDGE_CURVE ( 'NONE', #4244, #3844, #738, .T. ) ;
#242 = ORIENTED_EDGE ( 'NONE', *, *, #9703, .F. ) ;
#243 = SURFACE_SIDE_STYLE ('',( #9267 ) ) ;
#244 = EDGE_CURVE ( 'NONE', #3815, #6517, #7583, .T. ) ;
#246 = EDGE_CURVE ( 'NONE', #5887, #9624, #8326, .T. ) ;
#245 = VECTOR ( 'NONE', #5269, 1000.000000000000000 ) ;
#247 = CARTESIAN_POINT ( 'NONE',  ( 0.4633112238543882766, -0.5079851534672040758, 0.2099999999999999922 ) ) ;
#248 = ORIENTED_EDGE ( 'NONE', *, *, #8854, .T. ) ;
#249 = ORIENTED_EDGE ( 'NONE', *, *, #9041, .T. ) ;
#250 = ORIENTED_EDGE ( 'NONE', *, *, #190, .T. ) ;
#251 = CARTESIAN_POINT ( 'NONE',  ( 0.4461541375419687538, -0.5845854782161064023, 0.2199999999999999734 ) ) ;
#252 = SURFACE_STYLE_USAGE ( .BOTH. , #2326 ) ;
#253 =( GEOMETRIC_REPRESENTATION_CONTEXT ( 3 ) GLOBAL_UNCERTAINTY_ASSIGNED_CONTEXT ( ( #995 ) ) GLOBAL_UNIT_ASSIGNED_CONTEXT ( ( #670, #9733, #9577 ) ) REPRESENTATION_CONTEXT ( 'NONE', 'WORKASPACE' ) );
#254 = CARTESIAN_POINT ( 'NONE',  ( 0.1850331870887744201, -0.5777579507237123879, 0.2199999999999999734 ) ) ;
#255 = ADVANCED_FACE ( 'NONE', ( #6845 ), #6968, .F. ) ;
#256 = ORIENTED_EDGE ( 'NONE', *, *, #3641, .T. ) ;
#257 = CARTESIAN_POINT ( 'NONE',  ( 0.4431584558048148326, -0.5902549915861349250, 0.2199999999999999734 ) ) ;
#258 = LINE ( 'NONE', #7965, #3231 ) ;
#259 = LINE ( 'NONE', #7777, #6580 ) ;
#260 = DIRECTION ( 'NONE',  ( 1.000000000000000000, -0.000000000000000000, -0.000000000000000000 ) ) ;
#261 = CARTESIAN_POINT ( 'NONE',  ( 0.5683581462555442609, -0.5480926279641260557, 0.2099999999999999922 ) ) ;
#262 = EDGE_LOOP ( 'NONE', ( #26, #2316, #4989, #8907 ) ) ;
#263 = VERTEX_POINT ( 'NONE', #3318 ) ;
#264 = VECTOR ( 'NONE', #3622, 1000.000000000000000 ) ;
#265 = DIRECTION ( 'NONE',  ( 0.000000000000000000, 0.000000000000000000, -1.000000000000000000 ) ) ;
#266 = ORIENTED_EDGE ( 'NONE', *, *, #6097, .F. ) ;
#267 = LINE ( 'NONE', #6088, #6183 ) ;
#268 = ORIENTED_EDGE ( 'NONE', *, *, #6711, .F. ) ;
#269 = CARTESIAN_POINT ( 'NONE',  ( 0.5650777509646929264, -0.5419032028872593498, 0.2199999999999999734 ) ) ;
#270 = DIRECTION ( 'NONE',  ( -0.000000000000000000, -1.000000000000000000, -0.000000000000000000 ) ) ;
#271 = ORIENTED_EDGE ( 'NONE', *, *, #9734, .T. ) ;
#272 = FACE_OUTER_BOUND ( 'NONE', #4627, .T. ) ;
#273 = DIRECTION ( 'NONE',  ( -0.000000000000000000, 1.000000000000000000, -0.000000000000000000 ) ) ;
#274 = CARTESIAN_POINT ( 'NONE',  ( 0.1547344072008220162, -0.4655147471435845952, 0.2199999999999999734 ) ) ;
#275 = SURFACE_SIDE_STYLE ('',( #3236 ) ) ;
#276 = CARTESIAN_POINT ( 'NONE',  ( 0.4030757390083364311, -0.5828524391946376948, 0.2099999999999999922 ) ) ;
#277 = DIRECTION ( 'NONE',  ( 0.000000000000000000, 0.000000000000000000, 1.000000000000000000 ) ) ;
#278 = DIRECTION ( 'NONE',  ( -0.000000000000000000, -0.000000000000000000, -1.000000000000000000 ) ) ;
#279 = ORIENTED_EDGE ( 'NONE', *, *, #2303, .F. ) ;
#280 = VECTOR ( 'NONE', #6193, 1000.000000000000000 ) ;
#281 = LINE ( 'NONE', #5760, #6387 ) ;
#282 = PRODUCT_RELATED_PRODUCT_CATEGORY ( 'part', '', ( #1615 ) ) ;
#283 = CARTESIAN_POINT ( 'NONE',  ( -0.3650000000000001577, 0.2849999999999999756, -0.01000000000000000021 ) ) ;
#284 = CARTESIAN_POINT ( 'NONE',  ( 0.5317786440525880121, -0.5880763139593236932, 0.2199999999999999734 ) ) ;
#285 = VECTOR ( 'NONE', #8806, 1000.000000000000000 ) ;
#286 = CARTESIAN_POINT ( 'NONE',  ( 0.4461541375419687538, -0.5845854782161064023, 0.2099999999999999922 ) ) ;
#287 = CARTESIAN_POINT ( 'NONE',  ( 0.4030757390083364311, -0.5828524391946376948, 0.2199999999999999734 ) ) ;
#288 = CARTESIAN_POINT ( 'NONE',  ( 0.4759995452616020972, -0.4714923032152237847, 0.2199999999999999734 ) ) ;
#289 = ORIENTED_EDGE ( 'NONE', *, *, #3755, .F. ) ;
#290 = CARTESIAN_POINT ( 'NONE',  ( 0.4031128755587552459, -0.5650764103742687006, 0.2099999999999999922 ) ) ;
#291 = CARTESIAN_POINT ( 'NONE',  ( 0.3670656639122792941, -0.5810698847722819416, 0.2099999999999999922 ) ) ;
#292 = ADVANCED_FACE ( 'NONE', ( #6334 ), #3649, .T. ) ;
#293 = FACE_OUTER_BOUND ( 'NONE', #7446, .T. ) ;
#294 = VERTEX_POINT ( 'NONE', #7879 ) ;
#295 = AXIS2_PLACEMENT_3D ( 'NONE', #8949, #3122, #8274 ) ;
#296 = CARTESIAN_POINT ( 'NONE',  ( 0.3704450900040795469, -0.5640613446618621962, 0.2199999999999999734 ) ) ;
#297 = ORIENTED_EDGE ( 'NONE', *, *, #6352, .T. ) ;
#298 = ORIENTED_EDGE ( 'NONE', *, *, #7313, .F. ) ;
#299 = ADVANCED_FACE ( 'NONE', ( #5599 ), #953, .F. ) ;
#300 = UNCERTAINTY_MEASURE_WITH_UNIT (LENGTH_MEASURE( 1.000000000000000082E-05 ), #8225, 'distance_accuracy_value', 'NONE');
#301 = EDGE_CURVE ( 'NONE', #2296, #5887, #2019, .T. ) ;
#302 = EDGE_CURVE ( 'NONE', #8498, #6528, #1101, .T. ) ;
#303 = CARTESIAN_POINT ( 'NONE',  ( 0.5067733667426660427, -0.4746612888544927689, 0.2099999999999999922 ) ) ;
#304 = VERTEX_POINT ( 'NONE', #2486 ) ;
#305 = CARTESIAN_POINT ( 'NONE',  ( 0.3692938569399767945, -0.4837473648669045612, 0.2199999999999999734 ) ) ;
#306 = DIRECTION ( 'NONE',  ( -0.000000000000000000, -0.000000000000000000, -1.000000000000000000 ) ) ;
#307 = LINE ( 'NONE', #7873, #1966 ) ;
#308 = CARTESIAN_POINT ( 'NONE',  ( 0.5320633576057908209, -0.5520291023126873142, 0.2199999999999999734 ) ) ;
#309 = CARTESIAN_POINT ( 'NONE',  ( 0.5373738843214531657, -0.5656705951816078937, 0.2199999999999999734 ) ) ;
#310 = VERTEX_POINT ( 'NONE', #4110 ) ;
#311 = ORIENTED_EDGE ( 'NONE', *, *, #2360, .T. ) ;
#312 = CARTESIAN_POINT ( 'NONE',  ( 0.2635345755223489350, -0.5684617438683720048, 0.2199999999999999734 ) ) ;
#313 = ORIENTED_EDGE ( 'NONE', *, *, #6446, .T. ) ;
#314 = EDGE_CURVE ( 'NONE', #4681, #9745, #1701, .T. ) ;
#315 = VERTEX_POINT ( 'NONE', #2438 ) ;
#316 = ADVANCED_FACE ( 'NONE', ( #1792 ), #4910, .F. ) ;
#317 = EDGE_CURVE ( 'NONE', #1530, #3923, #4761, .T. ) ;
#318 = CARTESIAN_POINT ( 'NONE',  ( 0.4165810645255624833, -0.5707211660443477497, 0.2099999999999999922 ) ) ;
#319 = ORIENTED_EDGE ( 'NONE', *, *, #6037, .F. ) ;
#320 = DIRECTION ( 'NONE',  ( -1.000000000000000000, 0.000000000000000000, 0.000000000000000000 ) ) ;
#321 = DIRECTION ( 'NONE',  ( -0.000000000000000000, -0.000000000000000000, -1.000000000000000000 ) ) ;
#322 = DIRECTION ( 'NONE',  ( -1.000000000000000000, 1.983296656985684988E-16, 0.000000000000000000 ) ) ;
#323 = DIRECTION ( 'NONE',  ( -0.000000000000000000, -0.000000000000000000, -1.000000000000000000 ) ) ;
#324 = CARTESIAN_POINT ( 'NONE',  ( 0.09757989089287485984, -0.5491806860027348414, 0.2099999999999999922 ) ) ;
#325 = CARTESIAN_POINT ( 'NONE',  ( 0.4404970030217488230, -0.5965434474641180262, 0.2199999999999999734 ) ) ;
#326 = B_SPLINE_CURVE_WITH_KNOTS ( 'NONE', 3,
 ( #5455, #6839, #65, #844 ),
 .UNSPECIFIED., .F., .F.,
 ( 4, 4 ),
 ( 15.00000000000000000, 16.00000000000000000 ),
 .UNSPECIFIED. ) ;
#327 = ORIENTED_EDGE ( 'NONE', *, *, #6391, .T. ) ;
#328 = VECTOR ( 'NONE', #5748, 1000.000000000000000 ) ;
#329 = CARTESIAN_POINT ( 'NONE',  ( 0.4833030668519888162, -0.4886741472279218512, 0.2199999999999999734 ) ) ;
#330 =( NAMED_UNIT ( * ) SI_UNIT ( $, .STERADIAN. ) SOLID_ANGLE_UNIT ( ) );
#331 = CARTESIAN_POINT ( 'NONE',  ( 0.4550000000000002376, -0.5350000000000000311, -0.01000000000000000021 ) ) ;
#332 = CARTESIAN_POINT ( 'NONE',  ( 0.4400637432663821458, -0.6066198314889892362, 0.2199999999999999734 ) ) ;
#333 = FACE_OUTER_BOUND ( 'NONE', #5008, .T. ) ;
#334 = VECTOR ( 'NONE', #2566, 1000.000000000000000 ) ;
#335 = VERTEX_POINT ( 'NONE', #5508 ) ;
#336 = FACE_OUTER_BOUND ( 'NONE', #4612, .T. ) ;
#337 = CARTESIAN_POINT ( 'NONE',  ( 0.3670656639122792941, -0.5841645973107146839, 0.2099999999999999922 ) ) ;
#338 = LINE ( 'NONE', #5538, #6720 ) ;
#339 = VERTEX_POINT ( 'NONE', #3273 ) ;
#340 = VECTOR ( 'NONE', #3659, 1000.000000000000000 ) ;
#341 = B_SPLINE_SURFACE_WITH_KNOTS ( 'NONE', 3, 1, ( 
 ( #6013, #6612 ),
 ( #3603, #9652 ),
 ( #2812, #2912 ),
 ( #5094, #2177 ) ),
 .UNSPECIFIED., .F., .F., .F.,
 ( 4, 4 ),
 ( 2, 2 ),
 ( 9.000000000000000000, 10.00000000000000000 ),
 ( 0.000000000000000000, 1.000000000000000000 ),
 .UNSPECIFIED. ) ;
#342 = CARTESIAN_POINT ( 'NONE',  ( 0.4149346774552319372, -0.4861488617968817150, 0.2199999999999999734 ) ) ;
#343 = ORIENTED_EDGE ( 'NONE', *, *, #7148, .T. ) ;
#344 = EDGE_CURVE ( 'NONE', #6457, #8421, #6766, .T. ) ;
#345 = CARTESIAN_POINT ( 'NONE',  ( 0.4165810645255624833, -0.5911462687971523744, 0.2199999999999999734 ) ) ;
#346 =( GEOMETRIC_REPRESENTATION_CONTEXT ( 3 ) GLOBAL_UNCERTAINTY_ASSIGNED_CONTEXT ( ( #6121 ) ) GLOBAL_UNIT_ASSIGNED_CONTEXT ( ( #1229, #1477, #927 ) ) REPRESENTATION_CONTEXT ( 'NONE', 'WORKASPACE' ) );
#347 = CARTESIAN_POINT ( 'NONE',  ( 0.3887905459313501511, -0.5683444268146483624, 0.2099999999999999922 ) ) ;
#348 = ORIENTED_EDGE ( 'NONE', *, *, #2646, .F. ) ;
#349 = CARTESIAN_POINT ( 'NONE',  ( 0.4715555380566762711, -0.5029345826047947332, 0.2199999999999999734 ) ) ;
#350 = DIRECTION ( 'NONE',  ( 1.000000000000000000, -0.000000000000000000, -0.000000000000000000 ) ) ;
#351 = DIRECTION ( 'NONE',  ( 1.000000000000000000, -0.000000000000000000, -0.000000000000000000 ) ) ;
#352 = EDGE_CURVE ( 'NONE', #7156, #1134, #6284, .T. ) ;
#353 = CARTESIAN_POINT ( 'NONE',  ( 0.2256610973791124131, -0.5901529150876688723, 0.2099999999999999922 ) ) ;
#354 = CARTESIAN_POINT ( 'NONE',  ( 0.3627330663586046389, -0.4974631308369949489, 0.2199999999999999734 ) ) ;
#355 = CARTESIAN_POINT ( 'NONE',  ( 0.4112086435590397437, -0.5611646937259857637, 0.2099999999999999922 ) ) ;
#356 = ORIENTED_EDGE ( 'NONE', *, *, #8295, .F. ) ;
#357 = ORIENTED_EDGE ( 'NONE', *, *, #5251, .F. ) ;
#358 = EDGE_CURVE ( 'NONE', #3722, #7415, #3219, .T. ) ;
#359 = CARTESIAN_POINT ( 'NONE',  ( 0.1430280541575548736, -0.5657073117214350688, 0.2199999999999999734 ) ) ;
#360 = EDGE_LOOP ( 'NONE', ( #5164, #5323, #4365, #9450 ) ) ;
#361 = LINE ( 'NONE', #2586, #1779 ) ;
#362 = ORIENTED_EDGE ( 'NONE', *, *, #8455, .F. ) ;
#363 =( NAMED_UNIT ( * ) PLANE_ANGLE_UNIT ( ) SI_UNIT ( $, .RADIAN. ) );
#364 = CARTESIAN_POINT ( 'NONE',  ( 0.1850331870887744201, -0.5977276002089486617, 0.2199999999999999734 ) ) ;
#365 = CARTESIAN_POINT ( 'NONE',  ( 0.5285230064620148882, -0.5489839051751399523, 0.2199999999999999734 ) ) ;
#366 = VERTEX_POINT ( 'NONE', #8513 ) ;
#367 = CARTESIAN_POINT ( 'NONE',  ( 0.3670656639122792941, -0.5810698847722819416, 0.2199999999999999734 ) ) ;
#368 = ADVANCED_FACE ( 'NONE', ( #9284 ), #4069, .F. ) ;
#369 = CARTESIAN_POINT ( 'NONE',  ( 0.4115800090637121711, -0.5685424884172051163, 0.2099999999999999922 ) ) ;
#370 = DIRECTION ( 'NONE',  ( 0.000000000000000000, -1.000000000000000000, 0.000000000000000000 ) ) ;
#371 = SURFACE_SIDE_STYLE ('',( #1898 ) ) ;
#372 = CARTESIAN_POINT ( 'NONE',  ( 0.3761393610747186811, -0.5856500593290721035, 0.2099999999999999922 ) ) ;
#373 = CARTESIAN_POINT ( 'NONE',  ( 0.09034948844706272575, -0.5732819968427144142, 0.2099999999999999922 ) ) ;
#374 = EDGE_CURVE ( 'NONE', #8008, #6324, #2811, .T. ) ;
#375 = EDGE_CURVE ( 'NONE', #1539, #3666, #4880, .T. ) ;
#376 = VERTEX_POINT ( 'NONE', #1188 ) ;
#377 = VECTOR ( 'NONE', #5491, 1000.000000000000000 ) ;
#378 = DIRECTION ( 'NONE',  ( 0.000000000000000000, -0.000000000000000000, -1.000000000000000000 ) ) ;
#379 = B_SPLINE_CURVE_WITH_KNOTS ( 'NONE', 3,
 ( #4292, #3352, #1231, #7309 ),
 .UNSPECIFIED., .F., .F.,
 ( 4, 4 ),
 ( 3.000000000000000000, 4.000000000000000000 ),
 .UNSPECIFIED. ) ;
#380 = LINE ( 'NONE', #3387, #8456 ) ;
#381 = ADVANCED_FACE ( 'NONE', ( #407 ), #3971, .F. ) ;
#382 = CARTESIAN_POINT ( 'NONE',  ( 0.4331687237310837824, -0.6014207144245777847, 0.2099999999999999922 ) ) ;
#383 = CARTESIAN_POINT ( 'NONE',  ( 0.4257537924891154346, -0.5767372872186051769, 0.2199999999999999734 ) ) ;
#384 = AXIS2_PLACEMENT_3D ( 'NONE', #956, #9242, #3973 ) ;
#385 =( LENGTH_UNIT ( ) NAMED_UNIT ( * ) SI_UNIT ( .MILLI., .METRE. ) );
#386 = ORIENTED_EDGE ( 'NONE', *, *, #9343, .T. ) ;
#387 = CARTESIAN_POINT ( 'NONE',  ( 0.5045204160150206230, -0.5419032028872593498, 0.2199999999999999734 ) ) ;
#388 = CARTESIAN_POINT ( 'NONE',  ( 0.3700365879491555043, -0.5884229217635547071, 0.2099999999999999922 ) ) ;
#389 = VECTOR ( 'NONE', #2120, 1000.000000000000000 ) ;
#390 = CARTESIAN_POINT ( 'NONE',  ( 0.1850331870887744201, -0.5787908611372496459, 0.2099999999999999922 ) ) ;
#391 = PRESENTATION_LAYER_ASSIGNMENT (  '', '', ( #2417 ) ) ;
#392 = ORIENTED_EDGE ( 'NONE', *, *, #1366, .T. ) ;
#393 = CARTESIAN_POINT ( 'NONE',  ( 0.3700365879491555043, -0.5884229217635547071, 0.2199999999999999734 ) ) ;
#394 = VERTEX_POINT ( 'NONE', #7546 ) ;
#395 = B_SPLINE_CURVE_WITH_KNOTS ( 'NONE', 3,
 ( #309, #1099, #3174, #7085 ),
 .UNSPECIFIED., .F., .F.,
 ( 4, 4 ),
 ( 4.000000000000000000, 5.000000000000000000 ),
 .UNSPECIFIED. ) ;
#396 = UNCERTAINTY_MEASURE_WITH_UNIT (LENGTH_MEASURE( 1.000000000000000082E-05 ), #6760, 'distance_accuracy_value', 'NONE');
#397 = CARTESIAN_POINT ( 'NONE',  ( 0.5317786440525880121, -0.5440323651138447847, 0.2099999999999999922 ) ) ;
#398 = CARTESIAN_POINT ( 'NONE',  ( 0.1609318893828013408, -0.5440161208012131988, 0.2199999999999999734 ) ) ;
#399 = VERTEX_POINT ( 'NONE', #7695 ) ;
#400 = VECTOR ( 'NONE', #6064, 1000.000000000000000 ) ;
#401 = FACE_OUTER_BOUND ( 'NONE', #2032, .T. ) ;
#402 = LINE ( 'NONE', #7030, #3857 ) ;
#403 = CARTESIAN_POINT ( 'NONE',  ( 0.1357976681292871468, -0.5440161208012131988, 0.2199999999999999734 ) ) ;
#404 = CARTESIAN_POINT ( 'NONE',  ( 0.3803234124265557070, -0.4642630547256726969, 0.2099999999999999922 ) ) ;
#405 = EDGE_LOOP ( 'NONE', ( #6360, #4607, #2134, #9369 ) ) ;
#406 = ORIENTED_EDGE ( 'NONE', *, *, #8930, .T. ) ;
#407 = FACE_OUTER_BOUND ( 'NONE', #9664, .T. ) ;
#408 = ORIENTED_EDGE ( 'NONE', *, *, #8622, .F. ) ;
#409 = ORIENTED_EDGE ( 'NONE', *, *, #9578, .T. ) ;
#410 = CARTESIAN_POINT ( 'NONE',  ( 0.3692938569399767945, -0.4956310610140790551, 0.2199999999999999734 ) ) ;
#411 = CARTESIAN_POINT ( 'NONE',  ( 0.5581951102793698549, -0.5770838950231640396, 0.2099999999999999922 ) ) ;
#412 = ORIENTED_EDGE ( 'NONE', *, *, #652, .T. ) ;
#413 = ADVANCED_FACE ( 'NONE', ( #4674 ), #6808, .T. ) ;
#414 = CARTESIAN_POINT ( 'NONE',  ( 0.3887905459313502066, -0.5762916486132638738, 0.2199999999999999734 ) ) ;
#415 = CARTESIAN_POINT ( 'NONE',  ( 0.4135358673878523073, -0.5695327964296650336, 0.2099999999999999922 ) ) ;
#416 = LINE ( 'NONE', #607, #9195 ) ;
#417 = CARTESIAN_POINT ( 'NONE',  ( 0.4149346774552167827, -0.5079851534672040758, 0.2199999999999999734 ) ) ;
#418 = VECTOR ( 'NONE', #2282, 1000.000000000000227 ) ;
#419 = LINE ( 'NONE', #5111, #2990 ) ;
#420 = CARTESIAN_POINT ( 'NONE',  ( 0.2473522685980794888, -0.5157831814415871907, 0.2199999999999999734 ) ) ;
#421 = B_SPLINE_CURVE_WITH_KNOTS ( 'NONE', 3,
 ( #1568, #8860, #4578, #2951 ),
 .UNSPECIFIED., .F., .F.,
 ( 4, 4 ),
 ( 10.00000000000000000, 11.00000000000000000 ),
 .UNSPECIFIED. ) ;
#422 = ORIENTED_EDGE ( 'NONE', *, *, #4914, .F. ) ;
#423 = VERTEX_POINT ( 'NONE', #916 ) ;
#424 = EDGE_CURVE ( 'NONE', #836, #2556, #2305, .T. ) ;
#425 = AXIS2_PLACEMENT_3D ( 'NONE', #545, #1383, #4994 ) ;
#426 = EDGE_CURVE ( 'NONE', #1846, #3660, #8338, .T. ) ;
#427 = B_SPLINE_SURFACE_WITH_KNOTS ( 'NONE', 3, 1, ( 
 ( #7171, #8693 ),
 ( #354, #1929 ),
 ( #547, #5646 ),
 ( #501, #4246 ) ),
 .UNSPECIFIED., .F., .F., .F.,
 ( 4, 4 ),
 ( 2, 2 ),
 ( 2.000000000000000000, 3.000000000000000000 ),
 ( 0.000000000000000000, 1.000000000000000000 ),
 .UNSPECIFIED. ) ;
#428 = EDGE_CURVE ( 'NONE', #4235, #3004, #5367, .T. ) ;
#429 = B_SPLINE_CURVE_WITH_KNOTS ( 'NONE', 3,
 ( #7484, #9005, #6039, #3038 ),
 .UNSPECIFIED., .F., .F.,
 ( 4, 4 ),
 ( 4.000000000000000000, 5.000000000000000000 ),
 .UNSPECIFIED. ) ;
#430 = CARTESIAN_POINT ( 'NONE',  ( 0.4031128755587552459, -0.5650764103742687006, 0.2099999999999999922 ) ) ;
#431 = DIRECTION ( 'NONE',  ( -0.000000000000000000, -0.000000000000000000, -1.000000000000000000 ) ) ;
#432 = CARTESIAN_POINT ( 'NONE',  ( 0.5077141593542358056, -0.4712694839123869883, 0.2099999999999999922 ) ) ;
#433 = MECHANICAL_DESIGN_GEOMETRIC_PRESENTATION_REPRESENTATION (  '', ( #4684 ), #7215 ) ;
#434 = ORIENTED_EDGE ( 'NONE', *, *, #5251, .T. ) ;
#435 = FILL_AREA_STYLE ('',( #4886 ) ) ;
#436 = ADVANCED_FACE ( 'NONE', ( #3931 ), #8381, .F. ) ;
#437 = EDGE_LOOP ( 'NONE', ( #9097, #2250, #5004, #5345 ) ) ;
#438 =( LENGTH_UNIT ( ) NAMED_UNIT ( * ) SI_UNIT ( .MILLI., .METRE. ) );
#439 = CARTESIAN_POINT ( 'NONE',  ( 0.4767298974208040718, -0.4888474511302015046, 0.2099999999999999922 ) ) ;
#440 = AXIS2_PLACEMENT_3D ( 'NONE', #8321, #1548, #4560 ) ;
#441 = VERTEX_POINT ( 'NONE', #5277 ) ;
#442 = CARTESIAN_POINT ( 'NONE',  ( 0.3704450900040795469, -0.5581690119886664192, 0.2199999999999999734 ) ) ;
#443 = VERTEX_POINT ( 'NONE', #8431 ) ;
#444 = CARTESIAN_POINT ( 'NONE',  ( 0.5180876357827777223, -0.5474736854561763622, 0.2099999999999999922 ) ) ;
#445 = DIRECTION ( 'NONE',  ( -1.000000000000000000, 0.000000000000000000, 0.000000000000000000 ) ) ;
#446 = ORIENTED_EDGE ( 'NONE', *, *, #5027, .T. ) ;
#447 = STYLED_ITEM ( 'NONE', ( #612 ), #599 ) ;
#448 = LINE ( 'NONE', #257, #4520 ) ;
#449 = CARTESIAN_POINT ( 'NONE',  ( 0.2311699748078178407, -0.5904972141806824615, 0.2099999999999999922 ) ) ;
#450 = CARTESIAN_POINT ( 'NONE',  ( 0.5045204160150217332, -0.5903292646869716664, 0.2199999999999999734 ) ) ;
#451 = CARTESIAN_POINT ( 'NONE',  ( 0.2742080050182409967, -0.5426389178617498921, 0.2099999999999999922 ) ) ;
#452 = ORIENTED_EDGE ( 'NONE', *, *, #4321, .T. ) ;
#453 = ORIENTED_EDGE ( 'NONE', *, *, #426, .F. ) ;
#454 = ORIENTED_EDGE ( 'NONE', *, *, #2906, .F. ) ;
#455 = DIRECTION ( 'NONE',  ( -0.000000000000000000, -0.000000000000000000, -1.000000000000000000 ) ) ;
#456 = ORIENTED_EDGE ( 'NONE', *, *, #886, .T. ) ;
#457 = CARTESIAN_POINT ( 'NONE',  ( 0.5691132561146967639, -0.5514844329058991024, 0.2099999999999999922 ) ) ;
#458 = DIRECTION ( 'NONE',  ( -0.000000000000000000, -0.000000000000000000, 1.000000000000000000 ) ) ;
#459 = ORIENTED_EDGE ( 'NONE', *, *, #2529, .F. ) ;
#460 = LINE ( 'NONE', #9338, #4353 ) ;
#461 = CARTESIAN_POINT ( 'NONE',  ( 0.3955246404148363704, -0.4708486030073244510, 0.2199999999999999734 ) ) ;
#462 = CARTESIAN_POINT ( 'NONE',  ( 0.3948561825064956787, -0.5680720921115868238, 0.2199999999999999734 ) ) ;
#463 = DIRECTION ( 'NONE',  ( -0.000000000000000000, -0.000000000000000000, -1.000000000000000000 ) ) ;
#464 = CARTESIAN_POINT ( 'NONE',  ( 0.2810940919533290172, -0.5033882236450447634, 0.2199999999999999734 ) ) ;
#465 = CARTESIAN_POINT ( 'NONE',  ( 0.4124341497241401644, -0.5602981742152527422, 0.2199999999999999734 ) ) ;
#466 = DIRECTION ( 'NONE',  ( 1.000000000000000000, -0.000000000000000000, -0.000000000000000000 ) ) ;
#467 = VERTEX_POINT ( 'NONE', #1563 ) ;
#468 = EDGE_CURVE ( 'NONE', #1684, #4656, #1608, .T. ) ;
#469 = EDGE_LOOP ( 'NONE', ( #1174, #1180, #2836, #3433 ) ) ;
#470 = DIRECTION ( 'NONE',  ( -0.000000000000000000, -0.000000000000000000, -1.000000000000000000 ) ) ;
#471 = FACE_OUTER_BOUND ( 'NONE', #4862, .T. ) ;
#472 = CARTESIAN_POINT ( 'NONE',  ( 0.3823535438516988960, -0.5549505109488411803, 0.2199999999999999734 ) ) ;
#473 = CARTESIAN_POINT ( 'NONE',  ( 0.3796054391176585385, -0.5861699710355784410, 0.2199999999999999734 ) ) ;
#474 = EDGE_CURVE ( 'NONE', #625, #3259, #2258, .T. ) ;
#475 = DIRECTION ( 'NONE',  ( -0.000000000000000000, -0.000000000000000000, 1.000000000000000000 ) ) ;
#476 = AXIS2_PLACEMENT_3D ( 'NONE', #9660, #2131, #1780 ) ;
#477 = VERTEX_POINT ( 'NONE', #2212 ) ;
#478 = EDGE_CURVE ( 'NONE', #9289, #1733, #5225, .T. ) ;
#479 = B_SPLINE_CURVE_WITH_KNOTS ( 'NONE', 3,
 ( #8003, #5580, #6409, #4934 ),
 .UNSPECIFIED., .F., .F.,
 ( 4, 4 ),
 ( 1.000000000000000000, 2.000000000000000000 ),
 .UNSPECIFIED. ) ;
#480 = VERTEX_POINT ( 'NONE', #6756 ) ;
#481 = CARTESIAN_POINT ( 'NONE',  ( -0.03499999999999982292, 0.4549999999999994049, -0.01000000000000000021 ) ) ;
#482 = CARTESIAN_POINT ( 'NONE',  ( 0.3855844237416622411, -0.5143231247457424882, 0.2199999999999999734 ) ) ;
#483 = FILL_AREA_STYLE_COLOUR ( '', #4270 ) ;
#484 = VECTOR ( 'NONE', #6074, 1000.000000000000000 ) ;
#485 = SURFACE_SIDE_STYLE ('',( #1268 ) ) ;
#486 = VERTEX_POINT ( 'NONE', #7049 ) ;
#487 = EDGE_CURVE ( 'NONE', #5908, #7251, #9298, .T. ) ;
#488 = CARTESIAN_POINT ( 'NONE',  ( 0.4093641948861510005, -0.5645317409674827092, 0.2199999999999999734 ) ) ;
#489 = VERTEX_POINT ( 'NONE', #325 ) ;
#490 = ADVANCED_FACE ( 'NONE', ( #2552 ), #1021, .F. ) ;
#491 = CARTESIAN_POINT ( 'NONE',  ( 0.4833030668519888162, -0.4886741472279218512, 0.2199999999999999734 ) ) ;
#492 = EDGE_CURVE ( 'NONE', #6820, #3634, #174, .T. ) ;
#493 = UNCERTAINTY_MEASURE_WITH_UNIT (LENGTH_MEASURE( 1.000000000000000082E-05 ), #8567, 'distance_accuracy_value', 'NONE');
#494 = CARTESIAN_POINT ( 'NONE',  ( 0.3796054391176585385, -0.5861699710355784410, 0.2099999999999999922 ) ) ;
#495 = CARTESIAN_POINT ( 'NONE',  ( 0.1506027589800863487, -0.5440161208012131988, 0.2099999999999999922 ) ) ;
#496 = ORIENTED_EDGE ( 'NONE', *, *, #5783, .F. ) ;
#497 = COLOUR_RGB ( '',0.6666666666666666297, 0.6666666666666666297, 0.6666666666666666297 ) ;
#498 = B_SPLINE_CURVE_WITH_KNOTS ( 'NONE', 3,
 ( #9167, #4738, #4683, #3846 ),
 .UNSPECIFIED., .F., .F.,
 ( 4, 4 ),
 ( 4.000000000000000000, 5.000000000000000000 ),
 .UNSPECIFIED. ) ;
#499 = CARTESIAN_POINT ( 'NONE',  ( 0.5650777509646929264, -0.5419032028872593498, 0.2199999999999999734 ) ) ;
#500 = DIRECTION ( 'NONE',  ( -0.3283461648125132748, 0.9445574604294404431, -0.000000000000000000 ) ) ;
#501 = CARTESIAN_POINT ( 'NONE',  ( 0.3689472491355835770, -0.5077128187638136891, 0.2199999999999999734 ) ) ;
#502 = CARTESIAN_POINT ( 'NONE',  ( 0.5350000000000001421, 0.4549999999999994049, -0.01000000000000000021 ) ) ;
#503 = VERTEX_POINT ( 'NONE', #1718 ) ;
#504 = ORIENTED_EDGE ( 'NONE', *, *, #1201, .T. ) ;
#505 = APPLICATION_CONTEXT ( 'automotive_design' ) ;
#506 = VECTOR ( 'NONE', #5870, 1000.000000000000000 ) ;
#507 = B_SPLINE_SURFACE_WITH_KNOTS ( 'NONE', 3, 1, ( 
 ( #5795, #5842 ),
 ( #465, #8796 ),
 ( #562, #2881 ),
 ( #7986, #1249 ) ),
 .UNSPECIFIED., .F., .F., .F.,
 ( 4, 4 ),
 ( 2, 2 ),
 ( 11.00000000000000000, 12.00000000000000000 ),
 ( 0.000000000000000000, 1.000000000000000000 ),
 .UNSPECIFIED. ) ;
#508 = ORIENTED_EDGE ( 'NONE', *, *, #7613, .T. ) ;
#509 = DIRECTION ( 'NONE',  ( 1.000000000000000000, 0.000000000000000000, -0.000000000000000000 ) ) ;
#510 = ORIENTED_EDGE ( 'NONE', *, *, #3563, .T. ) ;
#511 = DIRECTION ( 'NONE',  ( 1.000000000000000000, 0.000000000000000000, 0.000000000000000000 ) ) ;
#512 = DIRECTION ( 'NONE',  ( -0.000000000000000000, -0.000000000000000000, -1.000000000000000000 ) ) ;
#513 = CARTESIAN_POINT ( 'NONE',  ( 0.4186483325011223222, -0.5782227492372935540, 0.2199999999999999734 ) ) ;
#514 = CARTESIAN_POINT ( 'NONE',  ( 0.2339243938209161489, -0.5694946542819088187, 0.2099999999999999922 ) ) ;
#515 = FACE_OUTER_BOUND ( 'NONE', #8544, .T. ) ;
#516 =( NAMED_UNIT ( * ) PLANE_ANGLE_UNIT ( ) SI_UNIT ( $, .RADIAN. ) );
#517 = VERTEX_POINT ( 'NONE', #970 ) ;
#518 = DIRECTION ( 'NONE',  ( -0.000000000000000000, -0.000000000000000000, -1.000000000000000000 ) ) ;
#519 = ORIENTED_EDGE ( 'NONE', *, *, #4267, .T. ) ;
#520 = CARTESIAN_POINT ( 'NONE',  ( -0.4550000000000002376, 0.5350000000000000311, 0.000000000000000000 ) ) ;
#521 = CARTESIAN_POINT ( 'NONE',  ( 0.5075656131525657644, -0.4712694839123869883, 0.2199999999999999734 ) ) ;
#522 = FACE_OUTER_BOUND ( 'NONE', #2744, .T. ) ;
#523 = ADVANCED_FACE ( 'NONE', ( #6350 ), #3735, .F. ) ;
#524 = DIRECTION ( 'NONE',  ( 1.000000000000000000, 0.000000000000000000, 0.000000000000000000 ) ) ;
#525 = CARTESIAN_POINT ( 'NONE',  ( 0.4928966757207836058, -0.5629720058482915457, 0.2199999999999999734 ) ) ;
#526 = ORIENTED_EDGE ( 'NONE', *, *, #8, .F. ) ;
#527 = VERTEX_POINT ( 'NONE', #373 ) ;
#528 = SURFACE_STYLE_USAGE ( .BOTH. , #8674 ) ;
#529 = CARTESIAN_POINT ( 'NONE',  ( 0.4030757390083364311, -0.5828524391946376948, 0.2099999999999999922 ) ) ;
#530 = ORIENTED_EDGE ( 'NONE', *, *, #2094, .F. ) ;
#531 = EDGE_CURVE ( 'NONE', #8934, #2091, #6396, .T. ) ;
#532 = VECTOR ( 'NONE', #84, 1000.000000000000000 ) ;
#533 = CARTESIAN_POINT ( 'NONE',  ( 0.1368305785426596477, -0.5867098847540486162, 0.2099999999999999922 ) ) ;
#534 = ORIENTED_EDGE ( 'NONE', *, *, #8227, .T. ) ;
#535 = CARTESIAN_POINT ( 'NONE',  ( 0.3692938569399767945, -0.4898377591423283550, 0.2099999999999999922 ) ) ;
#536 = VECTOR ( 'NONE', #9176, 1000.000000000000000 ) ;
#538 = EDGE_CURVE ( 'NONE', #6972, #1579, #5664, .T. ) ;
#537 = VECTOR ( 'NONE', #3375, 999.9999999999998863 ) ;
#539 = CARTESIAN_POINT ( 'NONE',  ( 0.4715555380566762711, -0.5029345826047947332, 0.2199999999999999734 ) ) ;
#540 = PLANE ( 'NONE',  #5613 ) ;
#541 = DIRECTION ( 'NONE',  ( -0.000000000000000000, -0.000000000000000000, -1.000000000000000000 ) ) ;
#542 = ORIENTED_EDGE ( 'NONE', *, *, #5551, .T. ) ;
#543 = EDGE_CURVE ( 'NONE', #9185, #5933, #2501, .T. ) ;
#544 = EDGE_CURVE ( 'NONE', #2163, #3052, #3190, .T. ) ;
#545 = CARTESIAN_POINT ( 'NONE',  ( -0.04500000000000018568, -0.2050000000000000988, -0.01000000000000000021 ) ) ;
#546 = CARTESIAN_POINT ( 'NONE',  ( -0.5023223870717856698, 0.5657689154935456877, 0.1899999999999999745 ) ) ;
#547 = CARTESIAN_POINT ( 'NONE',  ( 0.3648003343341620908, -0.5033059481093045129, 0.2199999999999999734 ) ) ;
#548 = AXIS2_PLACEMENT_3D ( 'NONE', #7290, #3583, #5951 ) ;
#549 = CARTESIAN_POINT ( 'NONE',  ( 0.4222505778957591493, -0.5554456649550705283, 0.2199999999999999734 ) ) ;
#550 = VERTEX_POINT ( 'NONE', #9199 ) ;
#551 = ORIENTED_EDGE ( 'NONE', *, *, #1439, .T. ) ;
#552 = EDGE_LOOP ( 'NONE', ( #3254, #7916, #1044, #5708, #4840, #1418, #1197, #9170 ) ) ;
#553 = ORIENTED_EDGE ( 'NONE', *, *, #1254, .T. ) ;
#554 = EDGE_CURVE ( 'NONE', #5673, #3215, #3571, .T. ) ;
#555 = LINE ( 'NONE', #9429, #328 ) ;
#556 = AXIS2_PLACEMENT_3D ( 'NONE', #6868, #5142, #3105 ) ;
#557 = VERTEX_POINT ( 'NONE', #5476 ) ;
#558 = CARTESIAN_POINT ( 'NONE',  ( 0.3414662017951807238, -0.5629720058482915457, 0.2099999999999999922 ) ) ;
#559 = CARTESIAN_POINT ( 'NONE',  ( 0.5226554314894321651, -0.5135061206355822083, 0.2199999999999999734 ) ) ;
#560 = DIRECTION ( 'NONE',  ( 0.3559357243643221924, -0.9345104387438618598, 0.000000000000000000 ) ) ;
#561 = DIRECTION ( 'NONE',  ( -0.000000000000000000, -0.000000000000000000, -1.000000000000000000 ) ) ;
#562 = CARTESIAN_POINT ( 'NONE',  ( 0.4140310213940805451, -0.5598772933098575821, 0.2199999999999999734 ) ) ;
#563 = AXIS2_PLACEMENT_3D ( 'NONE', #8957, #4320, #2253 ) ;
#564 = EDGE_LOOP ( 'NONE', ( #8927, #1297, #578, #9626 ) ) ;
#565 = CARTESIAN_POINT ( 'NONE',  ( 0.3887905459313502066, -0.5791387841485818866, 0.2099999999999999922 ) ) ;
#566 = ORIENTED_EDGE ( 'NONE', *, *, #679, .T. ) ;
#567 = CARTESIAN_POINT ( 'NONE',  ( 0.4470577936031209787, -0.5817878580813445888, 0.2199999999999999734 ) ) ;
#568 = VECTOR ( 'NONE', #306, 1000.000000000000000 ) ;
#569 = FACE_OUTER_BOUND ( 'NONE', #2853, .T. ) ;
#570 = CARTESIAN_POINT ( 'NONE',  ( 0.4767298974208040718, -0.4888474511302015046, 0.2199999999999999734 ) ) ;
#571 = DIRECTION ( 'NONE',  ( -0.000000000000000000, -0.000000000000000000, -1.000000000000000000 ) ) ;
#572 = CARTESIAN_POINT ( 'NONE',  ( 0.5044337640637158726, -0.4650800588358499077, 0.2099999999999999922 ) ) ;
#573 = VERTEX_POINT ( 'NONE', #9526 ) ;
#574 = VERTEX_POINT ( 'NONE', #1296 ) ;
#575 = SURFACE_SIDE_STYLE ('',( #2260 ) ) ;
#576 = LINE ( 'NONE', #9695, #8832 ) ;
#577 = DIRECTION ( 'NONE',  ( -0.000000000000000000, -0.000000000000000000, -1.000000000000000000 ) ) ;
#578 = ORIENTED_EDGE ( 'NONE', *, *, #8166, .F. ) ;
#579 = CARTESIAN_POINT ( 'NONE',  ( -0.5350000000000002531, 0.3649999999999999356, 0.000000000000000000 ) ) ;
#580 = B_SPLINE_SURFACE_WITH_KNOTS ( 'NONE', 3, 1, ( 
 ( #5319, #1414 ),
 ( #2159, #37 ),
 ( #6703, #7492 ),
 ( #8959, #7443 ) ),
 .UNSPECIFIED., .F., .F., .F.,
 ( 4, 4 ),
 ( 2, 2 ),
 ( 3.000000000000000000, 4.000000000000000000 ),
 ( 0.000000000000000000, 1.000000000000000000 ),
 .UNSPECIFIED. ) ;
#581 = CARTESIAN_POINT ( 'NONE',  ( 0.5075656131525657644, -0.4712694839123869883, 0.2199999999999999734 ) ) ;
#582 = ORIENTED_EDGE ( 'NONE', *, *, #3265, .T. ) ;
#583 = CARTESIAN_POINT ( 'NONE',  ( 0.3708907286097519740, -0.5708449545457398022, 0.2099999999999999922 ) ) ;
#584 = EDGE_CURVE ( 'NONE', #3553, #2947, #2162, .T. ) ;
#585 = VECTOR ( 'NONE', #3194, 1000.000000000000000 ) ;
#586 = CARTESIAN_POINT ( 'NONE',  ( 0.4759995452616020972, -0.4714923032152237847, 0.2099999999999999922 ) ) ;
#587 = SURFACE_SIDE_STYLE ('',( #6771 ) ) ;
#588 = CARTESIAN_POINT ( 'NONE',  ( 0.5317786440525880121, -0.5440323651138447847, 0.2199999999999999734 ) ) ;
#589 =( LENGTH_UNIT ( ) NAMED_UNIT ( * ) SI_UNIT ( .MILLI., .METRE. ) );
#590 = VERTEX_POINT ( 'NONE', #2090 ) ;
#591 =( NAMED_UNIT ( * ) SI_UNIT ( $, .STERADIAN. ) SOLID_ANGLE_UNIT ( ) );
#592 = CARTESIAN_POINT ( 'NONE',  ( 0.3749757491603115112, -0.5846102359163863893, 0.2199999999999999734 ) ) ;
#593 = VECTOR ( 'NONE', #6693, 1000.000000000000000 ) ;
#594 = DIRECTION ( 'NONE',  ( -0.3559357243643250235, -0.9345104387438607496, -0.000000000000000000 ) ) ;
#595 = EDGE_CURVE ( 'NONE', #6268, #5615, #4216, .T. ) ;
#596 = ORIENTED_EDGE ( 'NONE', *, *, #7624, .T. ) ;
#597 = ORIENTED_EDGE ( 'NONE', *, *, #1686, .F. ) ;
#598 = ORIENTED_EDGE ( 'NONE', *, *, #1023, .T. ) ;
#599 = ADVANCED_FACE ( 'NONE', ( #3629 ), #7380, .F. ) ;
#600 = ADVANCED_FACE ( 'NONE', ( #9620 ), #9241, .F. ) ;
#601 = ORIENTED_EDGE ( 'NONE', *, *, #2303, .T. ) ;
#602 = CARTESIAN_POINT ( 'NONE',  ( 0.4470577936031209787, -0.5817878580813445888, 0.2199999999999999734 ) ) ;
#603 = AXIS2_PLACEMENT_3D ( 'NONE', #4574, #9690, #2945 ) ;
#604 = FACE_BOUND ( 'NONE', #8813, .T. ) ;
#605 = ORIENTED_EDGE ( 'NONE', *, *, #1856, .T. ) ;
#606 = CARTESIAN_POINT ( 'NONE',  ( 0.5084692692137189329, -0.4746612888544927689, 0.2199999999999999734 ) ) ;
#607 = CARTESIAN_POINT ( 'NONE',  ( 0.3352148824677834149, -0.5903292646869716664, 0.2099999999999999922 ) ) ;
#608 = DIRECTION ( 'NONE',  ( 0.000000000000000000, 0.000000000000000000, 1.000000000000000000 ) ) ;
#609 = LINE ( 'NONE', #4262, #8127 ) ;
#610 = DIRECTION ( 'NONE',  ( -0.3559357243698842432, -0.9345104387417434433, -0.000000000000000000 ) ) ;
#611 = EDGE_CURVE ( 'NONE', #3746, #574, #1205, .T. ) ;
#612 = PRESENTATION_STYLE_ASSIGNMENT (( #5162 ) ) ;
#613 = ORIENTED_EDGE ( 'NONE', *, *, #8389, .T. ) ;
#614 = ORIENTED_EDGE ( 'NONE', *, *, #468, .T. ) ;
#615 = DIRECTION ( 'NONE',  ( -0.000000000000000000, -0.000000000000000000, -1.000000000000000000 ) ) ;
#616 = ADVANCED_FACE ( 'NONE', ( #5208 ), #6887, .F. ) ;
#617 = B_SPLINE_CURVE_WITH_KNOTS ( 'NONE', 3,
 ( #2530, #7170, #1838, #3311 ),
 .UNSPECIFIED., .F., .F.,
 ( 4, 4 ),
 ( 3.000000000000000000, 4.000000000000000000 ),
 .UNSPECIFIED. ) ;
#618 = ADVANCED_FACE ( 'NONE', ( #8369 ), #9087, .F. ) ;
#619 = ORIENTED_EDGE ( 'NONE', *, *, #5325, .F. ) ;
#620 = DIRECTION ( 'NONE',  ( 0.9400931103999026206, -0.3409177962187317501, 0.000000000000000000 ) ) ;
#621 = ORIENTED_EDGE ( 'NONE', *, *, #6201, .T. ) ;
#622 = PLANE ( 'NONE',  #563 ) ;
#623 = CARTESIAN_POINT ( 'NONE',  ( 0.2318585729940072226, -0.5691503551888987822, 0.2099999999999999922 ) ) ;
#624 = DIRECTION ( 'NONE',  ( 1.000000000000000000, -0.000000000000000000, -0.000000000000000000 ) ) ;
#625 = VERTEX_POINT ( 'NONE', #1402 ) ;
#626 = ORIENTED_EDGE ( 'NONE', *, *, #8989, .T. ) ;
#627 = SURFACE_SIDE_STYLE ('',( #7501 ) ) ;
#628 = DIRECTION ( 'NONE',  ( -0.000000000000000000, -0.000000000000000000, 1.000000000000000000 ) ) ;
#629 = LINE ( 'NONE', #7506, #1191 ) ;
#630 = ORIENTED_EDGE ( 'NONE', *, *, #7295, .T. ) ;
#631 =( GEOMETRIC_REPRESENTATION_CONTEXT ( 3 ) GLOBAL_UNCERTAINTY_ASSIGNED_CONTEXT ( ( #3859 ) ) GLOBAL_UNIT_ASSIGNED_CONTEXT ( ( #4448, #6020, #7615 ) ) REPRESENTATION_CONTEXT ( 'NONE', 'WORKASPACE' ) );
#632 = CARTESIAN_POINT ( 'NONE',  ( 0.5075656131525657644, -0.4712694839123869883, 0.2099999999999999922 ) ) ;
#633 = FILL_AREA_STYLE_COLOUR ( '', #3033 ) ;
#634 =( GEOMETRIC_REPRESENTATION_CONTEXT ( 3 ) GLOBAL_UNCERTAINTY_ASSIGNED_CONTEXT ( ( #7621 ) ) GLOBAL_UNIT_ASSIGNED_CONTEXT ( ( #1429, #3202, #6111 ) ) REPRESENTATION_CONTEXT ( 'NONE', 'WORKASPACE' ) );
#635 = DIRECTION ( 'NONE',  ( -0.000000000000000000, -0.000000000000000000, -1.000000000000000000 ) ) ;
#636 = CARTESIAN_POINT ( 'NONE',  ( 0.4230428243056580384, -0.5736673323807799374, 0.2199999999999999734 ) ) ;
#637 = LINE ( 'NONE', #3707, #4107 ) ;
#638 = CARTESIAN_POINT ( 'NONE',  ( 0.4159868797182213473, -0.5598772933098575821, 0.2199999999999999734 ) ) ;
#639 = ORIENTED_EDGE ( 'NONE', *, *, #9711, .F. ) ;
#640 = CARTESIAN_POINT ( 'NONE',  ( 0.4833030668519888162, -0.4886741472279218512, 0.2199999999999999734 ) ) ;
#641 = CARTESIAN_POINT ( 'NONE',  ( 0.07588870653990240078, -0.5357528309264956157, 0.2199999999999999734 ) ) ;
#642 = EDGE_CURVE ( 'NONE', #33, #6718, #9204, .T. ) ;
#643 = MECHANICAL_DESIGN_GEOMETRIC_PRESENTATION_REPRESENTATION (  '', ( #971 ), #3959 ) ;
#644 = B_SPLINE_SURFACE_WITH_KNOTS ( 'NONE', 3, 1, ( 
 ( #606, #3624 ),
 ( #1497, #5792 ),
 ( #8889, #2196 ),
 ( #7328, #7475 ) ),
 .UNSPECIFIED., .F., .F., .F.,
 ( 4, 4 ),
 ( 2, 2 ),
 ( 1.000000000000000000, 2.000000000000000000 ),
 ( 0.000000000000000000, 1.000000000000000000 ),
 .UNSPECIFIED. ) ;
#645 = PRESENTATION_STYLE_ASSIGNMENT (( #11 ) ) ;
#646 = ORIENTED_EDGE ( 'NONE', *, *, #2181, .F. ) ;
#647 = ORIENTED_EDGE ( 'NONE', *, *, #8915, .F. ) ;
#648 = EDGE_LOOP ( 'NONE', ( #9512, #4301, #4392, #2570 ) ) ;
#649 = LINE ( 'NONE', #1491, #1754 ) ;
#650 = AXIS2_PLACEMENT_3D ( 'NONE', #6975, #7074, #888 ) ;
#651 = LINE ( 'NONE', #701, #5078 ) ;
#652 = EDGE_CURVE ( 'NONE', #8529, #7992, #3819, .T. ) ;
#653 = VERTEX_POINT ( 'NONE', #1593 ) ;
#654 = CARTESIAN_POINT ( 'NONE',  ( 0.4225352914492895295, -0.5883981640632763854, 0.2199999999999999734 ) ) ;
#655 = LINE ( 'NONE', #2979, #8888 ) ;
#656 = ADVANCED_FACE ( 'NONE', ( #8324 ), #5989, .F. ) ;
#657 = CARTESIAN_POINT ( 'NONE',  ( -0.5023223870717856698, 0.5657689154935456877, 0.2099999999999999922 ) ) ;
#658 = CARTESIAN_POINT ( 'NONE',  ( 0.2614687546956039332, -0.4971907480299862514, 0.2199999999999999734 ) ) ;
#659 = CARTESIAN_POINT ( 'NONE',  ( 0.3670656639122792941, -0.5810698847722819416, 0.2099999999999999922 ) ) ;
#660 = CARTESIAN_POINT ( 'NONE',  ( 0.4176085090882735718, -0.5773562297265578680, 0.2099999999999999922 ) ) ;
#661 = ORIENTED_EDGE ( 'NONE', *, *, #7851, .T. ) ;
#662 = AXIS2_PLACEMENT_3D ( 'NONE', #6258, #1252, #1866 ) ;
#663 = ORIENTED_EDGE ( 'NONE', *, *, #1073, .F. ) ;
#664 = FILL_AREA_STYLE_COLOUR ( '', #6826 ) ;
#665 = B_SPLINE_CURVE_WITH_KNOTS ( 'NONE', 3,
 ( #9596, #2859, #8867, #2121 ),
 .UNSPECIFIED., .F., .F.,
 ( 4, 4 ),
 ( 0.000000000000000000, 1.000000000000000000 ),
 .UNSPECIFIED. ) ;
#666 = ORIENTED_EDGE ( 'NONE', *, *, #5134, .F. ) ;
#667 = ADVANCED_FACE ( 'NONE', ( #4413 ), #2152, .F. ) ;
#668 = CARTESIAN_POINT ( 'NONE',  ( 0.3732179524385628167, -0.5805747307663839951, 0.2199999999999999734 ) ) ;
#669 = B_SPLINE_SURFACE_WITH_KNOTS ( 'NONE', 3, 1, ( 
 ( #2704, #2651 ),
 ( #2797, #382 ),
 ( #3535, #3487 ),
 ( #5623, #6404 ) ),
 .UNSPECIFIED., .F., .F., .F.,
 ( 4, 4 ),
 ( 2, 2 ),
 ( 4.000000000000000000, 5.000000000000000000 ),
 ( 0.000000000000000000, 1.000000000000000000 ),
 .UNSPECIFIED. ) ;
#670 =( LENGTH_UNIT ( ) NAMED_UNIT ( * ) SI_UNIT ( .MILLI., .METRE. ) );
#671 = EDGE_CURVE ( 'NONE', #8141, #6499, #7479, .T. ) ;
#672 = CARTESIAN_POINT ( 'NONE',  ( 0.2445978364508120950, -0.5157831814415871907, 0.2099999999999999922 ) ) ;
#673 = ADVANCED_FACE ( 'NONE', ( #7430 ), #5262, .F. ) ;
#674 = B_SPLINE_CURVE_WITH_KNOTS ( 'NONE', 3,
 ( #9072, #7804, #2561, #6357 ),
 .UNSPECIFIED., .F., .F.,
 ( 4, 4 ),
 ( 16.00000000000000000, 17.00000000000000000 ),
 .UNSPECIFIED. ) ;
#675 = DIRECTION ( 'NONE',  ( -1.000000000000000000, -0.000000000000000000, -0.000000000000000000 ) ) ;
#676 = PLANE ( 'NONE',  #4799 ) ;
#677 = ORIENTED_EDGE ( 'NONE', *, *, #7560, .T. ) ;
#678 = ORIENTED_EDGE ( 'NONE', *, *, #1379, .F. ) ;
#679 = EDGE_CURVE ( 'NONE', #9289, #5069, #5403, .T. ) ;
#680 = DIRECTION ( 'NONE',  ( -1.000000000000000000, 0.000000000000000000, 0.000000000000000000 ) ) ;
#681 = CARTESIAN_POINT ( 'NONE',  ( 0.5177162702782722725, -0.5002607509714245282, 0.2099999999999999922 ) ) ;
#682 = CARTESIAN_POINT ( 'NONE',  ( -0.4549999999999995159, -0.1250000000000000278, -0.01000000000000000021 ) ) ;
#683 = EDGE_LOOP ( 'NONE', ( #8983, #9392, #5869, #1932 ) ) ;
#684 = DIRECTION ( 'NONE',  ( -0.000000000000000000, -0.000000000000000000, 1.000000000000000000 ) ) ;
#685 = VECTOR ( 'NONE', #787, 1000.000000000000000 ) ;
#686 = CARTESIAN_POINT ( 'NONE',  ( 0.5073304149995918610, -0.4727301882304635328, 0.2099999999999999922 ) ) ;
#687 = PRESENTATION_STYLE_ASSIGNMENT (( #7457 ) ) ;
#688 = DIRECTION ( 'NONE',  ( 1.000000000000000000, 6.023345402697243021E-16, 0.000000000000000000 ) ) ;
#689 = CARTESIAN_POINT ( 'NONE',  ( 0.1568002280277302762, -0.4865173119671748481, 0.2199999999999999734 ) ) ;
#690 = VECTOR ( 'NONE', #8521, 1000.000000000000000 ) ;
#691 = CARTESIAN_POINT ( 'NONE',  ( 0.4565028562702310722, -0.5557427573587392367, 0.2099999999999999922 ) ) ;
#692 = CARTESIAN_POINT ( 'NONE',  ( 0.1850331870887744201, -0.5753478176694564183, 0.2199999999999999734 ) ) ;
#693 = VERTEX_POINT ( 'NONE', #1499 ) ;
#694 = DIRECTION ( 'NONE',  ( -1.000000000000000000, -0.000000000000000000, -0.000000000000000000 ) ) ;
#695 = CARTESIAN_POINT ( 'NONE',  ( 0.4322526888196110972, -0.4861488617968817150, 0.2199999999999999734 ) ) ;
#696 = CARTESIAN_POINT ( 'NONE',  ( 0.1395850172570113623, -0.4806641387290009337, 0.2199999999999999734 ) ) ;
#697 = ORIENTED_EDGE ( 'NONE', *, *, #3563, .F. ) ;
#698 = ORIENTED_EDGE ( 'NONE', *, *, #9094, .T. ) ;
#699 = VECTOR ( 'NONE', #7606, 1000.000000000000000 ) ;
#700 = CARTESIAN_POINT ( 'NONE',  ( 0.5107717353422533968, -0.5474736854561763622, 0.2099999999999999922 ) ) ;
#701 = CARTESIAN_POINT ( 'NONE',  ( 0.4322526888196110972, -0.4861488617968817150, 0.2199999999999999734 ) ) ;
#702 = ORIENTED_EDGE ( 'NONE', *, *, #3804, .F. ) ;
#703 = CARTESIAN_POINT ( 'NONE',  ( 0.4251348499814950888, -0.5865908519406414223, 0.2099999999999999922 ) ) ;
#704 =( GEOMETRIC_REPRESENTATION_CONTEXT ( 3 ) GLOBAL_UNCERTAINTY_ASSIGNED_CONTEXT ( ( #6926 ) ) GLOBAL_UNIT_ASSIGNED_CONTEXT ( ( #2480, #3864, #8461 ) ) REPRESENTATION_CONTEXT ( 'NONE', 'WORKASPACE' ) );
#705 = CARTESIAN_POINT ( 'NONE',  ( 0.4195272308619957813, -0.5549505109488411803, 0.2199999999999999734 ) ) ;
#706 = PRESENTATION_STYLE_ASSIGNMENT (( #4215 ) ) ;
#707 = DIRECTION ( 'NONE',  ( -0.000000000000000000, -0.000000000000000000, -1.000000000000000000 ) ) ;
#708 = ORIENTED_EDGE ( 'NONE', *, *, #8666, .F. ) ;
#709 = CARTESIAN_POINT ( 'NONE',  ( -0.04500000000000018568, -0.2050000000000000988, 0.000000000000000000 ) ) ;
#710 = ORIENTED_EDGE ( 'NONE', *, *, #8615, .T. ) ;
#711 = SURFACE_SIDE_STYLE ('',( #3037 ) ) ;
#712 = DIRECTION ( 'NONE',  ( -0.000000000000000000, -0.000000000000000000, 1.000000000000000000 ) ) ;
#713 = MECHANICAL_DESIGN_GEOMETRIC_PRESENTATION_REPRESENTATION (  '', ( #9510 ), #4497 ) ;
#714 = ORIENTED_EDGE ( 'NONE', *, *, #2415, .T. ) ;
#715 = EDGE_CURVE ( 'NONE', #5600, #1438, #6131, .T. ) ;
#716 = PLANE ( 'NONE',  #4976 ) ;
#717 = ORIENTED_EDGE ( 'NONE', *, *, #9111, .F. ) ;
#718 = CARTESIAN_POINT ( 'NONE',  ( 0.4086833581278346283, -0.4650800588358516285, 0.2199999999999999734 ) ) ;
#719 = CIRCLE ( 'NONE', #6240, 0.07999999999999998779 ) ;
#720 = DIRECTION ( 'NONE',  ( -1.000000000000000000, -0.000000000000000000, -0.000000000000000000 ) ) ;
#721 = CARTESIAN_POINT ( 'NONE',  ( 0.4342828202447677755, -0.6014207144245777847, 0.2099999999999999922 ) ) ;
#722 = CARTESIAN_POINT ( 'NONE',  ( 0.3861909873991450914, -0.5833475932005369735, 0.2199999999999999734 ) ) ;
#723 = EDGE_CURVE ( 'NONE', #693, #8986, #5355, .T. ) ;
#724 = EDGE_LOOP ( 'NONE', ( #7650, #8136, #7830, #7704 ) ) ;
#725 = EDGE_CURVE ( 'NONE', #104, #1793, #9674, .T. ) ;
#727 = EDGE_CURVE ( 'NONE', #7971, #1913, #2198, .T. ) ;
#726 = AXIS2_PLACEMENT_3D ( 'NONE', #8144, #5119, #1356 ) ;
#728 = DIRECTION ( 'NONE',  ( -0.000000000000000000, -0.000000000000000000, 1.000000000000000000 ) ) ;
#729 = CARTESIAN_POINT ( 'NONE',  ( 0.4061704515466049714, -0.5850806322220077904, 0.2099999999999999922 ) ) ;
#730 = B_SPLINE_SURFACE_WITH_KNOTS ( 'NONE', 3, 1, ( 
 ( #1503, #2986 ),
 ( #9092, #3126 ),
 ( #4515, #6799 ),
 ( #1556, #8760 ) ),
 .UNSPECIFIED., .F., .F., .F.,
 ( 4, 4 ),
 ( 2, 2 ),
 ( 19.00000000000000000, 20.00000000000000000 ),
 ( 0.000000000000000000, 1.000000000000000000 ),
 .UNSPECIFIED. ) ;
#731 = CARTESIAN_POINT ( 'NONE',  ( 0.3692938569399767945, -0.4898377591423283550, 0.2199999999999999734 ) ) ;
#732 = ORIENTED_EDGE ( 'NONE', *, *, #823, .T. ) ;
#733 = CARTESIAN_POINT ( 'NONE',  ( 0.3746786567566419146, -0.5911462687971523744, 0.2199999999999999734 ) ) ;
#734 = PRESENTATION_LAYER_ASSIGNMENT (  '', '', ( #2620 ) ) ;
#735 = EDGE_CURVE ( 'NONE', #9681, #7684, #1451, .T. ) ;
#736 = ORIENTED_EDGE ( 'NONE', *, *, #4966, .T. ) ;
#737 = PLANE ( 'NONE',  #982 ) ;
#738 = B_SPLINE_CURVE_WITH_KNOTS ( 'NONE', 3,
 ( #8417, #5309, #6086, #849 ),
 .UNSPECIFIED., .F., .F.,
 ( 4, 4 ),
 ( 15.00000000000000000, 16.00000000000000000 ),
 .UNSPECIFIED. ) ;
#739 = DIRECTION ( 'NONE',  ( 0.000000000000000000, 0.000000000000000000, 1.000000000000000000 ) ) ;
#740 = CARTESIAN_POINT ( 'NONE',  ( 0.1320103255684831056, -0.5006337717965224643, 0.2199999999999999734 ) ) ;
#741 = CARTESIAN_POINT ( 'NONE',  ( 0.3670656639122792941, -0.5841645973107146839, 0.2099999999999999922 ) ) ;
#742 = FILL_AREA_STYLE_COLOUR ( '', #7917 ) ;
#743 = ORIENTED_EDGE ( 'NONE', *, *, #55, .F. ) ;
#744 = CARTESIAN_POINT ( 'NONE',  ( 0.4106887318525338504, -0.5677502420073075040, 0.2199999999999999734 ) ) ;
#745 = LINE ( 'NONE', #6019, #9409 ) ;
#746 = ORIENTED_EDGE ( 'NONE', *, *, #4112, .T. ) ;
#747 = ORIENTED_EDGE ( 'NONE', *, *, #175, .F. ) ;
#748 = CARTESIAN_POINT ( 'NONE',  ( 0.3601582655266780675, -0.5419032028872593498, 0.2199999999999999734 ) ) ;
#749 = ORIENTED_EDGE ( 'NONE', *, *, #3359, .T. ) ;
#750 = AXIS2_PLACEMENT_3D ( 'NONE', #1259, #3536, #6654 ) ;
#751 = SURFACE_SIDE_STYLE ('',( #1546 ) ) ;
#752 = DIRECTION ( 'NONE',  ( -1.000000000000000000, 0.000000000000000000, 0.000000000000000000 ) ) ;
#753 = CARTESIAN_POINT ( 'NONE',  ( 0.3352148824677834149, -0.5903292646869716664, 0.2199999999999999734 ) ) ;
#754 = CARTESIAN_POINT ( 'NONE',  ( 0.4308414999022723291, -0.6061246774827573347, 0.2199999999999999734 ) ) ;
#755 = ORIENTED_EDGE ( 'NONE', *, *, #3195, .T. ) ;
#756 = DIRECTION ( 'NONE',  ( 1.000000000000000000, 0.000000000000000000, 0.000000000000000000 ) ) ;
#757 = ORIENTED_EDGE ( 'NONE', *, *, #4914, .T. ) ;
#758 = DIRECTION ( 'NONE',  ( 1.000000000000000000, 0.000000000000000000, 0.000000000000000000 ) ) ;
#759 = COLOUR_RGB ( '',0.6666666666666666297, 0.6666666666666666297, 0.6666666666666666297 ) ;
#760 = ORIENTED_EDGE ( 'NONE', *, *, #4630, .F. ) ;
#761 = SURFACE_STYLE_FILL_AREA ( #6137 ) ;
#762 = EDGE_LOOP ( 'NONE', ( #8493, #9031, #8519, #7272 ) ) ;
#763 = CARTESIAN_POINT ( 'NONE',  ( 0.3772163210379844700, -0.5070443608556347570, 0.2199999999999999734 ) ) ;
#764 = CARTESIAN_POINT ( 'NONE',  ( 0.4112086435590397437, -0.5611646937259857637, 0.2199999999999999734 ) ) ;
#765 = CARTESIAN_POINT ( 'NONE',  ( 0.4149346774552319372, -0.4861488617968817150, 0.2199999999999999734 ) ) ;
#766 = CARTESIAN_POINT ( 'NONE',  ( 0.1395850172570113623, -0.4806641387290009337, 0.2199999999999999734 ) ) ;
#767 = LINE ( 'NONE', #1515, #532 ) ;
#768 = EDGE_CURVE ( 'NONE', #3844, #6457, #9083, .T. ) ;
#769 = VERTEX_POINT ( 'NONE', #4963 ) ;
#770 =( NAMED_UNIT ( * ) PLANE_ANGLE_UNIT ( ) SI_UNIT ( $, .RADIAN. ) );
#771 =( NAMED_UNIT ( * ) SI_UNIT ( $, .STERADIAN. ) SOLID_ANGLE_UNIT ( ) );
#772 = DIRECTION ( 'NONE',  ( -0.000000000000000000, -0.000000000000000000, -1.000000000000000000 ) ) ;
#773 = EDGE_CURVE ( 'NONE', #5779, #7923, #9385, .T. ) ;
#774 = FACE_OUTER_BOUND ( 'NONE', #8452, .T. ) ;
#775 = EDGE_CURVE ( 'NONE', #7251, #6035, #1994, .T. ) ;
#776 = MECHANICAL_DESIGN_GEOMETRIC_PRESENTATION_REPRESENTATION (  '', ( #5197 ), #8808 ) ;
#777 = CARTESIAN_POINT ( 'NONE',  ( 0.03499999999999982292, -0.4550000000000000155, -0.01000000000000000021 ) ) ;
#778 = CARTESIAN_POINT ( 'NONE',  ( 0.4928966757207836058, -0.5685177307169276828, 0.2199999999999999734 ) ) ;
#779 = CARTESIAN_POINT ( 'NONE',  ( 0.3650000000000001577, -0.2849999999999999756, -0.01000000000000000021 ) ) ;
#780 = ORIENTED_EDGE ( 'NONE', *, *, #6954, .T. ) ;
#781 = CARTESIAN_POINT ( 'NONE',  ( 0.4204432657734539780, -0.5721571126621458614, 0.2099999999999999922 ) ) ;
#782 = PLANE ( 'NONE',  #3161 ) ;
#783 = CARTESIAN_POINT ( 'NONE',  ( 0.3689472491355835770, -0.5077128187638136891, 0.2099999999999999922 ) ) ;
#784 = EDGE_CURVE ( 'NONE', #9589, #3746, #1945, .T. ) ;
#785 = ORIENTED_EDGE ( 'NONE', *, *, #784, .T. ) ;
#786 = DIRECTION ( 'NONE',  ( -0.000000000000000000, -0.000000000000000000, 1.000000000000000000 ) ) ;
#787 = DIRECTION ( 'NONE',  ( -0.000000000000000000, -0.000000000000000000, -1.000000000000000000 ) ) ;
#788 = EDGE_CURVE ( 'NONE', #3825, #7976, #9433, .T. ) ;
#789 = ADVANCED_FACE ( 'NONE', ( #8747 ), #8609, .F. ) ;
#790 = CARTESIAN_POINT ( 'NONE',  ( 0.1316660199083858340, -0.4799755306923473852, 0.2199999999999999734 ) ) ;
#791 = ORIENTED_EDGE ( 'NONE', *, *, #1494, .T. ) ;
#792 = ORIENTED_EDGE ( 'NONE', *, *, #7744, .F. ) ;
#793 = AXIS2_PLACEMENT_3D ( 'NONE', #3519, #3422, #7323 ) ;
#794 = ORIENTED_EDGE ( 'NONE', *, *, #3078, .F. ) ;
#795 = PRODUCT_DEFINITION_CONTEXT ( 'detailed design', #505, 'design' ) ;
#796 = CARTESIAN_POINT ( 'NONE',  ( 0.1547344072008220162, -0.4655147471435845952, 0.2099999999999999922 ) ) ;
#797 = DIRECTION ( 'NONE',  ( 0.000000000000000000, -1.000000000000000000, 0.000000000000000000 ) ) ;
#798 = ORIENTED_EDGE ( 'NONE', *, *, #9030, .T. ) ;
#799 = PRESENTATION_LAYER_ASSIGNMENT (  '', '', ( #6624 ) ) ;
#800 = CARTESIAN_POINT ( 'NONE',  ( 0.3704450900040795469, -0.5640613446618621962, 0.2099999999999999922 ) ) ;
#801 = CARTESIAN_POINT ( 'NONE',  ( 0.3700365879491555043, -0.5884229217635547071, 0.2099999999999999922 ) ) ;
#802 = CARTESIAN_POINT ( 'NONE',  ( 0.4711346571512823878, -0.5112531699075868463, 0.2199999999999999734 ) ) ;
#803 = CARTESIAN_POINT ( 'NONE',  ( 0.4319184598655385621, -0.6064465275867065852, 0.2099999999999999922 ) ) ;
#804 = VERTEX_POINT ( 'NONE', #2640 ) ;
#805 = DIRECTION ( 'NONE',  ( 1.000000000000000000, -1.983296656985684741E-16, 0.000000000000000000 ) ) ;
#806 = ORIENTED_EDGE ( 'NONE', *, *, #6707, .T. ) ;
#807 = FACE_OUTER_BOUND ( 'NONE', #2806, .T. ) ;
#808 = VECTOR ( 'NONE', #6503, 1000.000000000000000 ) ;
#809 = B_SPLINE_SURFACE_WITH_KNOTS ( 'NONE', 3, 1, ( 
 ( #2389, #6190 ),
 ( #812, #907 ),
 ( #5411, #962 ),
 ( #5518, #8332 ) ),
 .UNSPECIFIED., .F., .F., .F.,
 ( 4, 4 ),
 ( 2, 2 ),
 ( 0.000000000000000000, 1.000000000000000000 ),
 ( 0.000000000000000000, 1.000000000000000000 ),
 .UNSPECIFIED. ) ;
#810 = SURFACE_STYLE_FILL_AREA ( #7586 ) ;
#811 = VERTEX_POINT ( 'NONE', #9339 ) ;
#812 = CARTESIAN_POINT ( 'NONE',  ( 0.2576814121349659814, -0.4868616176276017171, 0.2199999999999999734 ) ) ;
#813 = ORIENTED_EDGE ( 'NONE', *, *, #2242, .F. ) ;
#814 = DIRECTION ( 'NONE',  ( -0.000000000000000000, 1.000000000000000000, -0.000000000000000000 ) ) ;
#815 = VECTOR ( 'NONE', #3861, 1000.000000000000114 ) ;
#816 = CARTESIAN_POINT ( 'NONE',  ( 0.1547344072008220162, -0.4655147471435845952, 0.2099999999999999922 ) ) ;
#817 = LINE ( 'NONE', #1561, #8495 ) ;
#818 = CARTESIAN_POINT ( 'NONE',  ( 0.4404970030217488230, -0.5965434474641180262, 0.2099999999999999922 ) ) ;
#819 = CARTESIAN_POINT ( 'NONE',  ( 0.2850000000000001421, -0.4550000000000000155, 0.000000000000000000 ) ) ;
#820 = EDGE_LOOP ( 'NONE', ( #6093, #7149, #5737, #6800 ) ) ;
#821 =( GEOMETRIC_REPRESENTATION_CONTEXT ( 3 ) GLOBAL_UNCERTAINTY_ASSIGNED_CONTEXT ( ( #9366 ) ) GLOBAL_UNIT_ASSIGNED_CONTEXT ( ( #9044, #9003, #8278 ) ) REPRESENTATION_CONTEXT ( 'NONE', 'WORKASPACE' ) );
#822 = CARTESIAN_POINT ( 'NONE',  ( 0.3743815643529695425, -0.4752802313621141694, 0.2199999999999999734 ) ) ;
#823 = EDGE_CURVE ( 'NONE', #2173, #9405, #9099, .T. ) ;
#824 = CARTESIAN_POINT ( 'NONE',  ( 0.2325471711801970209, -0.5691503551888987822, 0.2099999999999999922 ) ) ;
#825 = CARTESIAN_POINT ( 'NONE',  ( 0.4086833581278346283, -0.4650800588358516285, 0.2199999999999999734 ) ) ;
#826 = ORIENTED_EDGE ( 'NONE', *, *, #7498, .F. ) ;
#827 = DIRECTION ( 'NONE',  ( -0.000000000000000000, -0.000000000000000000, 1.000000000000000000 ) ) ;
#828 = EDGE_CURVE ( 'NONE', #7529, #8754, #1152, .T. ) ;
#829 = CARTESIAN_POINT ( 'NONE',  ( 0.5045204160150206230, -0.5419032028872593498, 0.2199999999999999734 ) ) ;
#830 = FACE_OUTER_BOUND ( 'NONE', #5812, .T. ) ;
#831 = VERTEX_POINT ( 'NONE', #1199 ) ;
#832 = DIRECTION ( 'NONE',  ( 0.000000000000000000, 0.000000000000000000, -1.000000000000000000 ) ) ;
#833 = LINE ( 'NONE', #5295, #8216 ) ;
#834 = EDGE_LOOP ( 'NONE', ( #7319, #6171, #8599, #6708 ) ) ;
#835 = VERTEX_POINT ( 'NONE', #4820 ) ;
#836 = VERTEX_POINT ( 'NONE', #7188 ) ;
#837 = EDGE_CURVE ( 'NONE', #5658, #394, #4211, .T. ) ;
#838 = AXIS2_PLACEMENT_3D ( 'NONE', #1657, #370, #6346 ) ;
#839 = FACE_OUTER_BOUND ( 'NONE', #884, .T. ) ;
#840 = EDGE_CURVE ( 'NONE', #1737, #6517, #1851, .T. ) ;
#841 = EDGE_CURVE ( 'NONE', #2645, #6718, #7280, .T. ) ;
#842 = CARTESIAN_POINT ( 'NONE',  ( 0.4115800090637121711, -0.5685424884172051163, 0.2199999999999999734 ) ) ;
#843 = ORIENTED_EDGE ( 'NONE', *, *, #1093, .F. ) ;
#844 = CARTESIAN_POINT ( 'NONE',  ( 0.4165810645255624833, -0.5707211660443477497, 0.2199999999999999734 ) ) ;
#845 = CARTESIAN_POINT ( 'NONE',  ( 0.4767298974208057927, -0.4948883300050668788, 0.2099999999999999922 ) ) ;
#846 = FACE_OUTER_BOUND ( 'NONE', #102, .T. ) ;
#847 = CARTESIAN_POINT ( 'NONE',  ( 0.4347532165507171920, -0.6066198314889892362, 0.2199999999999999734 ) ) ;
#848 = ORIENTED_EDGE ( 'NONE', *, *, #4447, .T. ) ;
#849 = CARTESIAN_POINT ( 'NONE',  ( 0.4165810645255624833, -0.5707211660443477497, 0.2099999999999999922 ) ) ;
#850 = ORIENTED_EDGE ( 'NONE', *, *, #6757, .F. ) ;
#851 = EDGE_CURVE ( 'NONE', #3082, #3258, #3523, .T. ) ;
#852 = FACE_OUTER_BOUND ( 'NONE', #1338, .T. ) ;
#853 = DIRECTION ( 'NONE',  ( -0.000000000000000000, -0.000000000000000000, -1.000000000000000000 ) ) ;
#854 = ORIENTED_EDGE ( 'NONE', *, *, #4345, .T. ) ;
#855 = MECHANICAL_DESIGN_GEOMETRIC_PRESENTATION_REPRESENTATION (  '', ( #7967 ), #2443 ) ;
#856 = AXIS2_PLACEMENT_3D ( 'NONE', #8707, #6438, #8564 ) ;
#857 = EDGE_LOOP ( 'NONE', ( #698, #4016, #6961, #3715 ) ) ;
#858 = CARTESIAN_POINT ( 'NONE',  ( 0.1072204034081461754, -0.5870541707128917874, 0.2199999999999999734 ) ) ;
#859 = DIRECTION ( 'NONE',  ( -0.000000000000000000, -0.000000000000000000, -1.000000000000000000 ) ) ;
#860 = CARTESIAN_POINT ( 'NONE',  ( 0.1960509288116845938, -0.4520868772915670464, 0.2099999999999999922 ) ) ;
#861 = FACE_OUTER_BOUND ( 'NONE', #7769, .T. ) ;
#862 = CARTESIAN_POINT ( 'NONE',  ( 0.5321995249576521037, -0.5797577266562032872, 0.2199999999999999734 ) ) ;
#863 = B_SPLINE_CURVE_WITH_KNOTS ( 'NONE', 3,
 ( #1269, #4286, #4937, #393 ),
 .UNSPECIFIED., .F., .F.,
 ( 4, 4 ),
 ( 8.000000000000000000, 9.000000000000000000 ),
 .UNSPECIFIED. ) ;
#864 = MECHANICAL_DESIGN_GEOMETRIC_PRESENTATION_REPRESENTATION (  '', ( #3070 ), #3713 ) ;
#865 = ORIENTED_EDGE ( 'NONE', *, *, #1, .T. ) ;
#866 = CARTESIAN_POINT ( 'NONE',  ( 0.2576814121349659814, -0.4868616176276017171, 0.2099999999999999922 ) ) ;
#867 =( LENGTH_UNIT ( ) NAMED_UNIT ( * ) SI_UNIT ( .MILLI., .METRE. ) );
#868 = VECTOR ( 'NONE', #5996, 1000.000000000000000 ) ;
#869 = SURFACE_STYLE_USAGE ( .BOTH. , #3990 ) ;
#870 = CARTESIAN_POINT ( 'NONE',  ( 0.07588870653990240078, -0.5357528309264956157, 0.2099999999999999922 ) ) ;
#871 = CARTESIAN_POINT ( 'NONE',  ( 0.3414662017951822226, -0.5685177307169276828, 0.2199999999999999734 ) ) ;
#872 = DIRECTION ( 'NONE',  ( -0.4673073067545237547, 0.8840949502478981925, 0.000000000000000000 ) ) ;
#873 = VERTEX_POINT ( 'NONE', #7839 ) ;
#874 = CARTESIAN_POINT ( 'NONE',  ( 0.2742080050182409967, -0.5426389178617498921, 0.2199999999999999734 ) ) ;
#875 = CARTESIAN_POINT ( 'NONE',  ( 0.1320103255684831056, -0.5006337717965224643, 0.2099999999999999922 ) ) ;
#876 = B_SPLINE_CURVE_WITH_KNOTS ( 'NONE', 3,
 ( #2345, #3187, #3982, #6994 ),
 .UNSPECIFIED., .F., .F.,
 ( 4, 4 ),
 ( 3.000000000000000000, 4.000000000000000000 ),
 .UNSPECIFIED. ) ;
#877 = CARTESIAN_POINT ( 'NONE',  ( 0.3909568447081847031, -0.5143231247457424882, 0.2199999999999999734 ) ) ;
#878 = CARTESIAN_POINT ( 'NONE',  ( 0.09034948844706272575, -0.5732819968427144142, 0.2099999999999999922 ) ) ;
#879 = ORIENTED_EDGE ( 'NONE', *, *, #8234, .F. ) ;
#880 = VECTOR ( 'NONE', #1182, 1000.000000000000000 ) ;
#881 = PLANE ( 'NONE',  #4794 ) ;
#882 = B_SPLINE_SURFACE_WITH_KNOTS ( 'NONE', 3, 1, ( 
 ( #3595, #2110 ),
 ( #5132, #4384 ),
 ( #6664, #1968 ),
 ( #3499, #6506 ) ),
 .UNSPECIFIED., .F., .F., .F.,
 ( 4, 4 ),
 ( 2, 2 ),
 ( 3.000000000000000000, 4.000000000000000000 ),
 ( 0.000000000000000000, 1.000000000000000000 ),
 .UNSPECIFIED. ) ;
#883 = FACE_OUTER_BOUND ( 'NONE', #5045, .T. ) ;
#884 = EDGE_LOOP ( 'NONE', ( #5590, #8893, #7909, #103 ) ) ;
#885 = ORIENTED_EDGE ( 'NONE', *, *, #7851, .F. ) ;
#886 = EDGE_CURVE ( 'NONE', #5952, #2898, #1246, .T. ) ;
#887 = VECTOR ( 'NONE', #9533, 1000.000000000000000 ) ;
#888 = DIRECTION ( 'NONE',  ( -0.3667976789509063695, -0.9303007377811907119, 0.000000000000000000 ) ) ;
#889 = ORIENTED_EDGE ( 'NONE', *, *, #4837, .T. ) ;
#890 = CARTESIAN_POINT ( 'NONE',  ( 0.4048335357300853476, -0.5705478621420710938, 0.2199999999999999734 ) ) ;
#891 = CARTESIAN_POINT ( 'NONE',  ( 0.04500000000000075467, 0.5350000000000000311, -0.01000000000000000021 ) ) ;
#892 = EDGE_CURVE ( 'NONE', #6118, #8044, #8620, .T. ) ;
#893 = FACE_BOUND ( 'NONE', #9165, .T. ) ;
#894 = CARTESIAN_POINT ( 'NONE',  ( 0.3692938569399767945, -0.4898377591423283550, 0.2199999999999999734 ) ) ;
#895 = CARTESIAN_POINT ( 'NONE',  ( 0.3352148824677834149, -0.5903292646869716664, 0.2199999999999999734 ) ) ;
#896 = COLOUR_RGB ( '',0.2980392156862745057, 0.2980392156862745057, 0.2980392156862745057 ) ;
#897 = LINE ( 'NONE', #8464, #9123 ) ;
#898 = ORIENTED_EDGE ( 'NONE', *, *, #428, .F. ) ;
#899 = EDGE_LOOP ( 'NONE', ( #2670, #8370, #5469, #5709 ) ) ;
#900 = EDGE_CURVE ( 'NONE', #4070, #3871, #3561, .T. ) ;
#901 = EDGE_CURVE ( 'NONE', #304, #2769, #5753, .T. ) ;
#902 = ORIENTED_EDGE ( 'NONE', *, *, #6136, .F. ) ;
#903 = CARTESIAN_POINT ( 'NONE',  ( 0.2332357956347252403, -0.5498692973229315495, 0.2199999999999999734 ) ) ;
#904 = DIRECTION ( 'NONE',  ( -1.000000000000000000, 0.000000000000000000, 0.000000000000000000 ) ) ;
#905 = ORIENTED_EDGE ( 'NONE', *, *, #1506, .F. ) ;
#906 = STYLED_ITEM ( 'NONE', ( #4087 ), #6407 ) ;
#907 = CARTESIAN_POINT ( 'NONE',  ( 0.2576814121349659814, -0.4868616176276017171, 0.2099999999999999922 ) ) ;
#908 = VERTEX_POINT ( 'NONE', #1802 ) ;
#909 = SURFACE_STYLE_FILL_AREA ( #965 ) ;
#910 = EDGE_CURVE ( 'NONE', #3303, #6294, #6878, .T. ) ;
#911 = LINE ( 'NONE', #7542, #1006 ) ;
#912 = CARTESIAN_POINT ( 'NONE',  ( 0.3864880798028144659, -0.5087526421768254759, 0.2199999999999999734 ) ) ;
#913 = FILL_AREA_STYLE_COLOUR ( '', #1219 ) ;
#914 = PLANE ( 'NONE',  #3599 ) ;
#915 = CARTESIAN_POINT ( 'NONE',  ( 0.4400637432663821458, -0.6066198314889892362, 0.2199999999999999734 ) ) ;
#916 = CARTESIAN_POINT ( 'NONE',  ( 0.3749757491603115112, -0.5846102359163863893, 0.2199999999999999734 ) ) ;
#917 = EDGE_CURVE ( 'NONE', #7448, #13, #4506, .T. ) ;
#918 = VECTOR ( 'NONE', #7058, 1000.000000000000000 ) ;
#919 = ADVANCED_FACE ( 'NONE', ( #6345 ), #6686, .F. ) ;
#920 = ORIENTED_EDGE ( 'NONE', *, *, #7426, .F. ) ;
#921 = CARTESIAN_POINT ( 'NONE',  ( 0.2211851434982795017, -0.5739706212970767663, 0.2099999999999999922 ) ) ;
#922 = CARTESIAN_POINT ( 'NONE',  ( 0.3670656639122792941, -0.5746081249923526979, 0.2199999999999999734 ) ) ;
#923 = VECTOR ( 'NONE', #1661, 1000.000000000000000 ) ;
#924 = PLANE ( 'NONE',  #7199 ) ;
#925 = CARTESIAN_POINT ( 'NONE',  ( 0.4678790195607087643, -0.4721607611234009405, 0.2099999999999999922 ) ) ;
#926 = LINE ( 'NONE', #7647, #2652 ) ;
#927 =( NAMED_UNIT ( * ) SI_UNIT ( $, .STERADIAN. ) SOLID_ANGLE_UNIT ( ) );
#928 = CARTESIAN_POINT ( 'NONE',  ( 0.5832994183907361796, -0.5903292646869716664, 0.2099999999999999922 ) ) ;
#929 = ORIENTED_EDGE ( 'NONE', *, *, #4046, .F. ) ;
#930 = CARTESIAN_POINT ( 'NONE',  ( 0.4048335357300853476, -0.5705478621420710938, 0.2099999999999999922 ) ) ;
#931 = LINE ( 'NONE', #7653, #8071 ) ;
#932 = CARTESIAN_POINT ( 'NONE',  ( 0.3855844237416622411, -0.5143231247457424882, 0.2199999999999999734 ) ) ;
#933 = LINE ( 'NONE', #5489, #5557 ) ;
#934 = EDGE_LOOP ( 'NONE', ( #1903, #8170, #279, #2868 ) ) ;
#935 = CARTESIAN_POINT ( 'NONE',  ( -0.4550000000000002376, 0.5350000000000000311, -0.01000000000000000021 ) ) ;
#936 = DIRECTION ( 'NONE',  ( -0.000000000000000000, 0.000000000000000000, -1.000000000000000000 ) ) ;
#937 = VERTEX_POINT ( 'NONE', #7375 ) ;
#938 = ORIENTED_EDGE ( 'NONE', *, *, #9230, .T. ) ;
#939 = VERTEX_POINT ( 'NONE', #8130 ) ;
#940 = LINE ( 'NONE', #251, #229 ) ;
#941 =( LENGTH_UNIT ( ) NAMED_UNIT ( * ) SI_UNIT ( .MILLI., .METRE. ) );
#942 = CARTESIAN_POINT ( 'NONE',  ( 0.5226554314894321651, -0.5135061206355822083, 0.2099999999999999922 ) ) ;
#943 = VERTEX_POINT ( 'NONE', #2241 ) ;
#944 = LINE ( 'NONE', #8550, #9653 ) ;
#945 = ADVANCED_FACE ( 'NONE', ( #4309 ), #5939, .F. ) ;
#946 = CARTESIAN_POINT ( 'NONE',  ( 0.5350000000000002531, -0.4550000000000000155, 0.000000000000000000 ) ) ;
#947 = DIRECTION ( 'NONE',  ( 1.000000000000000000, -0.000000000000000000, -0.000000000000000000 ) ) ;
#948 = VECTOR ( 'NONE', #1320, 1000.000000000000000 ) ;
#949 = LINE ( 'NONE', #2379, #112 ) ;
#950 = CARTESIAN_POINT ( 'NONE',  ( 0.4165810645255624833, -0.5911462687971523744, 0.2199999999999999734 ) ) ;
#951 = FACE_OUTER_BOUND ( 'NONE', #5633, .T. ) ;
#952 = VERTEX_POINT ( 'NONE', #8269 ) ;
#953 = PLANE ( 'NONE',  #6277 ) ;
#954 = VERTEX_POINT ( 'NONE', #2828 ) ;
#955 = CARTESIAN_POINT ( 'NONE',  ( 0.4202080676204789089, -0.5801786075612667126, 0.2099999999999999922 ) ) ;
#956 = CARTESIAN_POINT ( 'NONE',  ( 0.5674173536436449838, -0.5514844329058991024, 0.2199999999999999734 ) ) ;
#957 = EDGE_LOOP ( 'NONE', ( #9593, #5945, #7661, #9237 ) ) ;
#958 = EDGE_CURVE ( 'NONE', #3613, #4648, #655, .T. ) ;
#959 = STYLED_ITEM ( 'NONE', ( #3 ), #8175 ) ;
#960 = DIRECTION ( 'NONE',  ( -1.000000000000000000, -0.000000000000000000, -0.000000000000000000 ) ) ;
#961 = DIRECTION ( 'NONE',  ( 0.000000000000000000, 1.000000000000000000, 0.000000000000000000 ) ) ;
#962 = CARTESIAN_POINT ( 'NONE',  ( 0.2511396242928895517, -0.4775654009216349638, 0.2099999999999999922 ) ) ;
#963 = ORIENTED_EDGE ( 'NONE', *, *, #4180, .T. ) ;
#964 = ADVANCED_FACE ( 'NONE', ( #3573 ), #644, .T. ) ;
#965 = FILL_AREA_STYLE ('',( #5362 ) ) ;
#966 = CARTESIAN_POINT ( 'NONE',  ( 0.3772163210379844700, -0.5070443608556347570, 0.2199999999999999734 ) ) ;
#967 = DIRECTION ( 'NONE',  ( 0.000000000000000000, 1.000000000000000000, -0.000000000000000000 ) ) ;
#968 = CARTESIAN_POINT ( 'NONE',  ( 0.4565028562702310722, -0.5557427573587392367, 0.2199999999999999734 ) ) ;
#969 = CARTESIAN_POINT ( 'NONE',  ( 0.07588870653990240078, -0.5209477466431118309, 0.2199999999999999734 ) ) ;
#970 = CARTESIAN_POINT ( 'NONE',  ( 0.3806947779310642099, -0.5740634555855693710, 0.2099999999999999922 ) ) ;
#971 = STYLED_ITEM ( 'NONE', ( #7707 ), #8236 ) ;
#972 = ORIENTED_EDGE ( 'NONE', *, *, #8340, .T. ) ;
#973 = EDGE_CURVE ( 'NONE', #7359, #8432, #8836, .T. ) ;
#974 = MECHANICAL_DESIGN_GEOMETRIC_PRESENTATION_REPRESENTATION (  '', ( #3653 ), #3178 ) ;
#975 = EDGE_CURVE ( 'NONE', #6645, #4018, #5445, .T. ) ;
#976 = B_SPLINE_CURVE_WITH_KNOTS ( 'NONE', 3,
 ( #2923, #4453, #3719, #8988 ),
 .UNSPECIFIED., .F., .F.,
 ( 4, 4 ),
 ( 5.000000000000000000, 6.000000000000000000 ),
 .UNSPECIFIED. ) ;
#977 = EDGE_CURVE ( 'NONE', #6043, #5952, #1908, .T. ) ;
#978 = FACE_OUTER_BOUND ( 'NONE', #8587, .T. ) ;
#979 = CARTESIAN_POINT ( 'NONE',  ( 0.5255025670247480685, -0.5903292646869716664, 0.2199999999999999734 ) ) ;
#980 = DIRECTION ( 'NONE',  ( 1.000000000000000000, 0.000000000000000000, 0.000000000000000000 ) ) ;
#981 = DIRECTION ( 'NONE',  ( -0.000000000000000000, -0.000000000000000000, -1.000000000000000000 ) ) ;
#982 = AXIS2_PLACEMENT_3D ( 'NONE', #5333, #3796, #3941 ) ;
#983 = DIRECTION ( 'NONE',  ( -0.000000000000000000, -0.000000000000000000, -1.000000000000000000 ) ) ;
#984 = EDGE_CURVE ( 'NONE', #5103, #2173, #2391, .T. ) ;
#985 = EDGE_LOOP ( 'NONE', ( #1970, #4443, #6830, #1663 ) ) ;
#986 = LINE ( 'NONE', #6162, #4175 ) ;
#987 = CARTESIAN_POINT ( 'NONE',  ( 0.4755786643565521055, -0.5685177307169276828, 0.2199999999999999734 ) ) ;
#988 = CARTESIAN_POINT ( 'NONE',  ( 0.4127931363786733754, -0.5549505109488411803, 0.2199999999999999734 ) ) ;
#989 = ORIENTED_EDGE ( 'NONE', *, *, #6774, .F. ) ;
#990 =( LENGTH_UNIT ( ) NAMED_UNIT ( * ) SI_UNIT ( .MILLI., .METRE. ) );
#991 = CARTESIAN_POINT ( 'NONE',  ( 0.4264346292475972300, -0.5809213385706111232, 0.2099999999999999922 ) ) ;
#992 = ORIENTED_EDGE ( 'NONE', *, *, #3926, .F. ) ;
#993 = ORIENTED_EDGE ( 'NONE', *, *, #7860, .T. ) ;
#994 = ORIENTED_EDGE ( 'NONE', *, *, #8636, .F. ) ;
#995 = UNCERTAINTY_MEASURE_WITH_UNIT (LENGTH_MEASURE( 1.000000000000000082E-05 ), #670, 'distance_accuracy_value', 'NONE');
#996 = FACE_OUTER_BOUND ( 'NONE', #4191, .T. ) ;
#997 = B_SPLINE_CURVE_WITH_KNOTS ( 'NONE', 3,
 ( #1525, #6815, #7402, #5179 ),
 .UNSPECIFIED., .F., .F.,
 ( 4, 4 ),
 ( 2.000000000000000000, 3.000000000000000000 ),
 .UNSPECIFIED. ) ;
#998 = CARTESIAN_POINT ( 'NONE',  ( 0.5674173536436449838, -0.5514844329058991024, 0.2099999999999999922 ) ) ;
#999 = ORIENTED_EDGE ( 'NONE', *, *, #4403, .T. ) ;
#1000 = DIRECTION ( 'NONE',  ( 1.000000000000000000, -0.000000000000000000, -0.000000000000000000 ) ) ;
#1001 = CARTESIAN_POINT ( 'NONE',  ( 0.3823535438516988960, -0.5549505109488411803, 0.2099999999999999922 ) ) ;
#1002 = CARTESIAN_POINT ( 'NONE',  ( 0.5320633576057908209, -0.5520291023126873142, 0.2099999999999999922 ) ) ;
#1003 = CARTESIAN_POINT ( 'NONE',  ( 0.4130530922319272102, -0.5861947287358537650, 0.2099999999999999922 ) ) ;
#1004 = ORIENTED_EDGE ( 'NONE', *, *, #184, .T. ) ;
#1005 = ORIENTED_EDGE ( 'NONE', *, *, #4848, .T. ) ;
#1006 = VECTOR ( 'NONE', #6752, 1000.000000000000000 ) ;
#1007 = DIRECTION ( 'NONE',  ( 0.000000000000000000, 0.000000000000000000, 1.000000000000000000 ) ) ;
#1008 = ORIENTED_EDGE ( 'NONE', *, *, #2906, .T. ) ;
#1009 = CARTESIAN_POINT ( 'NONE',  ( 0.08174188059888025382, -0.5068312671125105862, 0.2099999999999999922 ) ) ;
#1010 =( NAMED_UNIT ( * ) PLANE_ANGLE_UNIT ( ) SI_UNIT ( $, .RADIAN. ) );
#1011 = ORIENTED_EDGE ( 'NONE', *, *, #2117, .F. ) ;
#1012 = DIRECTION ( 'NONE',  ( -0.9903286039881392666, -0.1387416884822401386, -0.000000000000000000 ) ) ;
#1013 = CARTESIAN_POINT ( 'NONE',  ( 0.5285230064620148882, -0.5489839051751399523, 0.2099999999999999922 ) ) ;
#1014 = ORIENTED_EDGE ( 'NONE', *, *, #2725, .F. ) ;
#1015 = B_SPLINE_CURVE_WITH_KNOTS ( 'NONE', 3,
 ( #2509, #4832, #7897, #1120, #3992, #4134, #7003 ),
 .UNSPECIFIED., .F., .F.,
 ( 4, 3, 4 ),
 ( 0.000000000000000000, 1.000000000000000000, 2.000000000000000000 ),
 .UNSPECIFIED. ) ;
#1016 = AXIS2_PLACEMENT_3D ( 'NONE', #2641, #8793, #5062 ) ;
#1017 = CARTESIAN_POINT ( 'NONE',  ( 0.1578331384411029992, -0.5925630612757669669, 0.2099999999999999922 ) ) ;
#1018 = CARTESIAN_POINT ( 'NONE',  ( 0.4084729176751383806, -0.5735930592799463046, 0.2199999999999999734 ) ) ;
#1019 = CARTESIAN_POINT ( 'NONE',  ( 0.3875155243655242776, -0.4642630547256726969, 0.2099999999999999922 ) ) ;
#1020 = CARTESIAN_POINT ( 'NONE',  ( 0.4928966757207836058, -0.5685177307169276828, 0.2199999999999999734 ) ) ;
#1021 = PLANE ( 'NONE',  #8643 ) ;
#1022 = VERTEX_POINT ( 'NONE', #2927 ) ;
#1023 = EDGE_CURVE ( 'NONE', #2140, #4070, #8945, .T. ) ;
#1024 = VECTOR ( 'NONE', #3493, 1000.000000000000000 ) ;
#1025 = CARTESIAN_POINT ( 'NONE',  ( 0.07588870653990240078, -0.5357528309264956157, 0.2199999999999999734 ) ) ;
#1026 = B_SPLINE_CURVE_WITH_KNOTS ( 'NONE', 3,
 ( #5267, #2291, #5311, #8329 ),
 .UNSPECIFIED., .F., .F.,
 ( 4, 4 ),
 ( 18.00000000000000000, 19.00000000000000000 ),
 .UNSPECIFIED. ) ;
#1027 = PLANE ( 'NONE',  #4671 ) ;
#1028 = CARTESIAN_POINT ( 'NONE',  ( 0.5832994183907361796, -0.5903292646869716664, 0.2199999999999999734 ) ) ;
#1029 = STYLED_ITEM ( 'NONE', ( #1123 ), #3304 ) ;
#1030 = FACE_OUTER_BOUND ( 'NONE', #899, .T. ) ;
#1031 = EDGE_CURVE ( 'NONE', #3223, #1636, #6634, .T. ) ;
#1032 = DIRECTION ( 'NONE',  ( -0.000000000000000000, -0.000000000000000000, -1.000000000000000000 ) ) ;
#1033 = ADVANCED_FACE ( 'NONE', ( #3778 ), #2785, .F. ) ;
#1034 = DIRECTION ( 'NONE',  ( -0.9398440417769613475, -0.3416038306816032710, 0.000000000000000000 ) ) ;
#1035 = ADVANCED_FACE ( 'NONE', ( #4651 ), #2283, .F. ) ;
#1036 = ORIENTED_EDGE ( 'NONE', *, *, #1971, .F. ) ;
#1037 =( GEOMETRIC_REPRESENTATION_CONTEXT ( 3 ) GLOBAL_UNCERTAINTY_ASSIGNED_CONTEXT ( ( #9461 ) ) GLOBAL_UNIT_ASSIGNED_CONTEXT ( ( #4935, #5085, #2712 ) ) REPRESENTATION_CONTEXT ( 'NONE', 'WORKASPACE' ) );
#1038 = CARTESIAN_POINT ( 'NONE',  ( 0.4165810645255624833, -0.5707211660443477497, 0.2199999999999999734 ) ) ;
#1039 = CARTESIAN_POINT ( 'NONE',  ( 0.09034948844706272575, -0.5732819968427144142, 0.2099999999999999922 ) ) ;
#1040 = ORIENTED_EDGE ( 'NONE', *, *, #2400, .F. ) ;
#1041 = ADVANCED_FACE ( 'NONE', ( #3118 ), #8506, .F. ) ;
#1042 = CARTESIAN_POINT ( 'NONE',  ( 0.4550000000000002376, -0.4550000000000000155, -0.01000000000000000021 ) ) ;
#1043 = ORIENTED_EDGE ( 'NONE', *, *, #7649, .T. ) ;
#1044 = ORIENTED_EDGE ( 'NONE', *, *, #7432, .T. ) ;
#1045 = CARTESIAN_POINT ( 'NONE',  ( -0.3650000000000001577, 0.3649999999999999356, -0.01000000000000000021 ) ) ;
#1046 = VECTOR ( 'NONE', #2528, 1000.000000000000000 ) ;
#1047 = CARTESIAN_POINT ( 'NONE',  ( 0.5581951102793698549, -0.5770838950231640396, 0.2199999999999999734 ) ) ;
#1048 = ORIENTED_EDGE ( 'NONE', *, *, #3092, .F. ) ;
#1049 = DIRECTION ( 'NONE',  ( -0.000000000000000000, -0.000000000000000000, 1.000000000000000000 ) ) ;
#1050 = CARTESIAN_POINT ( 'NONE',  ( 0.4124589074245854636, -0.5911462687971523744, 0.2199999999999999734 ) ) ;
#1051 = CARTESIAN_POINT ( 'NONE',  ( 0.3887905459313502066, -0.5729741167719957229, 0.2099999999999999922 ) ) ;
#1052 = CARTESIAN_POINT ( 'NONE',  ( 0.3823535438516988960, -0.5549505109488411803, 0.2199999999999999734 ) ) ;
#1053 = DIRECTION ( 'NONE',  ( 0.000000000000000000, -1.000000000000000000, 0.000000000000000000 ) ) ;
#1054 = ORIENTED_EDGE ( 'NONE', *, *, #5897, .F. ) ;
#1055 = ORIENTED_EDGE ( 'NONE', *, *, #652, .F. ) ;
#1056 = VECTOR ( 'NONE', #571, 1000.000000000000000 ) ;
#1057 = DIRECTION ( 'NONE',  ( -0.000000000000000000, -0.000000000000000000, -1.000000000000000000 ) ) ;
#1058 = ORIENTED_EDGE ( 'NONE', *, *, #1306, .T. ) ;
#1059 = B_SPLINE_SURFACE_WITH_KNOTS ( 'NONE', 3, 1, ( 
 ( #7153, #8575 ),
 ( #6255, #7850 ),
 ( #383, #8668 ),
 ( #9304, #1075 ) ),
 .UNSPECIFIED., .F., .F., .F.,
 ( 4, 4 ),
 ( 2, 2 ),
 ( 16.00000000000000000, 17.00000000000000000 ),
 ( 0.000000000000000000, 1.000000000000000000 ),
 .UNSPECIFIED. ) ;
#1060 = ORIENTED_EDGE ( 'NONE', *, *, #7693, .F. ) ;
#1061 = LINE ( 'NONE', #3278, #2375 ) ;
#1062 = DIRECTION ( 'NONE',  ( 0.4630180653866622364, -0.8863488427958783333, 0.000000000000000000 ) ) ;
#1063 = ORIENTED_EDGE ( 'NONE', *, *, #1260, .F. ) ;
#1064 = DIRECTION ( 'NONE',  ( -1.000000000000000000, 0.000000000000000000, 0.000000000000000000 ) ) ;
#1065 = CARTESIAN_POINT ( 'NONE',  ( 0.2211851434982795017, -0.5739706212970767663, 0.2099999999999999922 ) ) ;
#1066 = CARTESIAN_POINT ( 'NONE',  ( 0.4549999999999995159, 0.1250000000000000278, -0.01000000000000000021 ) ) ;
#1067 = CARTESIAN_POINT ( 'NONE',  ( 0.3948561825064956787, -0.5680720921115868238, 0.2199999999999999734 ) ) ;
#1068 = DIRECTION ( 'NONE',  ( -0.000000000000000000, -0.000000000000000000, -1.000000000000000000 ) ) ;
#1069 = CARTESIAN_POINT ( 'NONE',  ( 0.1178938361874166119, -0.5898086028601592368, 0.2099999999999999922 ) ) ;
#1070 = ORIENTED_EDGE ( 'NONE', *, *, #6031, .F. ) ;
#1071 = AXIS2_PLACEMENT_3D ( 'NONE', #8997, #4507, #23 ) ;
#1072 = CARTESIAN_POINT ( 'NONE',  ( 0.4833030668519888162, -0.4814944141392570320, 0.2199999999999999734 ) ) ;
#1073 = EDGE_CURVE ( 'NONE', #8878, #9316, #4559, .T. ) ;
#1074 = AXIS2_PLACEMENT_3D ( 'NONE', #5690, #1236, #4996 ) ;
#1075 = CARTESIAN_POINT ( 'NONE',  ( 0.4244044978224565945, -0.5752023097996914469, 0.2099999999999999922 ) ) ;
#1076 = FACE_OUTER_BOUND ( 'NONE', #2564, .T. ) ;
#1077 = ORIENTED_EDGE ( 'NONE', *, *, #828, .T. ) ;
#1078 = AXIS2_PLACEMENT_3D ( 'NONE', #709, #4564, #9088 ) ;
#1079 = EDGE_CURVE ( 'NONE', #1943, #1134, #7578, .T. ) ;
#1080 = SURFACE_STYLE_FILL_AREA ( #3297 ) ;
#1081 = CARTESIAN_POINT ( 'NONE',  ( 0.3954256096135573828, -0.5133823321341727253, 0.2099999999999999922 ) ) ;
#1082 = ORIENTED_EDGE ( 'NONE', *, *, #892, .F. ) ;
#1083 = ADVANCED_FACE ( 'NONE', ( #66, #893 ), #1591, .F. ) ;
#1084 = DIRECTION ( 'NONE',  ( -0.000000000000000000, -0.000000000000000000, -1.000000000000000000 ) ) ;
#1085 = VERTEX_POINT ( 'NONE', #1743 ) ;
#1086 = ORIENTED_EDGE ( 'NONE', *, *, #126, .T. ) ;
#1087 = EDGE_CURVE ( 'NONE', #8857, #3781, #2851, .T. ) ;
#1088 = UNCERTAINTY_MEASURE_WITH_UNIT (LENGTH_MEASURE( 1.000000000000000082E-05 ), #2270, 'distance_accuracy_value', 'NONE');
#1089 = CARTESIAN_POINT ( 'NONE',  ( 0.3732179524385628167, -0.5822334966866880013, 0.2199999999999999734 ) ) ;
#1090 = PLANE ( 'NONE',  #4599 ) ;
#1091 = ORIENTED_EDGE ( 'NONE', *, *, #3116, .T. ) ;
#1092 = CARTESIAN_POINT ( 'NONE',  ( 0.1440609711380097524, -0.4748109654908248545, 0.2099999999999999922 ) ) ;
#1093 = EDGE_CURVE ( 'NONE', #3901, #4140, #4754, .T. ) ;
#1094 = B_SPLINE_CURVE_WITH_KNOTS ( 'NONE', 3,
 ( #145, #6367, #4336, #6414 ),
 .UNSPECIFIED., .F., .F.,
 ( 4, 4 ),
 ( 10.00000000000000000, 11.00000000000000000 ),
 .UNSPECIFIED. ) ;
#1095 = EDGE_CURVE ( 'NONE', #155, #7943, #2861, .T. ) ;
#1096 = CARTESIAN_POINT ( 'NONE',  ( 0.3352148824677828043, -0.5135061206355653329, 0.2099999999999999922 ) ) ;
#1097 = DIRECTION ( 'NONE',  ( 0.000000000000000000, 0.000000000000000000, 1.000000000000000000 ) ) ;
#1098 = CARTESIAN_POINT ( 'NONE',  ( 0.3692938569399767945, -0.4898377591423283550, 0.2099999999999999922 ) ) ;
#1099 = CARTESIAN_POINT ( 'NONE',  ( 0.5373738843214531657, -0.5596297163067416314, 0.2199999999999999734 ) ) ;
#1100 = EDGE_LOOP ( 'NONE', ( #5637, #3482, #6828, #9321 ) ) ;
#1101 = LINE ( 'NONE', #9238, #7552 ) ;
#1102 = VERTEX_POINT ( 'NONE', #5352 ) ;
#1103 = ORIENTED_EDGE ( 'NONE', *, *, #3359, .F. ) ;
#1104 = EDGE_CURVE ( 'NONE', #3809, #2416, #6230, .T. ) ;
#1105 = SURFACE_STYLE_USAGE ( .BOTH. , #8023 ) ;
#1106 = LINE ( 'NONE', #8820, #1504 ) ;
#1107 = VERTEX_POINT ( 'NONE', #4012 ) ;
#1108 = COLOUR_RGB ( '',0.6666666666666666297, 0.6666666666666666297, 0.6666666666666666297 ) ;
#1109 = CARTESIAN_POINT ( 'NONE',  ( 0.3627330663586046389, -0.4902091246471647068, 0.2199999999999999734 ) ) ;
#1110 = CARTESIAN_POINT ( 'NONE',  ( 0.1502584533198238481, -0.5057983369980462163, 0.2199999999999999734 ) ) ;
#1111 = CARTESIAN_POINT ( 'NONE',  ( 0.3948561825064956787, -0.5680720921115868238, 0.2099999999999999922 ) ) ;
#1112 = CARTESIAN_POINT ( 'NONE',  ( 0.09757989089287485984, -0.5350642064721328195, 0.2099999999999999922 ) ) ;
#1113 = CARTESIAN_POINT ( 'NONE',  ( 0.09034948844706272575, -0.5732819968427144142, 0.2099999999999999922 ) ) ;
#1114 = EDGE_LOOP ( 'NONE', ( #7389, #4516, #4315, #8451 ) ) ;
#1115 = VECTOR ( 'NONE', #2959, 1000.000000000000227 ) ;
#1116 = B_SPLINE_CURVE_WITH_KNOTS ( 'NONE', 3,
 ( #8481, #5570, #7843, #9389 ),
 .UNSPECIFIED., .F., .F.,
 ( 4, 4 ),
 ( 10.00000000000000000, 11.00000000000000000 ),
 .UNSPECIFIED. ) ;
#1117 = PLANE ( 'NONE',  #7022 ) ;
#1118 = CARTESIAN_POINT ( 'NONE',  ( 0.4247758633271273010, -0.5623778210409468015, 0.2099999999999999922 ) ) ;
#1119 = CARTESIAN_POINT ( 'NONE',  ( -0.6203967675046135888, 0.5657689154935456877, 0.2099999999999999922 ) ) ;
#1120 = CARTESIAN_POINT ( 'NONE',  ( 0.1636863149628198510, -0.5791351864986014064, 0.2199999999999999734 ) ) ;
#1121 = VECTOR ( 'NONE', #8363, 1000.000000000000000 ) ;
#1122 = ORIENTED_EDGE ( 'NONE', *, *, #6707, .F. ) ;
#1123 = PRESENTATION_STYLE_ASSIGNMENT (( #528 ) ) ;
#1124 = CARTESIAN_POINT ( 'NONE',  ( 0.4165810645255624833, -0.5549505109488411803, 0.2099999999999999922 ) ) ;
#1125 = CARTESIAN_POINT ( 'NONE',  ( 0.4149346774552308270, -0.4706505414047669200, 0.2099999999999999922 ) ) ;
#1126 = B_SPLINE_CURVE_WITH_KNOTS ( 'NONE', 3,
 ( #3913, #6980, #845, #3218 ),
 .UNSPECIFIED., .F., .F.,
 ( 4, 4 ),
 ( 3.000000000000000000, 4.000000000000000000 ),
 .UNSPECIFIED. ) ;
#1127 = B_SPLINE_SURFACE_WITH_KNOTS ( 'NONE', 3, 1, ( 
 ( #6124, #5396 ),
 ( #8408, #6928 ),
 ( #1635, #4647 ),
 ( #2023, #7120 ) ),
 .UNSPECIFIED., .F., .F., .F.,
 ( 4, 4 ),
 ( 2, 2 ),
 ( 0.000000000000000000, 1.000000000000000000 ),
 ( 0.000000000000000000, 1.000000000000000000 ),
 .UNSPECIFIED. ) ;
#1128 = CARTESIAN_POINT ( 'NONE',  ( 0.4550000000000001266, 0.2050000000000000155, -0.01000000000000000021 ) ) ;
#1129 = ORIENTED_EDGE ( 'NONE', *, *, #3767, .F. ) ;
#1130 = EDGE_CURVE ( 'NONE', #5387, #155, #22, .T. ) ;
#1131 = DIRECTION ( 'NONE',  ( -0.000000000000000000, -0.000000000000000000, -1.000000000000000000 ) ) ;
#1132 = AXIS2_PLACEMENT_3D ( 'NONE', #5380, #9746, #5286 ) ;
#1133 = DIRECTION ( 'NONE',  ( -0.000000000000000000, -0.000000000000000000, -1.000000000000000000 ) ) ;
#1134 = VERTEX_POINT ( 'NONE', #6329 ) ;
#1135 = CARTESIAN_POINT ( 'NONE',  ( 0.5045204160150206230, -0.5419032028872593498, 0.2099999999999999922 ) ) ;
#1136 = CARTESIAN_POINT ( 'NONE',  ( 0.1963952279048619132, -0.4727451380969961980, 0.2099999999999999922 ) ) ;
#1137 = CARTESIAN_POINT ( 'NONE',  ( 0.4347284588502749458, -0.5079851534672040758, 0.2199999999999999734 ) ) ;
#1138 = CARTESIAN_POINT ( 'NONE',  ( 0.2318585729940072226, -0.5691503551888987822, 0.2199999999999999734 ) ) ;
#1139 = CARTESIAN_POINT ( 'NONE',  ( 0.4195272308619957813, -0.5549505109488411803, 0.2099999999999999922 ) ) ;
#1140 = EDGE_CURVE ( 'NONE', #3004, #3630, #617, .T. ) ;
#1141 = ORIENTED_EDGE ( 'NONE', *, *, #8409, .F. ) ;
#1142 = CARTESIAN_POINT ( 'NONE',  ( 0.4093641948861510005, -0.5645317409674827092, 0.2099999999999999922 ) ) ;
#1143 = ORIENTED_EDGE ( 'NONE', *, *, #1856, .F. ) ;
#1144 = CARTESIAN_POINT ( 'NONE',  ( 0.4574436488814716539, -0.4706505414047669200, 0.2099999999999999922 ) ) ;
#1145 = EDGE_CURVE ( 'NONE', #2731, #7878, #6421, .T. ) ;
#1146 = EDGE_CURVE ( 'NONE', #7798, #5202, #7221, .T. ) ;
#1147 = ORIENTED_EDGE ( 'NONE', *, *, #6024, .T. ) ;
#1148 = LINE ( 'NONE', #9475, #5371 ) ;
#1149 = CARTESIAN_POINT ( 'NONE',  ( 0.3806947779310642099, -0.5740634555855693710, 0.2199999999999999734 ) ) ;
#1150 = EDGE_LOOP ( 'NONE', ( #8561, #4551, #7663, #1077 ) ) ;
#1151 = PLANE ( 'NONE',  #6890 ) ;
#1152 = LINE ( 'NONE', #1110, #2890 ) ;
#1153 = CARTESIAN_POINT ( 'NONE',  ( 0.4928966757207673410, -0.5135061206355617802, 0.2199999999999999734 ) ) ;
#1154 = CARTESIAN_POINT ( 'NONE',  ( 0.4650318840257194886, -0.4650800588358516285, 0.2099999999999999922 ) ) ;
#1155 = VECTOR ( 'NONE', #3476, 1000.000000000000000 ) ;
#1156 = DIRECTION ( 'NONE',  ( -0.000000000000000000, -1.000000000000000000, -0.000000000000000000 ) ) ;
#1157 = ADVANCED_FACE ( 'NONE', ( #6473 ), #3410, .F. ) ;
#1158 = CARTESIAN_POINT ( 'NONE',  ( 0.3912786948121361186, -0.5087526421768254759, 0.2199999999999999734 ) ) ;
#1159 = VERTEX_POINT ( 'NONE', #4906 ) ;
#1160 = ORIENTED_EDGE ( 'NONE', *, *, #8094, .T. ) ;
#1161 = AXIS2_PLACEMENT_3D ( 'NONE', #3477, #5109, #7189 ) ;
#1162 = FILL_AREA_STYLE ('',( #9486 ) ) ;
#1163 = DIRECTION ( 'NONE',  ( 0.000000000000000000, -0.000000000000000000, -1.000000000000000000 ) ) ;
#1164 = CARTESIAN_POINT ( 'NONE',  ( 0.4308414999022723291, -0.6007274988157917939, 0.2199999999999999734 ) ) ;
#1165 = CARTESIAN_POINT ( 'NONE',  ( 0.4441735215173856499, -0.6029309341432130820, 0.2199999999999999734 ) ) ;
#1166 = VECTOR ( 'NONE', #2315, 1000.000000000000000 ) ;
#1167 = ORIENTED_EDGE ( 'NONE', *, *, #2475, .T. ) ;
#1168 = DIRECTION ( 'NONE',  ( 1.000000000000000000, 0.000000000000000000, 0.000000000000000000 ) ) ;
#1169 = ORIENTED_EDGE ( 'NONE', *, *, #9030, .F. ) ;
#1170 = LINE ( 'NONE', #8048, #6062 ) ;
#1171 = CARTESIAN_POINT ( 'NONE',  ( 0.5111183431464798588, -0.4650800588358499077, 0.2199999999999999734 ) ) ;
#1172 = CARTESIAN_POINT ( 'NONE',  ( 0.5321995249576521037, -0.5797577266562032872, 0.2199999999999999734 ) ) ;
#1173 = VECTOR ( 'NONE', #321, 1000.000000000000000 ) ;
#1174 = ORIENTED_EDGE ( 'NONE', *, *, #715, .T. ) ;
#1175 = CARTESIAN_POINT ( 'NONE',  ( 0.2211851434982795017, -0.5798237846846273635, 0.2199999999999999734 ) ) ;
#1176 = ORIENTED_EDGE ( 'NONE', *, *, #3798, .F. ) ;
#1177 = UNCERTAINTY_MEASURE_WITH_UNIT (LENGTH_MEASURE( 1.000000000000000082E-05 ), #8630, 'distance_accuracy_value', 'NONE');
#1178 = CARTESIAN_POINT ( 'NONE',  ( 0.3749757491603115112, -0.5846102359163863893, 0.2099999999999999922 ) ) ;
#1179 = CARTESIAN_POINT ( 'NONE',  ( 0.2745523172455880401, -0.5839554263384429955, 0.2099999999999999922 ) ) ;
#1180 = ORIENTED_EDGE ( 'NONE', *, *, #9040, .F. ) ;
#1181 =( GEOMETRIC_REPRESENTATION_CONTEXT ( 3 ) GLOBAL_UNCERTAINTY_ASSIGNED_CONTEXT ( ( #1586 ) ) GLOBAL_UNIT_ASSIGNED_CONTEXT ( ( #6042, #6990, #3922 ) ) REPRESENTATION_CONTEXT ( 'NONE', 'WORKASPACE' ) );
#1182 = DIRECTION ( 'NONE',  ( -0.000000000000000000, 1.000000000000000000, -0.000000000000000000 ) ) ;
#1183 = CARTESIAN_POINT ( 'NONE',  ( 0.4571960718786874378, -0.5135061206355617802, 0.2099999999999999922 ) ) ;
#1184 = LINE ( 'NONE', #450, #7547 ) ;
#1185 = ADVANCED_FACE ( 'NONE', ( #4858 ), #2386, .F. ) ;
#1186 = FACE_OUTER_BOUND ( 'NONE', #8741, .T. ) ;
#1187 = EDGE_LOOP ( 'NONE', ( #4949, #242, #3853, #6234 ) ) ;
#1188 = CARTESIAN_POINT ( 'NONE',  ( 0.3806947779310642099, -0.5740634555855693710, 0.2199999999999999734 ) ) ;
#1189 = EDGE_LOOP ( 'NONE', ( #4552, #4690, #6747, #9146, #2809, #9606, #1004, #8013 ) ) ;
#1190 = SURFACE_STYLE_FILL_AREA ( #2685 ) ;
#1191 = VECTOR ( 'NONE', #4382, 1000.000000000000227 ) ;
#1192 = EDGE_LOOP ( 'NONE', ( #3492, #3382, #4256, #1043 ) ) ;
#1193 = CARTESIAN_POINT ( 'NONE',  ( 0.4833030668519888162, -0.4886741472279218512, 0.2199999999999999734 ) ) ;
#1194 = LINE ( 'NONE', #5591, #4969 ) ;
#1195 = SURFACE_STYLE_FILL_AREA ( #5788 ) ;
#1196 = EDGE_CURVE ( 'NONE', #1711, #4656, #307, .T. ) ;
#1197 = ORIENTED_EDGE ( 'NONE', *, *, #5076, .T. ) ;
#1198 = CARTESIAN_POINT ( 'NONE',  ( 0.4031128755587552459, -0.5650764103742687006, 0.2199999999999999734 ) ) ;
#1199 = CARTESIAN_POINT ( 'NONE',  ( 0.4159868797182213473, -0.5598772933098575821, 0.2199999999999999734 ) ) ;
#1200 = CARTESIAN_POINT ( 'NONE',  ( 0.4124589074245854636, -0.5911462687971523744, 0.2199999999999999734 ) ) ;
#1201 = EDGE_CURVE ( 'NONE', #5528, #8080, #9372, .T. ) ;
#1202 = CARTESIAN_POINT ( 'NONE',  ( 0.03499999999999982292, -0.4549999999999994049, -0.01000000000000000021 ) ) ;
#1203 = STYLED_ITEM ( 'NONE', ( #1692 ), #5050 ) ;
#1204 = CARTESIAN_POINT ( 'NONE',  ( 0.3875155243655242776, -0.4642630547256726969, 0.2199999999999999734 ) ) ;
#1205 = LINE ( 'NONE', #6032, #1392 ) ;
#1206 = ORIENTED_EDGE ( 'NONE', *, *, #1455, .T. ) ;
#1207 = VERTEX_POINT ( 'NONE', #1136 ) ;
#1208 = VECTOR ( 'NONE', #1000, 1000.000000000000000 ) ;
#1209 = CARTESIAN_POINT ( 'NONE',  ( 0.3861909873991450914, -0.5833475932005369735, 0.2199999999999999734 ) ) ;
#1210 = EDGE_CURVE ( 'NONE', #8044, #2535, #3337, .T. ) ;
#1211 = FACE_OUTER_BOUND ( 'NONE', #8588, .T. ) ;
#1212 = ORIENTED_EDGE ( 'NONE', *, *, #5370, .F. ) ;
#1213 = B_SPLINE_SURFACE_WITH_KNOTS ( 'NONE', 3, 1, ( 
 ( #2643, #4823 ),
 ( #2550, #2499 ),
 ( #8660, #8611 ),
 ( #7048, #276 ) ),
 .UNSPECIFIED., .F., .F., .F.,
 ( 4, 4 ),
 ( 2, 2 ),
 ( 0.000000000000000000, 1.000000000000000000 ),
 ( 0.000000000000000000, 1.000000000000000000 ),
 .UNSPECIFIED. ) ;
#1214 = CARTESIAN_POINT ( 'NONE',  ( 0.1368305785426596477, -0.5715604882431516431, 0.2199999999999999734 ) ) ;
#1215 = EDGE_CURVE ( 'NONE', #7210, #9646, #258, .T. ) ;
#1216 = CARTESIAN_POINT ( 'NONE',  ( 0.3738740314966013112, -0.5560150920621330650, 0.2199999999999999734 ) ) ;
#1217 = EDGE_CURVE ( 'NONE', #4235, #2458, #5923, .T. ) ;
#1218 = LINE ( 'NONE', #7444, #6758 ) ;
#1219 = COLOUR_RGB ( '',0.4980392156862745168, 0.4980392156862745168, 0.4980392156862745168 ) ;
#1220 = ORIENTED_EDGE ( 'NONE', *, *, #2600, .T. ) ;
#1221 = ORIENTED_EDGE ( 'NONE', *, *, #2819, .F. ) ;
#1222 = DIRECTION ( 'NONE',  ( 1.000000000000000000, -0.000000000000000000, -0.000000000000000000 ) ) ;
#1223 = LINE ( 'NONE', #7855, #334 ) ;
#1224 = AXIS2_PLACEMENT_3D ( 'NONE', #5480, #7413, #10 ) ;
#1225 = CARTESIAN_POINT ( 'NONE',  ( 0.4549999999999995159, 0.1250000000000000278, 0.000000000000000000 ) ) ;
#1226 = ORIENTED_EDGE ( 'NONE', *, *, #8801, .F. ) ;
#1227 = LINE ( 'NONE', #8634, #8530 ) ;
#1228 = ORIENTED_EDGE ( 'NONE', *, *, #4419, .T. ) ;
#1229 =( LENGTH_UNIT ( ) NAMED_UNIT ( * ) SI_UNIT ( .MILLI., .METRE. ) );
#1230 = VECTOR ( 'NONE', #805, 1000.000000000000000 ) ;
#1231 = CARTESIAN_POINT ( 'NONE',  ( 0.3627330663586046389, -0.4824104490505501941, 0.2099999999999999922 ) ) ;
#1232 = FACE_OUTER_BOUND ( 'NONE', #762, .T. ) ;
#1233 = ORIENTED_EDGE ( 'NONE', *, *, #317, .F. ) ;
#1234 = CARTESIAN_POINT ( 'NONE',  ( 0.1316660199083858340, -0.4799755306923473852, 0.2099999999999999922 ) ) ;
#1235 = DIRECTION ( 'NONE',  ( -1.000000000000000000, -0.000000000000000000, -0.000000000000000000 ) ) ;
#1236 = DIRECTION ( 'NONE',  ( 0.000000000000000000, -0.000000000000000000, -1.000000000000000000 ) ) ;
#1237 = FACE_OUTER_BOUND ( 'NONE', #6342, .T. ) ;
#1238 = ORIENTED_EDGE ( 'NONE', *, *, #9094, .F. ) ;
#1239 = VERTEX_POINT ( 'NONE', #3464 ) ;
#1240 = ORIENTED_EDGE ( 'NONE', *, *, #7066, .F. ) ;
#1241 = DIRECTION ( 'NONE',  ( -0.000000000000000000, -0.000000000000000000, -1.000000000000000000 ) ) ;
#1242 = EDGE_CURVE ( 'NONE', #9393, #4208, #5593, .T. ) ;
#1243 = FACE_BOUND ( 'NONE', #7942, .T. ) ;
#1244 = ORIENTED_EDGE ( 'NONE', *, *, #8444, .F. ) ;
#1245 = CARTESIAN_POINT ( 'NONE',  ( -0.04500000000000018568, -0.2050000000000000988, -0.01000000000000000021 ) ) ;
#1246 = LINE ( 'NONE', #8657, #9670 ) ;
#1247 = PLANE ( 'NONE',  #1016 ) ;
#1248 = CARTESIAN_POINT ( 'NONE',  ( -0.5613595772881996293, 0.5657689154935456877, 0.1899999999999999745 ) ) ;
#1249 = CARTESIAN_POINT ( 'NONE',  ( 0.4159868797182213473, -0.5598772933098575821, 0.2099999999999999922 ) ) ;
#1250 = CARTESIAN_POINT ( 'NONE',  ( 0.3827001516559251360, -0.5911462687971523744, 0.2199999999999999734 ) ) ;
#1251 = ORIENTED_EDGE ( 'NONE', *, *, #8146, .F. ) ;
#1252 = DIRECTION ( 'NONE',  ( -0.9345104387417368930, -0.3559357243699015627, 0.000000000000000000 ) ) ;
#1253 = VERTEX_POINT ( 'NONE', #6279 ) ;
#1254 = EDGE_CURVE ( 'NONE', #8490, #4728, #402, .T. ) ;
#1255 =( NAMED_UNIT ( * ) SI_UNIT ( $, .STERADIAN. ) SOLID_ANGLE_UNIT ( ) );
#1256 = CARTESIAN_POINT ( 'NONE',  ( 0.4159868797182213473, -0.5598772933098575821, 0.2099999999999999922 ) ) ;
#1257 = DIRECTION ( 'NONE',  ( -0.000000000000000000, -0.000000000000000000, -1.000000000000000000 ) ) ;
#1258 = CARTESIAN_POINT ( 'NONE',  ( 0.3823535438516988960, -0.5549505109488411803, 0.2199999999999999734 ) ) ;
#1259 = CARTESIAN_POINT ( 'NONE',  ( 0.4454114065326273963, -0.5817383426807887226, 0.2199999999999999734 ) ) ;
#1260 = EDGE_CURVE ( 'NONE', #8371, #7210, #1928, .T. ) ;
#1261 = VERTEX_POINT ( 'NONE', #1051 ) ;
#1262 = EDGE_CURVE ( 'NONE', #3020, #6648, #1979, .T. ) ;
#1263 = VERTEX_POINT ( 'NONE', #8014 ) ;
#1264 = ADVANCED_FACE ( 'NONE', ( #4064 ), #8115, .T. ) ;
#1265 = CARTESIAN_POINT ( 'NONE',  ( 0.2955548771440311695, -0.5422946056345676613, 0.2199999999999999734 ) ) ;
#1266 = FACE_OUTER_BOUND ( 'NONE', #857, .T. ) ;
#1267 = VECTOR ( 'NONE', #7421, 1000.000000000000000 ) ;
#1268 = SURFACE_STYLE_FILL_AREA ( #8677 ) ;
#1269 = CARTESIAN_POINT ( 'NONE',  ( 0.3670656639122792941, -0.5810698847722819416, 0.2199999999999999734 ) ) ;
#1270 = EDGE_CURVE ( 'NONE', #376, #9600, #1448, .T. ) ;
#1271 = ORIENTED_EDGE ( 'NONE', *, *, #7426, .T. ) ;
#1272 = VECTOR ( 'NONE', #7502, 1000.000000000000000 ) ;
#1273 = CARTESIAN_POINT ( 'NONE',  ( 0.4470949301535396825, -0.5955531394516612176, 0.2099999999999999922 ) ) ;
#1274 = LINE ( 'NONE', #9416, #6632 ) ;
#1275 = DIRECTION ( 'NONE',  ( -0.000000000000000000, -0.000000000000000000, -1.000000000000000000 ) ) ;
#1276 = CARTESIAN_POINT ( 'NONE',  ( 0.4470577936031209787, -0.5817878580813445888, 0.2199999999999999734 ) ) ;
#1277 = ORIENTED_EDGE ( 'NONE', *, *, #3803, .F. ) ;
#1278 = LINE ( 'NONE', #3555, #7211 ) ;
#1279 = FACE_OUTER_BOUND ( 'NONE', #5443, .T. ) ;
#1280 = CARTESIAN_POINT ( 'NONE',  ( 0.3352148824677834149, -0.5419032028872593498, 0.2199999999999999734 ) ) ;
#1281 = DIRECTION ( 'NONE',  ( -0.000000000000000000, -0.000000000000000000, -1.000000000000000000 ) ) ;
#1282 = VERTEX_POINT ( 'NONE', #8823 ) ;
#1283 = ORIENTED_EDGE ( 'NONE', *, *, #2461, .T. ) ;
#1284 = ORIENTED_EDGE ( 'NONE', *, *, #6876, .T. ) ;
#1285 = VECTOR ( 'NONE', #7605, 1000.000000000000000 ) ;
#1286 = B_SPLINE_SURFACE_WITH_KNOTS ( 'NONE', 3, 1, ( 
 ( #3914, #3964 ),
 ( #7127, #6180 ),
 ( #5597, #2436 ),
 ( #9183, #261 ) ),
 .UNSPECIFIED., .F., .F., .F.,
 ( 4, 4 ),
 ( 2, 2 ),
 ( 1.000000000000000000, 2.000000000000000000 ),
 ( 0.000000000000000000, 1.000000000000000000 ),
 .UNSPECIFIED. ) ;
#1287 = ORIENTED_EDGE ( 'NONE', *, *, #4778, .T. ) ;
#1288 = PRESENTATION_STYLE_ASSIGNMENT (( #1105 ) ) ;
#1289 = ORIENTED_EDGE ( 'NONE', *, *, #3803, .T. ) ;
#1290 = DIRECTION ( 'NONE',  ( -1.000000000000000000, 0.000000000000000000, 0.000000000000000000 ) ) ;
#1291 = CARTESIAN_POINT ( 'NONE',  ( 0.4149346774552167827, -0.5079851534672040758, 0.2199999999999999734 ) ) ;
#1292 = CARTESIAN_POINT ( 'NONE',  ( 0.4332306179817796421, -0.6066198314889892362, 0.2099999999999999922 ) ) ;
#1293 = FACE_OUTER_BOUND ( 'NONE', #3516, .T. ) ;
#1294 = B_SPLINE_CURVE_WITH_KNOTS ( 'NONE', 3,
 ( #439, #7951, #8675, #7254 ),
 .UNSPECIFIED., .F., .F.,
 ( 4, 4 ),
 ( 4.000000000000000000, 5.000000000000000000 ),
 .UNSPECIFIED. ) ;
#1295 = CARTESIAN_POINT ( 'NONE',  ( 0.1636863149628198510, -0.5715604882431516431, 0.2099999999999999922 ) ) ;
#1296 = CARTESIAN_POINT ( 'NONE',  ( 0.4454114065326273963, -0.5817383426807887226, 0.2099999999999999922 ) ) ;
#1297 = ORIENTED_EDGE ( 'NONE', *, *, #3632, .F. ) ;
#1298 = VERTEX_POINT ( 'NONE', #7315 ) ;
#1299 = CARTESIAN_POINT ( 'NONE',  ( 0.4106887318525338504, -0.5677502420073075040, 0.2199999999999999734 ) ) ;
#1300 = ORIENTED_EDGE ( 'NONE', *, *, #2894, .F. ) ;
#1301 = SURFACE_STYLE_FILL_AREA ( #5220 ) ;
#1302 = CARTESIAN_POINT ( 'NONE',  ( 0.5764291565555521579, -0.5716124432553577606, 0.2199999999999999734 ) ) ;
#1303 = CARTESIAN_POINT ( 'NONE',  ( 0.3887905459313502066, -0.5849816014208931714, 0.2199999999999999734 ) ) ;
#1304 = CARTESIAN_POINT ( 'NONE',  ( 0.5178400587799959487, -0.5903292646869716664, 0.2099999999999999922 ) ) ;
#1305 = CARTESIAN_POINT ( 'NONE',  ( 0.1960509288116845938, -0.4520868772915670464, 0.2099999999999999922 ) ) ;
#1306 = EDGE_CURVE ( 'NONE', #5843, #5834, #5878, .T. ) ;
#1307 = EDGE_LOOP ( 'NONE', ( #8968, #9034, #6160, #4801 ) ) ;
#1308 = AXIS2_PLACEMENT_3D ( 'NONE', #6583, #4168, #7938 ) ;
#1309 = ORIENTED_EDGE ( 'NONE', *, *, #1763, .F. ) ;
#1310 = B_SPLINE_CURVE_WITH_KNOTS ( 'NONE', 3,
 ( #7119, #397, #9462, #5733 ),
 .UNSPECIFIED., .F., .F.,
 ( 4, 4 ),
 ( 2.000000000000000000, 3.000000000000000000 ),
 .UNSPECIFIED. ) ;
#1311 = FILL_AREA_STYLE_COLOUR ( '', #4649 ) ;
#1312 = PLANE ( 'NONE',  #3015 ) ;
#1313 = CARTESIAN_POINT ( 'NONE',  ( 0.2445978364508120950, -0.5157831814415871907, 0.2199999999999999734 ) ) ;
#1314 = EDGE_CURVE ( 'NONE', #6165, #8761, #7268, .T. ) ;
#1315 = ORIENTED_EDGE ( 'NONE', *, *, #5183, .F. ) ;
#1316 = FACE_OUTER_BOUND ( 'NONE', #7186, .T. ) ;
#1317 = AXIS2_PLACEMENT_3D ( 'NONE', #1020, #4029, #277 ) ;
#1318 = EDGE_CURVE ( 'NONE', #5002, #8984, #3556, .T. ) ;
#1319 = EDGE_CURVE ( 'NONE', #4893, #5253, #9508, .T. ) ;
#1320 = DIRECTION ( 'NONE',  ( -1.000000000000000000, 0.000000000000000000, 0.000000000000000000 ) ) ;
#1321 = EDGE_LOOP ( 'NONE', ( #6892, #7869, #7296, #2544 ) ) ;
#1322 = CARTESIAN_POINT ( 'NONE',  ( 0.3796054391176585385, -0.5861699710355784410, 0.2199999999999999734 ) ) ;
#1323 = COLOUR_RGB ( '',0.2980392156862745057, 0.2980392156862745057, 0.2980392156862745057 ) ;
#1324 = MECHANICAL_DESIGN_GEOMETRIC_PRESENTATION_REPRESENTATION (  '', ( #5124 ), #4472 ) ;
#1325 = CARTESIAN_POINT ( 'NONE',  ( 0.4953724457515832347, -0.5903292646869716664, 0.2199999999999999734 ) ) ;
#1326 = CARTESIAN_POINT ( 'NONE',  ( 0.3864880798028144659, -0.5087526421768254759, 0.2199999999999999734 ) ) ;
#1327 = CARTESIAN_POINT ( 'NONE',  ( 0.4336267411867306132, -0.4706505414047669200, 0.2099999999999999922 ) ) ;
#1328 = ADVANCED_FACE ( 'NONE', ( #2183 ), #8062, .F. ) ;
#1329 = ORIENTED_EDGE ( 'NONE', *, *, #6835, .T. ) ;
#1330 = PRESENTATION_STYLE_ASSIGNMENT (( #6726 ) ) ;
#1331 = CARTESIAN_POINT ( 'NONE',  ( 0.5180876357827777223, -0.5474736854561763622, 0.2199999999999999734 ) ) ;
#1332 = EDGE_CURVE ( 'NONE', #6663, #4539, #6675, .T. ) ;
#1334 = EDGE_CURVE ( 'NONE', #1988, #7811, #9658, .T. ) ;
#1333 = AXIS2_PLACEMENT_3D ( 'NONE', #3437, #8713, #3483 ) ;
#1335 = CARTESIAN_POINT ( 'NONE',  ( 0.3743939432031076486, -0.4666397939550415153, 0.2099999999999999922 ) ) ;
#1336 = EDGE_LOOP ( 'NONE', ( #2287, #3239, #7525, #9676, #2401, #8231, #7668, #5397 ) ) ;
#1337 = ORIENTED_EDGE ( 'NONE', *, *, #1998, .T. ) ;
#1338 = EDGE_LOOP ( 'NONE', ( #6540, #3695, #1060, #5642 ) ) ;
#1339 = EDGE_LOOP ( 'NONE', ( #313, #5391, #8441, #5052 ) ) ;
#1340 = DIRECTION ( 'NONE',  ( 1.000000000000000000, 0.000000000000000000, 0.000000000000000000 ) ) ;
#1341 = VECTOR ( 'NONE', #166, 1000.000000000000000 ) ;
#1342 = LINE ( 'NONE', #411, #6960 ) ;
#1343 = ORIENTED_EDGE ( 'NONE', *, *, #2838, .T. ) ;
#1344 = PRESENTATION_STYLE_ASSIGNMENT (( #2978 ) ) ;
#1345 = CARTESIAN_POINT ( 'NONE',  ( 0.4031128755587552459, -0.5672055726008524701, 0.2199999999999999734 ) ) ;
#1346 = CARTESIAN_POINT ( 'NONE',  ( 0.3989907184577749510, -0.4662436707502577438, 0.2199999999999999734 ) ) ;
#1347 = DIRECTION ( 'NONE',  ( 0.000000000000000000, 0.000000000000000000, -1.000000000000000000 ) ) ;
#1348 = DIRECTION ( 'NONE',  ( -0.000000000000000000, 0.000000000000000000, -1.000000000000000000 ) ) ;
#1349 = VERTEX_POINT ( 'NONE', #5928 ) ;
#1350 = VECTOR ( 'NONE', #6054, 1000.000000000000000 ) ;
#1351 = ORIENTED_EDGE ( 'NONE', *, *, #9391, .T. ) ;
#1352 = CARTESIAN_POINT ( 'NONE',  ( 0.3887905459313502066, -0.5762916486132638738, 0.2099999999999999922 ) ) ;
#1353 = VERTEX_POINT ( 'NONE', #8928 ) ;
#1354 = DIRECTION ( 'NONE',  ( -1.000000000000000000, 0.000000000000000000, 0.000000000000000000 ) ) ;
#1355 = AXIS2_PLACEMENT_3D ( 'NONE', #4408, #1290, #4308 ) ;
#1356 = DIRECTION ( 'NONE',  ( 0.000000000000000000, 0.000000000000000000, 1.000000000000000000 ) ) ;
#1357 = CARTESIAN_POINT ( 'NONE',  ( 0.1130735864969480003, -0.5006337717965224643, 0.2099999999999999922 ) ) ;
#1358 = CARTESIAN_POINT ( 'NONE',  ( 0.2325471711801970209, -0.5691503551888987822, 0.2199999999999999734 ) ) ;
#1359 = CARTESIAN_POINT ( 'NONE',  ( 0.5067733667426660427, -0.4746612888544927689, 0.2099999999999999922 ) ) ;
#1360 = ORIENTED_EDGE ( 'NONE', *, *, #6511, .F. ) ;
#1361 = VECTOR ( 'NONE', #5999, 1000.000000000000000 ) ;
#1362 = ORIENTED_EDGE ( 'NONE', *, *, #6591, .F. ) ;
#1363 = B_SPLINE_CURVE_WITH_KNOTS ( 'NONE', 3,
 ( #8525, #7746, #969, #6996 ),
 .UNSPECIFIED., .F., .F.,
 ( 4, 4 ),
 ( 6.000000000000000000, 7.000000000000000000 ),
 .UNSPECIFIED. ) ;
#1364 = CARTESIAN_POINT ( 'NONE',  ( 0.3989907184577749510, -0.5055093834363931782, 0.2199999999999999734 ) ) ;
#1365 = CARTESIAN_POINT ( 'NONE',  ( 0.5107717353422533968, -0.5474736854561763622, 0.2199999999999999734 ) ) ;
#1366 = EDGE_CURVE ( 'NONE', #310, #480, #8210, .T. ) ;
#1367 = CARTESIAN_POINT ( 'NONE',  ( 0.4122979823726110604, -0.5751280366988599235, 0.2099999999999999922 ) ) ;
#1368 = EDGE_LOOP ( 'NONE', ( #6303, #8635, #850, #3287 ) ) ;
#1369 = VECTOR ( 'NONE', #3074, 1000.000000000000000 ) ;
#1370 = B_SPLINE_SURFACE_WITH_KNOTS ( 'NONE', 3, 1, ( 
 ( #1067, #1111 ),
 ( #4213, #6394 ),
 ( #8031, #7097 ),
 ( #2740, #7282 ) ),
 .UNSPECIFIED., .F., .F., .F.,
 ( 4, 4 ),
 ( 2, 2 ),
 ( 1.000000000000000000, 2.000000000000000000 ),
 ( 0.000000000000000000, 1.000000000000000000 ),
 .UNSPECIFIED. ) ;
#1371 = CARTESIAN_POINT ( 'NONE',  ( 0.3817841167446345829, -0.5598772933098575821, 0.2199999999999999734 ) ) ;
#1372 = CARTESIAN_POINT ( 'NONE',  ( 0.5686304809586079090, -0.5497018784838743066, 0.2099999999999999922 ) ) ;
#1373 = CARTESIAN_POINT ( 'NONE',  ( 0.4441735215173856499, -0.6029309341432130820, 0.2099999999999999922 ) ) ;
#1374 = ADVANCED_FACE ( 'NONE', ( #1279 ), #7464, .F. ) ;
#1375 = CIRCLE ( 'NONE', #1074, 0.07999999999999993228 ) ;
#1376 = CARTESIAN_POINT ( 'NONE',  ( 0.09757989089287485984, -0.5491806860027348414, 0.2099999999999999922 ) ) ;
#1377 = LINE ( 'NONE', #7459, #8825 ) ;
#1378 = APPLICATION_CONTEXT ( 'automotive_design' ) ;
#1379 = EDGE_CURVE ( 'NONE', #517, #7468, #5216, .T. ) ;
#1380 = CARTESIAN_POINT ( 'NONE',  ( 0.4363748459207713593, -0.5557427573587392367, 0.2099999999999999922 ) ) ;
#1381 = DIRECTION ( 'NONE',  ( -0.000000000000000000, -0.000000000000000000, -1.000000000000000000 ) ) ;
#1382 = ORIENTED_EDGE ( 'NONE', *, *, #823, .F. ) ;
#1383 = DIRECTION ( 'NONE',  ( -0.000000000000000000, -0.000000000000000000, 1.000000000000000000 ) ) ;
#1384 = CARTESIAN_POINT ( 'NONE',  ( 0.4632121930529449205, -0.4706505414047669200, 0.2099999999999999922 ) ) ;
#1385 = CARTESIAN_POINT ( 'NONE',  ( -0.4550000000000002376, 0.3649999999999999356, -0.01000000000000000021 ) ) ;
#1386 = ORIENTED_EDGE ( 'NONE', *, *, #5024, .T. ) ;
#1387 = VERTEX_POINT ( 'NONE', #5246 ) ;
#1388 = ORIENTED_EDGE ( 'NONE', *, *, #8094, .F. ) ;
#1389 = EDGE_CURVE ( 'NONE', #9483, #5815, #4739, .T. ) ;
#1390 = LINE ( 'NONE', #5255, #4746 ) ;
#1391 = EDGE_CURVE ( 'NONE', #7865, #5855, #5294, .T. ) ;
#1392 = VECTOR ( 'NONE', #2334, 1000.000000000000114 ) ;
#1393 = EDGE_CURVE ( 'NONE', #6517, #4638, #6214, .T. ) ;
#1394 = CARTESIAN_POINT ( 'NONE',  ( -0.7000000000000001776, -0.6999999999999999556, 0.000000000000000000 ) ) ;
#1395 = ORIENTED_EDGE ( 'NONE', *, *, #7957, .T. ) ;
#1396 = CARTESIAN_POINT ( 'NONE',  ( 0.4154917257121573115, -0.5763164063135421955, 0.2199999999999999734 ) ) ;
#1397 = FILL_AREA_STYLE_COLOUR ( '', #8918 ) ;
#1398 = CARTESIAN_POINT ( 'NONE',  ( 0.2463193581845441460, -0.5157831814415871907, 0.2199999999999999734 ) ) ;
#1399 = CARTESIAN_POINT ( 'NONE',  ( -0.5023223870717856698, 0.5657689154935456877, 0.1899999999999999745 ) ) ;
#1400 = CARTESIAN_POINT ( 'NONE',  ( 0.2810940919533290172, -0.5033882236450447634, 0.2099999999999999922 ) ) ;
#1401 = DIRECTION ( 'NONE',  ( 1.000000000000000000, 2.238881569535239599E-14, -0.000000000000000000 ) ) ;
#1402 = CARTESIAN_POINT ( 'NONE',  ( 0.2850000000000001421, -0.4550000000000000155, 0.000000000000000000 ) ) ;
#1403 = ORIENTED_EDGE ( 'NONE', *, *, #8402, .F. ) ;
#1404 = VECTOR ( 'NONE', #7147, 1000.000000000000000 ) ;
#1405 = SURFACE_SIDE_STYLE ('',( #7899 ) ) ;
#1406 = ORIENTED_EDGE ( 'NONE', *, *, #1566, .T. ) ;
#1407 = EDGE_CURVE ( 'NONE', #6480, #3510, #9073, .T. ) ;
#1408 = LINE ( 'NONE', #2935, #7612 ) ;
#1409 = EDGE_LOOP ( 'NONE', ( #2745, #3176, #3167, #8047 ) ) ;
#1410 = LINE ( 'NONE', #2048, #245 ) ;
#1411 = VECTOR ( 'NONE', #2534, 1000.000000000000000 ) ;
#1412 = CARTESIAN_POINT ( 'NONE',  ( 0.5321995249576521037, -0.5797577266562032872, 0.2099999999999999922 ) ) ;
#1413 = CARTESIAN_POINT ( 'NONE',  ( 0.4308414999022723291, -0.6061246774827573347, 0.2199999999999999734 ) ) ;
#1414 = CARTESIAN_POINT ( 'NONE',  ( 0.3697271166951787147, -0.4713932724141087216, 0.2099999999999999922 ) ) ;
#1415 = FACE_OUTER_BOUND ( 'NONE', #7462, .T. ) ;
#1416 = CARTESIAN_POINT ( 'NONE',  ( 0.5366435321625796506, -0.5835456548030915069, 0.2099999999999999922 ) ) ;
#1417 = ORIENTED_EDGE ( 'NONE', *, *, #1389, .F. ) ;
#1418 = ORIENTED_EDGE ( 'NONE', *, *, #7724, .T. ) ;
#1419 = LINE ( 'NONE', #5127, #7958 ) ;
#1420 =( NAMED_UNIT ( * ) SI_UNIT ( $, .STERADIAN. ) SOLID_ANGLE_UNIT ( ) );
#1421 = CARTESIAN_POINT ( 'NONE',  ( 0.4030757390083364311, -0.5891161373720085193, 0.2199999999999999734 ) ) ;
#1422 = CARTESIAN_POINT ( 'NONE',  ( 0.4501277484412766761, -0.5079851534672040758, 0.2199999999999999734 ) ) ;
#1423 = VERTEX_POINT ( 'NONE', #5388 ) ;
#1424 = PRESENTATION_LAYER_ASSIGNMENT (  '', '', ( #7898 ) ) ;
#1425 = LINE ( 'NONE', #777, #8024 ) ;
#1426 = PRODUCT_DEFINITION ( 'δ֪', '', #7619, #795 ) ;
#1427 = DIRECTION ( 'NONE',  ( 1.000000000000000000, 0.000000000000000000, -0.000000000000000000 ) ) ;
#1428 = MECHANICAL_DESIGN_GEOMETRIC_PRESENTATION_REPRESENTATION (  '', ( #6624 ), #8993 ) ;
#1429 =( LENGTH_UNIT ( ) NAMED_UNIT ( * ) SI_UNIT ( .MILLI., .METRE. ) );
#1430 = CARTESIAN_POINT ( 'NONE',  ( 0.3989907184577749510, -0.4727797036310223411, 0.2099999999999999922 ) ) ;
#1431 = ORIENTED_EDGE ( 'NONE', *, *, #8295, .T. ) ;
#1432 = DIRECTION ( 'NONE',  ( -0.000000000000000000, -0.000000000000000000, -1.000000000000000000 ) ) ;
#1433 = CARTESIAN_POINT ( 'NONE',  ( 0.4574436488814716539, -0.4706505414047669200, 0.2099999999999999922 ) ) ;
#1434 = AXIS2_PLACEMENT_3D ( 'NONE', #6189, #961, #3325 ) ;
#1435 = B_SPLINE_SURFACE_WITH_KNOTS ( 'NONE', 3, 1, ( 
 ( #9059, #5326 ),
 ( #8344, #1567 ),
 ( #3838, #5668 ),
 ( #7993, #8756 ) ),
 .UNSPECIFIED., .F., .F., .F.,
 ( 4, 4 ),
 ( 2, 2 ),
 ( 9.000000000000000000, 10.00000000000000000 ),
 ( 0.000000000000000000, 1.000000000000000000 ),
 .UNSPECIFIED. ) ;
#1436 = CARTESIAN_POINT ( 'NONE',  ( 0.5373738843214531657, -0.5656705951816078937, 0.2099999999999999922 ) ) ;
#1437 = ORIENTED_EDGE ( 'NONE', *, *, #3385, .F. ) ;
#1438 = VERTEX_POINT ( 'NONE', #1537 ) ;
#1439 = EDGE_CURVE ( 'NONE', #7926, #3613, #6018, .T. ) ;
#1440 = CARTESIAN_POINT ( 'NONE',  ( 0.4463150625937793992, -0.5845854782161064023, 0.2099999999999999922 ) ) ;
#1441 = VECTOR ( 'NONE', #6372, 1000.000000000000000 ) ;
#1442 = B_SPLINE_CURVE_WITH_KNOTS ( 'NONE', 3,
 ( #197, #1829, #4689, #991 ),
 .UNSPECIFIED., .F., .F.,
 ( 4, 4 ),
 ( 17.00000000000000000, 18.00000000000000000 ),
 .UNSPECIFIED. ) ;
#1443 = CARTESIAN_POINT ( 'NONE',  ( 0.4165810645255624833, -0.5707211660443477497, 0.2199999999999999734 ) ) ;
#1444 = EDGE_LOOP ( 'NONE', ( #566, #3160, #5630, #5914, #9414, #9143, #9484, #510, #8541, #3916, #9261, #4980 ) ) ;
#1445 = CARTESIAN_POINT ( 'NONE',  ( 0.4336267411867306132, -0.4706505414047669200, 0.2199999999999999734 ) ) ;
#1446 = ADVANCED_FACE ( 'NONE', ( #4590 ), #881, .F. ) ;
#1447 = CARTESIAN_POINT ( 'NONE',  ( 0.2473522685980794888, -0.5157831814415871907, 0.2199999999999999734 ) ) ;
#1448 = B_SPLINE_CURVE_WITH_KNOTS ( 'NONE', 3,
 ( #8874, #9602, #6521, #2228 ),
 .UNSPECIFIED., .F., .F.,
 ( 4, 4 ),
 ( 0.000000000000000000, 1.000000000000000000 ),
 .UNSPECIFIED. ) ;
#1449 = FILL_AREA_STYLE ('',( #2285 ) ) ;
#1450 = CARTESIAN_POINT ( 'NONE',  ( 0.4112086435590397437, -0.5611646937259857637, 0.2099999999999999922 ) ) ;
#1451 = LINE ( 'NONE', #3727, #9186 ) ;
#1452 = ORIENTED_EDGE ( 'NONE', *, *, #2894, .T. ) ;
#1453 = AXIS2_PLACEMENT_3D ( 'NONE', #8845, #5114, #3635 ) ;
#1454 = EDGE_CURVE ( 'NONE', #7015, #804, #3443, .T. ) ;
#1455 = EDGE_CURVE ( 'NONE', #2091, #769, #3898, .T. ) ;
#1456 = DIRECTION ( 'NONE',  ( 0.000000000000000000, 1.000000000000000000, 0.000000000000000000 ) ) ;
#1457 = VERTEX_POINT ( 'NONE', #1628 ) ;
#1458 = CARTESIAN_POINT ( 'NONE',  ( 0.2514839233860668988, -0.5904972141806824615, 0.2199999999999999734 ) ) ;
#1459 = ORIENTED_EDGE ( 'NONE', *, *, #1104, .T. ) ;
#1460 = B_SPLINE_CURVE_WITH_KNOTS ( 'NONE', 3,
 ( #2407, #6155, #5428, #3292 ),
 .UNSPECIFIED., .F., .F.,
 ( 4, 4 ),
 ( 4.000000000000000000, 5.000000000000000000 ),
 .UNSPECIFIED. ) ;
#1461 = CARTESIAN_POINT ( 'NONE',  ( -0.4550000000000002376, 0.2849999999999999201, -0.01000000000000000021 ) ) ;
#1462 = ORIENTED_EDGE ( 'NONE', *, *, #2955, .T. ) ;
#1463 = DIRECTION ( 'NONE',  ( -0.000000000000000000, -0.000000000000000000, -1.000000000000000000 ) ) ;
#1464 = EDGE_CURVE ( 'NONE', #8341, #3637, #6623, .T. ) ;
#1465 = CARTESIAN_POINT ( 'NONE',  ( 0.3887905459313502066, -0.5683444268146484735, 0.2199999999999999734 ) ) ;
#1466 = DIRECTION ( 'NONE',  ( 0.000000000000000000, 0.000000000000000000, 1.000000000000000000 ) ) ;
#1467 = CARTESIAN_POINT ( 'NONE',  ( 0.4093641948861510005, -0.5645317409674827092, 0.2199999999999999734 ) ) ;
#1468 = CARTESIAN_POINT ( 'NONE',  ( 0.2828156136870604298, -0.5750035185764428292, 0.2099999999999999922 ) ) ;
#1469 =( LENGTH_UNIT ( ) NAMED_UNIT ( * ) SI_UNIT ( .MILLI., .METRE. ) );
#1470 = ORIENTED_EDGE ( 'NONE', *, *, #7071, .T. ) ;
#1471 = CARTESIAN_POINT ( 'NONE',  ( 0.1960509288116845938, -0.4520868772915670464, 0.2099999999999999922 ) ) ;
#1472 = DIRECTION ( 'NONE',  ( -1.000000000000000000, 0.000000000000000000, 0.000000000000000000 ) ) ;
#1473 = DIRECTION ( 'NONE',  ( -0.000000000000000000, -0.000000000000000000, -1.000000000000000000 ) ) ;
#1474 = EDGE_LOOP ( 'NONE', ( #3035, #6051, #7623, #5494 ) ) ;
#1475 = B_SPLINE_CURVE_WITH_KNOTS ( 'NONE', 3,
 ( #1069, #3137, #4617, #5418 ),
 .UNSPECIFIED., .F., .F.,
 ( 4, 4 ),
 ( 9.000000000000000000, 10.00000000000000000 ),
 .UNSPECIFIED. ) ;
#1476 = ORIENTED_EDGE ( 'NONE', *, *, #8626, .F. ) ;
#1477 =( NAMED_UNIT ( * ) PLANE_ANGLE_UNIT ( ) SI_UNIT ( $, .RADIAN. ) );
#1478 = PRESENTATION_STYLE_ASSIGNMENT (( #6611 ) ) ;
#1479 = CARTESIAN_POINT ( 'NONE',  ( 0.1963952279048619132, -0.4727451380969961980, 0.2199999999999999734 ) ) ;
#1480 = AXIS2_PLACEMENT_3D ( 'NONE', #5330, #1613, #4622 ) ;
#1481 = CARTESIAN_POINT ( 'NONE',  ( 0.4247758633271273010, -0.5623778210409468015, 0.2199999999999999734 ) ) ;
#1482 = CARTESIAN_POINT ( 'NONE',  ( -0.4549999999999995159, -0.1250000000000000278, -0.01000000000000000021 ) ) ;
#1483 = EDGE_LOOP ( 'NONE', ( #3679, #1226, #2776, #4435 ) ) ;
#1484 = SURFACE_SIDE_STYLE ('',( #5245 ) ) ;
#1485 = PLANE ( 'NONE',  #4218 ) ;
#1486 = DIRECTION ( 'NONE',  ( -1.000000000000000000, 0.000000000000000000, 0.000000000000000000 ) ) ;
#1487 = EDGE_LOOP ( 'NONE', ( #9179, #7207, #8568, #6924 ) ) ;
#1488 = EDGE_LOOP ( 'NONE', ( #6205, #2424, #6850, #7197 ) ) ;
#1489 = CIRCLE ( 'NONE', #6378, 0.07999999999999997391 ) ;
#1490 = ORIENTED_EDGE ( 'NONE', *, *, #6262, .F. ) ;
#1491 = CARTESIAN_POINT ( 'NONE',  ( 0.4322526888196110972, -0.4916945866655208497, 0.2199999999999999734 ) ) ;
#1492 = CARTESIAN_POINT ( 'NONE',  ( 0.1502584533198238481, -0.5057983369980462163, 0.2099999999999999922 ) ) ;
#1493 = ORIENTED_EDGE ( 'NONE', *, *, #9282, .T. ) ;
#1494 = EDGE_CURVE ( 'NONE', #3232, #2265, #196, .T. ) ;
#1495 = VECTOR ( 'NONE', #135, 1000.000000000000000 ) ;
#1496 = CARTESIAN_POINT ( 'NONE',  ( 0.3704450900040795469, -0.5640613446618621962, 0.2199999999999999734 ) ) ;
#1497 = CARTESIAN_POINT ( 'NONE',  ( 0.5082340710607428091, -0.4739928309463168898, 0.2199999999999999734 ) ) ;
#1498 = CARTESIAN_POINT ( 'NONE',  ( 0.3708907286097519740, -0.5708449545457398022, 0.2099999999999999922 ) ) ;
#1499 = CARTESIAN_POINT ( 'NONE',  ( -0.5350000000000002531, 0.4550000000000000155, -0.01000000000000000021 ) ) ;
#1500 = ORIENTED_EDGE ( 'NONE', *, *, #8389, .F. ) ;
#1501 = DIRECTION ( 'NONE',  ( -0.000000000000000000, 1.000000000000000000, -0.000000000000000000 ) ) ;
#1502 = VERTEX_POINT ( 'NONE', #6167 ) ;
#1503 = CARTESIAN_POINT ( 'NONE',  ( 0.1320103255684831056, -0.5006337717965224643, 0.2199999999999999734 ) ) ;
#1504 = VECTOR ( 'NONE', #1275, 1000.000000000000000 ) ;
#1505 = VERTEX_POINT ( 'NONE', #9171 ) ;
#1506 = EDGE_CURVE ( 'NONE', #2306, #625, #2104, .T. ) ;
#1507 = FACE_OUTER_BOUND ( 'NONE', #724, .T. ) ;
#1508 = ORIENTED_EDGE ( 'NONE', *, *, #6573, .T. ) ;
#1509 = ADVANCED_FACE ( 'NONE', ( #6777 ), #7016, .T. ) ;
#1510 = LINE ( 'NONE', #5902, #8603 ) ;
#1511 = CARTESIAN_POINT ( 'NONE',  ( 0.4759995452616020972, -0.5067225107516847293, 0.2199999999999999734 ) ) ;
#1512 = DIRECTION ( 'NONE',  ( -0.000000000000000000, -0.000000000000000000, 1.000000000000000000 ) ) ;
#1513 = MECHANICAL_DESIGN_GEOMETRIC_PRESENTATION_REPRESENTATION (  '', ( #1828 ), #2302 ) ;
#1514 = DIRECTION ( 'NONE',  ( -0.000000000000000000, -0.000000000000000000, -1.000000000000000000 ) ) ;
#1515 = CARTESIAN_POINT ( 'NONE',  ( 0.2494180894249892755, -0.5694946542819088187, 0.2099999999999999922 ) ) ;
#1516 = CARTESIAN_POINT ( 'NONE',  ( 0.5366435321625796506, -0.5483154472666327273, 0.2199999999999999734 ) ) ;
#1517 = ORIENTED_EDGE ( 'NONE', *, *, #1920, .T. ) ;
#1518 = EDGE_CURVE ( 'NONE', #4119, #2645, #2971, .T. ) ;
#1519 = AXIS2_PLACEMENT_3D ( 'NONE', #5329, #2852, #5863 ) ;
#1520 = DIRECTION ( 'NONE',  ( 1.000000000000000000, 0.000000000000000000, 0.000000000000000000 ) ) ;
#1521 = FACE_OUTER_BOUND ( 'NONE', #31, .T. ) ;
#1522 = ADVANCED_FACE ( 'NONE', ( #3670 ), #3807, .F. ) ;
#1523 = B_SPLINE_SURFACE_WITH_KNOTS ( 'NONE', 3, 1, ( 
 ( #2998, #2949 ),
 ( #5958, #9740 ),
 ( #2059, #7400 ),
 ( #8811, #8964 ) ),
 .UNSPECIFIED., .F., .F., .F.,
 ( 4, 4 ),
 ( 2, 2 ),
 ( 24.00000000000000000, 25.00000000000000000 ),
 ( 0.000000000000000000, 1.000000000000000000 ),
 .UNSPECIFIED. ) ;
#1524 = EDGE_CURVE ( 'NONE', #13, #557, #7669, .T. ) ;
#1525 = CARTESIAN_POINT ( 'NONE',  ( 0.3627330663586046389, -0.4902091246471647068, 0.2099999999999999922 ) ) ;
#1526 = DIRECTION ( 'NONE',  ( -0.000000000000000000, -0.000000000000000000, -1.000000000000000000 ) ) ;
#1527 = VECTOR ( 'NONE', #151, 1000.000000000000341 ) ;
#1528 = CARTESIAN_POINT ( 'NONE',  ( 0.5691132561146967639, -0.5514844329058991024, 0.2099999999999999922 ) ) ;
#1529 = CARTESIAN_POINT ( 'NONE',  ( 0.3785408580043647109, -0.5697803734324470293, 0.2199999999999999734 ) ) ;
#1530 = VERTEX_POINT ( 'NONE', #6175 ) ;
#1531 =( NAMED_UNIT ( * ) SI_UNIT ( $, .STERADIAN. ) SOLID_ANGLE_UNIT ( ) );
#1532 = FILL_AREA_STYLE_COLOUR ( '', #6153 ) ;
#1533 = CARTESIAN_POINT ( 'NONE',  ( 0.1182381516983065928, -0.5667402090004740600, 0.2199999999999999734 ) ) ;
#1534 =( NAMED_UNIT ( * ) PLANE_ANGLE_UNIT ( ) SI_UNIT ( $, .RADIAN. ) );
#1535 = ORIENTED_EDGE ( 'NONE', *, *, #3199, .F. ) ;
#1536 = DIRECTION ( 'NONE',  ( 1.000000000000000000, 0.000000000000000000, 0.000000000000000000 ) ) ;
#1537 = CARTESIAN_POINT ( 'NONE',  ( 0.3948561825064956787, -0.5680720921115868238, 0.2099999999999999922 ) ) ;
#1538 = CARTESIAN_POINT ( 'NONE',  ( 0.1344204520556538662, -0.4799755306923473852, 0.2199999999999999734 ) ) ;
#1539 = VERTEX_POINT ( 'NONE', #1691 ) ;
#1540 = ORIENTED_EDGE ( 'NONE', *, *, #6226, .F. ) ;
#1541 = PRESENTATION_LAYER_ASSIGNMENT (  '', '', ( #5324 ) ) ;
#1542 = DIRECTION ( 'NONE',  ( -0.3409177962187317501, -0.9400931103999025096, -0.000000000000000000 ) ) ;
#1543 = DIRECTION ( 'NONE',  ( -2.950894056614935162E-12, 1.000000000000000000, 0.000000000000000000 ) ) ;
#1544 = EDGE_LOOP ( 'NONE', ( #7859, #8810, #2845, #2633 ) ) ;
#1545 = VECTOR ( 'NONE', #4446, 1000.000000000000000 ) ;
#1546 = SURFACE_STYLE_FILL_AREA ( #8460 ) ;
#1547 = CARTESIAN_POINT ( 'NONE',  ( 0.3414662017951807238, -0.5474736854561776944, 0.2099999999999999922 ) ) ;
#1548 = DIRECTION ( 'NONE',  ( 0.000000000000000000, 0.000000000000000000, 1.000000000000000000 ) ) ;
#1549 = CARTESIAN_POINT ( 'NONE',  ( 0.3821802399495823344, -0.4699078103957542996, 0.2199999999999999734 ) ) ;
#1550 = CARTESIAN_POINT ( 'NONE',  ( 0.5466332642361452221, -0.5903292646869716664, 0.2199999999999999734 ) ) ;
#1551 = ORIENTED_EDGE ( 'NONE', *, *, #9273, .T. ) ;
#1552 = CARTESIAN_POINT ( 'NONE',  ( -0.4549999999999995159, -0.1250000000000000278, 0.000000000000000000 ) ) ;
#1553 = ORIENTED_EDGE ( 'NONE', *, *, #2734, .F. ) ;
#1554 = LINE ( 'NONE', #72, #6354 ) ;
#1555 = EDGE_CURVE ( 'NONE', #480, #8517, #944, .T. ) ;
#1556 = CARTESIAN_POINT ( 'NONE',  ( 0.1502584533198238481, -0.5057983369980462163, 0.2199999999999999734 ) ) ;
#1557 = EDGE_LOOP ( 'NONE', ( #311, #2706, #2114, #8729, #9184, #218, #2439, #2063 ) ) ;
#1558 = CARTESIAN_POINT ( 'NONE',  ( 0.4711346571512823878, -0.4672092210621049402, 0.2099999999999999922 ) ) ;
#1559 = EDGE_LOOP ( 'NONE', ( #97, #4449, #7093, #1931, #1141, #6135, #5742, #6243 ) ) ;
#1560 = DIRECTION ( 'NONE',  ( 1.000000000000000000, 0.000000000000000000, 0.000000000000000000 ) ) ;
#1561 = CARTESIAN_POINT ( 'NONE',  ( 0.4928966757207673410, -0.5135061206355617802, 0.2199999999999999734 ) ) ;
#1562 = LINE ( 'NONE', #4375, #6860 ) ;
#1563 = CARTESIAN_POINT ( 'NONE',  ( 0.4501277484412766761, -0.4706505414047669200, 0.2099999999999999922 ) ) ;
#1564 = B_SPLINE_CURVE_WITH_KNOTS ( 'NONE', 3,
 ( #7603, #3840, #824, #88 ),
 .UNSPECIFIED., .F., .F.,
 ( 4, 4 ),
 ( 26.00000000000000000, 27.00000000000000000 ),
 .UNSPECIFIED. ) ;
#1565 = ORIENTED_EDGE ( 'NONE', *, *, #8858, .T. ) ;
#1566 = EDGE_CURVE ( 'NONE', #6386, #5649, #7639, .T. ) ;
#1567 = CARTESIAN_POINT ( 'NONE',  ( 0.3692938569399767945, -0.4837473648669045612, 0.2099999999999999922 ) ) ;
#1568 = CARTESIAN_POINT ( 'NONE',  ( 0.1506027524130015838, -0.6132212958128574476, 0.2199999999999999734 ) ) ;
#1569 = EDGE_CURVE ( 'NONE', #2723, #6, #2495, .T. ) ;
#1570 = LINE ( 'NONE', #871, #918 ) ;
#1571 = EDGE_CURVE ( 'NONE', #6904, #5844, #2504, .T. ) ;
#1572 = DIRECTION ( 'NONE',  ( -0.000000000000000000, -0.000000000000000000, -1.000000000000000000 ) ) ;
#1573 = EDGE_CURVE ( 'NONE', #8239, #3004, #2020, .T. ) ;
#1574 = ORIENTED_EDGE ( 'NONE', *, *, #4894, .F. ) ;
#1575 = DIRECTION ( 'NONE',  ( -0.000000000000000000, -0.000000000000000000, -1.000000000000000000 ) ) ;
#1576 = AXIS2_PLACEMENT_3D ( 'NONE', #1746, #4757, #7778 ) ;
#1577 = CARTESIAN_POINT ( 'NONE',  ( 0.3732179524385628167, -0.5805747307663839951, 0.2199999999999999734 ) ) ;
#1578 = CARTESIAN_POINT ( 'NONE',  ( 0.5177162702782722725, -0.5002607509714245282, 0.2199999999999999734 ) ) ;
#1579 = VERTEX_POINT ( 'NONE', #1656 ) ;
#1580 = CARTESIAN_POINT ( 'NONE',  ( 0.3759041629217430014, -0.5751527943991378011, 0.2099999999999999922 ) ) ;
#1581 = EDGE_CURVE ( 'NONE', #5864, #3771, #8281, .T. ) ;
#1582 = CARTESIAN_POINT ( 'NONE',  ( -0.3650000000000001577, 0.4550000000000000155, -0.01000000000000000021 ) ) ;
#1583 = ORIENTED_EDGE ( 'NONE', *, *, #3993, .T. ) ;
#1584 = COLOUR_RGB ( '',0.6666666666666666297, 0.6666666666666666297, 0.6666666666666666297 ) ;
#1585 = VERTEX_POINT ( 'NONE', #169 ) ;
#1586 = UNCERTAINTY_MEASURE_WITH_UNIT (LENGTH_MEASURE( 1.000000000000000082E-05 ), #6042, 'distance_accuracy_value', 'NONE');
#1587 = CARTESIAN_POINT ( 'NONE',  ( 0.5256758709266978746, -0.5419032028872593498, 0.2199999999999999734 ) ) ;
#1588 = CARTESIAN_POINT ( 'NONE',  ( 0.4130530922319272102, -0.5861947287358537650, 0.2099999999999999922 ) ) ;
#1589 = ORIENTED_EDGE ( 'NONE', *, *, #4469, .T. ) ;
#1590 = CARTESIAN_POINT ( 'NONE',  ( 0.3414662017951822226, -0.5848082975186135180, 0.2199999999999999734 ) ) ;
#1591 = PLANE ( 'NONE',  #9207 ) ;
#1592 = FACE_OUTER_BOUND ( 'NONE', #8067, .T. ) ;
#1593 = CARTESIAN_POINT ( 'NONE',  ( 0.4308414999022723291, -0.6061246774827573347, 0.2199999999999999734 ) ) ;
#1594 = VERTEX_POINT ( 'NONE', #2547 ) ;
#1595 = PLANE ( 'NONE',  #1719 ) ;
#1596 = ORIENTED_EDGE ( 'NONE', *, *, #5325, .T. ) ;
#1597 = CARTESIAN_POINT ( 'NONE',  ( 0.4196881559141360518, -0.5790892687480261314, 0.2199999999999999734 ) ) ;
#1598 = VECTOR ( 'NONE', #1012, 1000.000000000000114 ) ;
#1599 = B_SPLINE_SURFACE_WITH_KNOTS ( 'NONE', 3, 1, ( 
 ( #932, #3298 ),
 ( #877, #9265 ),
 ( #5435, #1081 ),
 ( #8396, #9168 ) ),
 .UNSPECIFIED., .F., .F., .F.,
 ( 4, 4 ),
 ( 2, 2 ),
 ( 0.000000000000000000, 1.000000000000000000 ),
 ( 0.000000000000000000, 1.000000000000000000 ),
 .UNSPECIFIED. ) ;
#1600 =( LENGTH_UNIT ( ) NAMED_UNIT ( * ) SI_UNIT ( .MILLI., .METRE. ) );
#1601 = ORIENTED_EDGE ( 'NONE', *, *, #9643, .T. ) ;
#1602 = CARTESIAN_POINT ( 'NONE',  ( 0.1502584533198238481, -0.5057983369980462163, 0.2199999999999999734 ) ) ;
#1603 = VERTEX_POINT ( 'NONE', #7740 ) ;
#1604 = FACE_OUTER_BOUND ( 'NONE', #2010, .T. ) ;
#1605 = LINE ( 'NONE', #1511, #1791 ) ;
#1606 = MECHANICAL_DESIGN_GEOMETRIC_PRESENTATION_REPRESENTATION (  '', ( #6967 ), #8390 ) ;
#1607 = CARTESIAN_POINT ( 'NONE',  ( 0.2297927521670982964, -0.4586286597977606849, 0.2199999999999999734 ) ) ;
#1608 = LINE ( 'NONE', #4618, #923 ) ;
#1609 = B_SPLINE_CURVE_WITH_KNOTS ( 'NONE', 3,
 ( #290, #4585, #8394, #930 ),
 .UNSPECIFIED., .F., .F.,
 ( 4, 4 ),
 ( 5.000000000000000000, 6.000000000000000000 ),
 .UNSPECIFIED. ) ;
#1610 = EDGE_LOOP ( 'NONE', ( #4304, #6935, #6976, #7161 ) ) ;
#1611 = CARTESIAN_POINT ( 'NONE',  ( 0.3708907286097519740, -0.5708449545457398022, 0.2199999999999999734 ) ) ;
#1612 = DIRECTION ( 'NONE',  ( -0.000000000000000000, -0.000000000000000000, 1.000000000000000000 ) ) ;
#1613 = DIRECTION ( 'NONE',  ( 0.000000000000000000, -1.000000000000000000, 0.000000000000000000 ) ) ;
#1614 = ADVANCED_FACE ( 'NONE', ( #6244 ), #6296, .F. ) ;
#1615 = PRODUCT ( 'LGA-4_L1.4-W1.4-P0.66-TL', 'LGA-4_L1.4-W1.4-P0.66-TL', '', ( #1794 ) ) ;
#1616 = DIRECTION ( 'NONE',  ( -0.000000000000000000, -0.000000000000000000, -1.000000000000000000 ) ) ;
#1617 = LINE ( 'NONE', #6864, #2435 ) ;
#1618 = EDGE_LOOP ( 'NONE', ( #4913, #2648 ) ) ;
#1619 = EDGE_CURVE ( 'NONE', #9667, #7523, #3831, .T. ) ;
#1620 = CARTESIAN_POINT ( 'NONE',  ( 0.5082340710607428091, -0.4739928309463168898, 0.2199999999999999734 ) ) ;
#1621 = CARTESIAN_POINT ( 'NONE',  ( -0.4549999999999995159, -0.5350000000000000311, -0.01000000000000000021 ) ) ;
#1622 = LINE ( 'NONE', #6112, #8449 ) ;
#1623 = CARTESIAN_POINT ( 'NONE',  ( 0.2828156136870604298, -0.5750035185764428292, 0.2199999999999999734 ) ) ;
#1624 = ORIENTED_EDGE ( 'NONE', *, *, #7913, .F. ) ;
#1625 = EDGE_CURVE ( 'NONE', #7468, #2677, #6146, .T. ) ;
#1626 = ADVANCED_FACE ( 'NONE', ( #1760 ), #9101, .F. ) ;
#1627 = AXIS2_PLACEMENT_3D ( 'NONE', #5502, #2377, #2331 ) ;
#1628 = CARTESIAN_POINT ( 'NONE',  ( 0.4470577936031209787, -0.5817878580813445888, 0.2199999999999999734 ) ) ;
#1629 = CARTESIAN_POINT ( 'NONE',  ( 0.2494180894249892755, -0.5694946542819088187, 0.2199999999999999734 ) ) ;
#1630 = EDGE_LOOP ( 'NONE', ( #56, #4155, #2364, #9252 ) ) ;
#1631 = ORIENTED_EDGE ( 'NONE', *, *, #8854, .F. ) ;
#1632 = COLOUR_RGB ( '',0.6666666666666666297, 0.6666666666666666297, 0.6666666666666666297 ) ;
#1633 = EDGE_CURVE ( 'NONE', #6384, #7767, #911, .T. ) ;
#1634 = DIRECTION ( 'NONE',  ( 1.000000000000000000, 0.000000000000000000, 0.000000000000000000 ) ) ;
#1635 = CARTESIAN_POINT ( 'NONE',  ( 0.3759041629217430014, -0.5751527943991378011, 0.2199999999999999734 ) ) ;
#1636 = VERTEX_POINT ( 'NONE', #5953 ) ;
#1637 = CARTESIAN_POINT ( 'NONE',  ( 0.3887905459313502066, -0.5683444268146484735, 0.2099999999999999922 ) ) ;
#1638 = EDGE_CURVE ( 'NONE', #3367, #5296, #6804, .T. ) ;
#1639 = EDGE_CURVE ( 'NONE', #3018, #550, #3043, .T. ) ;
#1640 = CARTESIAN_POINT ( 'NONE',  ( 0.5366435321625796506, -0.5483154472666327273, 0.2199999999999999734 ) ) ;
#1641 = CARTESIAN_POINT ( 'NONE',  ( 0.4755786643565544924, -0.5474736854561763622, 0.2199999999999999734 ) ) ;
#1642 = CARTESIAN_POINT ( 'NONE',  ( 0.3740473353987163740, -0.5036525559135289765, 0.2099999999999999922 ) ) ;
#1643 = AXIS2_PLACEMENT_3D ( 'NONE', #2441, #6134, #904 ) ;
#1644 = CARTESIAN_POINT ( 'NONE',  ( 0.2211851434982795017, -0.5853326489791578213, 0.2199999999999999734 ) ) ;
#1645 = VERTEX_POINT ( 'NONE', #6046 ) ;
#1646 = ORIENTED_EDGE ( 'NONE', *, *, #7927, .T. ) ;
#1647 = CARTESIAN_POINT ( 'NONE',  ( 0.5350000000000001421, 0.2050000000000005984, -0.01000000000000000021 ) ) ;
#1648 = VERTEX_POINT ( 'NONE', #764 ) ;
#1649 = DIRECTION ( 'NONE',  ( 0.000000000000000000, 0.000000000000000000, -1.000000000000000000 ) ) ;
#1650 = CARTESIAN_POINT ( 'NONE',  ( 0.5650777509646929264, -0.5419032028872593498, 0.2199999999999999734 ) ) ;
#1651 = ORIENTED_EDGE ( 'NONE', *, *, #8388, .T. ) ;
#1652 = VECTOR ( 'NONE', #6079, 1000.000000000000000 ) ;
#1653 = CARTESIAN_POINT ( 'NONE',  ( 0.1568002280277302762, -0.4865173119671748481, 0.2099999999999999922 ) ) ;
#1654 = ORIENTED_EDGE ( 'NONE', *, *, #1940, .F. ) ;
#1655 = CARTESIAN_POINT ( 'NONE',  ( 0.1574888393480909365, -0.5657073117214350688, 0.2099999999999999922 ) ) ;
#1656 = CARTESIAN_POINT ( 'NONE',  ( 0.3612599831903885450, -0.5903292646869716664, 0.2199999999999999734 ) ) ;
#1657 = CARTESIAN_POINT ( 'NONE',  ( 0.5044337640637158726, -0.4650800588358499077, 0.2199999999999999734 ) ) ;
#1658 = CARTESIAN_POINT ( 'NONE',  ( 0.5677144460476454269, -0.5506921864963311153, 0.2099999999999999922 ) ) ;
#1659 = FACE_OUTER_BOUND ( 'NONE', #9076, .T. ) ;
#1660 = CARTESIAN_POINT ( 'NONE',  ( 0.4347532165507171920, -0.6066198314889892362, 0.2199999999999999734 ) ) ;
#1661 = DIRECTION ( 'NONE',  ( -0.000000000000000000, -0.000000000000000000, -1.000000000000000000 ) ) ;
#1662 = AXIS2_PLACEMENT_3D ( 'NONE', #8434, #3049, #7698 ) ;
#1663 = ORIENTED_EDGE ( 'NONE', *, *, #1524, .T. ) ;
#1664 = CARTESIAN_POINT ( 'NONE',  ( 0.2260053964722921194, -0.5691503551888987822, 0.2099999999999999922 ) ) ;
#1665 = CARTESIAN_POINT ( 'NONE',  ( 0.2955548771440311695, -0.5422946056345676613, 0.2199999999999999734 ) ) ;
#1666 = VECTOR ( 'NONE', #5605, 1000.000000000000000 ) ;
#1667 = CARTESIAN_POINT ( 'NONE',  ( 0.3887905459313502066, -0.5791387841485818866, 0.2199999999999999734 ) ) ;
#1668 = CARTESIAN_POINT ( 'NONE',  ( 0.4755786643565521055, -0.5685177307169276828, 0.2199999999999999734 ) ) ;
#1669 = CARTESIAN_POINT ( 'NONE',  ( 0.4122979823726110604, -0.5751280366988599235, 0.2099999999999999922 ) ) ;
#1670 = CARTESIAN_POINT ( 'NONE',  ( 0.4069998345069226753, -0.5576986156830463504, 0.2099999999999999922 ) ) ;
#1671 = AXIS2_PLACEMENT_3D ( 'NONE', #3593, #3001, #8914 ) ;
#1672 = CARTESIAN_POINT ( 'NONE',  ( 0.5350000000000002531, -0.4550000000000000155, -0.01000000000000000021 ) ) ;
#1673 = EDGE_CURVE ( 'NONE', #653, #3618, #2992, .T. ) ;
#1674 = ORIENTED_EDGE ( 'NONE', *, *, #7536, .T. ) ;
#1675 =( NAMED_UNIT ( * ) SI_UNIT ( $, .STERADIAN. ) SOLID_ANGLE_UNIT ( ) );
#1676 = DIRECTION ( 'NONE',  ( -0.000000000000000000, -0.000000000000000000, -1.000000000000000000 ) ) ;
#1677 = CARTESIAN_POINT ( 'NONE',  ( 0.5783602571792501035, -0.5770838950231640396, 0.2199999999999999734 ) ) ;
#1678 = ORIENTED_EDGE ( 'NONE', *, *, #531, .F. ) ;
#1679 = AXIS2_PLACEMENT_3D ( 'NONE', #3409, #1978, #4149 ) ;
#1680 = CARTESIAN_POINT ( 'NONE',  ( 0.4115800090637121711, -0.5685424884172051163, 0.2199999999999999734 ) ) ;
#1681 = CARTESIAN_POINT ( 'NONE',  ( 0.3959702790203422640, -0.4649315126338516291, 0.2199999999999999734 ) ) ;
#1682 = EDGE_CURVE ( 'NONE', #5952, #4357, #3912, .T. ) ;
#1683 = ORIENTED_EDGE ( 'NONE', *, *, #9457, .F. ) ;
#1684 = VERTEX_POINT ( 'NONE', #3688 ) ;
#1685 = ORIENTED_EDGE ( 'NONE', *, *, #837, .T. ) ;
#1686 = EDGE_CURVE ( 'NONE', #2920, #5697, #2254, .T. ) ;
#1687 = UNCERTAINTY_MEASURE_WITH_UNIT (LENGTH_MEASURE( 1.000000000000000082E-05 ), #7721, 'distance_accuracy_value', 'NONE');
#1688 = DIRECTION ( 'NONE',  ( -0.000000000000000000, -0.000000000000000000, 1.000000000000000000 ) ) ;
#1689 = LINE ( 'NONE', #7773, #36 ) ;
#1690 = EDGE_LOOP ( 'NONE', ( #7533, #5980, #9046, #297, #4053, #1967, #7129, #43 ) ) ;
#1691 = CARTESIAN_POINT ( 'NONE',  ( 0.3704450900040795469, -0.5640613446618621962, 0.2099999999999999922 ) ) ;
#1692 = PRESENTATION_STYLE_ASSIGNMENT (( #4603 ) ) ;
#1693 = CARTESIAN_POINT ( 'NONE',  ( 0.3737626218451842175, -0.5772324412248344139, 0.2099999999999999922 ) ) ;
#1694 = DIRECTION ( 'NONE',  ( -0.000000000000000000, -1.000000000000000000, -0.000000000000000000 ) ) ;
#1695 = AXIS2_PLACEMENT_3D ( 'NONE', #765, #3787, #6805 ) ;
#1696 = CARTESIAN_POINT ( 'NONE',  ( 0.4122979823726110604, -0.5751280366988599235, 0.2199999999999999734 ) ) ;
#1697 = CARTESIAN_POINT ( 'NONE',  ( 0.4833030668519888162, -0.4886741472279218512, 0.2099999999999999922 ) ) ;
#1698 = EDGE_CURVE ( 'NONE', #8069, #9714, #1605, .T. ) ;
#1699 = ORIENTED_EDGE ( 'NONE', *, *, #7750, .T. ) ;
#1700 = EDGE_LOOP ( 'NONE', ( #3319, #9563, #4113, #2031, #8716, #601, #2322, #5586, #9375, #6471, #4637, #9439, #4094, #1841, #1343, #9534, #2708, #5032, #4993, #6576, #3570 ) ) ;
#1701 = LINE ( 'NONE', #7086, #3286 ) ;
#1702 = ORIENTED_EDGE ( 'NONE', *, *, #1999, .T. ) ;
#1703 = PLANE ( 'NONE',  #3193 ) ;
#1704 = EDGE_CURVE ( 'NONE', #811, #1282, #4303, .T. ) ;
#1705 = CARTESIAN_POINT ( 'NONE',  ( 0.4431584558048148881, -0.5902549915861349250, 0.2099999999999999922 ) ) ;
#1706 = EDGE_CURVE ( 'NONE', #590, #8790, #2297, .T. ) ;
#1707 = ORIENTED_EDGE ( 'NONE', *, *, #4116, .F. ) ;
#1708 = VECTOR ( 'NONE', #3513, 1000.000000000000000 ) ;
#1709 = CARTESIAN_POINT ( 'NONE',  ( 0.1506027524130015838, -0.6132212958128574476, 0.2099999999999999922 ) ) ;
#1710 = LINE ( 'NONE', #217, #3397 ) ;
#1711 = VERTEX_POINT ( 'NONE', #6702 ) ;
#1712 = FACE_OUTER_BOUND ( 'NONE', #5361, .T. ) ;
#1713 = CARTESIAN_POINT ( 'NONE',  ( 0.3607524503341855149, -0.5079851534672040758, 0.2199999999999999734 ) ) ;
#1714 = CARTESIAN_POINT ( 'NONE',  ( 0.5783602571792501035, -0.5770838950231640396, 0.2199999999999999734 ) ) ;
#1715 = CARTESIAN_POINT ( 'NONE',  ( 0.3748272029584767129, -0.5761926178121495878, 0.2199999999999999734 ) ) ;
#1716 = EDGE_CURVE ( 'NONE', #441, #443, #6906, .T. ) ;
#1717 = CARTESIAN_POINT ( 'NONE',  ( 0.4196881559141360518, -0.5790892687480261314, 0.2099999999999999922 ) ) ;
#1718 = CARTESIAN_POINT ( 'NONE',  ( 0.3948561825064956787, -0.5903292646869716664, 0.2199999999999999734 ) ) ;
#1719 = AXIS2_PLACEMENT_3D ( 'NONE', #9042, #2245, #3034 ) ;
#1720 = ORIENTED_EDGE ( 'NONE', *, *, #6031, .T. ) ;
#1721 = B_SPLINE_CURVE_WITH_KNOTS ( 'NONE', 3,
 ( #4806, #3119, #2378, #1052 ),
 .UNSPECIFIED., .F., .F.,
 ( 4, 4 ),
 ( 1.000000000000000000, 2.000000000000000000 ),
 .UNSPECIFIED. ) ;
#1722 = PLANE ( 'NONE',  #8272 ) ;
#1723 = CARTESIAN_POINT ( 'NONE',  ( 0.4124341497241401644, -0.5602981742152527422, 0.2199999999999999734 ) ) ;
#1724 = PRESENTATION_STYLE_ASSIGNMENT (( #1770 ) ) ;
#1725 = CARTESIAN_POINT ( 'NONE',  ( 0.2850000000000001421, -0.4550000000000000155, -0.01000000000000000021 ) ) ;
#1726 = FACE_OUTER_BOUND ( 'NONE', #2984, .T. ) ;
#1727 = FACE_OUTER_BOUND ( 'NONE', #5292, .T. ) ;
#1728 = CARTESIAN_POINT ( 'NONE',  ( 0.2225623661388329566, -0.5316211630046722147, 0.2199999999999999734 ) ) ;
#1729 = ORIENTED_EDGE ( 'NONE', *, *, #6697, .F. ) ;
#1730 = FILL_AREA_STYLE_COLOUR ( '', #1323 ) ;
#1731 = DIRECTION ( 'NONE',  ( -0.3385350342957081371, -0.9409537876826914449, 0.000000000000000000 ) ) ;
#1732 = CARTESIAN_POINT ( 'NONE',  ( 0.4095993930391267357, -0.5558665458601321774, 0.2099999999999999922 ) ) ;
#1733 = VERTEX_POINT ( 'NONE', #6297 ) ;
#1734 = VECTOR ( 'NONE', #4263, 1000.000000000000000 ) ;
#1735 = CARTESIAN_POINT ( 'NONE',  ( 0.5180876357827777223, -0.5474736854561763622, 0.2199999999999999734 ) ) ;
#1736 = VERTEX_POINT ( 'NONE', #3235 ) ;
#1737 = VERTEX_POINT ( 'NONE', #1713 ) ;
#1738 = ORIENTED_EDGE ( 'NONE', *, *, #1573, .F. ) ;
#1739 = FACE_OUTER_BOUND ( 'NONE', #8472, .T. ) ;
#1740 = DIRECTION ( 'NONE',  ( 0.1333547648941047215, -0.9910683662997412657, 0.000000000000000000 ) ) ;
#1741 = ORIENTED_EDGE ( 'NONE', *, *, #4447, .F. ) ;
#1742 = DIRECTION ( 'NONE',  ( -0.3658589216694003721, 0.9306703226357352365, 0.000000000000000000 ) ) ;
#1743 = CARTESIAN_POINT ( 'NONE',  ( -0.2850000000000001421, 0.4550000000000000155, -0.01000000000000000021 ) ) ;
#1744 = CARTESIAN_POINT ( 'NONE',  ( 0.4995317394029773483, -0.4947892992036243553, 0.2199999999999999734 ) ) ;
#1745 = EDGE_CURVE ( 'NONE', #6268, #8126, #3925, .T. ) ;
#1746 = CARTESIAN_POINT ( 'NONE',  ( 0.1850331870887744201, -0.5787908611372496459, 0.2199999999999999734 ) ) ;
#1747 = VERTEX_POINT ( 'NONE', #5472 ) ;
#1748 = ORIENTED_EDGE ( 'NONE', *, *, #1768, .F. ) ;
#1749 = CARTESIAN_POINT ( 'NONE',  ( -0.4550000000000001266, -0.2050000000000000155, 0.000000000000000000 ) ) ;
#1750 = ORIENTED_EDGE ( 'NONE', *, *, #2182, .F. ) ;
#1751 = DIRECTION ( 'NONE',  ( -0.000000000000000000, -0.000000000000000000, -1.000000000000000000 ) ) ;
#1752 = DIRECTION ( 'NONE',  ( 0.9345104387417434433, -0.3559357243698841877, 0.000000000000000000 ) ) ;
#1753 = ORIENTED_EDGE ( 'NONE', *, *, #8270, .F. ) ;
#1754 = VECTOR ( 'NONE', #5935, 1000.000000000000000 ) ;
#1755 = SURFACE_STYLE_FILL_AREA ( #7091 ) ;
#1756 = ADVANCED_FACE ( 'NONE', ( #6245 ), #7888, .F. ) ;
#1757 = CARTESIAN_POINT ( 'NONE',  ( 0.4463150625937793992, -0.5845854782161064023, 0.2199999999999999734 ) ) ;
#1758 = EDGE_LOOP ( 'NONE', ( #4597, #8705, #5725, #2748 ) ) ;
#1759 = CARTESIAN_POINT ( 'NONE',  ( -0.5613595772881996293, 0.5657689154935456877, 0.1899999999999999745 ) ) ;
#1760 = FACE_OUTER_BOUND ( 'NONE', #3580, .T. ) ;
#1761 = LINE ( 'NONE', #4873, #3051 ) ;
#1762 = EDGE_CURVE ( 'NONE', #5253, #2731, #2496, .T. ) ;
#1763 = EDGE_CURVE ( 'NONE', #75, #769, #4772, .T. ) ;
#1764 = CARTESIAN_POINT ( 'NONE',  ( 0.3989907184577749510, -0.5115007469107023530, 0.2199999999999999734 ) ) ;
#1765 = DIRECTION ( 'NONE',  ( 0.000000000000000000, 1.000000000000000000, -0.000000000000000000 ) ) ;
#1766 = SURFACE_STYLE_FILL_AREA ( #4725 ) ;
#1767 = ORIENTED_EDGE ( 'NONE', *, *, #6891, .F. ) ;
#1768 = EDGE_CURVE ( 'NONE', #4357, #1159, #2595, .T. ) ;
#1769 = VECTOR ( 'NONE', #1975, 1000.000000000000000 ) ;
#1770 = SURFACE_STYLE_USAGE ( .BOTH. , #9159 ) ;
#1771 = PLANE ( 'NONE',  #5317 ) ;
#1772 = DIRECTION ( 'NONE',  ( 0.000000000000000000, 0.000000000000000000, -1.000000000000000000 ) ) ;
#1773 = AXIS2_PLACEMENT_3D ( 'NONE', #3756, #2220, #3890 ) ;
#1774 =( NAMED_UNIT ( * ) SI_UNIT ( $, .STERADIAN. ) SOLID_ANGLE_UNIT ( ) );
#1775 = EDGE_LOOP ( 'NONE', ( #2689, #1362, #7065, #327 ) ) ;
#1776 = CARTESIAN_POINT ( 'NONE',  ( 0.3780333251481621248, -0.5911462687971523744, 0.2199999999999999734 ) ) ;
#1777 = DIRECTION ( 'NONE',  ( -0.000000000000000000, -0.000000000000000000, -1.000000000000000000 ) ) ;
#1778 = VERTEX_POINT ( 'NONE', #2394 ) ;
#1779 = VECTOR ( 'NONE', #5601, 1000.000000000000000 ) ;
#1780 = DIRECTION ( 'NONE',  ( 0.000000000000000000, -0.000000000000000000, 1.000000000000000000 ) ) ;
#1781 = ORIENTED_EDGE ( 'NONE', *, *, #9326, .T. ) ;
#1782 = UNCERTAINTY_MEASURE_WITH_UNIT (LENGTH_MEASURE( 1.000000000000000082E-05 ), #2434, 'distance_accuracy_value', 'NONE');
#1783 = CARTESIAN_POINT ( 'NONE',  ( 0.4178189495409698750, -0.5861947287358537650, 0.2099999999999999922 ) ) ;
#1784 = ORIENTED_EDGE ( 'NONE', *, *, #2169, .T. ) ;
#1785 = LINE ( 'NONE', #9420, #7206 ) ;
#1786 = CARTESIAN_POINT ( 'NONE',  ( 0.2211851434982795017, -0.5853326489791578213, 0.2099999999999999922 ) ) ;
#1787 = CARTESIAN_POINT ( 'NONE',  ( 0.5320633576057908209, -0.5520291023126873142, 0.2199999999999999734 ) ) ;
#1788 = CARTESIAN_POINT ( 'NONE',  ( 0.4124341497241401644, -0.5602981742152527422, 0.2099999999999999922 ) ) ;
#1789 = ORIENTED_EDGE ( 'NONE', *, *, #1095, .T. ) ;
#1790 = VERTEX_POINT ( 'NONE', #274 ) ;
#1791 = VECTOR ( 'NONE', #7640, 1000.000000000000000 ) ;
#1792 = FACE_OUTER_BOUND ( 'NONE', #469, .T. ) ;
#1793 = VERTEX_POINT ( 'NONE', #9340 ) ;
#1794 = PRODUCT_CONTEXT ( 'NONE', #1378, 'mechanical' ) ;
#1795 = ORIENTED_EDGE ( 'NONE', *, *, #9446, .F. ) ;
#1796 = EDGE_CURVE ( 'NONE', #7523, #7210, #1761, .T. ) ;
#1797 = DIRECTION ( 'NONE',  ( 0.000000000000000000, 0.000000000000000000, 1.000000000000000000 ) ) ;
#1798 = CARTESIAN_POINT ( 'NONE',  ( 0.3954503673138350384, -0.5076633033632548253, 0.2199999999999999734 ) ) ;
#1799 = ORIENTED_EDGE ( 'NONE', *, *, #851, .T. ) ;
#1800 = VECTOR ( 'NONE', #4573, 1000.000000000000000 ) ;
#1801 = CARTESIAN_POINT ( 'NONE',  ( 0.3352148824677821382, -0.4650800588358516285, 0.2199999999999999734 ) ) ;
#1802 = CARTESIAN_POINT ( 'NONE',  ( 0.5683581462555442609, -0.5480926279641260557, 0.2199999999999999734 ) ) ;
#1803 = CARTESIAN_POINT ( 'NONE',  ( 0.4044126548248562769, -0.5595554432059079986, 0.2099999999999999922 ) ) ;
#1804 = CARTESIAN_POINT ( 'NONE',  ( 0.3776867173437700176, -0.5861699710355784410, 0.2099999999999999922 ) ) ;
#1805 = DIRECTION ( 'NONE',  ( 1.000000000000000000, -0.000000000000000000, -0.000000000000000000 ) ) ;
#1806 = CARTESIAN_POINT ( 'NONE',  ( 0.4995317394029773483, -0.4947892992036243553, 0.2199999999999999734 ) ) ;
#1807 = ADVANCED_FACE ( 'NONE', ( #5609 ), #7840, .F. ) ;
#1808 = ORIENTED_EDGE ( 'NONE', *, *, #8831, .T. ) ;
#1809 = CIRCLE ( 'NONE', #2118, 0.05903719021641397335 ) ;
#1810 = EDGE_CURVE ( 'NONE', #2437, #3647, #1852, .T. ) ;
#1811 = PLANE ( 'NONE',  #8442 ) ;
#1812 =( NAMED_UNIT ( * ) SI_UNIT ( $, .STERADIAN. ) SOLID_ANGLE_UNIT ( ) );
#1813 = VECTOR ( 'NONE', #8762, 1000.000000000000000 ) ;
#1814 = SURFACE_STYLE_USAGE ( .BOTH. , #3291 ) ;
#1815 = EDGE_CURVE ( 'NONE', #8970, #4235, #5135, .T. ) ;
#1816 = CARTESIAN_POINT ( 'NONE',  ( 0.4759995452616020972, -0.5067225107516847293, 0.2199999999999999734 ) ) ;
#1817 = B_SPLINE_CURVE_WITH_KNOTS ( 'NONE', 3,
 ( #2262, #3050, #5962, #7452 ),
 .UNSPECIFIED., .F., .F.,
 ( 4, 4 ),
 ( 4.000000000000000000, 5.000000000000000000 ),
 .UNSPECIFIED. ) ;
#1818 = DIRECTION ( 'NONE',  ( -0.000000000000000000, 1.000000000000000000, -0.000000000000000000 ) ) ;
#1819 = ADVANCED_FACE ( 'NONE', ( #3524 ), #4212, .T. ) ;
#1820 = ORIENTED_EDGE ( 'NONE', *, *, #973, .F. ) ;
#1822 = EDGE_CURVE ( 'NONE', #1134, #1736, #6854, .T. ) ;
#1821 = VECTOR ( 'NONE', #141, 1000.000000000000000 ) ;
#1823 = CARTESIAN_POINT ( 'NONE',  ( 0.3689472491355835770, -0.5077128187638136891, 0.2199999999999999734 ) ) ;
#1824 = CARTESIAN_POINT ( 'NONE',  ( 0.5067733667426660427, -0.4746612888544927689, 0.2199999999999999734 ) ) ;
#1825 = VERTEX_POINT ( 'NONE', #5839 ) ;
#1826 = CARTESIAN_POINT ( 'NONE',  ( 0.1072204034081461754, -0.5870541707128917874, 0.2099999999999999922 ) ) ;
#1827 = ORIENTED_EDGE ( 'NONE', *, *, #9456, .T. ) ;
#1828 = STYLED_ITEM ( 'NONE', ( #8387 ), #4475 ) ;
#1829 = CARTESIAN_POINT ( 'NONE',  ( 0.4251348499814950888, -0.5865908519406414223, 0.2099999999999999922 ) ) ;
#1830 = VERTEX_POINT ( 'NONE', #462 ) ;
#1831 = VERTEX_POINT ( 'NONE', #2829 ) ;
#1832 = B_SPLINE_CURVE_WITH_KNOTS ( 'NONE', 3,
 ( #8778, #4198, #1980, #1884 ),
 .UNSPECIFIED., .F., .F.,
 ( 4, 4 ),
 ( 22.00000000000000000, 23.00000000000000000 ),
 .UNSPECIFIED. ) ;
#1833 = LINE ( 'NONE', #8818, #6809 ) ;
#1834 = VECTOR ( 'NONE', #4076, 1000.000000000000000 ) ;
#1835 = CARTESIAN_POINT ( 'NONE',  ( 0.4202080676204789089, -0.5815155233779537580, 0.2199999999999999734 ) ) ;
#1836 = ORIENTED_EDGE ( 'NONE', *, *, #6954, .F. ) ;
#1837 = LINE ( 'NONE', #6472, #5308 ) ;
#1838 = CARTESIAN_POINT ( 'NONE',  ( 0.5373738843214531657, -0.5717114740564758213, 0.2099999999999999922 ) ) ;
#1839 = CARTESIAN_POINT ( 'NONE',  ( 0.3692938569399767945, -0.4956310610140790551, 0.2199999999999999734 ) ) ;
#1840 = LINE ( 'NONE', #7727, #2518 ) ;
#1841 = ORIENTED_EDGE ( 'NONE', *, *, #917, .T. ) ;
#1842 = VECTOR ( 'NONE', #4495, 1000.000000000000000 ) ;
#1843 = CARTESIAN_POINT ( 'NONE',  ( 0.4124589074245854636, -0.5911462687971523744, 0.2199999999999999734 ) ) ;
#1844 = ORIENTED_EDGE ( 'NONE', *, *, #9692, .F. ) ;
#1845 = B_SPLINE_SURFACE_WITH_KNOTS ( 'NONE', 3, 1, ( 
 ( #4696, #3954 ),
 ( #4749, #9079 ),
 ( #1587, #6122 ),
 ( #2372, #5394 ) ),
 .UNSPECIFIED., .F., .F., .F.,
 ( 4, 4 ),
 ( 2, 2 ),
 ( 2.000000000000000000, 3.000000000000000000 ),
 ( 0.000000000000000000, 1.000000000000000000 ),
 .UNSPECIFIED. ) ;
#1846 = VERTEX_POINT ( 'NONE', #7984 ) ;
#1847 = LINE ( 'NONE', #3369, #7758 ) ;
#1848 = LINE ( 'NONE', #9598, #1666 ) ;
#1849 = ORIENTED_EDGE ( 'NONE', *, *, #6453, .F. ) ;
#1850 = CARTESIAN_POINT ( 'NONE',  ( 0.1354533559019405198, -0.6132212958128574476, 0.2199999999999999734 ) ) ;
#1851 = LINE ( 'NONE', #5011, #3537 ) ;
#1852 = LINE ( 'NONE', #7144, #5583 ) ;
#1853 = FACE_OUTER_BOUND ( 'NONE', #5346, .T. ) ;
#1854 = LINE ( 'NONE', #3284, #8963 ) ;
#1855 = CARTESIAN_POINT ( 'NONE',  ( 0.08105327174109488997, -0.5629528795741676195, 0.2199999999999999734 ) ) ;
#1856 = EDGE_CURVE ( 'NONE', #6784, #7961, #8837, .T. ) ;
#1857 = ORIENTED_EDGE ( 'NONE', *, *, #2471, .T. ) ;
#1858 = VECTOR ( 'NONE', #8168, 1000.000000000000000 ) ;
#1859 = CARTESIAN_POINT ( 'NONE',  ( 0.3886296208793751927, -0.5849816014208931714, 0.2199999999999999734 ) ) ;
#1860 = CARTESIAN_POINT ( 'NONE',  ( 0.4221886836450611247, -0.5607190551203122819, 0.2099999999999999922 ) ) ;
#1861 = DIRECTION ( 'NONE',  ( 0.000000000000000000, 1.000000000000000000, -0.000000000000000000 ) ) ;
#1862 = MECHANICAL_DESIGN_GEOMETRIC_PRESENTATION_REPRESENTATION (  '', ( #8637 ), #8953 ) ;
#1863 = B_SPLINE_CURVE_WITH_KNOTS ( 'NONE', 3,
 ( #6652, #9012, #5222, #2255 ),
 .UNSPECIFIED., .F., .F.,
 ( 4, 4 ),
 ( 5.000000000000000000, 6.000000000000000000 ),
 .UNSPECIFIED. ) ;
#1864 = CARTESIAN_POINT ( 'NONE',  ( 0.4400637432663821458, -0.6066198314889892362, 0.2099999999999999922 ) ) ;
#1865 = EDGE_CURVE ( 'NONE', #8026, #2931, #4068, .T. ) ;
#1866 = DIRECTION ( 'NONE',  ( 0.3559357243699015627, -0.9345104387417368930, 0.000000000000000000 ) ) ;
#1867 = ORIENTED_EDGE ( 'NONE', *, *, #4143, .T. ) ;
#1868 = VECTOR ( 'NONE', #6997, 1000.000000000000000 ) ;
#1869 = LINE ( 'NONE', #6362, #2606 ) ;
#1870 = PLANE ( 'NONE',  #6546 ) ;
#1871 = EDGE_CURVE ( 'NONE', #6016, #3308, #1995, .T. ) ;
#1872 = ORIENTED_EDGE ( 'NONE', *, *, #6154, .T. ) ;
#1873 = EDGE_CURVE ( 'NONE', #5296, #2024, #2741, .T. ) ;
#1874 = ADVANCED_FACE ( 'NONE', ( #3574 ), #2739, .F. ) ;
#1875 = LINE ( 'NONE', #488, #6467 ) ;
#1876 = ORIENTED_EDGE ( 'NONE', *, *, #1023, .F. ) ;
#1877 = CARTESIAN_POINT ( 'NONE',  ( 0.03499999999999982292, -0.4550000000000000155, -0.01000000000000000021 ) ) ;
#1878 = CARTESIAN_POINT ( 'NONE',  ( 0.4404970030217488230, -0.5965434474641180262, 0.2099999999999999922 ) ) ;
#1879 = EDGE_CURVE ( 'NONE', #4765, #6365, #416, .T. ) ;
#1880 = ORIENTED_EDGE ( 'NONE', *, *, #9231, .F. ) ;
#1881 = CARTESIAN_POINT ( 'NONE',  ( 0.3700365879491555043, -0.5884229217635547071, 0.2199999999999999734 ) ) ;
#1882 = LINE ( 'NONE', #1096, #3416 ) ;
#1883 = CARTESIAN_POINT ( 'NONE',  ( 0.1395850172570113623, -0.4806641387290009337, 0.2099999999999999922 ) ) ;
#1884 = CARTESIAN_POINT ( 'NONE',  ( 0.2473522685980794888, -0.5157831814415871907, 0.2099999999999999922 ) ) ;
#1885 = LINE ( 'NONE', #502, #5537 ) ;
#1886 = VERTEX_POINT ( 'NONE', #1200 ) ;
#1887 = ORIENTED_EDGE ( 'NONE', *, *, #344, .F. ) ;
#1888 = CARTESIAN_POINT ( 'NONE',  ( 0.1368305785426596477, -0.5715604882431516431, 0.2099999999999999922 ) ) ;
#1889 = APPLICATION_PROTOCOL_DEFINITION ( 'draft international standard', 'automotive_design', 1998, #1378 ) ;
#1890 = ORIENTED_EDGE ( 'NONE', *, *, #2714, .F. ) ;
#1891 = CARTESIAN_POINT ( 'NONE',  ( 0.2850000000000001421, -0.4550000000000000155, -0.01000000000000000021 ) ) ;
#1892 = CARTESIAN_POINT ( 'NONE',  ( 0.08105327174109488997, -0.5629528795741676195, 0.2199999999999999734 ) ) ;
#1893 = ORIENTED_EDGE ( 'NONE', *, *, #6518, .T. ) ;
#1894 =( GEOMETRIC_REPRESENTATION_CONTEXT ( 3 ) GLOBAL_UNCERTAINTY_ASSIGNED_CONTEXT ( ( #2673 ) ) GLOBAL_UNIT_ASSIGNED_CONTEXT ( ( #3664, #6070, #7414 ) ) REPRESENTATION_CONTEXT ( 'NONE', 'WORKASPACE' ) );
#1895 = CARTESIAN_POINT ( 'NONE',  ( 0.1850331870887744201, -0.5767250403101750189, 0.2099999999999999922 ) ) ;
#1896 = CARTESIAN_POINT ( 'NONE',  ( 0.3855844237416622411, -0.5143231247457424882, 0.2099999999999999922 ) ) ;
#1897 = CARTESIAN_POINT ( 'NONE',  ( 0.3875155243655242776, -0.4642630547256726969, 0.2199999999999999734 ) ) ;
#1898 = SURFACE_STYLE_FILL_AREA ( #6488 ) ;
#1899 = CARTESIAN_POINT ( 'NONE',  ( 0.3689472491355835770, -0.5077128187638136891, 0.2199999999999999734 ) ) ;
#1900 = CARTESIAN_POINT ( 'NONE',  ( 0.4093641948861510005, -0.5659181721847256208, 0.2099999999999999922 ) ) ;
#1901 = CARTESIAN_POINT ( 'NONE',  ( 0.3612599831903885450, -0.5903292646869716664, 0.2199999999999999734 ) ) ;
#1902 = ORIENTED_EDGE ( 'NONE', *, *, #5631, .F. ) ;
#1903 = ORIENTED_EDGE ( 'NONE', *, *, #344, .T. ) ;
#1904 = CARTESIAN_POINT ( 'NONE',  ( 0.4808644333719239716, -0.4757753853683417411, 0.2199999999999999734 ) ) ;
#1905 = CARTESIAN_POINT ( 'NONE',  ( 0.4247758633271273010, -0.5623778210409468015, 0.2099999999999999922 ) ) ;
#1906 = STYLED_ITEM ( 'NONE', ( #3399 ), #8287 ) ;
#1907 = LINE ( 'NONE', #7945, #2312 ) ;
#1908 = B_SPLINE_CURVE_WITH_KNOTS ( 'NONE', 3,
 ( #8792, #2878, #705, #8996 ),
 .UNSPECIFIED., .F., .F.,
 ( 4, 4 ),
 ( 8.000000000000000000, 9.000000000000000000 ),
 .UNSPECIFIED. ) ;
#1909 = LINE ( 'NONE', #5624, #8180 ) ;
#1910 = CARTESIAN_POINT ( 'NONE',  ( 0.5581951102793698549, -0.5770838950231640396, 0.2099999999999999922 ) ) ;
#1911 = ORIENTED_EDGE ( 'NONE', *, *, #1573, .T. ) ;
#1912 = VECTOR ( 'NONE', #5201, 1000.000000000000000 ) ;
#1913 = VERTEX_POINT ( 'NONE', #514 ) ;
#1914 =( NAMED_UNIT ( * ) SI_UNIT ( $, .STERADIAN. ) SOLID_ANGLE_UNIT ( ) );
#1915 = ADVANCED_FACE ( 'NONE', ( #5754 ), #1247, .F. ) ;
#1916 = DIRECTION ( 'NONE',  ( 0.000000000000000000, -0.000000000000000000, 1.000000000000000000 ) ) ;
#1917 = VECTOR ( 'NONE', #3005, 1000.000000000000000 ) ;
#1918 = B_SPLINE_SURFACE_WITH_KNOTS ( 'NONE', 3, 1, ( 
 ( #7672, #5456 ),
 ( #8462, #1693 ),
 ( #3961, #6979 ),
 ( #207, #3217 ) ),
 .UNSPECIFIED., .F., .F., .F.,
 ( 4, 4 ),
 ( 2, 2 ),
 ( 1.000000000000000000, 2.000000000000000000 ),
 ( 0.000000000000000000, 1.000000000000000000 ),
 .UNSPECIFIED. ) ;
#1919 = CARTESIAN_POINT ( 'NONE',  ( 0.3352148824677834149, -0.5419032028872593498, 0.2199999999999999734 ) ) ;
#1920 = EDGE_CURVE ( 'NONE', #3618, #5649, #9576, .T. ) ;
#1921 = CARTESIAN_POINT ( 'NONE',  ( 0.1488812306791047479, -0.4696464002896328371, 0.2099999999999999922 ) ) ;
#1922 = VECTOR ( 'NONE', #4251, 1000.000000000000000 ) ;
#1923 = ADVANCED_FACE ( 'NONE', ( #7329 ), #8748, .F. ) ;
#1924 = EDGE_CURVE ( 'NONE', #4217, #6820, #178, .T. ) ;
#1925 = CARTESIAN_POINT ( 'NONE',  ( 0.3587842131597400730, -0.5629720058482915457, 0.2199999999999999734 ) ) ;
#1926 = ORIENTED_EDGE ( 'NONE', *, *, #5614, .T. ) ;
#1927 = LINE ( 'NONE', #1050, #5154 ) ;
#1928 = LINE ( 'NONE', #4944, #5883 ) ;
#1929 = CARTESIAN_POINT ( 'NONE',  ( 0.3627330663586046389, -0.4974631308369949489, 0.2099999999999999922 ) ) ;
#1930 = CARTESIAN_POINT ( 'NONE',  ( 0.5178400587799959487, -0.5903292646869716664, 0.2199999999999999734 ) ) ;
#1931 = ORIENTED_EDGE ( 'NONE', *, *, #8831, .F. ) ;
#1932 = ORIENTED_EDGE ( 'NONE', *, *, #671, .T. ) ;
#1933 = DIRECTION ( 'NONE',  ( 0.000000000000000000, 0.000000000000000000, 1.000000000000000000 ) ) ;
#1934 = VERTEX_POINT ( 'NONE', #3625 ) ;
#1935 = ADVANCED_FACE ( 'NONE', ( #4921, #9434 ), #5704, .F. ) ;
#1936 = CARTESIAN_POINT ( 'NONE',  ( 0.4550000000000002376, -0.2849999999999999201, 0.000000000000000000 ) ) ;
#1937 =( LENGTH_UNIT ( ) NAMED_UNIT ( * ) SI_UNIT ( .MILLI., .METRE. ) );
#1938 = ORIENTED_EDGE ( 'NONE', *, *, #6575, .F. ) ;
#1939 = CARTESIAN_POINT ( 'NONE',  ( 0.4759995452616020972, -0.4714923032152237847, 0.2199999999999999734 ) ) ;
#1940 = EDGE_CURVE ( 'NONE', #952, #5051, #5890, .T. ) ;
#1941 = EDGE_CURVE ( 'NONE', #1790, #6579, #7500, .T. ) ;
#1942 = FACE_BOUND ( 'NONE', #9050, .T. ) ;
#1943 = VERTEX_POINT ( 'NONE', #2144 ) ;
#1944 = CARTESIAN_POINT ( 'NONE',  ( 0.4574436488814716539, -0.4706505414047669200, 0.2199999999999999734 ) ) ;
#1945 = LINE ( 'NONE', #6393, #6222 ) ;
#1946 = DIRECTION ( 'NONE',  ( 0.000000000000000000, 0.000000000000000000, -1.000000000000000000 ) ) ;
#1947 = CARTESIAN_POINT ( 'NONE',  ( 0.4711346571512823878, -0.4672092210621049402, 0.2099999999999999922 ) ) ;
#1948 = AXIS2_PLACEMENT_3D ( 'NONE', #695, #5976, #8980 ) ;
#1949 = SURFACE_STYLE_FILL_AREA ( #3526 ) ;
#1950 = LINE ( 'NONE', #6406, #2592 ) ;
#1951 = CARTESIAN_POINT ( 'NONE',  ( 0.2621573528817939258, -0.5157831814415871907, 0.2099999999999999922 ) ) ;
#1952 = ORIENTED_EDGE ( 'NONE', *, *, #3497, .T. ) ;
#1953 = ORIENTED_EDGE ( 'NONE', *, *, #6943, .T. ) ;
#1954 = VECTOR ( 'NONE', #8337, 1000.000000000000000 ) ;
#1955 = DIRECTION ( 'NONE',  ( -0.000000000000000000, -0.000000000000000000, -1.000000000000000000 ) ) ;
#1956 = CARTESIAN_POINT ( 'NONE',  ( 0.4808644333719230834, -0.5021918515954520990, 0.2199999999999999734 ) ) ;
#1957 = CARTESIAN_POINT ( 'NONE',  ( 0.3989907184577749510, -0.4662436707502577438, 0.2099999999999999922 ) ) ;
#1958 = CARTESIAN_POINT ( 'NONE',  ( 0.3844703272278132689, -0.5852291784240061245, 0.2199999999999999734 ) ) ;
#1959 =( GEOMETRIC_REPRESENTATION_CONTEXT ( 3 ) GLOBAL_UNCERTAINTY_ASSIGNED_CONTEXT ( ( #4643 ) ) GLOBAL_UNIT_ASSIGNED_CONTEXT ( ( #1600, #8045, #7297 ) ) REPRESENTATION_CONTEXT ( 'NONE', 'WORKASPACE' ) );
#1960 = ORIENTED_EDGE ( 'NONE', *, *, #2182, .T. ) ;
#1961 = ORIENTED_EDGE ( 'NONE', *, *, #5264, .T. ) ;
#1962 = CARTESIAN_POINT ( 'NONE',  ( 0.3720172039735746838, -0.5902302338858604891, 0.2099999999999999922 ) ) ;
#1963 = DIRECTION ( 'NONE',  ( -0.000000000000000000, -0.000000000000000000, -1.000000000000000000 ) ) ;
#1964 = VECTOR ( 'NONE', #8937, 1000.000000000000000 ) ;
#1965 = LINE ( 'NONE', #8764, #8298 ) ;
#1966 = VECTOR ( 'NONE', #2579, 1000.000000000000000 ) ;
#1967 = ORIENTED_EDGE ( 'NONE', *, *, #1379, .T. ) ;
#1968 = CARTESIAN_POINT ( 'NONE',  ( 0.4767298974208057927, -0.4948883300050668788, 0.2099999999999999922 ) ) ;
#1969 = LINE ( 'NONE', #6463, #9591 ) ;
#1970 = ORIENTED_EDGE ( 'NONE', *, *, #4339, .T. ) ;
#1971 = EDGE_CURVE ( 'NONE', #339, #2296, #9590, .T. ) ;
#1972 = LINE ( 'NONE', #5182, #5244 ) ;
#1973 = UNCERTAINTY_MEASURE_WITH_UNIT (LENGTH_MEASURE( 1.000000000000000082E-05 ), #990, 'distance_accuracy_value', 'NONE');
#1974 = CARTESIAN_POINT ( 'NONE',  ( 0.3704450900040795469, -0.5581690119886664192, 0.2199999999999999734 ) ) ;
#1975 = DIRECTION ( 'NONE',  ( -1.000000000000000000, -0.000000000000000000, -0.000000000000000000 ) ) ;
#1976 = ORIENTED_EDGE ( 'NONE', *, *, #642, .F. ) ;
#1977 = MECHANICAL_DESIGN_GEOMETRIC_PRESENTATION_REPRESENTATION (  '', ( #3720 ), #1181 ) ;
#1978 = DIRECTION ( 'NONE',  ( 0.000000000000000000, -1.000000000000000000, 0.000000000000000000 ) ) ;
#1979 = LINE ( 'NONE', #1183, #3066 ) ;
#1980 = CARTESIAN_POINT ( 'NONE',  ( 0.2463193581845441460, -0.5157831814415871907, 0.2099999999999999922 ) ) ;
#1981 = CARTESIAN_POINT ( 'NONE',  ( 0.5077141593542358056, -0.4712694839123869883, 0.2099999999999999922 ) ) ;
#1982 = ORIENTED_EDGE ( 'NONE', *, *, #1407, .T. ) ;
#1983 = ORIENTED_EDGE ( 'NONE', *, *, #1454, .F. ) ;
#1984 = EDGE_CURVE ( 'NONE', #6221, #5194, #8052, .T. ) ;
#1985 = ORIENTED_EDGE ( 'NONE', *, *, #9172, .T. ) ;
#1986 = PRESENTATION_STYLE_ASSIGNMENT (( #4812 ) ) ;
#1987 = STYLED_ITEM ( 'NONE', ( #6045 ), #4594 ) ;
#1988 = VERTEX_POINT ( 'NONE', #7303 ) ;
#1989 = FILL_AREA_STYLE ('',( #6481 ) ) ;
#1990 = DIRECTION ( 'NONE',  ( 0.000000000000000000, 0.000000000000000000, -1.000000000000000000 ) ) ;
#1991 = ORIENTED_EDGE ( 'NONE', *, *, #2554, .F. ) ;
#1992 = CARTESIAN_POINT ( 'NONE',  ( 0.4693273450289774384, -0.5903292646869716664, 0.2199999999999999734 ) ) ;
#1993 = EDGE_CURVE ( 'NONE', #5815, #6784, #9541, .T. ) ;
#1994 = LINE ( 'NONE', #4167, #537 ) ;
#1995 = LINE ( 'NONE', #9479, #5110 ) ;
#1996 = PRESENTATION_LAYER_ASSIGNMENT (  '', '', ( #1203 ) ) ;
#1997 = CARTESIAN_POINT ( 'NONE',  ( 0.5466332642361452221, -0.5903292646869716664, 0.2099999999999999922 ) ) ;
#1998 = EDGE_CURVE ( 'NONE', #2077, #1022, #7455, .T. ) ;
#1999 = EDGE_CURVE ( 'NONE', #4687, #2677, #5087, .T. ) ;
#2000 = ORIENTED_EDGE ( 'NONE', *, *, #1439, .F. ) ;
#2001 = ORIENTED_EDGE ( 'NONE', *, *, #5313, .F. ) ;
#2002 = VECTOR ( 'NONE', #2227, 999.9999999999998863 ) ;
#2003 = CARTESIAN_POINT ( 'NONE',  ( 0.4808644333719239716, -0.4757753853683417411, 0.2099999999999999922 ) ) ;
#2004 = B_SPLINE_SURFACE_WITH_KNOTS ( 'NONE', 3, 1, ( 
 ( #472, #5806 ),
 ( #3586, #3390 ),
 ( #1216, #2750 ),
 ( #6451, #4181 ) ),
 .UNSPECIFIED., .F., .F., .F.,
 ( 4, 4 ),
 ( 2, 2 ),
 ( 0.000000000000000000, 1.000000000000000000 ),
 ( 0.000000000000000000, 1.000000000000000000 ),
 .UNSPECIFIED. ) ;
#2005 = CARTESIAN_POINT ( 'NONE',  ( 0.1368305785426596477, -0.5867098847540486162, 0.2199999999999999734 ) ) ;
#2006 = ADVANCED_FACE ( 'NONE', ( #1316 ), #4236, .F. ) ;
#2007 = CARTESIAN_POINT ( 'NONE',  ( 0.2428763147170815428, -0.4699907043081231195, 0.2199999999999999734 ) ) ;
#2008 = FACE_OUTER_BOUND ( 'NONE', #7548, .T. ) ;
#2009 = LINE ( 'NONE', #4374, #8943 ) ;
#2010 = EDGE_LOOP ( 'NONE', ( #148, #8060, #7343, #4741 ) ) ;
#2011 = CARTESIAN_POINT ( 'NONE',  ( -0.4550000000000002376, 0.2849999999999999201, -0.01000000000000000021 ) ) ;
#2012 = ORIENTED_EDGE ( 'NONE', *, *, #5560, .F. ) ;
#2013 = LINE ( 'NONE', #5768, #3863 ) ;
#2014 = FACE_OUTER_BOUND ( 'NONE', #5209, .T. ) ;
#2015 = DIRECTION ( 'NONE',  ( 0.000000000000000000, 0.000000000000000000, 1.000000000000000000 ) ) ;
#2016 = PLANE ( 'NONE',  #2361 ) ;
#2017 = ORIENTED_EDGE ( 'NONE', *, *, #828, .F. ) ;
#2018 = CARTESIAN_POINT ( 'NONE',  ( 0.3692938569399767945, -0.4837473648669045612, 0.2099999999999999922 ) ) ;
#2019 = CIRCLE ( 'NONE', #3908, 0.07999999999999998779 ) ;
#2020 = B_SPLINE_CURVE_WITH_KNOTS ( 'NONE', 3,
 ( #5471, #4436, #6992, #8427 ),
 .UNSPECIFIED., .F., .F.,
 ( 4, 4 ),
 ( 2.000000000000000000, 3.000000000000000000 ),
 .UNSPECIFIED. ) ;
#2021 = CARTESIAN_POINT ( 'NONE',  ( 0.1440609711380097524, -0.4748109654908248545, 0.2099999999999999922 ) ) ;
#2022 = CARTESIAN_POINT ( 'NONE',  ( 0.3954503673138350384, -0.5076633033632548253, 0.2099999999999999922 ) ) ;
#2023 = CARTESIAN_POINT ( 'NONE',  ( 0.3748272029584767129, -0.5761926178121495878, 0.2199999999999999734 ) ) ;
#2024 = VERTEX_POINT ( 'NONE', #579 ) ;
#2025 = VECTOR ( 'NONE', #7581, 1000.000000000000114 ) ;
#2026 = LINE ( 'NONE', #499, #7687 ) ;
#2027 = DIRECTION ( 'NONE',  ( 0.000000000000000000, -0.000000000000000000, -1.000000000000000000 ) ) ;
#2028 = B_SPLINE_CURVE_WITH_KNOTS ( 'NONE', 3,
 ( #7701, #138, #3940, #287 ),
 .UNSPECIFIED., .F., .F.,
 ( 4, 4 ),
 ( 0.000000000000000000, 1.000000000000000000 ),
 .UNSPECIFIED. ) ;
#2029 = CARTESIAN_POINT ( 'NONE',  ( 0.2494180894249892755, -0.5694946542819088187, 0.2099999999999999922 ) ) ;
#2030 = ORIENTED_EDGE ( 'NONE', *, *, #1941, .F. ) ;
#2031 = ORIENTED_EDGE ( 'NONE', *, *, #5020, .T. ) ;
#2032 = EDGE_LOOP ( 'NONE', ( #6625, #1476, #6844, #8701 ) ) ;
#2033 = ORIENTED_EDGE ( 'NONE', *, *, #5848, .F. ) ;
#2034 = DIRECTION ( 'NONE',  ( -0.000000000000000000, -0.000000000000000000, -1.000000000000000000 ) ) ;
#2035 = B_SPLINE_CURVE_WITH_KNOTS ( 'NONE', 3,
 ( #6316, #7712, #6168, #5584 ),
 .UNSPECIFIED., .F., .F.,
 ( 4, 4 ),
 ( 19.00000000000000000, 20.00000000000000000 ),
 .UNSPECIFIED. ) ;
#2036 = FACE_OUTER_BOUND ( 'NONE', #6602, .T. ) ;
#2037 = ORIENTED_EDGE ( 'NONE', *, *, #8331, .F. ) ;
#2038 = ADVANCED_FACE ( 'NONE', ( #7349 ), #882, .T. ) ;
#2039 = CARTESIAN_POINT ( 'NONE',  ( 0.3887905459313502066, -0.5903292646869716664, 0.2099999999999999922 ) ) ;
#2040 = DIRECTION ( 'NONE',  ( 0.000000000000000000, 0.000000000000000000, -1.000000000000000000 ) ) ;
#2041 = DIRECTION ( 'NONE',  ( -0.000000000000000000, -1.000000000000000000, -0.000000000000000000 ) ) ;
#2042 = CARTESIAN_POINT ( 'NONE',  ( 0.2828156136870604298, -0.5750035185764428292, 0.2099999999999999922 ) ) ;
#2043 = CARTESIAN_POINT ( 'NONE',  ( 0.5045204160150217332, -0.5903292646869716664, 0.2199999999999999734 ) ) ;
#2044 = ORIENTED_EDGE ( 'NONE', *, *, #1815, .T. ) ;
#2045 = DIRECTION ( 'NONE',  ( 0.000000000000000000, -0.000000000000000000, -1.000000000000000000 ) ) ;
#2046 = ORIENTED_EDGE ( 'NONE', *, *, #3072, .F. ) ;
#2047 = EDGE_CURVE ( 'NONE', #2987, #3553, #3484, .T. ) ;
#2048 = CARTESIAN_POINT ( 'NONE',  ( 0.4953724457515832347, -0.5903292646869716664, 0.2199999999999999734 ) ) ;
#2049 = EDGE_CURVE ( 'NONE', #5407, #9691, #7554, .T. ) ;
#2050 = ADVANCED_FACE ( 'NONE', ( #774 ), #6055, .F. ) ;
#2051 = CARTESIAN_POINT ( 'NONE',  ( 0.3740473353987163740, -0.5036525559135289765, 0.2099999999999999922 ) ) ;
#2052 = CARTESIAN_POINT ( 'NONE',  ( 0.4574436488814716539, -0.4706505414047669200, 0.2199999999999999734 ) ) ;
#2053 = CARTESIAN_POINT ( 'NONE',  ( 0.3861909873991450914, -0.5833475932005369735, 0.2199999999999999734 ) ) ;
#2054 = DIRECTION ( 'NONE',  ( -1.000000000000000000, -0.000000000000000000, -0.000000000000000000 ) ) ;
#2055 = AXIS2_PLACEMENT_3D ( 'NONE', #1128, #5868, #2855 ) ;
#2056 = VERTEX_POINT ( 'NONE', #870 ) ;
#2057 = ADVANCED_FACE ( 'NONE', ( #5621 ), #3388, .F. ) ;
#2058 = ORIENTED_EDGE ( 'NONE', *, *, #3975, .T. ) ;
#2059 = CARTESIAN_POINT ( 'NONE',  ( 0.2635345755223489350, -0.5684617438683720048, 0.2199999999999999734 ) ) ;
#2060 = CARTESIAN_POINT ( 'NONE',  ( 0.5764291565555521579, -0.5716124432553577606, 0.2099999999999999922 ) ) ;
#2061 = MECHANICAL_DESIGN_GEOMETRIC_PRESENTATION_REPRESENTATION (  '', ( #3481 ), #8064 ) ;
#2062 = CARTESIAN_POINT ( 'NONE',  ( 0.5832994183907361796, -0.5903292646869716664, 0.2199999999999999734 ) ) ;
#2063 = ORIENTED_EDGE ( 'NONE', *, *, #5431, .T. ) ;
#2064 = LINE ( 'NONE', #8105, #9300 ) ;
#2065 = ORIENTED_EDGE ( 'NONE', *, *, #3698, .F. ) ;
#2066 = VECTOR ( 'NONE', #1963, 1000.000000000000000 ) ;
#2067 = DIRECTION ( 'NONE',  ( 0.000000000000000000, 0.000000000000000000, 1.000000000000000000 ) ) ;
#2068 = CARTESIAN_POINT ( 'NONE',  ( 0.1182381516983065928, -0.5667402090004740600, 0.2099999999999999922 ) ) ;
#2069 = CARTESIAN_POINT ( 'NONE',  ( 0.3989907184577749510, -0.5055093834363931782, 0.2199999999999999734 ) ) ;
#2070 = CARTESIAN_POINT ( 'NONE',  ( -0.5350000000000001421, -0.4549999999999994049, 0.000000000000000000 ) ) ;
#2071 = ORIENTED_EDGE ( 'NONE', *, *, #5511, .F. ) ;
#2072 = FILL_AREA_STYLE ('',( #5975 ) ) ;
#2073 = CARTESIAN_POINT ( 'NONE',  ( 0.3989907184577749510, -0.5055093834363931782, 0.2199999999999999734 ) ) ;
#2074 = CARTESIAN_POINT ( 'NONE',  ( 0.4953724457515832347, -0.5848082975186108534, 0.2199999999999999734 ) ) ;
#2075 = LINE ( 'NONE', #2774, #7105 ) ;
#2076 = ORIENTED_EDGE ( 'NONE', *, *, #5070, .F. ) ;
#2077 = VERTEX_POINT ( 'NONE', #2007 ) ;
#2078 = ORIENTED_EDGE ( 'NONE', *, *, #8469, .T. ) ;
#2079 = VECTOR ( 'NONE', #9625, 1000.000000000000000 ) ;
#2080 = ORIENTED_EDGE ( 'NONE', *, *, #901, .F. ) ;
#2081 = FACE_OUTER_BOUND ( 'NONE', #2147, .T. ) ;
#2082 = CARTESIAN_POINT ( 'NONE',  ( 0.1320103255684831056, -0.5006337717965224643, 0.2099999999999999922 ) ) ;
#2083 = ORIENTED_EDGE ( 'NONE', *, *, #595, .T. ) ;
#2084 = CARTESIAN_POINT ( 'NONE',  ( 0.4264346292475972300, -0.5809213385706111232, 0.2099999999999999922 ) ) ;
#2085 = CARTESIAN_POINT ( 'NONE',  ( 0.3777857481450481170, -0.4716903648177822039, 0.2199999999999999734 ) ) ;
#2086 = CARTESIAN_POINT ( 'NONE',  ( 0.4438764291137137219, -0.5135061206355617802, 0.2199999999999999734 ) ) ;
#2087 = MECHANICAL_DESIGN_GEOMETRIC_PRESENTATION_REPRESENTATION (  '', ( #3829 ), #6500 ) ;
#2088 = PLANE ( 'NONE',  #3220 ) ;
#2089 = CARTESIAN_POINT ( 'NONE',  ( 0.3607524503341855149, -0.5079851534672040758, 0.2199999999999999734 ) ) ;
#2090 = CARTESIAN_POINT ( 'NONE',  ( 0.3864880798028144659, -0.5087526421768254759, 0.2199999999999999734 ) ) ;
#2091 = VERTEX_POINT ( 'NONE', #1302 ) ;
#2092 = ORIENTED_EDGE ( 'NONE', *, *, #4692, .F. ) ;
#2093 = CARTESIAN_POINT ( 'NONE',  ( 0.3861909873991450914, -0.5833475932005369735, 0.2199999999999999734 ) ) ;
#2094 = EDGE_CURVE ( 'NONE', #8018, #6925, #4657, .T. ) ;
#2095 = ORIENTED_EDGE ( 'NONE', *, *, #3129, .F. ) ;
#2096 = DIRECTION ( 'NONE',  ( -0.000000000000000000, -0.000000000000000000, 1.000000000000000000 ) ) ;
#2097 = LINE ( 'NONE', #7337, #5146 ) ;
#2098 = LINE ( 'NONE', #5321, #1954 ) ;
#2099 = CARTESIAN_POINT ( 'NONE',  ( 0.2332357825005567931, -0.5694946542819088187, 0.2199999999999999734 ) ) ;
#2100 = PLANE ( 'NONE',  #750 ) ;
#2101 = EDGE_CURVE ( 'NONE', #5002, #4545, #5023, .T. ) ;
#2102 = ORIENTED_EDGE ( 'NONE', *, *, #2047, .T. ) ;
#2103 = EDGE_CURVE ( 'NONE', #8364, #3308, #3534, .T. ) ;
#2104 = CIRCLE ( 'NONE', #7800, 0.07999999999999998779 ) ;
#2105 = ORIENTED_EDGE ( 'NONE', *, *, #1455, .F. ) ;
#2106 = CARTESIAN_POINT ( 'NONE',  ( 0.3587842131597400730, -0.5629720058482915457, 0.2199999999999999734 ) ) ;
#2107 = DIRECTION ( 'NONE',  ( -0.000000000000000000, -0.000000000000000000, -1.000000000000000000 ) ) ;
#2108 = CARTESIAN_POINT ( 'NONE',  ( 0.2850000000000001421, -0.3649999999999998801, -0.01000000000000000021 ) ) ;
#2109 = ORIENTED_EDGE ( 'NONE', *, *, #8930, .F. ) ;
#2110 = CARTESIAN_POINT ( 'NONE',  ( 0.4715555380566762711, -0.5029345826047947332, 0.2099999999999999922 ) ) ;
#2111 = VECTOR ( 'NONE', #6450, 1000.000000000000000 ) ;
#2112 = ADVANCED_FACE ( 'NONE', ( #522 ), #6597, .F. ) ;
#2113 = CARTESIAN_POINT ( 'NONE',  ( 0.4859892773354981266, -0.5135061206355617802, 0.2099999999999999922 ) ) ;
#2114 = ORIENTED_EDGE ( 'NONE', *, *, #2300, .T. ) ;
#2115 = EDGE_CURVE ( 'NONE', #8951, #8245, #5014, .T. ) ;
#2116 = DIRECTION ( 'NONE',  ( -0.000000000000000000, -0.000000000000000000, -1.000000000000000000 ) ) ;
#2117 = EDGE_CURVE ( 'NONE', #1579, #3616, #2098, .T. ) ;
#2118 = AXIS2_PLACEMENT_3D ( 'NONE', #3627, #5206, #7378 ) ;
#2119 = VECTOR ( 'NONE', #3076, 1000.000000000000000 ) ;
#2120 = DIRECTION ( 'NONE',  ( -0.000000000000000000, -0.000000000000000000, -1.000000000000000000 ) ) ;
#2121 = CARTESIAN_POINT ( 'NONE',  ( 0.3989907184577749510, -0.5115007469107023530, 0.2199999999999999734 ) ) ;
#2122 = CARTESIAN_POINT ( 'NONE',  ( 0.3749757491603115112, -0.5846102359163863893, 0.2199999999999999734 ) ) ;
#2123 = B_SPLINE_CURVE_WITH_KNOTS ( 'NONE', 3,
 ( #7346, #7300, #729, #529 ),
 .UNSPECIFIED., .F., .F.,
 ( 4, 4 ),
 ( 0.000000000000000000, 1.000000000000000000 ),
 .UNSPECIFIED. ) ;
#2124 = CARTESIAN_POINT ( 'NONE',  ( 0.3738616526464632051, -0.5612884822273783714, 0.2199999999999999734 ) ) ;
#2125 = ORIENTED_EDGE ( 'NONE', *, *, #6446, .F. ) ;
#2126 =( NAMED_UNIT ( * ) SI_UNIT ( $, .STERADIAN. ) SOLID_ANGLE_UNIT ( ) );
#2127 = DIRECTION ( 'NONE',  ( 1.000000000000000000, 0.000000000000000000, -0.000000000000000000 ) ) ;
#2128 = ADVANCED_FACE ( 'NONE', ( #9104 ), #7545, .F. ) ;
#2129 = CARTESIAN_POINT ( 'NONE',  ( 0.3627330663586046389, -0.4902091246471647068, 0.2199999999999999734 ) ) ;
#2130 = VECTOR ( 'NONE', #2251, 1000.000000000000000 ) ;
#2131 = DIRECTION ( 'NONE',  ( 0.000000000000000000, 1.000000000000000000, 0.000000000000000000 ) ) ;
#2132 = ORIENTED_EDGE ( 'NONE', *, *, #190, .F. ) ;
#2133 = ORIENTED_EDGE ( 'NONE', *, *, #2734, .T. ) ;
#2134 = ORIENTED_EDGE ( 'NONE', *, *, #6212, .F. ) ;
#2135 = LINE ( 'NONE', #5153, #1964 ) ;
#2136 = ORIENTED_EDGE ( 'NONE', *, *, #5981, .F. ) ;
#2137 = DIRECTION ( 'NONE',  ( 0.000000000000000000, 0.000000000000000000, -1.000000000000000000 ) ) ;
#2138 = VECTOR ( 'NONE', #2096, 1000.000000000000000 ) ;
#2139 = DIRECTION ( 'NONE',  ( -1.000000000000000000, -2.950894056614935162E-12, 0.000000000000000000 ) ) ;
#2140 = VERTEX_POINT ( 'NONE', #2944 ) ;
#2141 = DIRECTION ( 'NONE',  ( -0.000000000000000000, -0.000000000000000000, 1.000000000000000000 ) ) ;
#2142 = DIRECTION ( 'NONE',  ( 1.000000000000000000, 0.000000000000000000, 0.000000000000000000 ) ) ;
#2143 = CARTESIAN_POINT ( 'NONE',  ( 0.3821802399495823344, -0.4699078103957542996, 0.2199999999999999734 ) ) ;
#2144 = CARTESIAN_POINT ( 'NONE',  ( 0.5350000000000002531, -0.3649999999999999356, 0.000000000000000000 ) ) ;
#2145 = FACE_OUTER_BOUND ( 'NONE', #4576, .T. ) ;
#2146 = FILL_AREA_STYLE ('',( #4314 ) ) ;
#2147 = EDGE_LOOP ( 'NONE', ( #1086, #6877, #9377, #1867 ) ) ;
#2148 = B_SPLINE_CURVE_WITH_KNOTS ( 'NONE', 3,
 ( #5885, #6681, #6787, #9665 ),
 .UNSPECIFIED., .F., .F.,
 ( 4, 4 ),
 ( 5.000000000000000000, 6.000000000000000000 ),
 .UNSPECIFIED. ) ;
#2149 = VECTOR ( 'NONE', #1612, 1000.000000000000000 ) ;
#2150 = EDGE_LOOP ( 'NONE', ( #508, #4163, #8083, #3933 ) ) ;
#2151 = CARTESIAN_POINT ( 'NONE',  ( 0.4550000000000002376, -0.2849999999999999201, 0.000000000000000000 ) ) ;
#2152 = B_SPLINE_SURFACE_WITH_KNOTS ( 'NONE', 3, 1, ( 
 ( #754, #6691 ),
 ( #2981, #803 ),
 ( #9725, #2286 ),
 ( #847, #6843 ) ),
 .UNSPECIFIED., .F., .F., .F.,
 ( 4, 4 ),
 ( 2, 2 ),
 ( 2.000000000000000000, 3.000000000000000000 ),
 ( 0.000000000000000000, 1.000000000000000000 ),
 .UNSPECIFIED. ) ;
#2153 = ORIENTED_EDGE ( 'NONE', *, *, #5850, .F. ) ;
#2154 = CARTESIAN_POINT ( 'NONE',  ( 0.5356532241504528002, -0.5764154371146568145, 0.2199999999999999734 ) ) ;
#2155 = ORIENTED_EDGE ( 'NONE', *, *, #7569, .T. ) ;
#2156 = AXIS2_PLACEMENT_3D ( 'NONE', #414, #320, #7981 ) ;
#2157 = CARTESIAN_POINT ( 'NONE',  ( 0.5287582046149901238, -0.5831247738980285256, 0.2199999999999999734 ) ) ;
#2158 = DIRECTION ( 'NONE',  ( 0.000000000000000000, -1.000000000000000000, 0.000000000000000000 ) ) ;
#2159 = CARTESIAN_POINT ( 'NONE',  ( 0.3650602901874157036, -0.4761467508728471909, 0.2199999999999999734 ) ) ;
#2160 = DIRECTION ( 'NONE',  ( -0.9910683662997412657, -0.1333547648941046937, 0.000000000000000000 ) ) ;
#2161 = CARTESIAN_POINT ( 'NONE',  ( 0.3875774186163857826, -0.4699078103957542996, 0.2199999999999999734 ) ) ;
#2162 = B_SPLINE_CURVE_WITH_KNOTS ( 'NONE', 3,
 ( #8752, #1250, #2882, #7194 ),
 .UNSPECIFIED., .F., .F.,
 ( 4, 4 ),
 ( 6.000000000000000000, 7.000000000000000000 ),
 .UNSPECIFIED. ) ;
#2163 = VERTEX_POINT ( 'NONE', #4426 ) ;
#2164 =( GEOMETRIC_REPRESENTATION_CONTEXT ( 3 ) GLOBAL_UNCERTAINTY_ASSIGNED_CONTEXT ( ( #3164 ) ) GLOBAL_UNIT_ASSIGNED_CONTEXT ( ( #7002, #8258, #7055 ) ) REPRESENTATION_CONTEXT ( 'NONE', 'WORKASPACE' ) );
#2165 = VERTEX_POINT ( 'NONE', #8961 ) ;
#2166 = CARTESIAN_POINT ( 'NONE',  ( 0.5439470537532964389, -0.5729988744726010053, 0.2199999999999999734 ) ) ;
#2167 = LINE ( 'NONE', #5129, #7047 ) ;
#2168 = ORIENTED_EDGE ( 'NONE', *, *, #4418, .F. ) ;
#2169 = EDGE_CURVE ( 'NONE', #1636, #9062, #1562, .T. ) ;
#2170 = PRESENTATION_LAYER_ASSIGNMENT (  '', '', ( #4684 ) ) ;
#2171 = B_SPLINE_CURVE_WITH_KNOTS ( 'NONE', 3,
 ( #7246, #4085, #1860, #1118 ),
 .UNSPECIFIED., .F., .F.,
 ( 4, 4 ),
 ( 10.00000000000000000, 11.00000000000000000 ),
 .UNSPECIFIED. ) ;
#2172 = B_SPLINE_SURFACE_WITH_KNOTS ( 'NONE', 3, 1, ( 
 ( #6299, #6141 ),
 ( #9148, #1803 ),
 ( #2396, #7691 ),
 ( #6096, #5416 ) ),
 .UNSPECIFIED., .F., .F., .F.,
 ( 4, 4 ),
 ( 2, 2 ),
 ( 6.000000000000000000, 7.000000000000000000 ),
 ( 0.000000000000000000, 1.000000000000000000 ),
 .UNSPECIFIED. ) ;
#2173 = VERTEX_POINT ( 'NONE', #2161 ) ;
#2174 = CARTESIAN_POINT ( 'NONE',  ( 0.4295912360367263871, -0.5557427573587392367, 0.2199999999999999734 ) ) ;
#2175 = ADVANCED_FACE ( 'NONE', ( #3744 ), #2310, .F. ) ;
#2176 = CARTESIAN_POINT ( 'NONE',  ( 0.3989907184577749510, -0.5115007469107023530, 0.2199999999999999734 ) ) ;
#2177 = CARTESIAN_POINT ( 'NONE',  ( 0.1506027524130015838, -0.6132212958128574476, 0.2099999999999999922 ) ) ;
#2178 = B_SPLINE_CURVE_WITH_KNOTS ( 'NONE', 3,
 ( #632, #686, #3652, #3702 ),
 .UNSPECIFIED., .F., .F.,
 ( 4, 4 ),
 ( 3.000000000000000000, 4.000000000000000000 ),
 .UNSPECIFIED. ) ;
#2179 = LINE ( 'NONE', #9654, #4501 ) ;
#2180 = ORIENTED_EDGE ( 'NONE', *, *, #2888, .T. ) ;
#2181 = EDGE_CURVE ( 'NONE', #1505, #1736, #2347, .T. ) ;
#2182 = EDGE_CURVE ( 'NONE', #7567, #1913, #767, .T. ) ;
#2183 = FACE_OUTER_BOUND ( 'NONE', #552, .T. ) ;
#2184 = LINE ( 'NONE', #3939, #7373 ) ;
#2185 = PRESENTATION_LAYER_ASSIGNMENT (  '', '', ( #8637 ) ) ;
#2186 = PRESENTATION_STYLE_ASSIGNMENT (( #4550 ) ) ;
#2187 = VERTEX_POINT ( 'NONE', #2995 ) ;
#2188 = ORIENTED_EDGE ( 'NONE', *, *, #175, .T. ) ;
#2189 = SURFACE_STYLE_USAGE ( .BOTH. , #5254 ) ;
#2190 = EDGE_CURVE ( 'NONE', #294, #3815, #8243, .T. ) ;
#2191 = CARTESIAN_POINT ( 'NONE',  ( 0.4464388510951726174, -0.5839417780078779430, 0.2099999999999999922 ) ) ;
#2192 = COLOUR_RGB ( '',0.2980392156862745057, 0.2980392156862745057, 0.2980392156862745057 ) ;
#2193 = LINE ( 'NONE', #6629, #7133 ) ;
#2194 = ORIENTED_EDGE ( 'NONE', *, *, #9644, .F. ) ;
#2195 = DIRECTION ( 'NONE',  ( -6.995610782682753069E-14, 1.000000000000000000, -0.000000000000000000 ) ) ;
#2196 = CARTESIAN_POINT ( 'NONE',  ( 0.5079864940576305221, -0.4728787344324648645, 0.2099999999999999922 ) ) ;
#2197 = CARTESIAN_POINT ( 'NONE',  ( 0.3414662017951807238, -0.4650800588358516285, 0.2199999999999999734 ) ) ;
#2198 = LINE ( 'NONE', #8228, #8439 ) ;
#2199 = ORIENTED_EDGE ( 'NONE', *, *, #7305, .F. ) ;
#2200 = DIRECTION ( 'NONE',  ( -1.000000000000000000, 0.000000000000000000, 0.000000000000000000 ) ) ;
#2201 = ORIENTED_EDGE ( 'NONE', *, *, #611, .T. ) ;
#2202 = CARTESIAN_POINT ( 'NONE',  ( 0.5688780579620514866, -0.5508159749977232789, 0.2199999999999999734 ) ) ;
#2203 = VERTEX_POINT ( 'NONE', #1468 ) ;
#2204 = CARTESIAN_POINT ( 'NONE',  ( 0.3749757491603115112, -0.5846102359163863893, 0.2099999999999999922 ) ) ;
#2205 = ORIENTED_EDGE ( 'NONE', *, *, #3632, .T. ) ;
#2206 = VECTOR ( 'NONE', #4508, 1000.000000000000000 ) ;
#2207 = CARTESIAN_POINT ( 'NONE',  ( 0.5178029222292470646, -0.5848082975186108534, 0.2099999999999999922 ) ) ;
#2208 = CARTESIAN_POINT ( 'NONE',  ( 0.3864509432523987043, -0.5598772933098575821, 0.2199999999999999734 ) ) ;
#2209 = CARTESIAN_POINT ( 'NONE',  ( 0.4130530922319272102, -0.5861947287358537650, 0.2199999999999999734 ) ) ;
#2210 = DIRECTION ( 'NONE',  ( -0.000000000000000000, -0.000000000000000000, -1.000000000000000000 ) ) ;
#2211 = CARTESIAN_POINT ( 'NONE',  ( 0.5366435321625796506, -0.5835456548030915069, 0.2199999999999999734 ) ) ;
#2212 = CARTESIAN_POINT ( 'NONE',  ( -0.04500000000000074080, -0.1250000000000001110, -0.01000000000000000021 ) ) ;
#2213 = VERTEX_POINT ( 'NONE', #7594 ) ;
#2214 = FACE_OUTER_BOUND ( 'NONE', #4428, .T. ) ;
#2215 = CARTESIAN_POINT ( 'NONE',  ( -0.03499999999999982292, 0.4550000000000000155, -0.01000000000000000021 ) ) ;
#2216 = LINE ( 'NONE', #4434, #90 ) ;
#2217 = VERTEX_POINT ( 'NONE', #9637 ) ;
#2218 = CIRCLE ( 'NONE', #2055, 0.07999999999999998779 ) ;
#2219 = EDGE_LOOP ( 'NONE', ( #4932, #5465, #5392, #6319 ) ) ;
#2220 = DIRECTION ( 'NONE',  ( -0.9434452330799520947, 0.3315284183576346355, 0.000000000000000000 ) ) ;
#2221 = EDGE_CURVE ( 'NONE', #6478, #2777, #3718, .T. ) ;
#2222 = LINE ( 'NONE', #48, #7326 ) ;
#2223 = CARTESIAN_POINT ( 'NONE',  ( 0.4244044978224565945, -0.5752023097996914469, 0.2199999999999999734 ) ) ;
#2224 = DIRECTION ( 'NONE',  ( -0.000000000000000000, -0.000000000000000000, -1.000000000000000000 ) ) ;
#2225 = DIRECTION ( 'NONE',  ( 0.000000000000000000, 0.000000000000000000, -1.000000000000000000 ) ) ;
#2226 = EDGE_LOOP ( 'NONE', ( #6061, #4296, #2383, #7774, #2102, #4156, #8138, #4337, #4369, #8214, #9216, #2155, #3039, #8662 ) ) ;
#2227 = DIRECTION ( 'NONE',  ( 0.3493954794973115896, -0.9369753459439815746, -0.000000000000000000 ) ) ;
#2228 = CARTESIAN_POINT ( 'NONE',  ( 0.3748272029584767129, -0.5761926178121495878, 0.2199999999999999734 ) ) ;
#2229 = DIRECTION ( 'NONE',  ( -1.000000000000000000, -0.000000000000000000, -0.000000000000000000 ) ) ;
#2230 = VECTOR ( 'NONE', #7401, 1000.000000000000000 ) ;
#2231 = B_SPLINE_SURFACE_WITH_KNOTS ( 'NONE', 3, 1, ( 
 ( #3046, #818 ),
 ( #6807, #39 ),
 ( #4525, #6099 ),
 ( #5906, #721 ) ),
 .UNSPECIFIED., .F., .F., .F.,
 ( 4, 4 ),
 ( 2, 2 ),
 ( 5.000000000000000000, 6.000000000000000000 ),
 ( 0.000000000000000000, 1.000000000000000000 ),
 .UNSPECIFIED. ) ;
#2232 = ADVANCED_FACE ( 'NONE', ( #3789 ), #2231, .F. ) ;
#2233 = VERTEX_POINT ( 'NONE', #1416 ) ;
#2234 = ORIENTED_EDGE ( 'NONE', *, *, #1145, .F. ) ;
#2235 = ADVANCED_FACE ( 'NONE', ( #7445 ), #676, .F. ) ;
#2236 = CARTESIAN_POINT ( 'NONE',  ( 0.1960509288116845938, -0.4520868772915670464, 0.2199999999999999734 ) ) ;
#2237 = AXIS2_PLACEMENT_3D ( 'NONE', #7461, #3011, #8306 ) ;
#2238 = LINE ( 'NONE', #6682, #9611 ) ;
#2239 = ORIENTED_EDGE ( 'NONE', *, *, #8779, .F. ) ;
#2240 = DIRECTION ( 'NONE',  ( 1.000000000000000000, 0.000000000000000000, -0.000000000000000000 ) ) ;
#2241 = CARTESIAN_POINT ( 'NONE',  ( -0.5350000000000002531, 0.3649999999999999356, -0.01000000000000000021 ) ) ;
#2242 = EDGE_CURVE ( 'NONE', #4160, #8775, #9737, .T. ) ;
#2243 = CARTESIAN_POINT ( 'NONE',  ( 0.5067733667426660427, -0.4746612888544927689, 0.2199999999999999734 ) ) ;
#2244 = ORIENTED_EDGE ( 'NONE', *, *, #4848, .F. ) ;
#2245 = DIRECTION ( 'NONE',  ( 0.000000000000000000, 0.000000000000000000, -1.000000000000000000 ) ) ;
#2246 = EDGE_LOOP ( 'NONE', ( #9472, #7038, #9243, #9629 ) ) ;
#2247 = EDGE_CURVE ( 'NONE', #4545, #1107, #5276, .T. ) ;
#2248 = SURFACE_STYLE_USAGE ( .BOTH. , #8809 ) ;
#2249 = EDGE_CURVE ( 'NONE', #8432, #4814, #1475, .T. ) ;
#2250 = ORIENTED_EDGE ( 'NONE', *, *, #6154, .F. ) ;
#2251 = DIRECTION ( 'NONE',  ( -0.000000000000000000, 1.000000000000000000, -0.000000000000000000 ) ) ;
#2252 = ORIENTED_EDGE ( 'NONE', *, *, #5905, .F. ) ;
#2253 = DIRECTION ( 'NONE',  ( -1.000000000000000000, 0.000000000000000000, -0.000000000000000000 ) ) ;
#2254 = LINE ( 'NONE', #5318, #8264 ) ;
#2255 = CARTESIAN_POINT ( 'NONE',  ( 0.4342828202447677755, -0.6014207144245777847, 0.2099999999999999922 ) ) ;
#2256 = CARTESIAN_POINT ( 'NONE',  ( 0.2614687546956039332, -0.4971907480299862514, 0.2199999999999999734 ) ) ;
#2257 = CARTESIAN_POINT ( 'NONE',  ( 0.5255025670247480685, -0.5903292646869716664, 0.2199999999999999734 ) ) ;
#2258 = LINE ( 'NONE', #819, #6116 ) ;
#2259 = ORIENTED_EDGE ( 'NONE', *, *, #7370, .F. ) ;
#2260 = SURFACE_STYLE_FILL_AREA ( #8910 ) ;
#2261 = CARTESIAN_POINT ( 'NONE',  ( -0.7000000000000001776, 0.6999999999999999556, 0.2099999999999999922 ) ) ;
#2262 = CARTESIAN_POINT ( 'NONE',  ( 0.1395850172570113623, -0.4806641387290009337, 0.2099999999999999922 ) ) ;
#2263 = CARTESIAN_POINT ( 'NONE',  ( 0.4308414999022723291, -0.6007274988157917939, 0.2199999999999999734 ) ) ;
#2264 = VECTOR ( 'NONE', #3376, 1000.000000000000000 ) ;
#2265 = VERTEX_POINT ( 'NONE', #6349 ) ;
#2266 = CARTESIAN_POINT ( 'NONE',  ( 0.3732179524385628167, -0.5805747307663839951, 0.2099999999999999922 ) ) ;
#2267 =( LENGTH_UNIT ( ) NAMED_UNIT ( * ) SI_UNIT ( .MILLI., .METRE. ) );
#2268 = VECTOR ( 'NONE', #1805, 1000.000000000000000 ) ;
#2269 = CARTESIAN_POINT ( 'NONE',  ( 0.4221886836450611247, -0.5607190551203122819, 0.2199999999999999734 ) ) ;
#2270 =( LENGTH_UNIT ( ) NAMED_UNIT ( * ) SI_UNIT ( .MILLI., .METRE. ) );
#2271 = ORIENTED_EDGE ( 'NONE', *, *, #4180, .F. ) ;
#2272 = ADVANCED_FACE ( 'NONE', ( #861 ), #225, .T. ) ;
#2273 = DIRECTION ( 'NONE',  ( 0.000000000000000000, -0.000000000000000000, -1.000000000000000000 ) ) ;
#2274 = ORIENTED_EDGE ( 'NONE', *, *, #2724, .T. ) ;
#2275 = EDGE_LOOP ( 'NONE', ( #4879, #6398, #8783, #1244, #6447, #3110, #1976, #9075, #150, #5193, #212, #2037, #1938, #7325, #3490, #8632, #1887, #8114, #6022, #5126, #4793 ) ) ;
#2276 = COLOUR_RGB ( '',0.6666666666666666297, 0.6666666666666666297, 0.6666666666666666297 ) ;
#2277 = EDGE_LOOP ( 'NONE', ( #1167, #9246, #639, #5092 ) ) ;
#2278 = CARTESIAN_POINT ( 'NONE',  ( 0.1809015388678730796, -0.4520868772915670464, 0.2099999999999999922 ) ) ;
#2279 = PLANE ( 'NONE',  #5395 ) ;
#2280 = ORIENTED_EDGE ( 'NONE', *, *, #4031, .T. ) ;
#2281 = VECTOR ( 'NONE', #9585, 1000.000000000000000 ) ;
#2282 = DIRECTION ( 'NONE',  ( 0.3658589216694003166, -0.9306703226357352365, -0.000000000000000000 ) ) ;
#2283 = PLANE ( 'NONE',  #4641 ) ;
#2284 = EDGE_CURVE ( 'NONE', #6718, #7811, #6786, .T. ) ;
#2285 = FILL_AREA_STYLE_COLOUR ( '', #6748 ) ;
#2286 = CARTESIAN_POINT ( 'NONE',  ( 0.4332306179817796421, -0.6066198314889892362, 0.2099999999999999922 ) ) ;
#2287 = ORIENTED_EDGE ( 'NONE', *, *, #544, .F. ) ;
#2288 = CARTESIAN_POINT ( 'NONE',  ( 0.5107717353422533968, -0.5848082975186108534, 0.2199999999999999734 ) ) ;
#2289 = ORIENTED_EDGE ( 'NONE', *, *, #7602, .T. ) ;
#2290 = DIRECTION ( 'NONE',  ( 0.3315284183505501914, 0.9434452330824415478, -0.000000000000000000 ) ) ;
#2291 = CARTESIAN_POINT ( 'NONE',  ( 0.09757989089287485984, -0.5161274674004320273, 0.2199999999999999734 ) ) ;
#2292 = VECTOR ( 'NONE', #4484, 1000.000000000000000 ) ;
#2293 = ORIENTED_EDGE ( 'NONE', *, *, #4660, .F. ) ;
#2294 = EDGE_CURVE ( 'NONE', #6386, #6227, #3956, .T. ) ;
#2295 = CARTESIAN_POINT ( 'NONE',  ( 0.4759995452616020972, -0.4714923032152237847, 0.2099999999999999922 ) ) ;
#2296 = VERTEX_POINT ( 'NONE', #173 ) ;
#2297 = B_SPLINE_CURVE_WITH_KNOTS ( 'NONE', 3,
 ( #912, #7045, #966, #6993 ),
 .UNSPECIFIED., .F., .F.,
 ( 4, 4 ),
 ( 11.00000000000000000, 12.00000000000000000 ),
 .UNSPECIFIED. ) ;
#2298 = CARTESIAN_POINT ( 'NONE',  ( 0.4749597218485881456, -0.4782511553988247344, 0.2199999999999999734 ) ) ;
#2299 = CARTESIAN_POINT ( 'NONE',  ( 0.4127931363786733754, -0.5549505109488411803, 0.2199999999999999734 ) ) ;
#2300 = EDGE_CURVE ( 'NONE', #6768, #3421, #6143, .T. ) ;
#2301 = CARTESIAN_POINT ( 'NONE',  ( 0.5902068167760066153, -0.5903292646869716664, 0.2199999999999999734 ) ) ;
#2303 = EDGE_CURVE ( 'NONE', #3637, #5442, #4787, .T. ) ;
#2302 =( GEOMETRIC_REPRESENTATION_CONTEXT ( 3 ) GLOBAL_UNCERTAINTY_ASSIGNED_CONTEXT ( ( #2473 ) ) GLOBAL_UNIT_ASSIGNED_CONTEXT ( ( #7803, #7601, #137 ) ) REPRESENTATION_CONTEXT ( 'NONE', 'WORKASPACE' ) );
#2304 = DIRECTION ( 'NONE',  ( -0.000000000000000000, -0.000000000000000000, -1.000000000000000000 ) ) ;
#2305 = LINE ( 'NONE', #2996, #4232 ) ;
#2306 = VERTEX_POINT ( 'NONE', #5526 ) ;
#2307 =( GEOMETRIC_REPRESENTATION_CONTEXT ( 3 ) GLOBAL_UNCERTAINTY_ASSIGNED_CONTEXT ( ( #9274 ) ) GLOBAL_UNIT_ASSIGNED_CONTEXT ( ( #168, #6192, #3980 ) ) REPRESENTATION_CONTEXT ( 'NONE', 'WORKASPACE' ) );
#2308 = EDGE_CURVE ( 'NONE', #943, #693, #7795, .T. ) ;
#2309 = CARTESIAN_POINT ( 'NONE',  ( 0.2910789232630332513, -0.5660516108144468816, 0.2199999999999999734 ) ) ;
#2310 = B_SPLINE_SURFACE_WITH_KNOTS ( 'NONE', 3, 1, ( 
 ( #9689, #3644 ),
 ( #2257, #6655 ),
 ( #8905, #6858 ),
 ( #2211, #5224 ) ),
 .UNSPECIFIED., .F., .F., .F.,
 ( 4, 4 ),
 ( 2, 2 ),
 ( 5.000000000000000000, 6.000000000000000000 ),
 ( 0.000000000000000000, 1.000000000000000000 ),
 .UNSPECIFIED. ) ;
#2311 = LINE ( 'NONE', #682, #8909 ) ;
#2312 = VECTOR ( 'NONE', #5074, 1000.000000000000114 ) ;
#2313 = ORIENTED_EDGE ( 'NONE', *, *, #7812, .T. ) ;
#2314 = CARTESIAN_POINT ( 'NONE',  ( 0.4165810645255624833, -0.5549505109488411803, 0.2099999999999999922 ) ) ;
#2315 = DIRECTION ( 'NONE',  ( -0.000000000000000000, -0.000000000000000000, 1.000000000000000000 ) ) ;
#2316 = ORIENTED_EDGE ( 'NONE', *, *, #735, .F. ) ;
#2317 = LINE ( 'NONE', #8443, #4427 ) ;
#2318 = CARTESIAN_POINT ( 'NONE',  ( 0.3704450900040795469, -0.5640613446618621962, 0.2199999999999999734 ) ) ;
#2319 = DIRECTION ( 'NONE',  ( -0.000000000000000000, -0.000000000000000000, 1.000000000000000000 ) ) ;
#2320 = EDGE_LOOP ( 'NONE', ( #7399, #4706, #3462, #2470 ) ) ;
#2321 =( LENGTH_UNIT ( ) NAMED_UNIT ( * ) SI_UNIT ( .MILLI., .METRE. ) );
#2322 = ORIENTED_EDGE ( 'NONE', *, *, #3078, .T. ) ;
#2323 = ORIENTED_EDGE ( 'NONE', *, *, #7384, .T. ) ;
#2324 = AXIS2_PLACEMENT_3D ( 'NONE', #1744, #5550, #9235 ) ;
#2325 = ORIENTED_EDGE ( 'NONE', *, *, #1242, .F. ) ;
#2326 = SURFACE_SIDE_STYLE ('',( #8501 ) ) ;
#2327 = PLANE ( 'NONE',  #4923 ) ;
#2328 = ORIENTED_EDGE ( 'NONE', *, *, #5905, .T. ) ;
#2329 = AXIS2_PLACEMENT_3D ( 'NONE', #9509, #2680, #2027 ) ;
#2330 = B_SPLINE_CURVE_WITH_KNOTS ( 'NONE', 3,
 ( #8715, #4975, #8042, #7997 ),
 .UNSPECIFIED., .F., .F.,
 ( 4, 4 ),
 ( 5.000000000000000000, 6.000000000000000000 ),
 .UNSPECIFIED. ) ;
#2331 = DIRECTION ( 'NONE',  ( 0.000000000000000000, 0.000000000000000000, -1.000000000000000000 ) ) ;
#2332 = DIRECTION ( 'NONE',  ( -0.000000000000000000, -0.000000000000000000, -1.000000000000000000 ) ) ;
#2333 =( NAMED_UNIT ( * ) SI_UNIT ( $, .STERADIAN. ) SOLID_ANGLE_UNIT ( ) );
#2334 = DIRECTION ( 'NONE',  ( -0.2524218971877542073, 0.9676172723862129788, -0.000000000000000000 ) ) ;
#2335 = ORIENTED_EDGE ( 'NONE', *, *, #1639, .F. ) ;
#2336 = ORIENTED_EDGE ( 'NONE', *, *, #6573, .F. ) ;
#2337 = CARTESIAN_POINT ( 'NONE',  ( 0.4202080676204789089, -0.5801786075612667126, 0.2199999999999999734 ) ) ;
#2338 = ORIENTED_EDGE ( 'NONE', *, *, #8027, .F. ) ;
#2339 = EDGE_CURVE ( 'NONE', #7854, #7473, #1363, .T. ) ;
#2340 = CARTESIAN_POINT ( 'NONE',  ( 0.3887905459313502066, -0.5849816014208931714, 0.2199999999999999734 ) ) ;
#2341 = ORIENTED_EDGE ( 'NONE', *, *, #3144, .T. ) ;
#2342 = CARTESIAN_POINT ( 'NONE',  ( 0.1636863149628198510, -0.5715604882431516431, 0.2199999999999999734 ) ) ;
#2343 = DIRECTION ( 'NONE',  ( 0.000000000000000000, -0.000000000000000000, 1.000000000000000000 ) ) ;
#2344 = DIRECTION ( 'NONE',  ( 1.000000000000000000, -0.000000000000000000, -0.000000000000000000 ) ) ;
#2345 = CARTESIAN_POINT ( 'NONE',  ( 0.4833030668519888162, -0.4886741472279218512, 0.2199999999999999734 ) ) ;
#2346 = DIRECTION ( 'NONE',  ( -0.000000000000000000, -0.000000000000000000, -1.000000000000000000 ) ) ;
#2347 = LINE ( 'NONE', #5173, #1800 ) ;
#2348 = ADVANCED_FACE ( 'NONE', ( #2551 ), #4724, .F. ) ;
#2349 = ORIENTED_EDGE ( 'NONE', *, *, #1762, .T. ) ;
#2350 = EDGE_CURVE ( 'NONE', #4539, #590, #4430, .T. ) ;
#2351 = ADVANCED_FACE ( 'NONE', ( #3285 ), #9158, .F. ) ;
#2352 = DIRECTION ( 'NONE',  ( -1.000000000000000000, 0.000000000000000000, -0.000000000000000000 ) ) ;
#2353 = CARTESIAN_POINT ( 'NONE',  ( 0.4112086435590397437, -0.5611646937259857637, 0.2199999999999999734 ) ) ;
#2354 = DIRECTION ( 'NONE',  ( 1.000000000000000000, -0.000000000000000000, 0.000000000000000000 ) ) ;
#2355 = EDGE_CURVE ( 'NONE', #1825, #6090, #1950, .T. ) ;
#2356 = LINE ( 'NONE', #8301, #6493 ) ;
#2357 = DIRECTION ( 'NONE',  ( 0.000000000000000000, -1.000000000000000000, 0.000000000000000000 ) ) ;
#2358 = EDGE_CURVE ( 'NONE', #3923, #4666, #5809, .T. ) ;
#2359 = ORIENTED_EDGE ( 'NONE', *, *, #6226, .T. ) ;
#2360 = EDGE_CURVE ( 'NONE', #8333, #8490, #3394, .T. ) ;
#2361 = AXIS2_PLACEMENT_3D ( 'NONE', #5772, #8053, #5039 ) ;
#2362 = CARTESIAN_POINT ( 'NONE',  ( 0.4942707280878861908, -0.5474736854561763622, 0.2199999999999999734 ) ) ;
#2363 = LINE ( 'NONE', #5386, #4277 ) ;
#2364 = ORIENTED_EDGE ( 'NONE', *, *, #4778, .F. ) ;
#2365 = CARTESIAN_POINT ( 'NONE',  ( 0.3886296208793751927, -0.5849816014208931714, 0.2099999999999999922 ) ) ;
#2366 = CARTESIAN_POINT ( 'NONE',  ( 0.5045204160150217332, -0.5903292646869716664, 0.2099999999999999922 ) ) ;
#2367 = VERTEX_POINT ( 'NONE', #1305 ) ;
#2368 = VERTEX_POINT ( 'NONE', #1910 ) ;
#2369 = PRESENTATION_LAYER_ASSIGNMENT (  '', '', ( #959 ) ) ;
#2370 = ORIENTED_EDGE ( 'NONE', *, *, #4517, .T. ) ;
#2371 = UNCERTAINTY_MEASURE_WITH_UNIT (LENGTH_MEASURE( 1.000000000000000082E-05 ), #4721, 'distance_accuracy_value', 'NONE');
#2372 = CARTESIAN_POINT ( 'NONE',  ( 0.5183352127858924518, -0.5419032028872593498, 0.2199999999999999734 ) ) ;
#2373 = CARTESIAN_POINT ( 'NONE',  ( 0.1963952279048619132, -0.4727451380969961980, 0.2199999999999999734 ) ) ;
#2374 = EDGE_LOOP ( 'NONE', ( #7469, #4596, #4589, #3264 ) ) ;
#2375 = VECTOR ( 'NONE', #3977, 1000.000000000000000 ) ;
#2376 = CARTESIAN_POINT ( 'NONE',  ( 0.3776372019432124860, -0.5598772933098575821, 0.2099999999999999922 ) ) ;
#2377 = DIRECTION ( 'NONE',  ( 1.000000000000000000, -0.000000000000000000, 0.000000000000000000 ) ) ;
#2378 = CARTESIAN_POINT ( 'NONE',  ( 0.3906845100047932617, -0.5549505109488411803, 0.2199999999999999734 ) ) ;
#2379 = CARTESIAN_POINT ( 'NONE',  ( 0.3627330663586046389, -0.4902091246471647068, 0.2199999999999999734 ) ) ;
#2380 = CARTESIAN_POINT ( 'NONE',  ( 0.3743815643529695425, -0.4752802313621141694, 0.2099999999999999922 ) ) ;
#2381 = CARTESIAN_POINT ( 'NONE',  ( 0.4122979823726110604, -0.5751280366988599235, 0.2099999999999999922 ) ) ;
#2382 =( LENGTH_UNIT ( ) NAMED_UNIT ( * ) SI_UNIT ( .MILLI., .METRE. ) );
#2383 = ORIENTED_EDGE ( 'NONE', *, *, #3423, .T. ) ;
#2384 = CARTESIAN_POINT ( 'NONE',  ( 0.4461541375419687538, -0.5845854782161064023, 0.2199999999999999734 ) ) ;
#2385 = VECTOR ( 'NONE', #9655, 1000.000000000000000 ) ;
#2386 = B_SPLINE_SURFACE_WITH_KNOTS ( 'NONE', 3, 1, ( 
 ( #8553, #1883 ),
 ( #7082, #9468 ),
 ( #6376, #9421 ),
 ( #5549, #8692 ) ),
 .UNSPECIFIED., .F., .F., .F.,
 ( 4, 4 ),
 ( 2, 2 ),
 ( 4.000000000000000000, 5.000000000000000000 ),
 ( 0.000000000000000000, 1.000000000000000000 ),
 .UNSPECIFIED. ) ;
#2387 = CARTESIAN_POINT ( 'NONE',  ( 0.1502584533198238481, -0.5057983369980462163, 0.2199999999999999734 ) ) ;
#2388 = VERTEX_POINT ( 'NONE', #432 ) ;
#2389 = CARTESIAN_POINT ( 'NONE',  ( 0.2614687546956039332, -0.4971907480299862514, 0.2199999999999999734 ) ) ;
#2390 = ORIENTED_EDGE ( 'NONE', *, *, #775, .T. ) ;
#2391 = B_SPLINE_CURVE_WITH_KNOTS ( 'NONE', 3,
 ( #5889, #2085, #2143, #8182 ),
 .UNSPECIFIED., .F., .F.,
 ( 4, 4 ),
 ( 8.000000000000000000, 9.000000000000000000 ),
 .UNSPECIFIED. ) ;
#2392 = CARTESIAN_POINT ( 'NONE',  ( 0.4767298974208040718, -0.4888474511302015046, 0.2199999999999999734 ) ) ;
#2393 = CARTESIAN_POINT ( 'NONE',  ( 0.3737626218451842175, -0.5772324412248344139, 0.2099999999999999922 ) ) ;
#2394 = CARTESIAN_POINT ( 'NONE',  ( 0.4549999999999995159, 0.1250000000000000278, 0.000000000000000000 ) ) ;
#2395 = VECTOR ( 'NONE', #6863, 1000.000000000000000 ) ;
#2396 = CARTESIAN_POINT ( 'NONE',  ( 0.4031128755587541357, -0.5620064555364439052, 0.2199999999999999734 ) ) ;
#2397 = CARTESIAN_POINT ( 'NONE',  ( 0.2132661461494889388, -0.4520868772915670464, 0.2199999999999999734 ) ) ;
#2398 = CARTESIAN_POINT ( 'NONE',  ( 0.4501277484412766761, -0.4706505414047669200, 0.2199999999999999734 ) ) ;
#2399 = DIRECTION ( 'NONE',  ( -0.000000000000000000, -0.000000000000000000, -1.000000000000000000 ) ) ;
#2400 = EDGE_CURVE ( 'NONE', #5743, #1645, #3442, .T. ) ;
#2401 = ORIENTED_EDGE ( 'NONE', *, *, #3509, .F. ) ;
#2402 = CARTESIAN_POINT ( 'NONE',  ( 0.2428763147170815428, -0.4699907043081231195, 0.2099999999999999922 ) ) ;
#2403 = CARTESIAN_POINT ( 'NONE',  ( 0.2955548771440311695, -0.5543452577710136220, 0.2199999999999999734 ) ) ;
#2404 = EDGE_CURVE ( 'NONE', #8934, #75, #5764, .T. ) ;
#2405 = DIRECTION ( 'NONE',  ( -0.3493954794689525523, 0.9369753459545563379, 0.000000000000000000 ) ) ;
#2406 = ADVANCED_FACE ( 'NONE', ( #2490 ), #7733, .T. ) ;
#2407 = CARTESIAN_POINT ( 'NONE',  ( 0.4342828202447677755, -0.6014207144245777847, 0.2199999999999999734 ) ) ;
#2408 = B_SPLINE_CURVE_WITH_KNOTS ( 'NONE', 3,
 ( #4841, #4632, #7112, #8491 ),
 .UNSPECIFIED., .F., .F.,
 ( 4, 4 ),
 ( 6.000000000000000000, 7.000000000000000000 ),
 .UNSPECIFIED. ) ;
#2409 = CYLINDRICAL_SURFACE ( 'NONE', #8088, 0.07999999999999998779 ) ;
#2410 = EDGE_LOOP ( 'NONE', ( #5893, #6415, #9719, #551 ) ) ;
#2411 = CARTESIAN_POINT ( 'NONE',  ( 0.3886296208793751927, -0.5849816014208931714, 0.2099999999999999922 ) ) ;
#2412 = SURFACE_SIDE_STYLE ('',( #2460 ) ) ;
#2413 = CARTESIAN_POINT ( 'NONE',  ( 0.5717623300477889803, -0.5419032028872593498, 0.2099999999999999922 ) ) ;
#2414 = DIRECTION ( 'NONE',  ( -0.000000000000000000, -0.000000000000000000, -1.000000000000000000 ) ) ;
#2415 = EDGE_CURVE ( 'NONE', #443, #8841, #6937, .T. ) ;
#2416 = VERTEX_POINT ( 'NONE', #5409 ) ;
#2417 = STYLED_ITEM ( 'NONE', ( #5838 ), #1033 ) ;
#2418 = CARTESIAN_POINT ( 'NONE',  ( 0.3650000000000001577, -0.4550000000000000155, 0.000000000000000000 ) ) ;
#2419 = EDGE_CURVE ( 'NONE', #5779, #6264, #2791, .T. ) ;
#2420 = EDGE_CURVE ( 'NONE', #873, #5002, #9201, .T. ) ;
#2421 = DIRECTION ( 'NONE',  ( -0.000000000000000000, -0.000000000000000000, -1.000000000000000000 ) ) ;
#2422 = ORIENTED_EDGE ( 'NONE', *, *, #3747, .F. ) ;
#2423 = VERTEX_POINT ( 'NONE', #1705 ) ;
#2424 = ORIENTED_EDGE ( 'NONE', *, *, #69, .F. ) ;
#2425 = VECTOR ( 'NONE', #6067, 1000.000000000000000 ) ;
#2426 = CARTESIAN_POINT ( 'NONE',  ( 0.5350000000000002531, -0.3649999999999999356, -0.01000000000000000021 ) ) ;
#2427 = DIRECTION ( 'NONE',  ( -1.000000000000000000, -0.000000000000000000, -0.000000000000000000 ) ) ;
#2428 = ADVANCED_FACE ( 'NONE', ( #6239 ), #3179, .F. ) ;
#2429 = ORIENTED_EDGE ( 'NONE', *, *, #8104, .T. ) ;
#2430 = B_SPLINE_CURVE_WITH_KNOTS ( 'NONE', 3,
 ( #1265, #4185, #8581, #3451 ),
 .UNSPECIFIED., .F., .F.,
 ( 4, 4 ),
 ( 35.00000000000000000, 36.00000000000000000 ),
 .UNSPECIFIED. ) ;
#2431 = LINE ( 'NONE', #5351, #4991 ) ;
#2432 = DIRECTION ( 'NONE',  ( 0.000000000000000000, 0.000000000000000000, -1.000000000000000000 ) ) ;
#2433 = CARTESIAN_POINT ( 'NONE',  ( 0.4975511233783935783, -0.5002607509714263045, 0.2199999999999999734 ) ) ;
#2434 =( LENGTH_UNIT ( ) NAMED_UNIT ( * ) SI_UNIT ( .MILLI., .METRE. ) );
#2435 = VECTOR ( 'NONE', #7561, 1000.000000000000000 ) ;
#2436 = CARTESIAN_POINT ( 'NONE',  ( 0.5686304809586079090, -0.5497018784838743066, 0.2099999999999999922 ) ) ;
#2437 = VERTEX_POINT ( 'NONE', #7783 ) ;
#2438 = CARTESIAN_POINT ( 'NONE',  ( 0.2514839233860668988, -0.5904972141806824615, 0.2199999999999999734 ) ) ;
#2439 = ORIENTED_EDGE ( 'NONE', *, *, #2819, .T. ) ;
#2440 = CARTESIAN_POINT ( 'NONE',  ( 0.07588870653990240078, -0.5357528309264956157, 0.2099999999999999922 ) ) ;
#2441 = CARTESIAN_POINT ( 'NONE',  ( 0.04500000000000017181, 0.4550000000000000155, -0.01000000000000000021 ) ) ;
#2442 = ORIENTED_EDGE ( 'NONE', *, *, #3063, .T. ) ;
#2443 =( GEOMETRIC_REPRESENTATION_CONTEXT ( 3 ) GLOBAL_UNCERTAINTY_ASSIGNED_CONTEXT ( ( #4057 ) ) GLOBAL_UNIT_ASSIGNED_CONTEXT ( ( #3943, #6867, #1675 ) ) REPRESENTATION_CONTEXT ( 'NONE', 'WORKASPACE' ) );
#2444 = FACE_OUTER_BOUND ( 'NONE', #1150, .T. ) ;
#2445 = ORIENTED_EDGE ( 'NONE', *, *, #1686, .T. ) ;
#2446 = CARTESIAN_POINT ( 'NONE',  ( 0.4571960718786874378, -0.5135061206355617802, 0.2199999999999999734 ) ) ;
#2447 = CARTESIAN_POINT ( 'NONE',  ( 0.5679744019005698030, -0.5495533322822021560, 0.2199999999999999734 ) ) ;
#2448 = FACE_OUTER_BOUND ( 'NONE', #3396, .T. ) ;
#2449 = CARTESIAN_POINT ( 'NONE',  ( 0.4093641948861510005, -0.5659181721847256208, 0.2199999999999999734 ) ) ;
#2450 = CARTESIAN_POINT ( 'NONE',  ( -0.03499999999999982292, 0.4549999999999994049, 0.000000000000000000 ) ) ;
#2451 = ORIENTED_EDGE ( 'NONE', *, *, #1924, .T. ) ;
#2452 = CARTESIAN_POINT ( 'NONE',  ( 0.000000000000000000, 0.000000000000000000, 0.000000000000000000 ) ) ;
#2453 = AXIS2_PLACEMENT_3D ( 'NONE', #6410, #3453, #4234 ) ;
#2454 = FILL_AREA_STYLE ('',( #3938 ) ) ;
#2455 = LINE ( 'NONE', #1331, #5647 ) ;
#2456 = PLANE ( 'NONE',  #8699 ) ;
#2457 = CARTESIAN_POINT ( 'NONE',  ( 0.1850331870887744201, -0.5753478176694564183, 0.2199999999999999734 ) ) ;
#2458 = VERTEX_POINT ( 'NONE', #8420 ) ;
#2459 = CARTESIAN_POINT ( 'NONE',  ( 0.1502584467527399437, -0.5657073117214350688, 0.2199999999999999734 ) ) ;
#2460 = SURFACE_STYLE_FILL_AREA ( #8353 ) ;
#2461 = EDGE_CURVE ( 'NONE', #8102, #7529, #6194, .T. ) ;
#2462 = DIRECTION ( 'NONE',  ( -0.000000000000000000, -0.000000000000000000, 1.000000000000000000 ) ) ;
#2463 = CARTESIAN_POINT ( 'NONE',  ( 0.1963952279048619132, -0.4727451380969961980, 0.2199999999999999734 ) ) ;
#2464 = ORIENTED_EDGE ( 'NONE', *, *, #5133, .T. ) ;
#2465 = VECTOR ( 'NONE', #5837, 1000.000000000000000 ) ;
#2466 = CARTESIAN_POINT ( 'NONE',  ( 0.5107717353422533968, -0.5474736854561763622, 0.2099999999999999922 ) ) ;
#2467 = CARTESIAN_POINT ( 'NONE',  ( 0.4633112238543882766, -0.5079851534672040758, 0.2199999999999999734 ) ) ;
#2468 = ORIENTED_EDGE ( 'NONE', *, *, #1, .F. ) ;
#2469 = EDGE_LOOP ( 'NONE', ( #3700, #4510, #2076, #8956 ) ) ;
#2470 = ORIENTED_EDGE ( 'NONE', *, *, #2404, .T. ) ;
#2471 = EDGE_CURVE ( 'NONE', #8529, #8073, #4764, .T. ) ;
#2472 = COLOUR_RGB ( '',0.6666666666666666297, 0.6666666666666666297, 0.6666666666666666297 ) ;
#2473 = UNCERTAINTY_MEASURE_WITH_UNIT (LENGTH_MEASURE( 1.000000000000000082E-05 ), #7803, 'distance_accuracy_value', 'NONE');
#2474 = CARTESIAN_POINT ( 'NONE',  ( 0.1506027589800863487, -0.5440161208012131988, 0.2099999999999999922 ) ) ;
#2475 = EDGE_CURVE ( 'NONE', #8879, #1253, #7682, .T. ) ;
#2476 = EDGE_CURVE ( 'NONE', #5105, #8592, #3101, .T. ) ;
#2477 = CARTESIAN_POINT ( 'NONE',  ( 0.5075656131525657644, -0.4712694839123869883, 0.2199999999999999734 ) ) ;
#2478 = EDGE_LOOP ( 'NONE', ( #5666, #6783, #3942, #621 ) ) ;
#2479 =( NAMED_UNIT ( * ) PLANE_ANGLE_UNIT ( ) SI_UNIT ( $, .RADIAN. ) );
#2480 =( LENGTH_UNIT ( ) NAMED_UNIT ( * ) SI_UNIT ( .MILLI., .METRE. ) );
#2481 = LINE ( 'NONE', #3172, #4860 ) ;
#2482 = CARTESIAN_POINT ( 'NONE',  ( 0.3627330663586046389, -0.4902091246471647068, 0.2099999999999999922 ) ) ;
#2483 = MECHANICAL_DESIGN_GEOMETRIC_PRESENTATION_REPRESENTATION (  '', ( #8771 ), #3104 ) ;
#2484 = CARTESIAN_POINT ( 'NONE',  ( 0.5350000000000002531, -0.4550000000000000155, -0.01000000000000000021 ) ) ;
#2485 = ORIENTED_EDGE ( 'NONE', *, *, #7071, .F. ) ;
#2486 = CARTESIAN_POINT ( 'NONE',  ( 0.5077141593542358056, -0.4712694839123869883, 0.2199999999999999178 ) ) ;
#2487 = VERTEX_POINT ( 'NONE', #7010 ) ;
#2488 = EDGE_CURVE ( 'NONE', #7634, #4931, #6060, .T. ) ;
#2489 = CARTESIAN_POINT ( 'NONE',  ( 0.4342828202447677755, -0.6014207144245777847, 0.2099999999999999922 ) ) ;
#2490 = FACE_OUTER_BOUND ( 'NONE', #2320, .T. ) ;
#2491 = ORIENTED_EDGE ( 'NONE', *, *, #2668, .T. ) ;
#2492 = DIRECTION ( 'NONE',  ( -0.000000000000000000, -0.000000000000000000, -1.000000000000000000 ) ) ;
#2493 = PRESENTATION_STYLE_ASSIGNMENT (( #9245 ) ) ;
#2494 = ORIENTED_EDGE ( 'NONE', *, *, #9217, .T. ) ;
#2495 = LINE ( 'NONE', #3879, #6199 ) ;
#2496 = LINE ( 'NONE', #5565, #4002 ) ;
#2497 = CARTESIAN_POINT ( 'NONE',  ( 0.4059723899442126416, -0.5720580818607033935, 0.2199999999999999734 ) ) ;
#2498 = B_SPLINE_CURVE_WITH_KNOTS ( 'NONE', 3,
 ( #7866, #1089, #3008, #2122 ),
 .UNSPECIFIED., .F., .F.,
 ( 4, 4 ),
 ( 2.000000000000000000, 3.000000000000000000 ),
 .UNSPECIFIED. ) ;
#2499 = CARTESIAN_POINT ( 'NONE',  ( 0.4094879833877083097, -0.5861947287358537650, 0.2099999999999999922 ) ) ;
#2500 = CARTESIAN_POINT ( 'NONE',  ( 0.4202080676204789089, -0.5801786075612667126, 0.2099999999999999922 ) ) ;
#2501 = LINE ( 'NONE', #5527, #4712 ) ;
#2502 = VECTOR ( 'NONE', #1616, 1000.000000000000000 ) ;
#2503 = ORIENTED_EDGE ( 'NONE', *, *, #2659, .F. ) ;
#2504 = B_SPLINE_CURVE_WITH_KNOTS ( 'NONE', 3,
 ( #7044, #4720, #124, #3133 ),
 .UNSPECIFIED., .F., .F.,
 ( 4, 4 ),
 ( 4.000000000000000000, 5.000000000000000000 ),
 .UNSPECIFIED. ) ;
#2505 = LINE ( 'NONE', #6151, #8140 ) ;
#2506 =( GEOMETRIC_REPRESENTATION_CONTEXT ( 3 ) GLOBAL_UNCERTAINTY_ASSIGNED_CONTEXT ( ( #493 ) ) GLOBAL_UNIT_ASSIGNED_CONTEXT ( ( #8567, #3333, #7844 ) ) REPRESENTATION_CONTEXT ( 'NONE', 'WORKASPACE' ) );
#2507 = SURFACE_STYLE_FILL_AREA ( #2454 ) ;
#2508 = SURFACE_STYLE_USAGE ( .BOTH. , #5530 ) ;
#2509 = CARTESIAN_POINT ( 'NONE',  ( 0.1502584467527399437, -0.5925630612757669669, 0.2199999999999999734 ) ) ;
#2510 = CARTESIAN_POINT ( 'NONE',  ( 0.5601757263042838053, -0.5716124432553577606, 0.2099999999999999922 ) ) ;
#2511 = LINE ( 'NONE', #7809, #41 ) ;
#2512 = PLANE ( 'NONE',  #3531 ) ;
#2513 = ORIENTED_EDGE ( 'NONE', *, *, #1217, .F. ) ;
#2514 = LINE ( 'NONE', #5535, #4815 ) ;
#2515 = FACE_OUTER_BOUND ( 'NONE', #6109, .T. ) ;
#2516 = CARTESIAN_POINT ( 'NONE',  ( 0.4755786643565521055, -0.5685177307169276828, 0.2099999999999999922 ) ) ;
#2517 = EDGE_LOOP ( 'NONE', ( #6114, #453, #1589, #9317 ) ) ;
#2518 = VECTOR ( 'NONE', #7032, 1000.000000000000000 ) ;
#2519 = PRESENTATION_STYLE_ASSIGNMENT (( #4742 ) ) ;
#2520 = CARTESIAN_POINT ( 'NONE',  ( 0.3921452143228697507, -0.4642630547256726969, 0.2199999999999999734 ) ) ;
#2521 = VERTEX_POINT ( 'NONE', #3148 ) ;
#2522 = EDGE_CURVE ( 'NONE', #5615, #8641, #1617, .T. ) ;
#2523 = ORIENTED_EDGE ( 'NONE', *, *, #5079, .F. ) ;
#2524 = LINE ( 'NONE', #6370, #536 ) ;
#2525 = SURFACE_STYLE_FILL_AREA ( #4008 ) ;
#2526 = FACE_OUTER_BOUND ( 'NONE', #6071, .T. ) ;
#2527 = ORIENTED_EDGE ( 'NONE', *, *, #2247, .T. ) ;
#2528 = DIRECTION ( 'NONE',  ( -0.9910683662997412657, -0.1333547648941046937, 0.000000000000000000 ) ) ;
#2529 = EDGE_CURVE ( 'NONE', #8098, #7156, #7703, .T. ) ;
#2530 = CARTESIAN_POINT ( 'NONE',  ( 0.5321995249576521037, -0.5797577266562032872, 0.2099999999999999922 ) ) ;
#2531 = CARTESIAN_POINT ( 'NONE',  ( 0.4319184598655385621, -0.6064465275867065852, 0.2199999999999999734 ) ) ;
#2532 = VECTOR ( 'NONE', #5816, 1000.000000000000000 ) ;
#2533 = LINE ( 'NONE', #8597, #8886 ) ;
#2534 = DIRECTION ( 'NONE',  ( 1.000000000000000000, -0.000000000000000000, -0.000000000000000000 ) ) ;
#2535 = VERTEX_POINT ( 'NONE', #7757 ) ;
#2536 = EDGE_CURVE ( 'NONE', #6838, #8126, #6157, .T. ) ;
#2537 = DIRECTION ( 'NONE',  ( 0.000000000000000000, 0.000000000000000000, 1.000000000000000000 ) ) ;
#2538 = VERTEX_POINT ( 'NONE', #1728 ) ;
#2539 = DIRECTION ( 'NONE',  ( 0.000000000000000000, 0.000000000000000000, -1.000000000000000000 ) ) ;
#2540 = ORIENTED_EDGE ( 'NONE', *, *, #4100, .T. ) ;
#2541 = AXIS2_PLACEMENT_3D ( 'NONE', #3213, #9226, #5497 ) ;
#2542 = CARTESIAN_POINT ( 'NONE',  ( 0.5439470537532964389, -0.5583175581906659746, 0.2099999999999999922 ) ) ;
#2543 = LINE ( 'NONE', #691, #7989 ) ;
#2544 = ORIENTED_EDGE ( 'NONE', *, *, #5079, .T. ) ;
#2545 = CARTESIAN_POINT ( 'NONE',  ( 0.4048335357300853476, -0.5705478621420710938, 0.2099999999999999922 ) ) ;
#2546 = ADVANCED_FACE ( 'NONE', ( #91 ), #2512, .F. ) ;
#2547 = CARTESIAN_POINT ( 'NONE',  ( 0.5295628298750284513, -0.5135061206355617802, 0.2199999999999999734 ) ) ;
#2548 = CARTESIAN_POINT ( 'NONE',  ( 0.5682096000535429292, -0.5480926279641260557, 0.2199999999999999734 ) ) ;
#2549 = CARTESIAN_POINT ( 'NONE',  ( 0.4122979823726110604, -0.5751280366988599235, 0.2099999999999999922 ) ) ;
#2550 = CARTESIAN_POINT ( 'NONE',  ( 0.4094879833877083097, -0.5861947287358537650, 0.2199999999999999734 ) ) ;
#2551 = FACE_OUTER_BOUND ( 'NONE', #5175, .T. ) ;
#2552 = FACE_OUTER_BOUND ( 'NONE', #5266, .T. ) ;
#2553 = PRESENTATION_LAYER_ASSIGNMENT (  '', '', ( #1906 ) ) ;
#2554 = EDGE_CURVE ( 'NONE', #1747, #486, #4538, .T. ) ;
#2555 = ADVANCED_FACE ( 'NONE', ( #8279 ), #730, .F. ) ;
#2556 = VERTEX_POINT ( 'NONE', #5030 ) ;
#2557 = LINE ( 'NONE', #1859, #9210 ) ;
#2558 = VECTOR ( 'NONE', #2427, 1000.000000000000000 ) ;
#2559 = B_SPLINE_SURFACE_WITH_KNOTS ( 'NONE', 3, 1, ( 
 ( #3188, #5524 ),
 ( #4922, #372 ),
 ( #9296, #1804 ),
 ( #5611, #224 ) ),
 .UNSPECIFIED., .F., .F., .F.,
 ( 4, 4 ),
 ( 2, 2 ),
 ( 3.000000000000000000, 4.000000000000000000 ),
 ( 0.000000000000000000, 1.000000000000000000 ),
 .UNSPECIFIED. ) ;
#2560 = B_SPLINE_CURVE_WITH_KNOTS ( 'NONE', 3,
 ( #5140, #7407, #1376, #3706 ),
 .UNSPECIFIED., .F., .F.,
 ( 4, 4 ),
 ( 17.00000000000000000, 18.00000000000000000 ),
 .UNSPECIFIED. ) ;
#2561 = CARTESIAN_POINT ( 'NONE',  ( 0.4257537924891154346, -0.5767372872186051769, 0.2099999999999999922 ) ) ;
#2562 = DIRECTION ( 'NONE',  ( -0.000000000000000000, -0.000000000000000000, -1.000000000000000000 ) ) ;
#2563 = STYLED_ITEM ( 'NONE', ( #687 ), #9287 ) ;
#2564 = EDGE_LOOP ( 'NONE', ( #7679, #5810, #8653, #5072 ) ) ;
#2565 = CARTESIAN_POINT ( 'NONE',  ( 0.2742080050182409967, -0.5278338335780365931, 0.2199999999999999734 ) ) ;
#2566 = DIRECTION ( 'NONE',  ( -0.000000000000000000, -0.000000000000000000, -1.000000000000000000 ) ) ;
#2567 = CARTESIAN_POINT ( 'NONE',  ( 0.2225623661388329566, -0.5316211630046722147, 0.2199999999999999734 ) ) ;
#2568 = ORIENTED_EDGE ( 'NONE', *, *, #3093, .T. ) ;
#2569 = CARTESIAN_POINT ( 'NONE',  ( 0.3921452143228697507, -0.4642630547256726969, 0.2099999999999999922 ) ) ;
#2570 = ORIENTED_EDGE ( 'NONE', *, *, #4115, .T. ) ;
#2571 = ORIENTED_EDGE ( 'NONE', *, *, #7201, .F. ) ;
#2572 = CARTESIAN_POINT ( 'NONE',  ( 0.04500000000000018568, 0.2050000000000000988, -0.01000000000000000021 ) ) ;
#2573 = UNCERTAINTY_MEASURE_WITH_UNIT (LENGTH_MEASURE( 1.000000000000000082E-05 ), #2963, 'distance_accuracy_value', 'NONE');
#2574 = CARTESIAN_POINT ( 'NONE',  ( 0.3776867173437700176, -0.5861699710355784410, 0.2099999999999999922 ) ) ;
#2575 = CARTESIAN_POINT ( 'NONE',  ( 0.2418434043035459780, -0.4916818771686960465, 0.2199999999999999734 ) ) ;
#2576 = ORIENTED_EDGE ( 'NONE', *, *, #4660, .T. ) ;
#2577 = EDGE_CURVE ( 'NONE', #5534, #5499, #7633, .T. ) ;
#2578 = DIRECTION ( 'NONE',  ( -1.000000000000000000, 0.000000000000000000, -0.000000000000000000 ) ) ;
#2579 = DIRECTION ( 'NONE',  ( 0.3667976789509064806, 0.9303007377811907119, -0.000000000000000000 ) ) ;
#2580 = CARTESIAN_POINT ( 'NONE',  ( 0.3708783497594473899, -0.5002359932711484269, 0.2199999999999999734 ) ) ;
#2581 = CARTESIAN_POINT ( 'NONE',  ( 0.2311699748078178407, -0.5904972141806824615, 0.2199999999999999734 ) ) ;
#2582 = ORIENTED_EDGE ( 'NONE', *, *, #3936, .F. ) ;
#2583 = VECTOR ( 'NONE', #2041, 1000.000000000000000 ) ;
#2584 = CARTESIAN_POINT ( 'NONE',  ( 0.1502584467527399437, -0.5925630612757669669, 0.2199999999999999734 ) ) ;
#2585 = ORIENTED_EDGE ( 'NONE', *, *, #3767, .T. ) ;
#2586 = CARTESIAN_POINT ( 'NONE',  ( 0.4550000000000002376, -0.2849999999999999201, -0.01000000000000000021 ) ) ;
#2587 = EDGE_LOOP ( 'NONE', ( #2887, #8678, #4352, #6970 ) ) ;
#2588 = CARTESIAN_POINT ( 'NONE',  ( 0.1506027524130015838, -0.6132212958128574476, 0.2199999999999999734 ) ) ;
#2589 = CARTESIAN_POINT ( 'NONE',  ( 0.5183352127858924518, -0.5419032028872593498, 0.2199999999999999734 ) ) ;
#2590 = ORIENTED_EDGE ( 'NONE', *, *, #2249, .T. ) ;
#2591 = EDGE_CURVE ( 'NONE', #3647, #5296, #5993, .T. ) ;
#2592 = VECTOR ( 'NONE', #7154, 1000.000000000000000 ) ;
#2593 = DIRECTION ( 'NONE',  ( -0.000000000000000000, -0.000000000000000000, -1.000000000000000000 ) ) ;
#2594 = CARTESIAN_POINT ( 'NONE',  ( 0.2445978364508120950, -0.5157831814415871907, 0.2199999999999999734 ) ) ;
#2595 = LINE ( 'NONE', #9249, #6515 ) ;
#2596 = CARTESIAN_POINT ( 'NONE',  ( 0.3414662017951822226, -0.5848082975186135180, 0.2099999999999999922 ) ) ;
#2597 = FACE_OUTER_BOUND ( 'NONE', #6615, .T. ) ;
#2598 = ORIENTED_EDGE ( 'NONE', *, *, #6374, .T. ) ;
#2599 = PRESENTATION_LAYER_ASSIGNMENT (  '', '', ( #7967 ) ) ;
#2600 = EDGE_CURVE ( 'NONE', #6694, #8761, #3736, .T. ) ;
#2601 = FILL_AREA_STYLE_COLOUR ( '', #4331 ) ;
#2602 = EDGE_CURVE ( 'NONE', #5933, #3660, #429, .T. ) ;
#2603 = EDGE_CURVE ( 'NONE', #5058, #8102, #1026, .T. ) ;
#2604 = PLANE ( 'NONE',  #6247 ) ;
#2605 = CARTESIAN_POINT ( 'NONE',  ( 0.4093641948861510005, -0.5645317409674827092, 0.2199999999999999734 ) ) ;
#2606 = VECTOR ( 'NONE', #2756, 1000.000000000000000 ) ;
#2607 = DIRECTION ( 'NONE',  ( -0.000000000000000000, 0.000000000000000000, -1.000000000000000000 ) ) ;
#2608 = DIRECTION ( 'NONE',  ( 0.000000000000000000, -1.000000000000000000, 0.000000000000000000 ) ) ;
#2609 = ADVANCED_FACE ( 'NONE', ( #4567 ), #4611, .T. ) ;
#2610 = EDGE_LOOP ( 'NONE', ( #2972, #8580, #1707, #4367 ) ) ;
#2611 = STYLED_ITEM ( 'NONE', ( #6364 ), #4273 ) ;
#2612 = CARTESIAN_POINT ( 'NONE',  ( 0.3689472491355835770, -0.5077128187638136891, 0.2099999999999999922 ) ) ;
#2613 = CARTESIAN_POINT ( 'NONE',  ( 0.4202080676204789089, -0.5846349936166626016, 0.2199999999999999734 ) ) ;
#2614 = FACE_OUTER_BOUND ( 'NONE', #9557, .T. ) ;
#2615 = ORIENTED_EDGE ( 'NONE', *, *, #9040, .T. ) ;
#2616 = VECTOR ( 'NONE', #2840, 1000.000000000000000 ) ;
#2617 = CARTESIAN_POINT ( 'NONE',  ( 0.1430280541575548736, -0.5925630612757669669, 0.2099999999999999922 ) ) ;
#2618 = VERTEX_POINT ( 'NONE', #4467 ) ;
#2619 = CARTESIAN_POINT ( 'NONE',  ( 0.1395850172570113623, -0.4806641387290009337, 0.2099999999999999922 ) ) ;
#2620 = STYLED_ITEM ( 'NONE', ( #1344 ), #4902 ) ;
#2621 = CARTESIAN_POINT ( 'NONE',  ( 0.5107717353422533968, -0.5848082975186108534, 0.2199999999999999734 ) ) ;
#2622 = ORIENTED_EDGE ( 'NONE', *, *, #8104, .F. ) ;
#2623 = CARTESIAN_POINT ( 'NONE',  ( 0.1488812306791047479, -0.4696464002896328371, 0.2099999999999999922 ) ) ;
#2624 = DIRECTION ( 'NONE',  ( -0.3416038306816032710, 0.9398440417769613475, 0.000000000000000000 ) ) ;
#2625 = CARTESIAN_POINT ( 'NONE',  ( 0.2955548771440311695, -0.5543452577710136220, 0.2199999999999999734 ) ) ;
#2626 = CARTESIAN_POINT ( 'NONE',  ( 0.4833030668519888162, -0.4961757304208654351, 0.2099999999999999922 ) ) ;
#2627 = ORIENTED_EDGE ( 'NONE', *, *, #7649, .F. ) ;
#2628 = VECTOR ( 'NONE', #3310, 1000.000000000000000 ) ;
#2629 = CARTESIAN_POINT ( 'NONE',  ( 0.1368305785426596477, -0.5867098847540486162, 0.2099999999999999922 ) ) ;
#2630 = ORIENTED_EDGE ( 'NONE', *, *, #7613, .F. ) ;
#2631 = FILL_AREA_STYLE_COLOUR ( '', #5095 ) ;
#2632 = B_SPLINE_SURFACE_WITH_KNOTS ( 'NONE', 3, 1, ( 
 ( #1835, #7026 ),
 ( #5546, #8502 ),
 ( #7719, #1783 ),
 ( #3166, #3114 ) ),
 .UNSPECIFIED., .F., .F., .F.,
 ( 4, 4 ),
 ( 2, 2 ),
 ( 1.000000000000000000, 2.000000000000000000 ),
 ( 0.000000000000000000, 1.000000000000000000 ),
 .UNSPECIFIED. ) ;
#2633 = ORIENTED_EDGE ( 'NONE', *, *, #8499, .T. ) ;
#2634 = LINE ( 'NONE', #6530, #6312 ) ;
#2635 = LINE ( 'NONE', #1149, #5707 ) ;
#2636 = DIRECTION ( 'NONE',  ( -0.000000000000000000, -1.000000000000000000, -0.000000000000000000 ) ) ;
#2637 = ORIENTED_EDGE ( 'NONE', *, *, #8520, .F. ) ;
#2638 =( GEOMETRIC_REPRESENTATION_CONTEXT ( 3 ) GLOBAL_UNCERTAINTY_ASSIGNED_CONTEXT ( ( #1782 ) ) GLOBAL_UNIT_ASSIGNED_CONTEXT ( ( #2434, #5457, #6129 ) ) REPRESENTATION_CONTEXT ( 'NONE', 'WORKASPACE' ) );
#2639 = LINE ( 'NONE', #2691, #1834 ) ;
#2640 = CARTESIAN_POINT ( 'NONE',  ( 0.3886296208793751927, -0.5849816014208931714, 0.2099999999999999922 ) ) ;
#2641 = CARTESIAN_POINT ( 'NONE',  ( 0.000000000000000000, 0.000000000000000000, 0.2199999999999999734 ) ) ;
#2642 =( NAMED_UNIT ( * ) SI_UNIT ( $, .STERADIAN. ) SOLID_ANGLE_UNIT ( ) );
#2643 = CARTESIAN_POINT ( 'NONE',  ( 0.4130530922319272102, -0.5861947287358537650, 0.2199999999999999734 ) ) ;
#2644 = CARTESIAN_POINT ( 'NONE',  ( 0.5601757263042838053, -0.5716124432553577606, 0.2199999999999999734 ) ) ;
#2645 = VERTEX_POINT ( 'NONE', #9584 ) ;
#2646 = EDGE_CURVE ( 'NONE', #9393, #9474, #1419, .T. ) ;
#2647 = AXIS2_PLACEMENT_3D ( 'NONE', #9712, #980, #1772 ) ;
#2648 = ORIENTED_EDGE ( 'NONE', *, *, #2779, .T. ) ;
#2649 = CARTESIAN_POINT ( 'NONE',  ( 0.4196881559141360518, -0.5790892687480261314, 0.2199999999999999734 ) ) ;
#2650 = CARTESIAN_POINT ( 'NONE',  ( 0.4308414999022723291, -0.6007274988157917939, 0.2099999999999999922 ) ) ;
#2651 = CARTESIAN_POINT ( 'NONE',  ( 0.4342828202447677755, -0.6014207144245777847, 0.2099999999999999922 ) ) ;
#2652 = VECTOR ( 'NONE', #1032, 1000.000000000000000 ) ;
#2653 = DIRECTION ( 'NONE',  ( -1.000000000000000000, -0.000000000000000000, -0.000000000000000000 ) ) ;
#2654 = EDGE_CURVE ( 'NONE', #7781, #3018, #7801, .T. ) ;
#2655 = CARTESIAN_POINT ( 'NONE',  ( 0.5044337640637158726, -0.4650800588358499077, 0.2199999999999999734 ) ) ;
#2656 = ORIENTED_EDGE ( 'NONE', *, *, #1031, .F. ) ;
#2657 = FILL_AREA_STYLE_COLOUR ( '', #759 ) ;
#2658 = ADVANCED_FACE ( 'NONE', ( #4577 ), #1722, .F. ) ;
#2659 = EDGE_CURVE ( 'NONE', #5058, #8951, #4729, .T. ) ;
#2660 = B_SPLINE_CURVE_WITH_KNOTS ( 'NONE', 3,
 ( #2318, #2124, #3658, #5924 ),
 .UNSPECIFIED., .F., .F.,
 ( 4, 4 ),
 ( 12.00000000000000000, 13.00000000000000000 ),
 .UNSPECIFIED. ) ;
#2661 = ORIENTED_EDGE ( 'NONE', *, *, #5196, .T. ) ;
#2662 = AXIS2_PLACEMENT_3D ( 'NONE', #4606, #5944, #7628 ) ;
#2663 = CARTESIAN_POINT ( 'NONE',  ( 0.1182381516983065928, -0.5667402090004740600, 0.2099999999999999922 ) ) ;
#2664 = CARTESIAN_POINT ( 'NONE',  ( -0.7000000000000001776, 0.6999999999999999556, 0.2099999999999999922 ) ) ;
#2665 = CARTESIAN_POINT ( 'NONE',  ( 0.4222505778957591493, -0.5554456649550705283, 0.2099999999999999922 ) ) ;
#2666 = CARTESIAN_POINT ( 'NONE',  ( 0.3612599831903885450, -0.5848082975186135180, 0.2199999999999999734 ) ) ;
#2667 = ORIENTED_EDGE ( 'NONE', *, *, #9109, .T. ) ;
#2668 = EDGE_CURVE ( 'NONE', #2931, #1022, #6315, .T. ) ;
#2669 = CARTESIAN_POINT ( 'NONE',  ( 0.4031128755587552459, -0.5650764103742687006, 0.2199999999999999734 ) ) ;
#2670 = ORIENTED_EDGE ( 'NONE', *, *, #5359, .T. ) ;
#2671 = ADVANCED_FACE ( 'NONE', ( #4034 ), #8912, .F. ) ;
#2672 = EDGE_CURVE ( 'NONE', #423, #9185, #3955, .T. ) ;
#2673 = UNCERTAINTY_MEASURE_WITH_UNIT (LENGTH_MEASURE( 1.000000000000000082E-05 ), #3664, 'distance_accuracy_value', 'NONE');
#2674 = CARTESIAN_POINT ( 'NONE',  ( 0.4759995452616020972, -0.5067225107516847293, 0.2199999999999999734 ) ) ;
#2675 = CIRCLE ( 'NONE', #9575, 0.07999999999999998779 ) ;
#2676 = CARTESIAN_POINT ( 'NONE',  ( 0.5178029222292470646, -0.5848082975186108534, 0.2199999999999999734 ) ) ;
#2677 = VERTEX_POINT ( 'NONE', #5572 ) ;
#2678 = DIRECTION ( 'NONE',  ( -0.000000000000000000, 1.000000000000000000, -0.000000000000000000 ) ) ;
#2679 = CARTESIAN_POINT ( 'NONE',  ( 0.4975511233783935783, -0.5002607509714263045, 0.2199999999999999734 ) ) ;
#2680 = DIRECTION ( 'NONE',  ( 0.000000000000000000, -1.000000000000000000, 0.000000000000000000 ) ) ;
#2681 = LINE ( 'NONE', #1981, #14 ) ;
#2682 = EDGE_LOOP ( 'NONE', ( #9191, #115, #6984, #7517 ) ) ;
#2683 = DIRECTION ( 'NONE',  ( -0.000000000000000000, 0.000000000000000000, -1.000000000000000000 ) ) ;
#2684 = ORIENTED_EDGE ( 'NONE', *, *, #4575, .F. ) ;
#2685 = FILL_AREA_STYLE ('',( #2631 ) ) ;
#2686 = ORIENTED_EDGE ( 'NONE', *, *, #6466, .F. ) ;
#2687 = LINE ( 'NONE', #4254, #3794 ) ;
#2688 = SURFACE_SIDE_STYLE ('',( #1195 ) ) ;
#2689 = ORIENTED_EDGE ( 'NONE', *, *, #2488, .T. ) ;
#2690 = VECTOR ( 'NONE', #2421, 1000.000000000000000 ) ;
#2691 = CARTESIAN_POINT ( 'NONE',  ( -0.4549999999999995159, -0.5350000000000000311, -0.01000000000000000021 ) ) ;
#2692 = CARTESIAN_POINT ( 'NONE',  ( 0.3917243334176417902, -0.4699078103957542996, 0.2199999999999999734 ) ) ;
#2693 = CARTESIAN_POINT ( 'NONE',  ( 0.2955548771440311695, -0.5422946056345676613, 0.2099999999999999922 ) ) ;
#2694 = CARTESIAN_POINT ( 'NONE',  ( 0.2955548771440311695, -0.5422946056345676613, 0.2099999999999999922 ) ) ;
#2695 = FILL_AREA_STYLE_COLOUR ( '', #7889 ) ;
#2696 = CARTESIAN_POINT ( 'NONE',  ( 0.2742080050182409967, -0.5426389178617498921, 0.2199999999999999734 ) ) ;
#2697 = VERTEX_POINT ( 'NONE', #3212 ) ;
#2698 = AXIS2_PLACEMENT_3D ( 'NONE', #8882, #1340, #2137 ) ;
#2699 = VERTEX_POINT ( 'NONE', #3163 ) ;
#2700 = CARTESIAN_POINT ( 'NONE',  ( 0.4755786643565544924, -0.5629720058482915457, 0.2199999999999999734 ) ) ;
#2701 = CARTESIAN_POINT ( 'NONE',  ( 0.4159868797182213473, -0.5598772933098575821, 0.2199999999999999734 ) ) ;
#2702 = EDGE_CURVE ( 'NONE', #4033, #5600, #2524, .T. ) ;
#2703 = COLOUR_RGB ( '',0.2980392156862745057, 0.2980392156862745057, 0.2980392156862745057 ) ;
#2704 = CARTESIAN_POINT ( 'NONE',  ( 0.4342828202447677755, -0.6014207144245777847, 0.2199999999999999734 ) ) ;
#2705 = CARTESIAN_POINT ( 'NONE',  ( -0.04500000000000075467, -0.5350000000000000311, -0.01000000000000000021 ) ) ;
#2706 = ORIENTED_EDGE ( 'NONE', *, *, #4692, .T. ) ;
#2707 =( GEOMETRIC_REPRESENTATION_CONTEXT ( 3 ) GLOBAL_UNCERTAINTY_ASSIGNED_CONTEXT ( ( #6321 ) ) GLOBAL_UNIT_ASSIGNED_CONTEXT ( ( #6435, #5700, #3569 ) ) REPRESENTATION_CONTEXT ( 'NONE', 'WORKASPACE' ) );
#2708 = ORIENTED_EDGE ( 'NONE', *, *, #3550, .T. ) ;
#2709 = EDGE_CURVE ( 'NONE', #8098, #1943, #7770, .T. ) ;
#2710 = CARTESIAN_POINT ( 'NONE',  ( 0.4030757390083364311, -0.5891161373720085193, 0.2099999999999999922 ) ) ;
#2711 = DIRECTION ( 'NONE',  ( -0.3385350343141391161, -0.9409537876760604158, 0.000000000000000000 ) ) ;
#2712 =( NAMED_UNIT ( * ) SI_UNIT ( $, .STERADIAN. ) SOLID_ANGLE_UNIT ( ) );
#2713 = CARTESIAN_POINT ( 'NONE',  ( 0.1395850172570113623, -0.4806641387290009337, 0.2199999999999999734 ) ) ;
#2714 = EDGE_CURVE ( 'NONE', #3825, #9589, #940, .T. ) ;
#2715 =( GEOMETRIC_REPRESENTATION_CONTEXT ( 3 ) GLOBAL_UNCERTAINTY_ASSIGNED_CONTEXT ( ( #3351 ) ) GLOBAL_UNIT_ASSIGNED_CONTEXT ( ( #8799, #8578, #1774 ) ) REPRESENTATION_CONTEXT ( 'NONE', 'WORKASPACE' ) );
#2716 = B_SPLINE_SURFACE_WITH_KNOTS ( 'NONE', 3, 1, ( 
 ( #3204, #8397 ),
 ( #4587, #5339 ),
 ( #8355, #7610 ),
 ( #1623, #7655 ) ),
 .UNSPECIFIED., .F., .F., .F.,
 ( 4, 4 ),
 ( 2, 2 ),
 ( 33.00000000000000000, 34.00000000000000000 ),
 ( 0.000000000000000000, 1.000000000000000000 ),
 .UNSPECIFIED. ) ;
#2717 = CARTESIAN_POINT ( 'NONE',  ( 0.2494180894249892755, -0.5694946542819088187, 0.2099999999999999922 ) ) ;
#2718 = ORIENTED_EDGE ( 'NONE', *, *, #3755, .T. ) ;
#2719 = CARTESIAN_POINT ( 'NONE',  ( 0.4186483325011223222, -0.5782227492372935540, 0.2099999999999999922 ) ) ;
#2720 = EDGE_CURVE ( 'NONE', #1579, #9289, #8546, .T. ) ;
#2721 = CARTESIAN_POINT ( 'NONE',  ( 0.4463150625937793992, -0.5845854782161064023, 0.2099999999999999922 ) ) ;
#2722 = CARTESIAN_POINT ( 'NONE',  ( -0.7000000000000001776, -0.6999999999999999556, 0.000000000000000000 ) ) ;
#2723 = VERTEX_POINT ( 'NONE', #9318 ) ;
#2724 = EDGE_CURVE ( 'NONE', #5743, #335, #1489, .T. ) ;
#2725 = EDGE_CURVE ( 'NONE', #8790, #2699, #6468, .T. ) ;
#2726 = CARTESIAN_POINT ( 'NONE',  ( 0.5535406626217471704, -0.5903292646869716664, 0.2099999999999999922 ) ) ;
#2727 = DIRECTION ( 'NONE',  ( -0.000000000000000000, -0.000000000000000000, 1.000000000000000000 ) ) ;
#2728 = DIRECTION ( 'NONE',  ( 1.000000000000000000, -0.000000000000000000, -0.000000000000000000 ) ) ;
#2729 = CARTESIAN_POINT ( 'NONE',  ( 0.1168609323411295281, -0.4799755306923473852, 0.2099999999999999922 ) ) ;
#2730 = ORIENTED_EDGE ( 'NONE', *, *, #8572, .F. ) ;
#2731 = VERTEX_POINT ( 'NONE', #7406 ) ;
#2732 = DIRECTION ( 'NONE',  ( 1.000000000000000000, 0.000000000000000000, 0.000000000000000000 ) ) ;
#2733 = ORIENTED_EDGE ( 'NONE', *, *, #4166, .T. ) ;
#2734 = EDGE_CURVE ( 'NONE', #2987, #5901, #2222, .T. ) ;
#2735 = CARTESIAN_POINT ( 'NONE',  ( 0.4693273450289774384, -0.5903292646869716664, 0.2099999999999999922 ) ) ;
#2736 = EDGE_LOOP ( 'NONE', ( #5679, #6181, #2370, #3041 ) ) ;
#2737 = CARTESIAN_POINT ( 'NONE',  ( 0.5783602571792501035, -0.5770838950231640396, 0.2199999999999999734 ) ) ;
#2738 = DIRECTION ( 'NONE',  ( -0.000000000000000000, -0.000000000000000000, -1.000000000000000000 ) ) ;
#2739 = PLANE ( 'NONE',  #7954 ) ;
#2740 = CARTESIAN_POINT ( 'NONE',  ( 0.3823535438516988960, -0.5549505109488411803, 0.2199999999999999734 ) ) ;
#2741 = CIRCLE ( 'NONE', #1161, 0.07999999999999998779 ) ;
#2742 = DIRECTION ( 'NONE',  ( 1.000000000000000000, 2.950894056614934759E-12, -0.000000000000000000 ) ) ;
#2743 = CARTESIAN_POINT ( 'NONE',  ( 0.2132661461494889388, -0.4520868772915670464, 0.2199999999999999734 ) ) ;
#2744 = EDGE_LOOP ( 'NONE', ( #736, #6058, #4659, #1271 ) ) ;
#2745 = ORIENTED_EDGE ( 'NONE', *, *, #2221, .T. ) ;
#2746 = VECTOR ( 'NONE', #684, 1000.000000000000000 ) ;
#2747 =( LENGTH_UNIT ( ) NAMED_UNIT ( * ) SI_UNIT ( .MILLI., .METRE. ) );
#2748 = ORIENTED_EDGE ( 'NONE', *, *, #6568, .T. ) ;
#2749 = CARTESIAN_POINT ( 'NONE',  ( 0.4833030668519888162, -0.4961757304208654351, 0.2099999999999999922 ) ) ;
#2750 = CARTESIAN_POINT ( 'NONE',  ( 0.3738740314966013112, -0.5560150920621330650, 0.2099999999999999922 ) ) ;
#2751 = CARTESIAN_POINT ( 'NONE',  ( 0.4308414999022723291, -0.6061246774827573347, 0.2099999999999999922 ) ) ;
#2752 = B_SPLINE_CURVE_WITH_KNOTS ( 'NONE', 3,
 ( #8624, #8577, #7382, #1816 ),
 .UNSPECIFIED., .F., .F.,
 ( 4, 4 ),
 ( 5.000000000000000000, 6.000000000000000000 ),
 .UNSPECIFIED. ) ;
#2753 = CIRCLE ( 'NONE', #8437, 0.07999999999999998779 ) ;
#2754 = ORIENTED_EDGE ( 'NONE', *, *, #3858, .F. ) ;
#2755 = ORIENTED_EDGE ( 'NONE', *, *, #7736, .T. ) ;
#2756 = DIRECTION ( 'NONE',  ( 1.000000000000000000, 0.000000000000000000, 0.000000000000000000 ) ) ;
#2757 = CARTESIAN_POINT ( 'NONE',  ( 0.4130530922319272102, -0.5861947287358537650, 0.2199999999999999734 ) ) ;
#2758 = COLOUR_RGB ( '',0.6666666666666666297, 0.6666666666666666297, 0.6666666666666666297 ) ;
#2759 = FACE_OUTER_BOUND ( 'NONE', #2219, .T. ) ;
#2760 = EDGE_LOOP ( 'NONE', ( #780, #8120, #5360, #1493 ) ) ;
#2761 = CARTESIAN_POINT ( 'NONE',  ( 0.3989907184577749510, -0.5055093834363931782, 0.2099999999999999922 ) ) ;
#2762 = ORIENTED_EDGE ( 'NONE', *, *, #1569, .F. ) ;
#2763 = CARTESIAN_POINT ( 'NONE',  ( 0.4176085090882735718, -0.5773562297265578680, 0.2199999999999999734 ) ) ;
#2764 = VECTOR ( 'NONE', #8050, 1000.000000000000000 ) ;
#2765 = EDGE_CURVE ( 'NONE', #7523, #4584, #3655, .T. ) ;
#2766 = UNCERTAINTY_MEASURE_WITH_UNIT (LENGTH_MEASURE( 1.000000000000000082E-05 ), #9553, 'distance_accuracy_value', 'NONE');
#2767 = DIRECTION ( 'NONE',  ( 0.3283461648125132748, -0.9445574604294404431, 0.000000000000000000 ) ) ;
#2768 = CARTESIAN_POINT ( 'NONE',  ( 0.4470949301535397935, -0.5955531394516611066, 0.2199999999999999734 ) ) ;
#2769 = VERTEX_POINT ( 'NONE', #6769 ) ;
#2770 = MECHANICAL_DESIGN_GEOMETRIC_PRESENTATION_REPRESENTATION (  '', ( #5300 ), #4511 ) ;
#2771 = CARTESIAN_POINT ( 'NONE',  ( 0.4363748459207713593, -0.5557427573587392367, 0.2199999999999999734 ) ) ;
#2772 = CARTESIAN_POINT ( 'NONE',  ( -0.7000000000000001776, -0.6999999999999999556, 0.000000000000000000 ) ) ;
#2773 = CARTESIAN_POINT ( 'NONE',  ( 0.3601582655266780675, -0.5419032028872593498, 0.2199999999999999734 ) ) ;
#2774 = CARTESIAN_POINT ( 'NONE',  ( 0.4859892773354981266, -0.5135061206355617802, 0.2099999999999999922 ) ) ;
#2775 = EDGE_CURVE ( 'NONE', #335, #873, #5082, .T. ) ;
#2776 = ORIENTED_EDGE ( 'NONE', *, *, #2946, .F. ) ;
#2777 = VERTEX_POINT ( 'NONE', #2663 ) ;
#2778 = ADVANCED_FACE ( 'NONE', ( #4279 ), #6361, .F. ) ;
#2779 = EDGE_CURVE ( 'NONE', #5534, #5843, #1809, .T. ) ;
#2780 = ORIENTED_EDGE ( 'NONE', *, *, #9312, .T. ) ;
#2781 = CARTESIAN_POINT ( 'NONE',  ( 0.5157851696542454789, -0.4947892992036243553, 0.2099999999999999922 ) ) ;
#2782 = DIRECTION ( 'NONE',  ( -0.000000000000000000, -0.000000000000000000, -1.000000000000000000 ) ) ;
#2783 = ORIENTED_EDGE ( 'NONE', *, *, #1332, .T. ) ;
#2784 = LINE ( 'NONE', #558, #98 ) ;
#2785 = PLANE ( 'NONE',  #1627 ) ;
#2786 = CARTESIAN_POINT ( 'NONE',  ( 0.4550000000000002376, -0.4550000000000000155, 0.000000000000000000 ) ) ;
#2787 = PLANE ( 'NONE',  #8935 ) ;
#2788 = AXIS2_PLACEMENT_3D ( 'NONE', #1245, #7838, #1064 ) ;
#2789 = CARTESIAN_POINT ( 'NONE',  ( 0.4975511233783935783, -0.5002607509714263045, 0.2199999999999999734 ) ) ;
#2790 = EDGE_CURVE ( 'NONE', #441, #1793, #4214, .T. ) ;
#2791 = B_SPLINE_CURVE_WITH_KNOTS ( 'NONE', 3,
 ( #6187, #6986, #214, #3227 ),
 .UNSPECIFIED., .F., .F.,
 ( 4, 4 ),
 ( 15.00000000000000000, 16.00000000000000000 ),
 .UNSPECIFIED. ) ;
#2792 = EDGE_LOOP ( 'NONE', ( #2718, #6643, #1417, #7241 ) ) ;
#2793 = ORIENTED_EDGE ( 'NONE', *, *, #7259, .F. ) ;
#2794 = CARTESIAN_POINT ( 'NONE',  ( 0.4202080676204789089, -0.5801786075612667126, 0.2199999999999999734 ) ) ;
#2795 = B_SPLINE_SURFACE_WITH_KNOTS ( 'NONE', 3, 1, ( 
 ( #4685, #3253 ),
 ( #988, #3895 ),
 ( #5488, #1732 ),
 ( #4740, #7014 ) ),
 .UNSPECIFIED., .F., .F., .F.,
 ( 4, 4 ),
 ( 2, 2 ),
 ( 7.000000000000000000, 8.000000000000000000 ),
 ( 0.000000000000000000, 1.000000000000000000 ),
 .UNSPECIFIED. ) ;
#2796 =( LENGTH_UNIT ( ) NAMED_UNIT ( * ) SI_UNIT ( .MILLI., .METRE. ) );
#2797 = CARTESIAN_POINT ( 'NONE',  ( 0.4331687237310837824, -0.6014207144245777847, 0.2199999999999999734 ) ) ;
#2798 = CARTESIAN_POINT ( 'NONE',  ( 0.5466332642361452221, -0.5903292646869716664, 0.2199999999999999734 ) ) ;
#2799 =( GEOMETRIC_REPRESENTATION_CONTEXT ( 3 ) GLOBAL_UNCERTAINTY_ASSIGNED_CONTEXT ( ( #300 ) ) GLOBAL_UNIT_ASSIGNED_CONTEXT ( ( #8225, #9723, #2880 ) ) REPRESENTATION_CONTEXT ( 'NONE', 'WORKASPACE' ) );
#2800 = ORIENTED_EDGE ( 'NONE', *, *, #3550, .F. ) ;
#2801 = CARTESIAN_POINT ( 'NONE',  ( -0.04500000000000018568, -0.2050000000000000988, -0.01000000000000000021 ) ) ;
#2802 = ORIENTED_EDGE ( 'NONE', *, *, #727, .F. ) ;
#2803 = CARTESIAN_POINT ( 'NONE',  ( 0.5439470537532964389, -0.5654972912796583095, 0.2099999999999999922 ) ) ;
#2804 = VECTOR ( 'NONE', #947, 1000.000000000000000 ) ;
#2805 = DIRECTION ( 'NONE',  ( 0.000000000000000000, 1.000000000000000000, 0.000000000000000000 ) ) ;
#2806 = EDGE_LOOP ( 'NONE', ( #6427, #8251, #1753, #271 ) ) ;
#2807 = CARTESIAN_POINT ( 'NONE',  ( 0.4438764291137137219, -0.4650800588358516285, 0.2199999999999999734 ) ) ;
#2808 = CARTESIAN_POINT ( 'NONE',  ( 0.3704450900040795469, -0.5640613446618621962, 0.2099999999999999922 ) ) ;
#2809 = ORIENTED_EDGE ( 'NONE', *, *, #4397, .T. ) ;
#2810 = CARTESIAN_POINT ( 'NONE',  ( 0.4714193707048132675, -0.4752059582612774280, 0.2199999999999999734 ) ) ;
#2811 = CIRCLE ( 'NONE', #4082, 0.07999999999999998779 ) ;
#2812 = CARTESIAN_POINT ( 'NONE',  ( 0.1354533559019405198, -0.6132212958128574476, 0.2199999999999999734 ) ) ;
#2813 = CARTESIAN_POINT ( 'NONE',  ( -0.04500000000000075467, -0.5350000000000000311, 0.000000000000000000 ) ) ;
#2814 = CARTESIAN_POINT ( 'NONE',  ( 0.1702281093719816563, -0.5484920746822141702, 0.2199999999999999734 ) ) ;
#2815 = ORIENTED_EDGE ( 'NONE', *, *, #7198, .T. ) ;
#2816 = FILL_AREA_STYLE_COLOUR ( '', #2472 ) ;
#2817 = DIRECTION ( 'NONE',  ( 0.000000000000000000, -1.000000000000000000, 0.000000000000000000 ) ) ;
#2818 = CARTESIAN_POINT ( 'NONE',  ( 0.2318585729940072226, -0.5691503551888987822, 0.2099999999999999922 ) ) ;
#2819 = EDGE_CURVE ( 'NONE', #3223, #1594, #609, .T. ) ;
#2820 = CARTESIAN_POINT ( 'NONE',  ( 0.09207102003142031421, -0.4965021399933357005, 0.2099999999999999922 ) ) ;
#2821 = ORIENTED_EDGE ( 'NONE', *, *, #4645, .T. ) ;
#2822 = ORIENTED_EDGE ( 'NONE', *, *, #5212, .F. ) ;
#2823 = ORIENTED_EDGE ( 'NONE', *, *, #6024, .F. ) ;
#2824 = CARTESIAN_POINT ( 'NONE',  ( 0.1130735864969480003, -0.5006337717965224643, 0.2099999999999999922 ) ) ;
#2825 = ADVANCED_FACE ( 'NONE', ( #5841 ), #2088, .F. ) ;
#2826 = ORIENTED_EDGE ( 'NONE', *, *, #2952, .F. ) ;
#2827 =( LENGTH_UNIT ( ) NAMED_UNIT ( * ) SI_UNIT ( .MILLI., .METRE. ) );
#2828 = CARTESIAN_POINT ( 'NONE',  ( 0.5350000000000001421, 0.4549999999999994049, -0.01000000000000000021 ) ) ;
#2829 = CARTESIAN_POINT ( 'NONE',  ( 0.5177162702782722725, -0.5002607509714245282, 0.2099999999999999922 ) ) ;
#2830 = ADVANCED_FACE ( 'NONE', ( #8947 ), #6007, .F. ) ;
#2831 = CARTESIAN_POINT ( 'NONE',  ( 0.4928966757207836058, -0.5629720058482915457, 0.2199999999999999734 ) ) ;
#2832 = PLANE ( 'NONE',  #3134 ) ;
#2833 = ORIENTED_EDGE ( 'NONE', *, *, #6767, .T. ) ;
#2834 = EDGE_LOOP ( 'NONE', ( #7617, #8122, #3448, #8311 ) ) ;
#2835 = CYLINDRICAL_SURFACE ( 'NONE', #9161, 0.07999999999999993228 ) ;
#2836 = ORIENTED_EDGE ( 'NONE', *, *, #9504, .F. ) ;
#2837 = VECTOR ( 'NONE', #4052, 1000.000000000000000 ) ;
#2838 = EDGE_CURVE ( 'NONE', #13, #4119, #3608, .T. ) ;
#2839 = CARTESIAN_POINT ( 'NONE',  ( 0.5321995249576521037, -0.5797577266562032872, 0.2199999999999999734 ) ) ;
#2840 = DIRECTION ( 'NONE',  ( -0.000000000000000000, 1.000000000000000000, -0.000000000000000000 ) ) ;
#2841 = DIRECTION ( 'NONE',  ( 0.5048830486499330528, -0.8631877589412105811, 0.000000000000000000 ) ) ;
#2842 = EDGE_CURVE ( 'NONE', #943, #2024, #6689, .T. ) ;
#2843 = PLANE ( 'NONE',  #1695 ) ;
#2844 = EDGE_CURVE ( 'NONE', #9316, #5539, #2533, .T. ) ;
#2845 = ORIENTED_EDGE ( 'NONE', *, *, #975, .F. ) ;
#2846 = VERTEX_POINT ( 'NONE', #6379 ) ;
#2847 = EDGE_CURVE ( 'NONE', #2165, #8846, #8647, .T. ) ;
#2848 = CARTESIAN_POINT ( 'NONE',  ( -0.4550000000000002376, 0.3649999999999999356, -0.01000000000000000021 ) ) ;
#2849 = LINE ( 'NONE', #4431, #8536 ) ;
#2850 = AXIS2_PLACEMENT_3D ( 'NONE', #4241, #6371, #2767 ) ;
#2851 = B_SPLINE_CURVE_WITH_KNOTS ( 'NONE', 3,
 ( #152, #6177, #4702, #7722 ),
 .UNSPECIFIED., .F., .F.,
 ( 4, 4 ),
 ( 17.00000000000000000, 18.00000000000000000 ),
 .UNSPECIFIED. ) ;
#2852 = DIRECTION ( 'NONE',  ( 1.000000000000000000, 0.000000000000000000, 0.000000000000000000 ) ) ;
#2853 = EDGE_LOOP ( 'NONE', ( #9569, #4568, #1651, #8497, #6731, #4450 ) ) ;
#2854 = CARTESIAN_POINT ( 'NONE',  ( 0.4755786643565521055, -0.5685177307169276828, 0.2199999999999999734 ) ) ;
#2855 = DIRECTION ( 'NONE',  ( 1.000000000000000000, 0.000000000000000000, 0.000000000000000000 ) ) ;
#2856 = ORIENTED_EDGE ( 'NONE', *, *, #6883, .T. ) ;
#2857 = VECTOR ( 'NONE', #9290, 1000.000000000000000 ) ;
#2858 = CARTESIAN_POINT ( 'NONE',  ( 0.4749597218485881456, -0.4782511553988247344, 0.2199999999999999734 ) ) ;
#2859 = CARTESIAN_POINT ( 'NONE',  ( 0.3909568447081847031, -0.5143231247457424882, 0.2199999999999999734 ) ) ;
#2860 = CARTESIAN_POINT ( 'NONE',  ( 0.2318585729940072226, -0.5691503551888987822, 0.2199999999999999734 ) ) ;
#2861 = B_SPLINE_CURVE_WITH_KNOTS ( 'NONE', 3,
 ( #1001, #206, #9085, #3216 ),
 .UNSPECIFIED., .F., .F.,
 ( 4, 4 ),
 ( 0.000000000000000000, 1.000000000000000000 ),
 .UNSPECIFIED. ) ;
#2862 = CARTESIAN_POINT ( 'NONE',  ( 0.3912786948121361186, -0.5087526421768254759, 0.2099999999999999922 ) ) ;
#2863 = EDGE_LOOP ( 'NONE', ( #454, #702, #3782, #7863, #9638, #3776, #3877, #663, #8312, #8627, #2271, #2244 ) ) ;
#2864 = PRESENTATION_LAYER_ASSIGNMENT (  '', '', ( #6967 ) ) ;
#2865 = DIRECTION ( 'NONE',  ( -1.000000000000000000, 0.000000000000000000, -0.000000000000000000 ) ) ;
#2866 = CARTESIAN_POINT ( 'NONE',  ( 0.3780333251481621248, -0.5911462687971523744, 0.2199999999999999734 ) ) ;
#2867 = PLANE ( 'NONE',  #3474 ) ;
#2868 = ORIENTED_EDGE ( 'NONE', *, *, #8789, .T. ) ;
#2869 = ORIENTED_EDGE ( 'NONE', *, *, #302, .T. ) ;
#2870 = ORIENTED_EDGE ( 'NONE', *, *, #7054, .F. ) ;
#2871 = AXIS2_PLACEMENT_3D ( 'NONE', #3994, #2608, #2045 ) ;
#2872 = B_SPLINE_SURFACE_WITH_KNOTS ( 'NONE', 3, 1, ( 
 ( #3880, #5568 ),
 ( #6899, #8429 ),
 ( #4722, #1658 ),
 ( #4670, #7793 ) ),
 .UNSPECIFIED., .F., .F., .F.,
 ( 4, 4 ),
 ( 2, 2 ),
 ( 3.000000000000000000, 4.000000000000000000 ),
 ( 0.000000000000000000, 1.000000000000000000 ),
 .UNSPECIFIED. ) ;
#2873 = ORIENTED_EDGE ( 'NONE', *, *, #5149, .T. ) ;
#2874 = DIRECTION ( 'NONE',  ( -1.000000000000000000, -0.000000000000000000, -0.000000000000000000 ) ) ;
#2875 = DIRECTION ( 'NONE',  ( 0.000000000000000000, -0.000000000000000000, -1.000000000000000000 ) ) ;
#2876 = ORIENTED_EDGE ( 'NONE', *, *, #7474, .T. ) ;
#2877 = FACE_OUTER_BOUND ( 'NONE', #8604, .T. ) ;
#2878 = CARTESIAN_POINT ( 'NONE',  ( 0.4222505778957591493, -0.5554456649550705283, 0.2199999999999999734 ) ) ;
#2879 = CARTESIAN_POINT ( 'NONE',  ( 0.1488812306791047479, -0.4696464002896328371, 0.2199999999999999734 ) ) ;
#2880 =( NAMED_UNIT ( * ) SI_UNIT ( $, .STERADIAN. ) SOLID_ANGLE_UNIT ( ) );
#2881 = CARTESIAN_POINT ( 'NONE',  ( 0.4140310213940805451, -0.5598772933098575821, 0.2099999999999999922 ) ) ;
#2882 = CARTESIAN_POINT ( 'NONE',  ( 0.3862405027998652707, -0.5890913796717301976, 0.2199999999999999734 ) ) ;
#2883 = EDGE_LOOP ( 'NONE', ( #406, #1683, #4707, #1220 ) ) ;
#2884 = B_SPLINE_CURVE_WITH_KNOTS ( 'NONE', 3,
 ( #5971, #741, #4441, #5291 ),
 .UNSPECIFIED., .F., .F.,
 ( 4, 4 ),
 ( 8.000000000000000000, 9.000000000000000000 ),
 .UNSPECIFIED. ) ;
#2885 = VERTEX_POINT ( 'NONE', #7921 ) ;
#2886 = CARTESIAN_POINT ( 'NONE',  ( 0.3887905459313502066, -0.5791387841485818866, 0.2199999999999999734 ) ) ;
#2887 = ORIENTED_EDGE ( 'NONE', *, *, #7505, .F. ) ;
#2888 = EDGE_CURVE ( 'NONE', #4075, #8846, #4704, .T. ) ;
#2889 = CARTESIAN_POINT ( 'NONE',  ( 0.4464388510951726174, -0.5839417780078779430, 0.2099999999999999922 ) ) ;
#2890 = VECTOR ( 'NONE', #6486, 1000.000000000000000 ) ;
#2891 = CARTESIAN_POINT ( 'NONE',  ( 0.4149346774552308270, -0.4706505414047669200, 0.2199999999999999734 ) ) ;
#2892 = CARTESIAN_POINT ( 'NONE',  ( 0.3822668919005590693, -0.5861699710355784410, 0.2099999999999999922 ) ) ;
#2893 = CARTESIAN_POINT ( 'NONE',  ( 0.1230584112395674695, -0.5536566398834067426, 0.2099999999999999922 ) ) ;
#2894 = EDGE_CURVE ( 'NONE', #7971, #5828, #7499, .T. ) ;
#2895 = ORIENTED_EDGE ( 'NONE', *, *, #2847, .T. ) ;
#2896 = B_SPLINE_CURVE_WITH_KNOTS ( 'NONE', 3,
 ( #8059, #4941, #1179, #9417 ),
 .UNSPECIFIED., .F., .F.,
 ( 4, 4 ),
 ( 33.00000000000000000, 34.00000000000000000 ),
 .UNSPECIFIED. ) ;
#2897 = ADVANCED_FACE ( 'NONE', ( #5552 ), #7438, .F. ) ;
#2898 = VERTEX_POINT ( 'NONE', #9192 ) ;
#2899 = EDGE_CURVE ( 'NONE', #8257, #6041, #4786, .T. ) ;
#2900 = FACE_BOUND ( 'NONE', #9708, .T. ) ;
#2901 = LINE ( 'NONE', #2215, #2230 ) ;
#2902 = LINE ( 'NONE', #3751, #9527 ) ;
#2903 = ORIENTED_EDGE ( 'NONE', *, *, #6149, .T. ) ;
#2904 = CARTESIAN_POINT ( 'NONE',  ( 0.2428763147170815428, -0.4699907043081231195, 0.2199999999999999734 ) ) ;
#2905 = AXIS2_PLACEMENT_3D ( 'NONE', #8708, #1946, #4964 ) ;
#2906 = EDGE_CURVE ( 'NONE', #1733, #5786, #8473, .T. ) ;
#2907 = ORIENTED_EDGE ( 'NONE', *, *, #73, .T. ) ;
#2908 = SURFACE_SIDE_STYLE ('',( #3654 ) ) ;
#2909 =( GEOMETRIC_REPRESENTATION_CONTEXT ( 3 ) GLOBAL_UNCERTAINTY_ASSIGNED_CONTEXT ( ( #3262 ) ) GLOBAL_UNIT_ASSIGNED_CONTEXT ( ( #2267, #8303, #1531 ) ) REPRESENTATION_CONTEXT ( 'NONE', 'WORKASPACE' ) );
#2910 = AXIS2_PLACEMENT_3D ( 'NONE', #4348, #2817, #6617 ) ;
#2911 = CARTESIAN_POINT ( 'NONE',  ( 0.4225352914492895295, -0.5883981640632763854, 0.2099999999999999922 ) ) ;
#2912 = CARTESIAN_POINT ( 'NONE',  ( 0.1354533559019405198, -0.6132212958128574476, 0.2099999999999999922 ) ) ;
#2913 = CARTESIAN_POINT ( 'NONE',  ( 0.3887905459313502066, -0.5903292646869716664, 0.2099999999999999922 ) ) ;
#2914 = SURFACE_STYLE_FILL_AREA ( #7566 ) ;
#2915 = ORIENTED_EDGE ( 'NONE', *, *, #3811, .T. ) ;
#2916 = SURFACE_STYLE_FILL_AREA ( #2072 ) ;
#2917 = CARTESIAN_POINT ( 'NONE',  ( 0.4202080676204789089, -0.5815155233779537580, 0.2199999999999999734 ) ) ;
#2918 = CARTESIAN_POINT ( 'NONE',  ( 0.3587842131597400730, -0.5629720058482915457, 0.2199999999999999734 ) ) ;
#2919 = SURFACE_SIDE_STYLE ('',( #4396 ) ) ;
#2920 = VERTEX_POINT ( 'NONE', #6339 ) ;
#2921 = ORIENTED_EDGE ( 'NONE', *, *, #4347, .T. ) ;
#2922 = SURFACE_STYLE_FILL_AREA ( #6679 ) ;
#2923 = CARTESIAN_POINT ( 'NONE',  ( 0.5320633576057908209, -0.5520291023126873142, 0.2199999999999999734 ) ) ;
#2924 = VECTOR ( 'NONE', #7884, 1000.000000000000000 ) ;
#2925 = CARTESIAN_POINT ( 'NONE',  ( 0.5535406626217471704, -0.5903292646869716664, 0.2199999999999999734 ) ) ;
#2926 = EDGE_LOOP ( 'NONE', ( #2442, #4001, #8405, #5490 ) ) ;
#2927 = CARTESIAN_POINT ( 'NONE',  ( 0.2428763147170815428, -0.4699907043081231195, 0.2099999999999999922 ) ) ;
#2928 = CARTESIAN_POINT ( 'NONE',  ( 0.4048335357300853476, -0.5705478621420710938, 0.2199999999999999734 ) ) ;
#2929 = CARTESIAN_POINT ( 'NONE',  ( 0.3777857481450481170, -0.4716903648177822039, 0.2199999999999999734 ) ) ;
#2930 = DIRECTION ( 'NONE',  ( -1.000000000000000000, 0.000000000000000000, 0.000000000000000000 ) ) ;
#2931 = VERTEX_POINT ( 'NONE', #3976 ) ;
#2932 = COLOUR_RGB ( '',0.6666666666666666297, 0.6666666666666666297, 0.6666666666666666297 ) ;
#2933 = CARTESIAN_POINT ( 'NONE',  ( 0.4501277484412766761, -0.4706505414047669200, 0.2199999999999999734 ) ) ;
#2934 = ORIENTED_EDGE ( 'NONE', *, *, #1940, .T. ) ;
#2935 = CARTESIAN_POINT ( 'NONE',  ( 0.4159868797182213473, -0.5598772933098575821, 0.2199999999999999734 ) ) ;
#2936 = B_SPLINE_SURFACE_WITH_KNOTS ( 'NONE', 3, 1, ( 
 ( #6200, #4730 ),
 ( #7802, #7751 ),
 ( #7001, #230 ),
 ( #1025, #4035 ) ),
 .UNSPECIFIED., .F., .F., .F.,
 ( 4, 4 ),
 ( 2, 2 ),
 ( 6.000000000000000000, 7.000000000000000000 ),
 ( 0.000000000000000000, 1.000000000000000000 ),
 .UNSPECIFIED. ) ;
#2937 = ORIENTED_EDGE ( 'NONE', *, *, #4166, .F. ) ;
#2938 = CARTESIAN_POINT ( 'NONE',  ( 0.3749757491603115112, -0.5846102359163863893, 0.2199999999999999734 ) ) ;
#2939 = COLOUR_RGB ( '',1.000000000000000000, 1.000000000000000000, 1.000000000000000000 ) ;
#2940 = SURFACE_SIDE_STYLE ('',( #1301 ) ) ;
#2941 = DIRECTION ( 'NONE',  ( -0.000000000000000000, -0.000000000000000000, -1.000000000000000000 ) ) ;
#2942 = DIRECTION ( 'NONE',  ( 0.000000000000000000, 1.000000000000000000, -0.000000000000000000 ) ) ;
#2943 = CARTESIAN_POINT ( 'NONE',  ( 0.2428763147170815428, -0.4699907043081231195, 0.2199999999999999734 ) ) ;
#2944 = CARTESIAN_POINT ( 'NONE',  ( 0.3855844237416622411, -0.5143231247457424882, 0.2199999999999999734 ) ) ;
#2945 = DIRECTION ( 'NONE',  ( 0.000000000000000000, -0.000000000000000000, -1.000000000000000000 ) ) ;
#2946 = EDGE_CURVE ( 'NONE', #8418, #1085, #6534, .T. ) ;
#2947 = VERTEX_POINT ( 'NONE', #4958 ) ;
#2948 =( GEOMETRIC_REPRESENTATION_CONTEXT ( 3 ) GLOBAL_UNCERTAINTY_ASSIGNED_CONTEXT ( ( #3458 ) ) GLOBAL_UNIT_ASSIGNED_CONTEXT ( ( #6616, #5046, #591 ) ) REPRESENTATION_CONTEXT ( 'NONE', 'WORKASPACE' ) );
#2949 = CARTESIAN_POINT ( 'NONE',  ( 0.2742080050182409967, -0.5426389178617498921, 0.2099999999999999922 ) ) ;
#2950 = CARTESIAN_POINT ( 'NONE',  ( 0.4093641948861510005, -0.5645317409674827092, 0.2099999999999999922 ) ) ;
#2951 = CARTESIAN_POINT ( 'NONE',  ( 0.1850331870887744201, -0.5787908611372496459, 0.2199999999999999734 ) ) ;
#2952 = EDGE_CURVE ( 'NONE', #9185, #1846, #5515, .T. ) ;
#2953 = ORIENTED_EDGE ( 'NONE', *, *, #3370, .T. ) ;
#2954 = VECTOR ( 'NONE', #7146, 1000.000000000000000 ) ;
#2955 = EDGE_CURVE ( 'NONE', #2487, #3102, #7266, .T. ) ;
#2956 = ORIENTED_EDGE ( 'NONE', *, *, #1464, .F. ) ;
#2957 = CARTESIAN_POINT ( 'NONE',  ( 0.4549999999999995159, 0.1250000000000000278, -0.01000000000000000021 ) ) ;
#2958 = VECTOR ( 'NONE', #9399, 1000.000000000000000 ) ;
#2959 = DIRECTION ( 'NONE',  ( -0.3385350342957081371, -0.9409537876826914449, 0.000000000000000000 ) ) ;
#2960 = CARTESIAN_POINT ( 'NONE',  ( -0.3650000000000001577, 0.4550000000000000155, 0.000000000000000000 ) ) ;
#2961 = EDGE_CURVE ( 'NONE', #4471, #5077, #1194, .T. ) ;
#2962 = VERTEX_POINT ( 'NONE', #4856 ) ;
#2963 =( LENGTH_UNIT ( ) NAMED_UNIT ( * ) SI_UNIT ( .MILLI., .METRE. ) );
#2964 = CARTESIAN_POINT ( 'NONE',  ( 0.4549999999999995159, 0.5350000000000000311, -0.01000000000000000021 ) ) ;
#2965 = FACE_OUTER_BOUND ( 'NONE', #5963, .T. ) ;
#2966 = EDGE_CURVE ( 'NONE', #2165, #8018, #9132, .T. ) ;
#2967 = ADVANCED_FACE ( 'NONE', ( #9322 ), #5931, .F. ) ;
#2968 = CARTESIAN_POINT ( 'NONE',  ( 0.5373738843214531657, -0.5596297163067416314, 0.2099999999999999922 ) ) ;
#2969 = ORIENTED_EDGE ( 'NONE', *, *, #4849, .F. ) ;
#2970 = EDGE_LOOP ( 'NONE', ( #2464, #6185, #8737, #6191 ) ) ;
#2971 = B_SPLINE_CURVE_WITH_KNOTS ( 'NONE', 3,
 ( #8179, #1396, #4407, #7424 ),
 .UNSPECIFIED., .F., .F.,
 ( 4, 4 ),
 ( 3.000000000000000000, 4.000000000000000000 ),
 .UNSPECIFIED. ) ;
#2972 = ORIENTED_EDGE ( 'NONE', *, *, #5452, .T. ) ;
#2973 = CARTESIAN_POINT ( 'NONE',  ( 0.4470577936031209787, -0.5817878580813445888, 0.2099999999999999922 ) ) ;
#2974 = VECTOR ( 'NONE', #5365, 1000.000000000000000 ) ;
#2975 = VECTOR ( 'NONE', #3868, 1000.000000000000000 ) ;
#2976 = CARTESIAN_POINT ( 'NONE',  ( 0.3740473353987163740, -0.5036525559135289765, 0.2199999999999999734 ) ) ;
#2977 = ORIENTED_EDGE ( 'NONE', *, *, #6068, .T. ) ;
#2978 = SURFACE_STYLE_USAGE ( .BOTH. , #5060 ) ;
#2979 = CARTESIAN_POINT ( 'NONE',  ( -0.4550000000000002376, 0.5350000000000000311, 0.000000000000000000 ) ) ;
#2980 = SURFACE_STYLE_USAGE ( .BOTH. , #6637 ) ;
#2981 = CARTESIAN_POINT ( 'NONE',  ( 0.4319184598655385621, -0.6064465275867065852, 0.2199999999999999734 ) ) ;
#2982 = ORIENTED_EDGE ( 'NONE', *, *, #7117, .T. ) ;
#2983 = DIRECTION ( 'NONE',  ( -0.000000000000000000, -0.000000000000000000, -1.000000000000000000 ) ) ;
#2984 = EDGE_LOOP ( 'NONE', ( #1985, #7227, #147, #1406 ) ) ;
#2985 = PRESENTATION_STYLE_ASSIGNMENT (( #3680 ) ) ;
#2986 = CARTESIAN_POINT ( 'NONE',  ( 0.1320103255684831056, -0.5006337717965224643, 0.2099999999999999922 ) ) ;
#2987 = VERTEX_POINT ( 'NONE', #1881 ) ;
#2988 = CARTESIAN_POINT ( 'NONE',  ( 0.3861909873991450914, -0.5833475932005369735, 0.2099999999999999922 ) ) ;
#2989 = ORIENTED_EDGE ( 'NONE', *, *, #2672, .F. ) ;
#2990 = VECTOR ( 'NONE', #3430, 1000.000000000000000 ) ;
#2991 = CARTESIAN_POINT ( 'NONE',  ( 0.3813632358394068445, -0.5087526421768254759, 0.2099999999999999922 ) ) ;
#2992 = LINE ( 'NONE', #1413, #6044 ) ;
#2993 = CARTESIAN_POINT ( 'NONE',  ( -0.6203967675046135888, 0.5657689154935456877, 0.1899999999999999745 ) ) ;
#2994 = FACE_OUTER_BOUND ( 'NONE', #5910, .T. ) ;
#2995 = CARTESIAN_POINT ( 'NONE',  ( 0.4714193707048132675, -0.4752059582612774280, 0.2099999999999999922 ) ) ;
#2996 = CARTESIAN_POINT ( 'NONE',  ( 0.6999999999999997335, -0.6999999999999999556, 0.000000000000000000 ) ) ;
#2997 = ORIENTED_EDGE ( 'NONE', *, *, #6951, .F. ) ;
#2998 = CARTESIAN_POINT ( 'NONE',  ( 0.2742080050182409967, -0.5426389178617498921, 0.2199999999999999734 ) ) ;
#2999 = CARTESIAN_POINT ( 'NONE',  ( 0.5067733667426660427, -0.4746612888544927689, 0.2099999999999999922 ) ) ;
#3000 = EDGE_CURVE ( 'NONE', #4287, #5103, #6912, .T. ) ;
#3001 = DIRECTION ( 'NONE',  ( 0.000000000000000000, 0.000000000000000000, -1.000000000000000000 ) ) ;
#3002 = ORIENTED_EDGE ( 'NONE', *, *, #8864, .F. ) ;
#3003 = AXIS2_PLACEMENT_3D ( 'NONE', #9412, #8768, #6556 ) ;
#3004 = VERTEX_POINT ( 'NONE', #6785 ) ;
#3005 = DIRECTION ( 'NONE',  ( -0.000000000000000000, -0.000000000000000000, -1.000000000000000000 ) ) ;
#3006 = COLOUR_RGB ( '',0.6666666666666666297, 0.6666666666666666297, 0.6666666666666666297 ) ;
#3007 = SURFACE_SIDE_STYLE ('',( #3054 ) ) ;
#3008 = CARTESIAN_POINT ( 'NONE',  ( 0.3737997583957675674, -0.5835704125033737144, 0.2199999999999999734 ) ) ;
#3009 = EDGE_CURVE ( 'NONE', #4319, #6043, #2135, .T. ) ;
#3010 = DIRECTION ( 'NONE',  ( -1.000000000000000000, -0.000000000000000000, -0.000000000000000000 ) ) ;
#3011 = DIRECTION ( 'NONE',  ( -0.000000000000000000, -0.000000000000000000, 1.000000000000000000 ) ) ;
#3012 = ORIENTED_EDGE ( 'NONE', *, *, #8987, .T. ) ;
#3013 =( NAMED_UNIT ( * ) PLANE_ANGLE_UNIT ( ) SI_UNIT ( $, .RADIAN. ) );
#3014 = DIRECTION ( 'NONE',  ( -0.000000000000000000, -0.000000000000000000, -1.000000000000000000 ) ) ;
#3015 = AXIS2_PLACEMENT_3D ( 'NONE', #5034, #5959, #8965 ) ;
#3016 = B_SPLINE_SURFACE_WITH_KNOTS ( 'NONE', 3, 1, ( 
 ( #1776, #6110 ),
 ( #7813, #3103 ),
 ( #5384, #93 ),
 ( #4737, #2411 ) ),
 .UNSPECIFIED., .F., .F., .F.,
 ( 4, 4 ),
 ( 2, 2 ),
 ( 6.000000000000000000, 7.000000000000000000 ),
 ( 0.000000000000000000, 1.000000000000000000 ),
 .UNSPECIFIED. ) ;
#3017 = FILL_AREA_STYLE_COLOUR ( '', #1584 ) ;
#3018 = VERTEX_POINT ( 'NONE', #8173 ) ;
#3019 = ORIENTED_EDGE ( 'NONE', *, *, #1454, .T. ) ;
#3020 = VERTEX_POINT ( 'NONE', #60 ) ;
#3021 = ADVANCED_FACE ( 'NONE', ( #6626 ), #7732, .T. ) ;
#3022 = DIRECTION ( 'NONE',  ( 0.000000000000000000, 0.000000000000000000, 1.000000000000000000 ) ) ;
#3023 = VECTOR ( 'NONE', #8774, 1000.000000000000000 ) ;
#3024 = EDGE_CURVE ( 'NONE', #5834, #5499, #7487, .T. ) ;
#3025 = EDGE_CURVE ( 'NONE', #315, #2521, #8212, .T. ) ;
#3026 = CARTESIAN_POINT ( 'NONE',  ( 0.5902068167760066153, -0.5903292646869717775, 0.2099999999999999922 ) ) ;
#3027 = EDGE_LOOP ( 'NONE', ( #9383, #2485, #2513, #5104, #7696, #8717, #9431 ) ) ;
#3028 = CARTESIAN_POINT ( 'NONE',  ( 0.3948561825064956787, -0.5903292646869716664, 0.2199999999999999734 ) ) ;
#3029 = FACE_OUTER_BOUND ( 'NONE', #3113, .T. ) ;
#3030 = CARTESIAN_POINT ( 'NONE',  ( 0.4571960718786874378, -0.5135061206355617802, 0.2199999999999999734 ) ) ;
#3031 = CARTESIAN_POINT ( 'NONE',  ( 0.4186483325011223222, -0.5782227492372935540, 0.2099999999999999922 ) ) ;
#3032 = EDGE_LOOP ( 'NONE', ( #5507, #2755, #5181, #6542, #732, #9713, #2451, #613, #1287, #5107, #806, #5332, #2783, #9489 ) ) ;
#3033 = COLOUR_RGB ( '',0.6666666666666666297, 0.6666666666666666297, 0.6666666666666666297 ) ;
#3034 = DIRECTION ( 'NONE',  ( -1.000000000000000000, 0.000000000000000000, -0.000000000000000000 ) ) ;
#3035 = ORIENTED_EDGE ( 'NONE', *, *, #301, .T. ) ;
#3036 = ADVANCED_FACE ( 'NONE', ( #6669 ), #4433, .F. ) ;
#3037 = SURFACE_STYLE_FILL_AREA ( #7483 ) ;
#3038 = CARTESIAN_POINT ( 'NONE',  ( 0.3861909873991450914, -0.5833475932005369735, 0.2099999999999999922 ) ) ;
#3039 = ORIENTED_EDGE ( 'NONE', *, *, #6717, .T. ) ;
#3040 = DIRECTION ( 'NONE',  ( -1.000000000000000000, -0.000000000000000000, -0.000000000000000000 ) ) ;
#3041 = ORIENTED_EDGE ( 'NONE', *, *, #5186, .T. ) ;
#3042 = SURFACE_STYLE_USAGE ( .BOTH. , #2940 ) ;
#3043 = LINE ( 'NONE', #81, #3839 ) ;
#3044 = CARTESIAN_POINT ( 'NONE',  ( -0.5613595772881996293, 0.5657689154935456877, 0.1899999999999999745 ) ) ;
#3045 = CARTESIAN_POINT ( 'NONE',  ( 0.3587842131597400730, -0.5629720058482915457, 0.2099999999999999922 ) ) ;
#3046 = CARTESIAN_POINT ( 'NONE',  ( 0.4404970030217488230, -0.5965434474641180262, 0.2199999999999999734 ) ) ;
#3047 = CARTESIAN_POINT ( 'NONE',  ( 0.5415084202729018026, -0.5525985294197498510, 0.2199999999999999734 ) ) ;
#3048 = EDGE_LOOP ( 'NONE', ( #1961, #412, #7571, #1386, #4205, #3061, #2083, #2921 ) ) ;
#3049 = DIRECTION ( 'NONE',  ( 0.000000000000000000, -0.000000000000000000, -1.000000000000000000 ) ) ;
#3050 = CARTESIAN_POINT ( 'NONE',  ( 0.1368305851097446069, -0.4803198330689036899, 0.2099999999999999922 ) ) ;
#3051 = VECTOR ( 'NONE', #6945, 1000.000000000000000 ) ;
#3052 = VERTEX_POINT ( 'NONE', #7563 ) ;
#3053 = ORIENTED_EDGE ( 'NONE', *, *, #4455, .T. ) ;
#3054 = SURFACE_STYLE_FILL_AREA ( #5184 ) ;
#3055 = FACE_OUTER_BOUND ( 'NONE', #8872, .T. ) ;
#3056 = VECTOR ( 'NONE', #8489, 999.9999999999998863 ) ;
#3057 = CARTESIAN_POINT ( 'NONE',  ( 0.4149346774552308270, -0.4706505414047669200, 0.2099999999999999922 ) ) ;
#3058 = FACE_OUTER_BOUND ( 'NONE', #1544, .T. ) ;
#3059 = ORIENTED_EDGE ( 'NONE', *, *, #1762, .F. ) ;
#3060 = PRESENTATION_STYLE_ASSIGNMENT (( #2508 ) ) ;
#3061 = ORIENTED_EDGE ( 'NONE', *, *, #5370, .T. ) ;
#3062 = ORIENTED_EDGE ( 'NONE', *, *, #9546, .T. ) ;
#3063 = EDGE_CURVE ( 'NONE', #8784, #5017, #5960, .T. ) ;
#3064 =( GEOMETRIC_REPRESENTATION_CONTEXT ( 3 ) GLOBAL_UNCERTAINTY_ASSIGNED_CONTEXT ( ( #8010 ) ) GLOBAL_UNIT_ASSIGNED_CONTEXT ( ( #1937, #1010, #4813 ) ) REPRESENTATION_CONTEXT ( 'NONE', 'WORKASPACE' ) );
#3065 = ORIENTED_EDGE ( 'NONE', *, *, #7608, .F. ) ;
#3066 = VECTOR ( 'NONE', #4995, 1000.000000000000000 ) ;
#3067 = CARTESIAN_POINT ( 'NONE',  ( 0.4202080676204789089, -0.5815155233779537580, 0.2099999999999999922 ) ) ;
#3068 = CARTESIAN_POINT ( 'NONE',  ( 0.5295628298750284513, -0.5135061206355617802, 0.2199999999999999734 ) ) ;
#3069 = EDGE_LOOP ( 'NONE', ( #5249, #4042, #2001, #7089 ) ) ;
#3070 = STYLED_ITEM ( 'NONE', ( #8037 ), #3501 ) ;
#3071 = CARTESIAN_POINT ( 'NONE',  ( 0.4086833581278346283, -0.4650800588358516285, 0.2199999999999999734 ) ) ;
#3072 = EDGE_CURVE ( 'NONE', #6663, #3871, #2, .T. ) ;
#3073 = DIRECTION ( 'NONE',  ( -0.000000000000000000, 1.000000000000000000, -0.000000000000000000 ) ) ;
#3074 = DIRECTION ( 'NONE',  ( -0.000000000000000000, -0.000000000000000000, -1.000000000000000000 ) ) ;
#3075 = CARTESIAN_POINT ( 'NONE',  ( 0.4571960718786874378, -0.5135061206355617802, 0.2099999999999999922 ) ) ;
#3076 = DIRECTION ( 'NONE',  ( -0.000000000000000000, 1.000000000000000000, -0.000000000000000000 ) ) ;
#3077 = EDGE_CURVE ( 'NONE', #573, #480, #8352, .T. ) ;
#3078 = EDGE_CURVE ( 'NONE', #5442, #1648, #9587, .T. ) ;
#3079 = ORIENTED_EDGE ( 'NONE', *, *, #7675, .F. ) ;
#3080 = DIRECTION ( 'NONE',  ( -0.000000000000000000, -0.000000000000000000, -1.000000000000000000 ) ) ;
#3081 = VECTOR ( 'NONE', #4716, 1000.000000000000000 ) ;
#3082 = VERTEX_POINT ( 'NONE', #9021 ) ;
#3083 = CARTESIAN_POINT ( 'NONE',  ( 0.1960509288116845938, -0.4520868772915670464, 0.2199999999999999734 ) ) ;
#3084 = EDGE_LOOP ( 'NONE', ( #1160, #118, #7033, #746 ) ) ;
#3085 = CARTESIAN_POINT ( 'NONE',  ( 0.4749597218485881456, -0.4782511553988247344, 0.2099999999999999922 ) ) ;
#3086 = ADVANCED_FACE ( 'NONE', ( #8973 ), #7458, .F. ) ;
#3087 = CARTESIAN_POINT ( 'NONE',  ( 0.5350000000000001421, 0.4549999999999994049, -0.01000000000000000021 ) ) ;
#3088 = B_SPLINE_CURVE_WITH_KNOTS ( 'NONE', 3,
 ( #3471, #5005, #3368, #1193 ),
 .UNSPECIFIED., .F., .F.,
 ( 4, 4 ),
 ( 4.000000000000000000, 5.000000000000000000 ),
 .UNSPECIFIED. ) ;
#3089 = LINE ( 'NONE', #6098, #3773 ) ;
#3090 = DIRECTION ( 'NONE',  ( 1.000000000000000000, 2.950894056614934759E-12, -0.000000000000000000 ) ) ;
#3091 = FILL_AREA_STYLE ('',( #6050 ) ) ;
#3092 = EDGE_CURVE ( 'NONE', #2140, #6663, #665, .T. ) ;
#3093 = EDGE_CURVE ( 'NONE', #2777, #8951, #2560, .T. ) ;
#3094 = ORIENTED_EDGE ( 'NONE', *, *, #5381, .T. ) ;
#3095 = VECTOR ( 'NONE', #5010, 1000.000000000000000 ) ;
#3096 = B_SPLINE_SURFACE_WITH_KNOTS ( 'NONE', 3, 1, ( 
 ( #4586, #8164 ),
 ( #51, #5338 ),
 ( #3708, #3848 ),
 ( #5187, #1430 ) ),
 .UNSPECIFIED., .F., .F., .F.,
 ( 4, 4 ),
 ( 2, 2 ),
 ( 7.000000000000000000, 8.000000000000000000 ),
 ( 0.000000000000000000, 1.000000000000000000 ),
 .UNSPECIFIED. ) ;
#3097 = PLANE ( 'NONE',  #5619 ) ;
#3098 = AXIS2_PLACEMENT_3D ( 'NONE', #1303, #1861, #4884 ) ;
#3099 = DIRECTION ( 'NONE',  ( 0.000000000000000000, -0.000000000000000000, -1.000000000000000000 ) ) ;
#3100 = LINE ( 'NONE', #1529, #5712 ) ;
#3101 = LINE ( 'NONE', #2457, #9663 ) ;
#3102 = VERTEX_POINT ( 'NONE', #586 ) ;
#3103 = CARTESIAN_POINT ( 'NONE',  ( 0.3827001516559251360, -0.5911462687971523744, 0.2099999999999999922 ) ) ;
#3104 =( GEOMETRIC_REPRESENTATION_CONTEXT ( 3 ) GLOBAL_UNCERTAINTY_ASSIGNED_CONTEXT ( ( #5544 ) ) GLOBAL_UNIT_ASSIGNED_CONTEXT ( ( #6687, #5987, #5159 ) ) REPRESENTATION_CONTEXT ( 'NONE', 'WORKASPACE' ) );
#3105 = DIRECTION ( 'NONE',  ( 0.000000000000000000, 0.000000000000000000, -1.000000000000000000 ) ) ;
#3106 = DIRECTION ( 'NONE',  ( 0.000000000000000000, 1.000000000000000000, -0.000000000000000000 ) ) ;
#3107 = EDGE_LOOP ( 'NONE', ( #2815, #5543, #2092, #553 ) ) ;
#3108 = CARTESIAN_POINT ( 'NONE',  ( 0.5764291565555521579, -0.5716124432553577606, 0.2199999999999999734 ) ) ;
#3109 = CARTESIAN_POINT ( 'NONE',  ( 0.3989907184577749510, -0.4662436707502577438, 0.2099999999999999922 ) ) ;
#3110 = ORIENTED_EDGE ( 'NONE', *, *, #2284, .F. ) ;
#3111 = ORIENTED_EDGE ( 'NONE', *, *, #100, .F. ) ;
#3112 = VECTOR ( 'NONE', #4930, 1000.000000000000000 ) ;
#3113 = EDGE_LOOP ( 'NONE', ( #7489, #3480, #7582, #7974, #5652, #4184, #9727, #4744, #64, #8066, #6673, #452, #248, #9402, #1601, #9058, #4451, #6895, #5340, #5250, #1283, #8738, #7435, #7480, #5992, #28, #6460, #1452, #2982, #9105, #7108, #3130, #2903 ) ) ;
#3114 = CARTESIAN_POINT ( 'NONE',  ( 0.4130530922319272102, -0.5861947287358537650, 0.2099999999999999922 ) ) ;
#3115 = ORIENTED_EDGE ( 'NONE', *, *, #2844, .T. ) ;
#3116 = EDGE_CURVE ( 'NONE', #6942, #8908, #6721, .T. ) ;
#3117 = COLOUR_RGB ( '',0.6666666666666666297, 0.6666666666666666297, 0.6666666666666666297 ) ;
#3118 = FACE_OUTER_BOUND ( 'NONE', #4351, .T. ) ;
#3119 = CARTESIAN_POINT ( 'NONE',  ( 0.3948561825064956787, -0.5593078662027937131, 0.2199999999999999734 ) ) ;
#3120 = CARTESIAN_POINT ( 'NONE',  ( 0.5439470537532964389, -0.5654972912796583095, 0.2199999999999999734 ) ) ;
#3121 = CARTESIAN_POINT ( 'NONE',  ( 0.5350000000000002531, -0.4550000000000000155, -0.01000000000000000021 ) ) ;
#3122 = DIRECTION ( 'NONE',  ( 0.000000000000000000, -1.000000000000000000, 0.000000000000000000 ) ) ;
#3123 = DIRECTION ( 'NONE',  ( 0.000000000000000000, 0.000000000000000000, -1.000000000000000000 ) ) ;
#3124 = ORIENTED_EDGE ( 'NONE', *, *, #1745, .F. ) ;
#3125 = FACE_BOUND ( 'NONE', #4128, .T. ) ;
#3126 = CARTESIAN_POINT ( 'NONE',  ( 0.1385521068436401659, -0.5006337717965224643, 0.2099999999999999922 ) ) ;
#3127 = AXIS2_PLACEMENT_3D ( 'NONE', #4478, #9056, #130 ) ;
#3128 = ORIENTED_EDGE ( 'NONE', *, *, #5007, .T. ) ;
#3129 = EDGE_CURVE ( 'NONE', #6035, #304, #4797, .T. ) ;
#3130 = ORIENTED_EDGE ( 'NONE', *, *, #3025, .T. ) ;
#3131 = ADVANCED_FACE ( 'NONE', ( #7706 ), #3016, .F. ) ;
#3132 = CARTESIAN_POINT ( 'NONE',  ( 0.09034948844706272575, -0.5732819968427144142, 0.2199999999999999734 ) ) ;
#3133 = CARTESIAN_POINT ( 'NONE',  ( 0.5439470537532964389, -0.5654972912796583095, 0.2199999999999999734 ) ) ;
#3134 = AXIS2_PLACEMENT_3D ( 'NONE', #2789, #9619, #3479 ) ;
#3135 = CARTESIAN_POINT ( 'NONE',  ( 0.5320633576057908209, -0.5520291023126873142, 0.2099999999999999922 ) ) ;
#3136 = FACE_OUTER_BOUND ( 'NONE', #6557, .T. ) ;
#3137 = CARTESIAN_POINT ( 'NONE',  ( 0.1223697933519574677, -0.6035807767306674565, 0.2099999999999999922 ) ) ;
#3138 = DIRECTION ( 'NONE',  ( 0.000000000000000000, 1.000000000000000000, 0.000000000000000000 ) ) ;
#3139 = EDGE_LOOP ( 'NONE', ( #5759, #4870, #4634, #4176 ) ) ;
#3140 = EDGE_CURVE ( 'NONE', #8156, #557, #1609, .T. ) ;
#3141 = DIRECTION ( 'NONE',  ( 1.000000000000000000, 8.602582885162327898E-14, -0.000000000000000000 ) ) ;
#3142 = LINE ( 'NONE', #5374, #7504 ) ;
#3143 = EDGE_CURVE ( 'NONE', #4952, #8098, #2753, .T. ) ;
#3144 = EDGE_CURVE ( 'NONE', #5131, #5051, #9166, .T. ) ;
#3145 = CARTESIAN_POINT ( 'NONE',  ( -0.4550000000000002376, 0.5350000000000000311, -0.01000000000000000021 ) ) ;
#3146 = LINE ( 'NONE', #6308, #2502 ) ;
#3147 = DIRECTION ( 'NONE',  ( -0.000000000000000000, -0.000000000000000000, -1.000000000000000000 ) ) ;
#3148 = CARTESIAN_POINT ( 'NONE',  ( 0.2828156136870604298, -0.5750035185764428292, 0.2199999999999999734 ) ) ;
#3149 = EDGE_CURVE ( 'NONE', #4747, #8652, #986, .T. ) ;
#3150 = ORIENTED_EDGE ( 'NONE', *, *, #5862, .F. ) ;
#3151 = CARTESIAN_POINT ( 'NONE',  ( 0.4550000000000002376, -0.3649999999999999356, -0.01000000000000000021 ) ) ;
#3152 = DIRECTION ( 'NONE',  ( -0.000000000000000000, -0.000000000000000000, -1.000000000000000000 ) ) ;
#3153 = MECHANICAL_DESIGN_GEOMETRIC_PRESENTATION_REPRESENTATION (  '', ( #7898 ), #1894 ) ;
#3154 = DIRECTION ( 'NONE',  ( -0.000000000000000000, -0.000000000000000000, -1.000000000000000000 ) ) ;
#3155 = CARTESIAN_POINT ( 'NONE',  ( 0.09792418341880346211, -0.5815453064186861809, 0.2099999999999999922 ) ) ;
#3156 = VERTEX_POINT ( 'NONE', #2459 ) ;
#3157 = CARTESIAN_POINT ( 'NONE',  ( 0.5045204160150217332, -0.5903292646869716664, 0.2199999999999999734 ) ) ;
#3158 = CARTESIAN_POINT ( 'NONE',  ( 0.3875155243655242776, -0.4642630547256726969, 0.2099999999999999922 ) ) ;
#3159 = ORIENTED_EDGE ( 'NONE', *, *, #6519, .T. ) ;
#3160 = ORIENTED_EDGE ( 'NONE', *, *, #55, .T. ) ;
#3161 = AXIS2_PLACEMENT_3D ( 'NONE', #5433, #5536, #140 ) ;
#3162 = ORIENTED_EDGE ( 'NONE', *, *, #8109, .T. ) ;
#3163 = CARTESIAN_POINT ( 'NONE',  ( 0.3740473353987163740, -0.5036525559135289765, 0.2099999999999999922 ) ) ;
#3164 = UNCERTAINTY_MEASURE_WITH_UNIT (LENGTH_MEASURE( 1.000000000000000082E-05 ), #7002, 'distance_accuracy_value', 'NONE');
#3165 =( NAMED_UNIT ( * ) SI_UNIT ( $, .STERADIAN. ) SOLID_ANGLE_UNIT ( ) );
#3166 = CARTESIAN_POINT ( 'NONE',  ( 0.4130530922319272102, -0.5861947287358537650, 0.2199999999999999734 ) ) ;
#3167 = ORIENTED_EDGE ( 'NONE', *, *, #6095, .F. ) ;
#3168 = DIRECTION ( 'NONE',  ( -0.000000000000000000, -0.000000000000000000, -1.000000000000000000 ) ) ;
#3169 =( GEOMETRIC_REPRESENTATION_CONTEXT ( 3 ) GLOBAL_UNCERTAINTY_ASSIGNED_CONTEXT ( ( #1177 ) ) GLOBAL_UNIT_ASSIGNED_CONTEXT ( ( #8630, #5632, #1914 ) ) REPRESENTATION_CONTEXT ( 'NONE', 'WORKASPACE' ) );
#3170 = PLANE ( 'NONE',  #8466 ) ;
#3171 = DIRECTION ( 'NONE',  ( -1.000000000000000000, 0.000000000000000000, 0.000000000000000000 ) ) ;
#3172 = CARTESIAN_POINT ( 'NONE',  ( 0.4030757390083364311, -0.5891161373720085193, 0.2199999999999999734 ) ) ;
#3173 = CARTESIAN_POINT ( 'NONE',  ( 0.4124589074245854636, -0.5911462687971523744, 0.2199999999999999734 ) ) ;
#3174 = CARTESIAN_POINT ( 'NONE',  ( 0.5356037087495659765, -0.5550742994505619698, 0.2199999999999999734 ) ) ;
#3175 = CARTESIAN_POINT ( 'NONE',  ( 0.3948561825064956787, -0.5680720921115868238, 0.2199999999999999734 ) ) ;
#3176 = ORIENTED_EDGE ( 'NONE', *, *, #3997, .F. ) ;
#3177 = CARTESIAN_POINT ( 'NONE',  ( 0.4202080676204789089, -0.5815155233779537580, 0.2199999999999999734 ) ) ;
#3178 =( GEOMETRIC_REPRESENTATION_CONTEXT ( 3 ) GLOBAL_UNCERTAINTY_ASSIGNED_CONTEXT ( ( #7118 ) ) GLOBAL_UNIT_ASSIGNED_CONTEXT ( ( #589, #5188, #3605 ) ) REPRESENTATION_CONTEXT ( 'NONE', 'WORKASPACE' ) );
#3179 = PLANE ( 'NONE',  #7005 ) ;
#3180 = ORIENTED_EDGE ( 'NONE', *, *, #8097, .F. ) ;
#3181 = DIRECTION ( 'NONE',  ( -1.000000000000000000, 0.000000000000000000, 0.000000000000000000 ) ) ;
#3182 = CARTESIAN_POINT ( 'NONE',  ( 0.2742080050182409967, -0.5426389178617498921, 0.2199999999999999734 ) ) ;
#3183 = EDGE_LOOP ( 'NONE', ( #3539, #4333, #4420, #7372 ) ) ;
#3184 = CARTESIAN_POINT ( 'NONE',  ( 0.4347284588502749458, -0.5135061206355653329, 0.2199999999999999734 ) ) ;
#3185 = DIRECTION ( 'NONE',  ( -0.000000000000000000, -0.000000000000000000, -1.000000000000000000 ) ) ;
#3186 = AXIS2_PLACEMENT_3D ( 'NONE', #8419, #4610, #1649 ) ;
#3187 = CARTESIAN_POINT ( 'NONE',  ( 0.4833030668519888162, -0.4814944141392570320, 0.2199999999999999734 ) ) ;
#3188 = CARTESIAN_POINT ( 'NONE',  ( 0.3749757491603115112, -0.5846102359163863893, 0.2199999999999999734 ) ) ;
#3189 = CARTESIAN_POINT ( 'NONE',  ( 0.4106887318525338504, -0.5677502420073075040, 0.2199999999999999734 ) ) ;
#3190 = LINE ( 'NONE', #2450, #8033 ) ;
#3191 = ORIENTED_EDGE ( 'NONE', *, *, #8858, .F. ) ;
#3192 = ADVANCED_FACE ( 'NONE', ( #191 ), #6915, .F. ) ;
#3193 = AXIS2_PLACEMENT_3D ( 'NONE', #7731, #7782, #4019 ) ;
#3194 = DIRECTION ( 'NONE',  ( -0.000000000000000000, -0.000000000000000000, -1.000000000000000000 ) ) ;
#3195 = EDGE_CURVE ( 'NONE', #6998, #2213, #6962, .T. ) ;
#3196 = PLANE ( 'NONE',  #6762 ) ;
#3197 = EDGE_CURVE ( 'NONE', #6294, #3722, #3734, .T. ) ;
#3198 = DIRECTION ( 'NONE',  ( -0.000000000000000000, -0.000000000000000000, -1.000000000000000000 ) ) ;
#3199 = EDGE_CURVE ( 'NONE', #2920, #339, #3892, .T. ) ;
#3200 = EDGE_LOOP ( 'NONE', ( #4602, #2336, #2730, #5211 ) ) ;
#3201 = DIRECTION ( 'NONE',  ( 0.000000000000000000, 1.000000000000000000, 0.000000000000000000 ) ) ;
#3202 =( NAMED_UNIT ( * ) PLANE_ANGLE_UNIT ( ) SI_UNIT ( $, .RADIAN. ) );
#3203 = CARTESIAN_POINT ( 'NONE',  ( 0.3855844237416622411, -0.5143231247457424882, 0.2099999999999999922 ) ) ;
#3204 = CARTESIAN_POINT ( 'NONE',  ( 0.2514839233860668988, -0.5904972141806824615, 0.2199999999999999734 ) ) ;
#3205 = ORIENTED_EDGE ( 'NONE', *, *, #544, .T. ) ;
#3206 = EDGE_CURVE ( 'NONE', #9001, #1530, #2514, .T. ) ;
#3207 = CARTESIAN_POINT ( 'NONE',  ( 0.4031128755587552459, -0.5650764103742687006, 0.2199999999999999734 ) ) ;
#3208 = ORIENTED_EDGE ( 'NONE', *, *, #4579, .T. ) ;
#3209 = ORIENTED_EDGE ( 'NONE', *, *, #6068, .F. ) ;
#3210 = ORIENTED_EDGE ( 'NONE', *, *, #531, .T. ) ;
#3211 = AXIS2_PLACEMENT_3D ( 'NONE', #9014, #8380, #5366 ) ;
#3212 = CARTESIAN_POINT ( 'NONE',  ( 0.3414662017951807238, -0.5079851534672040758, 0.2199999999999999734 ) ) ;
#3213 = CARTESIAN_POINT ( 'NONE',  ( 0.5107717353422533968, -0.5474736854561763622, 0.2199999999999999734 ) ) ;
#3214 = CARTESIAN_POINT ( 'NONE',  ( 0.5067733667426660427, -0.4746612888544927689, 0.2199999999999999734 ) ) ;
#3215 = VERTEX_POINT ( 'NONE', #9492 ) ;
#3216 = CARTESIAN_POINT ( 'NONE',  ( 0.3704450900040795469, -0.5581690119886664192, 0.2099999999999999922 ) ) ;
#3217 = CARTESIAN_POINT ( 'NONE',  ( 0.3732179524385628167, -0.5805747307663839951, 0.2099999999999999922 ) ) ;
#3218 = CARTESIAN_POINT ( 'NONE',  ( 0.4767298974208040718, -0.4888474511302015046, 0.2099999999999999922 ) ) ;
#3219 = B_SPLINE_CURVE_WITH_KNOTS ( 'NONE', 3,
 ( #211, #7130, #312, #4810 ),
 .UNSPECIFIED., .F., .F.,
 ( 4, 4 ),
 ( 24.00000000000000000, 25.00000000000000000 ),
 .UNSPECIFIED. ) ;
#3220 = AXIS2_PLACEMENT_3D ( 'NONE', #5756, #8133, #5064 ) ;
#3221 = CARTESIAN_POINT ( 'NONE',  ( 0.4149346774552319372, -0.4861488617968817150, 0.2199999999999999734 ) ) ;
#3222 = ORIENTED_EDGE ( 'NONE', *, *, #595, .F. ) ;
#3223 = VERTEX_POINT ( 'NONE', #7208 ) ;
#3224 = CARTESIAN_POINT ( 'NONE',  ( 0.1368305785426596477, -0.5791351864986014064, 0.2099999999999999922 ) ) ;
#3225 = ORIENTED_EDGE ( 'NONE', *, *, #2294, .T. ) ;
#3226 = CARTESIAN_POINT ( 'NONE',  ( 0.07588870653990240078, -0.5209477466431118309, 0.2099999999999999922 ) ) ;
#3227 = CARTESIAN_POINT ( 'NONE',  ( 0.1506027589800863487, -0.5440161208012131988, 0.2199999999999999734 ) ) ;
#3228 = ORIENTED_EDGE ( 'NONE', *, *, #1262, .F. ) ;
#3229 = DIRECTION ( 'NONE',  ( 0.000000000000000000, 0.000000000000000000, -1.000000000000000000 ) ) ;
#3230 = CARTESIAN_POINT ( 'NONE',  ( 0.5650777509646929264, -0.5419032028872593498, 0.2199999999999999734 ) ) ;
#3231 = VECTOR ( 'NONE', #3268, 1000.000000000000000 ) ;
#3232 = VERTEX_POINT ( 'NONE', #4137 ) ;
#3233 = CARTESIAN_POINT ( 'NONE',  ( 0.1178938361874166119, -0.5898086028601592368, 0.2199999999999999734 ) ) ;
#3234 = CARTESIAN_POINT ( 'NONE',  ( 0.3732179524385628167, -0.5786931455429136228, 0.2099999999999999922 ) ) ;
#3235 = CARTESIAN_POINT ( 'NONE',  ( 0.4550000000000002376, -0.5350000000000000311, 0.000000000000000000 ) ) ;
#3236 = SURFACE_STYLE_FILL_AREA ( #3927 ) ;
#3237 = CARTESIAN_POINT ( 'NONE',  ( 0.3786398888056436984, -0.5143231247457424882, 0.2199999999999999734 ) ) ;
#3238 = VECTOR ( 'NONE', #3201, 1000.000000000000000 ) ;
#3239 = ORIENTED_EDGE ( 'NONE', *, *, #9578, .F. ) ;
#3240 = DIRECTION ( 'NONE',  ( -0.000000000000000000, 1.000000000000000000, -0.000000000000000000 ) ) ;
#3241 = CARTESIAN_POINT ( 'NONE',  ( 0.4140310213940805451, -0.5598772933098575821, 0.2199999999999999734 ) ) ;
#3242 = VECTOR ( 'NONE', #3154, 1000.000000000000000 ) ;
#3243 = DIRECTION ( 'NONE',  ( 0.000000000000000000, -1.000000000000000000, 0.000000000000000000 ) ) ;
#3244 = EDGE_CURVE ( 'NONE', #6532, #9621, #9407, .T. ) ;
#3245 = SURFACE_STYLE_FILL_AREA ( #7754 ) ;
#3246 = B_SPLINE_CURVE_WITH_KNOTS ( 'NONE', 3,
 ( #2373, #9320, #2575, #8591 ),
 .UNSPECIFIED., .F., .F.,
 ( 4, 4 ),
 ( 21.00000000000000000, 22.00000000000000000 ),
 .UNSPECIFIED. ) ;
#3247 = CARTESIAN_POINT ( 'NONE',  ( 0.3989907184577749510, -0.4662436707502577438, 0.2199999999999999734 ) ) ;
#3248 = CARTESIAN_POINT ( 'NONE',  ( 0.5373738843214531657, -0.5656705951816078937, 0.2199999999999999734 ) ) ;
#3249 = VERTEX_POINT ( 'NONE', #387 ) ;
#3250 = EDGE_CURVE ( 'NONE', #5541, #6411, #2013, .T. ) ;
#3251 = SURFACE_STYLE_USAGE ( .BOTH. , #3998 ) ;
#3252 = CARTESIAN_POINT ( 'NONE',  ( 0.5178029222292470646, -0.5848082975186108534, 0.2099999999999999922 ) ) ;
#3253 = CARTESIAN_POINT ( 'NONE',  ( 0.4165810645255624833, -0.5549505109488411803, 0.2099999999999999922 ) ) ;
#3254 = ORIENTED_EDGE ( 'NONE', *, *, #3143, .T. ) ;
#3255 = EDGE_CURVE ( 'NONE', #5901, #7015, #6553, .T. ) ;
#3256 = CARTESIAN_POINT ( 'NONE',  ( 0.4681142177140130145, -0.5063016298462925668, 0.2199999999999999734 ) ) ;
#3257 = ORIENTED_EDGE ( 'NONE', *, *, #227, .F. ) ;
#3258 = VERTEX_POINT ( 'NONE', #4890 ) ;
#3259 = VERTEX_POINT ( 'NONE', #4983 ) ;
#3260 = COLOUR_RGB ( '',0.6666666666666666297, 0.6666666666666666297, 0.6666666666666666297 ) ;
#3261 = EDGE_CURVE ( 'NONE', #6324, #1603, #1170, .T. ) ;
#3262 = UNCERTAINTY_MEASURE_WITH_UNIT (LENGTH_MEASURE( 1.000000000000000082E-05 ), #2267, 'distance_accuracy_value', 'NONE');
#3263 = LINE ( 'NONE', #942, #815 ) ;
#3264 = ORIENTED_EDGE ( 'NONE', *, *, #5122, .T. ) ;
#3265 = EDGE_CURVE ( 'NONE', #2535, #3336, #1869, .T. ) ;
#3266 = ADVANCED_FACE ( 'NONE', ( #4280 ), #9074, .F. ) ;
#3267 = LINE ( 'NONE', #4804, #9247 ) ;
#3268 = DIRECTION ( 'NONE',  ( -0.000000000000000000, 1.000000000000000000, -0.000000000000000000 ) ) ;
#3269 = CARTESIAN_POINT ( 'NONE',  ( 0.5111183431464798588, -0.4650800588358499077, 0.2099999999999999922 ) ) ;
#3270 = VECTOR ( 'NONE', #463, 1000.000000000000000 ) ;
#3271 = CARTESIAN_POINT ( 'NONE',  ( 0.2260053964722921194, -0.5691503551888987822, 0.2199999999999999734 ) ) ;
#3272 = ORIENTED_EDGE ( 'NONE', *, *, #2360, .F. ) ;
#3273 = CARTESIAN_POINT ( 'NONE',  ( -0.5350000000000001421, -0.2050000000000005984, -0.01000000000000000021 ) ) ;
#3274 = ORIENTED_EDGE ( 'NONE', *, *, #7004, .T. ) ;
#3275 = CARTESIAN_POINT ( 'NONE',  ( 0.4202080676204789089, -0.5815155233779537580, 0.2099999999999999922 ) ) ;
#3276 = ORIENTED_EDGE ( 'NONE', *, *, #1407, .F. ) ;
#3277 = COLOUR_RGB ( '',0.6666666666666666297, 0.6666666666666666297, 0.6666666666666666297 ) ;
#3278 = CARTESIAN_POINT ( 'NONE',  ( 0.5183352127858924518, -0.5419032028872593498, 0.2199999999999999734 ) ) ;
#3279 = CARTESIAN_POINT ( 'NONE',  ( 0.4650318840257194886, -0.4650800588358516285, 0.2099999999999999922 ) ) ;
#3280 = ORIENTED_EDGE ( 'NONE', *, *, #5200, .F. ) ;
#3281 = CARTESIAN_POINT ( 'NONE',  ( 0.3887905459313502066, -0.5762916486132638738, 0.2199999999999999734 ) ) ;
#3282 = CARTESIAN_POINT ( 'NONE',  ( 0.3955246404148363704, -0.4708486030073244510, 0.2099999999999999922 ) ) ;
#3283 =( NAMED_UNIT ( * ) PLANE_ANGLE_UNIT ( ) SI_UNIT ( $, .RADIAN. ) );
#3284 = CARTESIAN_POINT ( 'NONE',  ( 0.4574436488814716539, -0.4706505414047669200, 0.2199999999999999734 ) ) ;
#3285 = FACE_OUTER_BOUND ( 'NONE', #934, .T. ) ;
#3286 = VECTOR ( 'NONE', #5554, 1000.000000000000000 ) ;
#3287 = ORIENTED_EDGE ( 'NONE', *, *, #8626, .T. ) ;
#3288 = CARTESIAN_POINT ( 'NONE',  ( 0.4755786643565544924, -0.5629720058482915457, 0.2199999999999999734 ) ) ;
#3289 = COLOUR_RGB ( '',0.6666666666666666297, 0.6666666666666666297, 0.6666666666666666297 ) ;
#3290 = CARTESIAN_POINT ( 'NONE',  ( 0.3587842131597400730, -0.5685177307169276828, 0.2099999999999999922 ) ) ;
#3291 = SURFACE_SIDE_STYLE ('',( #3245 ) ) ;
#3292 = CARTESIAN_POINT ( 'NONE',  ( 0.4308414999022723291, -0.6007274988157917939, 0.2199999999999999734 ) ) ;
#3293 = VECTOR ( 'NONE', #3360, 1000.000000000000000 ) ;
#3294 = LINE ( 'NONE', #6309, #4444 ) ;
#3295 = EDGE_CURVE ( 'NONE', #6198, #7636, #2430, .T. ) ;
#3296 = VERTEX_POINT ( 'NONE', #5033 ) ;
#3297 = FILL_AREA_STYLE ('',( #483 ) ) ;
#3298 = CARTESIAN_POINT ( 'NONE',  ( 0.3855844237416622411, -0.5143231247457424882, 0.2099999999999999922 ) ) ;
#3299 = ORIENTED_EDGE ( 'NONE', *, *, #973, .T. ) ;
#3300 = VECTOR ( 'NONE', #9435, 1000.000000000000000 ) ;
#3301 = LINE ( 'NONE', #8450, #8367 ) ;
#3302 = ORIENTED_EDGE ( 'NONE', *, *, #2961, .T. ) ;
#3303 = VERTEX_POINT ( 'NONE', #7299 ) ;
#3304 = ADVANCED_FACE ( 'NONE', ( #336 ), #6458, .F. ) ;
#3305 = FILL_AREA_STYLE ('',( #8124 ) ) ;
#3306 = B_SPLINE_CURVE_WITH_KNOTS ( 'NONE', 3,
 ( #1178, #7263, #2574, #494 ),
 .UNSPECIFIED., .F., .F.,
 ( 4, 4 ),
 ( 3.000000000000000000, 4.000000000000000000 ),
 .UNSPECIFIED. ) ;
#3307 = CARTESIAN_POINT ( 'NONE',  ( 0.4225352914492895295, -0.5883981640632763854, 0.2199999999999999734 ) ) ;
#3308 = VERTEX_POINT ( 'NONE', #2710 ) ;
#3309 = CARTESIAN_POINT ( 'NONE',  ( 0.3709897594108650942, -0.4788948556070519169, 0.2199999999999999734 ) ) ;
#3310 = DIRECTION ( 'NONE',  ( -0.000000000000000000, -0.000000000000000000, -1.000000000000000000 ) ) ;
#3311 = CARTESIAN_POINT ( 'NONE',  ( 0.5373738843214531657, -0.5656705951816078937, 0.2099999999999999922 ) ) ;
#3312 = FACE_OUTER_BOUND ( 'NONE', #2834, .T. ) ;
#3313 = VECTOR ( 'NONE', #1241, 1000.000000000000000 ) ;
#3314 = CARTESIAN_POINT ( 'NONE',  ( 0.2211851434982795017, -0.5798237846846273635, 0.2199999999999999734 ) ) ;
#3315 = ADVANCED_FACE ( 'NONE', ( #5721 ), #9357, .T. ) ;
#3316 = EDGE_LOOP ( 'NONE', ( #6072, #6894, #3002, #4775 ) ) ;
#3317 = ORIENTED_EDGE ( 'NONE', *, *, #1391, .F. ) ;
#3318 = CARTESIAN_POINT ( 'NONE',  ( 0.1502584467527399437, -0.5657073117214350688, 0.2099999999999999922 ) ) ;
#3319 = ORIENTED_EDGE ( 'NONE', *, *, #7996, .T. ) ;
#3320 = ADVANCED_FACE ( 'NONE', ( #7450 ), #6660, .F. ) ;
#3321 = ADVANCED_FACE ( 'NONE', ( #9694 ), #1523, .F. ) ;
#3322 = EDGE_LOOP ( 'NONE', ( #6692, #9513, #3790, #2205 ) ) ;
#3323 = VECTOR ( 'NONE', #5640, 1000.000000000000000 ) ;
#3324 = CARTESIAN_POINT ( 'NONE',  ( 0.5439470537532964389, -0.5654972912796583095, 0.2099999999999999922 ) ) ;
#3325 = DIRECTION ( 'NONE',  ( 0.000000000000000000, -0.000000000000000000, 1.000000000000000000 ) ) ;
#3326 = CARTESIAN_POINT ( 'NONE',  ( 0.1320103255684831056, -0.5006337717965224643, 0.2099999999999999922 ) ) ;
#3327 = ORIENTED_EDGE ( 'NONE', *, *, #9457, .T. ) ;
#3328 = CARTESIAN_POINT ( 'NONE',  ( 0.3989907184577749510, -0.4727797036310223411, 0.2199999999999999734 ) ) ;
#3329 = DIRECTION ( 'NONE',  ( -0.000000000000000000, -0.000000000000000000, -1.000000000000000000 ) ) ;
#3330 = CARTESIAN_POINT ( 'NONE',  ( 0.4501277484412766761, -0.4706505414047669200, 0.2199999999999999734 ) ) ;
#3331 = CARTESIAN_POINT ( 'NONE',  ( 0.3887905459313502066, -0.5762916486132638738, 0.2099999999999999922 ) ) ;
#3332 = ADVANCED_FACE ( 'NONE', ( #2214 ), #4531, .F. ) ;
#3333 =( NAMED_UNIT ( * ) PLANE_ANGLE_UNIT ( ) SI_UNIT ( $, .RADIAN. ) );
#3334 = STYLED_ITEM ( 'NONE', ( #8474 ), #8527 ) ;
#3335 = B_SPLINE_CURVE_WITH_KNOTS ( 'NONE', 3,
 ( #451, #9423, #5741, #2029 ),
 .UNSPECIFIED., .F., .F.,
 ( 4, 4 ),
 ( 24.00000000000000000, 25.00000000000000000 ),
 .UNSPECIFIED. ) ;
#3336 = VERTEX_POINT ( 'NONE', #5228 ) ;
#3337 = B_SPLINE_CURVE_WITH_KNOTS ( 'NONE', 3,
 ( #4105, #1786, #353, #449 ),
 .UNSPECIFIED., .F., .F.,
 ( 4, 4 ),
 ( 28.00000000000000000, 29.00000000000000000 ),
 .UNSPECIFIED. ) ;
#3338 = VECTOR ( 'NONE', #9666, 1000.000000000000000 ) ;
#3339 = B_SPLINE_SURFACE_WITH_KNOTS ( 'NONE', 3, 1, ( 
 ( #2236, #6025 ),
 ( #9032, #2278 ),
 ( #5299, #8315 ),
 ( #7574, #796 ) ),
 .UNSPECIFIED., .F., .F., .F.,
 ( 4, 4 ),
 ( 2, 2 ),
 ( 2.000000000000000000, 3.000000000000000000 ),
 ( 0.000000000000000000, 1.000000000000000000 ),
 .UNSPECIFIED. ) ;
#3340 = LINE ( 'NONE', #7753, #8322 ) ;
#3341 = DIRECTION ( 'NONE',  ( 1.000000000000000000, 0.000000000000000000, 0.000000000000000000 ) ) ;
#3342 = AXIS2_PLACEMENT_3D ( 'NONE', #8816, #2067, #1427 ) ;
#3343 = SURFACE_SIDE_STYLE ('',( #5800 ) ) ;
#3344 = ORIENTED_EDGE ( 'NONE', *, *, #4833, .T. ) ;
#3345 = CARTESIAN_POINT ( 'NONE',  ( 0.3680559719245713457, -0.5866156096412484811, 0.2199999999999999734 ) ) ;
#3346 = CARTESIAN_POINT ( 'NONE',  ( 0.4149346774552167827, -0.4916945866655208497, 0.2199999999999999734 ) ) ;
#3347 = ORIENTED_EDGE ( 'NONE', *, *, #6847, .T. ) ;
#3348 = VECTOR ( 'NONE', #9090, 1000.000000000000114 ) ;
#3349 = CARTESIAN_POINT ( 'NONE',  ( 0.1502584467527399437, -0.5657073117214350688, 0.2099999999999999922 ) ) ;
#3350 = VERTEX_POINT ( 'NONE', #6811 ) ;
#3351 = UNCERTAINTY_MEASURE_WITH_UNIT (LENGTH_MEASURE( 1.000000000000000082E-05 ), #8799, 'distance_accuracy_value', 'NONE');
#3352 = CARTESIAN_POINT ( 'NONE',  ( 0.3650602901874157036, -0.4761467508728471909, 0.2099999999999999922 ) ) ;
#3353 = CARTESIAN_POINT ( 'NONE',  ( 0.4464388510951726174, -0.5839417780078779430, 0.2199999999999999734 ) ) ;
#3354 = ORIENTED_EDGE ( 'NONE', *, *, #6216, .T. ) ;
#3355 = CARTESIAN_POINT ( 'NONE',  ( 0.4681142177140130145, -0.5063016298462925668, 0.2199999999999999734 ) ) ;
#3356 = FACE_OUTER_BOUND ( 'NONE', #5728, .T. ) ;
#3357 = DIRECTION ( 'NONE',  ( -0.000000000000000000, -0.000000000000000000, -1.000000000000000000 ) ) ;
#3358 = LINE ( 'NONE', #1137, #585 ) ;
#3359 = EDGE_CURVE ( 'NONE', #2367, #5602, #6798, .T. ) ;
#3360 = DIRECTION ( 'NONE',  ( -1.000000000000000000, -0.000000000000000000, -0.000000000000000000 ) ) ;
#3361 = VERTEX_POINT ( 'NONE', #2106 ) ;
#3362 = ORIENTED_EDGE ( 'NONE', *, *, #2284, .T. ) ;
#3363 = COLOUR_RGB ( '',0.6666666666666666297, 0.6666666666666666297, 0.6666666666666666297 ) ;
#3364 = CARTESIAN_POINT ( 'NONE',  ( 0.4124589074245854636, -0.5911462687971523744, 0.2099999999999999922 ) ) ;
#3365 = ORIENTED_EDGE ( 'NONE', *, *, #5454, .T. ) ;
#3366 = CARTESIAN_POINT ( 'NONE',  ( -0.2850000000000001421, 0.4550000000000000155, -0.01000000000000000021 ) ) ;
#3367 = VERTEX_POINT ( 'NONE', #5083 ) ;
#3368 = CARTESIAN_POINT ( 'NONE',  ( 0.4833030668519888162, -0.4961757304208654351, 0.2199999999999999734 ) ) ;
#3369 = CARTESIAN_POINT ( 'NONE',  ( 0.3414662017951807238, -0.5629720058482915457, 0.2199999999999999734 ) ) ;
#3370 = EDGE_CURVE ( 'NONE', #7636, #2931, #9641, .T. ) ;
#3371 = CARTESIAN_POINT ( 'NONE',  ( 0.5180876357827777223, -0.5474736854561763622, 0.2199999999999999734 ) ) ;
#3372 = EDGE_LOOP ( 'NONE', ( #3445, #2325, #7728, #7485 ) ) ;
#3373 = VECTOR ( 'NONE', #4673, 1000.000000000000000 ) ;
#3374 = CARTESIAN_POINT ( 'NONE',  ( 0.1850331870887744201, -0.5787908611372496459, 0.2099999999999999922 ) ) ;
#3375 = DIRECTION ( 'NONE',  ( -0.3416038306816032710, 0.9398440417769613475, 0.000000000000000000 ) ) ;
#3376 = DIRECTION ( 'NONE',  ( 1.000000000000000000, 0.000000000000000000, 0.000000000000000000 ) ) ;
#3377 = ADVANCED_FACE ( 'NONE', ( #8099, #8296, #7345, #2900, #8153 ), #8247, .T. ) ;
#3378 = PRESENTATION_STYLE_ASSIGNMENT (( #5705 ) ) ;
#3379 = EDGE_CURVE ( 'NONE', #8592, #366, #3142, .T. ) ;
#3380 = CARTESIAN_POINT ( 'NONE',  ( 0.3743939432031076486, -0.4666397939550415153, 0.2099999999999999922 ) ) ;
#3381 = CARTESIAN_POINT ( 'NONE',  ( 0.4098098334916595031, -0.5669827532980157292, 0.2099999999999999922 ) ) ;
#3382 = ORIENTED_EDGE ( 'NONE', *, *, #6568, .F. ) ;
#3383 = VECTOR ( 'NONE', #3602, 1000.000000000000000 ) ;
#3384 = AXIS2_PLACEMENT_3D ( 'NONE', #4505, #2040, #752 ) ;
#3385 = EDGE_CURVE ( 'NONE', #6198, #8026, #9254, .T. ) ;
#3386 = CARTESIAN_POINT ( 'NONE',  ( 0.3780333251481621248, -0.5911462687971523744, 0.2199999999999999734 ) ) ;
#3387 = CARTESIAN_POINT ( 'NONE',  ( 0.4454114065326273963, -0.5817383426807887226, 0.2199999999999999734 ) ) ;
#3388 = PLANE ( 'NONE',  #5434 ) ;
#3389 = EDGE_CURVE ( 'NONE', #9474, #3223, #2505, .T. ) ;
#3390 = CARTESIAN_POINT ( 'NONE',  ( 0.3778476423959102881, -0.5549505109488411803, 0.2099999999999999922 ) ) ;
#3392 = EDGE_CURVE ( 'NONE', #3052, #4545, #6714, .T. ) ;
#3391 = AXIS2_PLACEMENT_3D ( 'NONE', #2664, #7950, #9451 ) ;
#3393 = CARTESIAN_POINT ( 'NONE',  ( 0.3352148824677834149, -0.5903292646869716664, 0.2099999999999999922 ) ) ;
#3394 = LINE ( 'NONE', #2655, #4961 ) ;
#3395 = FACE_OUTER_BOUND ( 'NONE', #4142, .T. ) ;
#3396 = EDGE_LOOP ( 'NONE', ( #4960, #5799, #3947, #542 ) ) ;
#3397 = VECTOR ( 'NONE', #3040, 1000.000000000000000 ) ;
#3398 = SURFACE_STYLE_FILL_AREA ( #3494 ) ;
#3399 = PRESENTATION_STYLE_ASSIGNMENT (( #8763 ) ) ;
#3400 = FACE_OUTER_BOUND ( 'NONE', #7214, .T. ) ;
#3401 = VERTEX_POINT ( 'NONE', #7598 ) ;
#3402 = VECTOR ( 'NONE', #772, 1000.000000000000000 ) ;
#3403 = CARTESIAN_POINT ( 'NONE',  ( 0.1316660199083858340, -0.4799755306923473852, 0.2099999999999999922 ) ) ;
#3404 = EDGE_LOOP ( 'NONE', ( #8178, #5571, #9471, #3053 ) ) ;
#3405 = CARTESIAN_POINT ( 'NONE',  ( 0.5466332642361452221, -0.5903292646869716664, 0.2199999999999999734 ) ) ;
#3406 = VECTOR ( 'NONE', #9432, 1000.000000000000000 ) ;
#3407 = CARTESIAN_POINT ( 'NONE',  ( 0.1609318893828013408, -0.5440161208012131988, 0.2099999999999999922 ) ) ;
#3408 = ORIENTED_EDGE ( 'NONE', *, *, #69, .T. ) ;
#3409 = CARTESIAN_POINT ( 'NONE',  ( 0.3414662017951807238, -0.5079851534672040758, 0.2199999999999999734 ) ) ;
#3410 = PLANE ( 'NONE',  #6381 ) ;
#3411 = CARTESIAN_POINT ( 'NONE',  ( 0.5366435321625796506, -0.5835456548030915069, 0.2099999999999999922 ) ) ;
#3412 = CARTESIAN_POINT ( 'NONE',  ( 0.4501277484412766761, -0.5079851534672040758, 0.2099999999999999922 ) ) ;
#3413 = CARTESIAN_POINT ( 'NONE',  ( 0.1168609323411295281, -0.4799755306923473852, 0.2199999999999999734 ) ) ;
#3414 = EDGE_LOOP ( 'NONE', ( #298, #3891, #1470, #6601 ) ) ;
#3415 = ORIENTED_EDGE ( 'NONE', *, *, #8622, .T. ) ;
#3416 = VECTOR ( 'NONE', #4905, 1000.000000000000000 ) ;
#3417 = DIRECTION ( 'NONE',  ( 1.000000000000000000, 0.000000000000000000, 0.000000000000000000 ) ) ;
#3418 = VERTEX_POINT ( 'NONE', #6861 ) ;
#3419 = CARTESIAN_POINT ( 'NONE',  ( 0.3352148824677834149, -0.5419032028872593498, 0.2199999999999999734 ) ) ;
#3420 = B_SPLINE_SURFACE_WITH_KNOTS ( 'NONE', 3, 1, ( 
 ( #654, #5258 ),
 ( #8835, #703 ),
 ( #4504, #3723 ),
 ( #7374, #2084 ) ),
 .UNSPECIFIED., .F., .F., .F.,
 ( 4, 4 ),
 ( 2, 2 ),
 ( 17.00000000000000000, 18.00000000000000000 ),
 ( 0.000000000000000000, 1.000000000000000000 ),
 .UNSPECIFIED. ) ;
#3421 = VERTEX_POINT ( 'NONE', #6104 ) ;
#3422 = DIRECTION ( 'NONE',  ( -0.9398440417738117558, -0.3416038306902685617, 0.000000000000000000 ) ) ;
#3423 = EDGE_CURVE ( 'NONE', #2846, #4768, #8091, .T. ) ;
#3424 = FACE_BOUND ( 'NONE', #3498, .T. ) ;
#3425 = ORIENTED_EDGE ( 'NONE', *, *, #6496, .T. ) ;
#3426 = CARTESIAN_POINT ( 'NONE',  ( 0.4031128755587552459, -0.5650764103742687006, 0.2099999999999999922 ) ) ;
#3427 = CARTESIAN_POINT ( 'NONE',  ( 0.4463150625937793992, -0.5845854782161064023, 0.2199999999999999734 ) ) ;
#3428 = CARTESIAN_POINT ( 'NONE',  ( 0.4308414999022723291, -0.6061246774827573347, 0.2099999999999999922 ) ) ;
#3429 =( LENGTH_UNIT ( ) NAMED_UNIT ( * ) SI_UNIT ( .MILLI., .METRE. ) );
#3430 = DIRECTION ( 'NONE',  ( 1.000000000000000000, -0.000000000000000000, -0.000000000000000000 ) ) ;
#3431 = CARTESIAN_POINT ( 'NONE',  ( 0.2473522685980794888, -0.5157831814415871907, 0.2099999999999999922 ) ) ;
#3432 = EDGE_CURVE ( 'NONE', #1648, #831, #7512, .T. ) ;
#3433 = ORIENTED_EDGE ( 'NONE', *, *, #9501, .T. ) ;
#3434 = AXIS2_PLACEMENT_3D ( 'NONE', #4272, #8093, #4425 ) ;
#3435 = ORIENTED_EDGE ( 'NONE', *, *, #6939, .F. ) ;
#3436 = EDGE_CURVE ( 'NONE', #5103, #8895, #8385, .T. ) ;
#3437 = CARTESIAN_POINT ( 'NONE',  ( 0.4550000000000002376, -0.3649999999999999356, -0.01000000000000000021 ) ) ;
#3438 = CARTESIAN_POINT ( 'NONE',  ( 0.4833030668519888162, -0.4961757304208654351, 0.2199999999999999734 ) ) ;
#3439 = CARTESIAN_POINT ( 'NONE',  ( 0.4767298974208057927, -0.4948883300050668788, 0.2199999999999999734 ) ) ;
#3440 = FACE_OUTER_BOUND ( 'NONE', #6270, .T. ) ;
#3441 = LINE ( 'NONE', #5531, #9720 ) ;
#3442 = LINE ( 'NONE', #4228, #8121 ) ;
#3443 = B_SPLINE_CURVE_WITH_KNOTS ( 'NONE', 3,
 ( #3806, #6115, #7657, #2365 ),
 .UNSPECIFIED., .F., .F.,
 ( 4, 4 ),
 ( 6.000000000000000000, 7.000000000000000000 ),
 .UNSPECIFIED. ) ;
#3444 = ADVANCED_FACE ( 'NONE', ( #6252 ), #8309, .F. ) ;
#3445 = ORIENTED_EDGE ( 'NONE', *, *, #9494, .T. ) ;
#3446 = ADVANCED_FACE ( 'NONE', ( #6952 ), #2936, .F. ) ;
#3447 = VECTOR ( 'NONE', #5275, 1000.000000000000000 ) ;
#3448 = ORIENTED_EDGE ( 'NONE', *, *, #7736, .F. ) ;
#3449 = VECTOR ( 'NONE', #3984, 1000.000000000000000 ) ;
#3450 = ADVANCED_FACE ( 'NONE', ( #6053 ), #1435, .F. ) ;
#3451 = CARTESIAN_POINT ( 'NONE',  ( 0.2614687546956039332, -0.4971907480299862514, 0.2199999999999999734 ) ) ;
#3452 = CARTESIAN_POINT ( 'NONE',  ( 0.4178189495409698750, -0.5861947287358537650, 0.2199999999999999734 ) ) ;
#3453 = DIRECTION ( 'NONE',  ( 0.9409537876760604158, -0.3385350343141392271, 0.000000000000000000 ) ) ;
#3454 = ORIENTED_EDGE ( 'NONE', *, *, #2888, .F. ) ;
#3455 = FACE_OUTER_BOUND ( 'NONE', #8275, .T. ) ;
#3456 = EDGE_CURVE ( 'NONE', #3538, #573, #4178, .T. ) ;
#3457 = ORIENTED_EDGE ( 'NONE', *, *, #5678, .T. ) ;
#3458 = UNCERTAINTY_MEASURE_WITH_UNIT (LENGTH_MEASURE( 1.000000000000000082E-05 ), #6616, 'distance_accuracy_value', 'NONE');
#3459 = CARTESIAN_POINT ( 'NONE',  ( 0.2339243938209161489, -0.5694946542819088187, 0.2199999999999999734 ) ) ;
#3460 = VECTOR ( 'NONE', #1053, 1000.000000000000000 ) ;
#3461 = LINE ( 'NONE', #2621, #9622 ) ;
#3462 = ORIENTED_EDGE ( 'NONE', *, *, #8146, .T. ) ;
#3463 = DIRECTION ( 'NONE',  ( -0.000000000000000000, -0.000000000000000000, 1.000000000000000000 ) ) ;
#3464 = CARTESIAN_POINT ( 'NONE',  ( 0.4149346774552167827, -0.5079851534672040758, 0.2199999999999999734 ) ) ;
#3465 = DIRECTION ( 'NONE',  ( 1.000000000000000000, 0.000000000000000000, 0.000000000000000000 ) ) ;
#3466 = CARTESIAN_POINT ( 'NONE',  ( 0.1027444560942321478, -0.4858287039301895094, 0.2099999999999999922 ) ) ;
#3467 = ORIENTED_EDGE ( 'NONE', *, *, #4779, .T. ) ;
#3468 = ORIENTED_EDGE ( 'NONE', *, *, #8398, .F. ) ;
#3469 = EDGE_LOOP ( 'NONE', ( #9491, #1036, #1535, #2445 ) ) ;
#3470 = EDGE_LOOP ( 'NONE', ( #3528, #3837, #5219, #1289 ) ) ;
#3471 = CARTESIAN_POINT ( 'NONE',  ( 0.4759995452616020972, -0.5067225107516847293, 0.2199999999999999734 ) ) ;
#3472 = FACE_BOUND ( 'NONE', #3764, .T. ) ;
#3473 = ORIENTED_EDGE ( 'NONE', *, *, #6847, .F. ) ;
#3474 = AXIS2_PLACEMENT_3D ( 'NONE', #9027, #1486, #5192 ) ;
#3475 = CARTESIAN_POINT ( 'NONE',  ( 0.1178938361874166119, -0.5898086028601592368, 0.2199999999999999734 ) ) ;
#3476 = DIRECTION ( 'NONE',  ( -0.000000000000000000, -0.000000000000000000, -1.000000000000000000 ) ) ;
#3477 = CARTESIAN_POINT ( 'NONE',  ( -0.4550000000000002376, 0.3649999999999999356, 0.000000000000000000 ) ) ;
#3478 = FILL_AREA_STYLE_COLOUR ( '', #5009 ) ;
#3479 = DIRECTION ( 'NONE',  ( -0.3315284183505501359, -0.9434452330824415478, 0.000000000000000000 ) ) ;
#3480 = ORIENTED_EDGE ( 'NONE', *, *, #6619, .T. ) ;
#3481 = STYLED_ITEM ( 'NONE', ( #4644 ), #7911 ) ;
#3482 = ORIENTED_EDGE ( 'NONE', *, *, #2600, .F. ) ;
#3483 = DIRECTION ( 'NONE',  ( 1.000000000000000000, 0.000000000000000000, 0.000000000000000000 ) ) ;
#3484 = B_SPLINE_CURVE_WITH_KNOTS ( 'NONE', 3,
 ( #8969, #7508, #733, #5283 ),
 .UNSPECIFIED., .F., .F.,
 ( 4, 4 ),
 ( 7.000000000000000000, 8.000000000000000000 ),
 .UNSPECIFIED. ) ;
#3485 = CARTESIAN_POINT ( 'NONE',  ( 0.4808644333719230834, -0.5021918515954520990, 0.2099999999999999922 ) ) ;
#3486 = STYLED_ITEM ( 'NONE', ( #6578 ), #8625 ) ;
#3487 = CARTESIAN_POINT ( 'NONE',  ( 0.4320298695169571546, -0.6011978951217422651, 0.2099999999999999922 ) ) ;
#3488 = CARTESIAN_POINT ( 'NONE',  ( 0.3844703272278132689, -0.5852291784240061245, 0.2099999999999999922 ) ) ;
#3489 = ADVANCED_FACE ( 'NONE', ( #1211 ), #6728, .F. ) ;
#3490 = ORIENTED_EDGE ( 'NONE', *, *, #7080, .F. ) ;
#3491 = VECTOR ( 'NONE', #2782, 1000.000000000000000 ) ;
#3492 = ORIENTED_EDGE ( 'NONE', *, *, #8915, .T. ) ;
#3493 = DIRECTION ( 'NONE',  ( 0.000000000000000000, 1.000000000000000000, -0.000000000000000000 ) ) ;
#3494 = FILL_AREA_STYLE ('',( #5675 ) ) ;
#3495 = DIRECTION ( 'NONE',  ( -0.000000000000000000, -0.000000000000000000, 1.000000000000000000 ) ) ;
#3496 = DIRECTION ( 'NONE',  ( -0.3493954794973115341, 0.9369753459439814636, 0.000000000000000000 ) ) ;
#3497 = EDGE_CURVE ( 'NONE', #2217, #4103, #8664, .T. ) ;
#3498 = EDGE_LOOP ( 'NONE', ( #53, #2125, #8954, #9609, #2822, #408, #1315, #4513 ) ) ;
#3499 = CARTESIAN_POINT ( 'NONE',  ( 0.4767298974208040718, -0.4888474511302015046, 0.2199999999999999734 ) ) ;
#3500 = VECTOR ( 'NONE', #5948, 1000.000000000000000 ) ;
#3501 = ADVANCED_FACE ( 'NONE', ( #6355 ), #5711, .T. ) ;
#3502 = B_SPLINE_SURFACE_WITH_KNOTS ( 'NONE', 3, 1, ( 
 ( #1198, #3426 ),
 ( #5752, #5607 ),
 ( #6343, #7234 ),
 ( #8608, #2545 ) ),
 .UNSPECIFIED., .F., .F., .F.,
 ( 4, 4 ),
 ( 2, 2 ),
 ( 5.000000000000000000, 6.000000000000000000 ),
 ( 0.000000000000000000, 1.000000000000000000 ),
 .UNSPECIFIED. ) ;
#3503 = EDGE_CURVE ( 'NONE', #2947, #804, #2557, .T. ) ;
#3504 = DIRECTION ( 'NONE',  ( -0.000000000000000000, -0.000000000000000000, -1.000000000000000000 ) ) ;
#3505 = ORIENTED_EDGE ( 'NONE', *, *, #111, .F. ) ;
#3506 = CARTESIAN_POINT ( 'NONE',  ( 0.4767298974208040718, -0.4828065722553352423, 0.2199999999999999734 ) ) ;
#3507 = CARTESIAN_POINT ( 'NONE',  ( 0.1547344072008220162, -0.4655147471435845952, 0.2099999999999999922 ) ) ;
#3508 = LINE ( 'NONE', #9368, #1769 ) ;
#3509 = EDGE_CURVE ( 'NONE', #4344, #937, #281, .T. ) ;
#3510 = VERTEX_POINT ( 'NONE', #4881 ) ;
#3511 = CARTESIAN_POINT ( 'NONE',  ( 0.1502584533198238481, -0.5057983369980462163, 0.2099999999999999922 ) ) ;
#3512 = CARTESIAN_POINT ( 'NONE',  ( 0.4755786643565544924, -0.5474736854561763622, 0.2199999999999999734 ) ) ;
#3513 = DIRECTION ( 'NONE',  ( -0.000000000000000000, -0.000000000000000000, -1.000000000000000000 ) ) ;
#3514 = CARTESIAN_POINT ( 'NONE',  ( 0.1316660199083858340, -0.4799755306923473852, 0.2199999999999999734 ) ) ;
#3515 = ORIENTED_EDGE ( 'NONE', *, *, #6351, .F. ) ;
#3516 = EDGE_LOOP ( 'NONE', ( #2821, #813, #8068, #9081 ) ) ;
#3517 = CARTESIAN_POINT ( 'NONE',  ( 0.000000000000000000, 0.000000000000000000, 0.000000000000000000 ) ) ;
#3518 = VERTEX_POINT ( 'NONE', #4220 ) ;
#3519 = CARTESIAN_POINT ( 'NONE',  ( 0.5764291565555521579, -0.5716124432553577606, 0.2199999999999999734 ) ) ;
#3520 = CARTESIAN_POINT ( 'NONE',  ( 0.1850331870887744201, -0.5753478176694563073, 0.2099999999999999922 ) ) ;
#3521 = ORIENTED_EDGE ( 'NONE', *, *, #1140, .F. ) ;
#3522 = DIRECTION ( 'NONE',  ( 0.000000000000000000, 0.000000000000000000, -1.000000000000000000 ) ) ;
#3523 = LINE ( 'NONE', #6536, #6706 ) ;
#3524 = FACE_OUTER_BOUND ( 'NONE', #1700, .T. ) ;
#3525 = VECTOR ( 'NONE', #35, 1000.000000000000000 ) ;
#3526 = FILL_AREA_STYLE ('',( #2695 ) ) ;
#3527 = CARTESIAN_POINT ( 'NONE',  ( 0.5238561799542529318, -0.5474736854561763622, 0.2099999999999999922 ) ) ;
#3528 = ORIENTED_EDGE ( 'NONE', *, *, #7608, .T. ) ;
#3529 = DIRECTION ( 'NONE',  ( 1.000000000000000000, 0.000000000000000000, 0.000000000000000000 ) ) ;
#3530 = ORIENTED_EDGE ( 'NONE', *, *, #5617, .F. ) ;
#3531 = AXIS2_PLACEMENT_3D ( 'NONE', #9065, #5533, #235 ) ;
#3532 = PLANE ( 'NONE',  #548 ) ;
#3533 = LINE ( 'NONE', #521, #7994 ) ;
#3534 = LINE ( 'NONE', #8041, #7477 ) ;
#3535 = CARTESIAN_POINT ( 'NONE',  ( 0.4320298695169571546, -0.6011978951217422651, 0.2199999999999999734 ) ) ;
#3536 = DIRECTION ( 'NONE',  ( -0.9676172723862130898, -0.2524218971877542628, 0.000000000000000000 ) ) ;
#3537 = VECTOR ( 'NONE', #9478, 1000.000000000000000 ) ;
#3538 = VERTEX_POINT ( 'NONE', #3288 ) ;
#3539 = ORIENTED_EDGE ( 'NONE', *, *, #8039, .F. ) ;
#3540 = DIRECTION ( 'NONE',  ( -0.000000000000000000, -0.000000000000000000, -1.000000000000000000 ) ) ;
#3541 = ADVANCED_FACE ( 'NONE', ( #7894 ), #1117, .F. ) ;
#3542 = CARTESIAN_POINT ( 'NONE',  ( 0.3587842131597400730, -0.5685177307169276828, 0.2099999999999999922 ) ) ;
#3543 = VERTEX_POINT ( 'NONE', #4129 ) ;
#3544 = CARTESIAN_POINT ( 'NONE',  ( 0.1027444560942321478, -0.4858287039301895094, 0.2099999999999999922 ) ) ;
#3545 = ORIENTED_EDGE ( 'NONE', *, *, #1581, .F. ) ;
#3546 = FACE_BOUND ( 'NONE', #4096, .T. ) ;
#3547 = VECTOR ( 'NONE', #3784, 1000.000000000000000 ) ;
#3548 = ADVANCED_FACE ( 'NONE', ( #8571 ), #1811, .F. ) ;
#3549 = CARTESIAN_POINT ( 'NONE',  ( 0.1230584112395674695, -0.5536566398834067426, 0.2099999999999999922 ) ) ;
#3550 = EDGE_CURVE ( 'NONE', #2645, #1988, #7039, .T. ) ;
#3551 = CARTESIAN_POINT ( 'NONE',  ( 0.3612599831903885450, -0.5848082975186135180, 0.2099999999999999922 ) ) ;
#3552 = CARTESIAN_POINT ( 'NONE',  ( 0.1764255849868762438, -0.5557224672775614716, 0.2099999999999999922 ) ) ;
#3553 = VERTEX_POINT ( 'NONE', #3386 ) ;
#3554 = COLOUR_RGB ( '',0.2980392156862745057, 0.2980392156862745057, 0.2980392156862745057 ) ;
#3555 = CARTESIAN_POINT ( 'NONE',  ( 0.2211851434982795017, -0.5798237846846273635, 0.2199999999999999734 ) ) ;
#3556 = LINE ( 'NONE', #2964, #3686 ) ;
#3557 = DIRECTION ( 'NONE',  ( -1.000000000000000000, -0.000000000000000000, -0.000000000000000000 ) ) ;
#3558 = CARTESIAN_POINT ( 'NONE',  ( 0.4222505778957591493, -0.5554456649550705283, 0.2099999999999999922 ) ) ;
#3559 = EDGE_LOOP ( 'NONE', ( #938, #9582, #1091, #4047, #4253, #2856 ) ) ;
#3560 = ORIENTED_EDGE ( 'NONE', *, *, #5150, .F. ) ;
#3561 = B_SPLINE_CURVE_WITH_KNOTS ( 'NONE', 3,
 ( #1896, #4872, #7887, #4920 ),
 .UNSPECIFIED., .F., .F.,
 ( 4, 4 ),
 ( 0.000000000000000000, 1.000000000000000000 ),
 .UNSPECIFIED. ) ;
#3562 = ORIENTED_EDGE ( 'NONE', *, *, #3195, .F. ) ;
#3563 = EDGE_CURVE ( 'NONE', #550, #3543, #9628, .T. ) ;
#3564 = VECTOR ( 'NONE', #8365, 1000.000000000000000 ) ;
#3565 = ORIENTED_EDGE ( 'NONE', *, *, #554, .T. ) ;
#3566 = FACE_OUTER_BOUND ( 'NONE', #7453, .T. ) ;
#3567 = ADVANCED_FACE ( 'NONE', ( #8086 ), #716, .F. ) ;
#3568 = ADVANCED_FACE ( 'NONE', ( #1507 ), #3532, .T. ) ;
#3569 =( NAMED_UNIT ( * ) SI_UNIT ( $, .STERADIAN. ) SOLID_ANGLE_UNIT ( ) );
#3570 = ORIENTED_EDGE ( 'NONE', *, *, #5835, .T. ) ;
#3571 = B_SPLINE_CURVE_WITH_KNOTS ( 'NONE', 3,
 ( #8526, #5016, #3527, #8079 ),
 .UNSPECIFIED., .F., .F.,
 ( 4, 4 ),
 ( 5.000000000000000000, 6.000000000000000000 ),
 .UNSPECIFIED. ) ;
#3572 = CARTESIAN_POINT ( 'NONE',  ( 0.4928966757207672300, -0.5135061206355617802, 0.2099999999999999922 ) ) ;
#3573 = FACE_OUTER_BOUND ( 'NONE', #7115, .T. ) ;
#3574 = FACE_OUTER_BOUND ( 'NONE', #1775, .T. ) ;
#3575 = CARTESIAN_POINT ( 'NONE',  ( 0.000000000000000000, 0.000000000000000000, 0.2099999999999999922 ) ) ;
#3576 = CIRCLE ( 'NONE', #4201, 0.07999999999999998779 ) ;
#3577 = CARTESIAN_POINT ( 'NONE',  ( 0.1636863149628198510, -0.5791351864986014064, 0.2099999999999999922 ) ) ;
#3578 = ORIENTED_EDGE ( 'NONE', *, *, #6822, .T. ) ;
#3579 = LINE ( 'NONE', #6036, #6974 ) ;
#3580 = EDGE_LOOP ( 'NONE', ( #582, #8237, #2422, #3347 ) ) ;
#3581 = VECTOR ( 'NONE', #1694, 1000.000000000000000 ) ;
#3582 = CARTESIAN_POINT ( 'NONE',  ( 0.4808644333719239716, -0.4757753853683417411, 0.2099999999999999922 ) ) ;
#3583 = DIRECTION ( 'NONE',  ( 0.000000000000000000, -1.000000000000000000, 0.000000000000000000 ) ) ;
#3584 = B_SPLINE_SURFACE_WITH_KNOTS ( 'NONE', 3, 1, ( 
 ( #2477, #4800 ),
 ( #7667, #9276 ),
 ( #4009, #203 ),
 ( #3214, #303 ) ),
 .UNSPECIFIED., .F., .F., .F.,
 ( 4, 4 ),
 ( 2, 2 ),
 ( 3.000000000000000000, 4.000000000000000000 ),
 ( 0.000000000000000000, 1.000000000000000000 ),
 .UNSPECIFIED. ) ;
#3585 = CARTESIAN_POINT ( 'NONE',  ( 0.04500000000000075467, 0.5350000000000000311, -0.01000000000000000021 ) ) ;
#3586 = CARTESIAN_POINT ( 'NONE',  ( 0.3778476423959102881, -0.5549505109488411803, 0.2199999999999999734 ) ) ;
#3587 = LINE ( 'NONE', #3690, #5342 ) ;
#3588 = VECTOR ( 'NONE', #9135, 1000.000000000000114 ) ;
#3589 = VERTEX_POINT ( 'NONE', #6543 ) ;
#3590 = ORIENTED_EDGE ( 'NONE', *, *, #7750, .F. ) ;
#3591 = SURFACE_STYLE_USAGE ( .BOTH. , #575 ) ;
#3592 = CARTESIAN_POINT ( 'NONE',  ( 0.5044337640637158726, -0.4650800588358499077, 0.2199999999999999734 ) ) ;
#3593 = CARTESIAN_POINT ( 'NONE',  ( -0.4550000000000001266, -0.4550000000000000155, -0.01000000000000000021 ) ) ;
#3594 = ORIENTED_EDGE ( 'NONE', *, *, #59, .T. ) ;
#3595 = CARTESIAN_POINT ( 'NONE',  ( 0.4715555380566762711, -0.5029345826047947332, 0.2199999999999999734 ) ) ;
#3596 = CARTESIAN_POINT ( 'NONE',  ( 0.5073304149995918610, -0.4727301882304635328, 0.2199999999999999734 ) ) ;
#3597 = ORIENTED_EDGE ( 'NONE', *, *, #9098, .F. ) ;
#3598 = EDGE_CURVE ( 'NONE', #8034, #7976, #5622, .T. ) ;
#3599 = AXIS2_PLACEMENT_3D ( 'NONE', #8960, #6947, #9013 ) ;
#3600 = CARTESIAN_POINT ( 'NONE',  ( 0.4176085090882735718, -0.5773562297265578680, 0.2099999999999999922 ) ) ;
#3601 = VECTOR ( 'NONE', #1057, 1000.000000000000000 ) ;
#3602 = DIRECTION ( 'NONE',  ( -0.000000000000000000, 1.000000000000000000, -0.000000000000000000 ) ) ;
#3603 = CARTESIAN_POINT ( 'NONE',  ( 0.1223697933519574677, -0.6035807767306674565, 0.2199999999999999734 ) ) ;
#3604 = CARTESIAN_POINT ( 'NONE',  ( 0.5256758709266978746, -0.5419032028872593498, 0.2199999999999999734 ) ) ;
#3605 =( NAMED_UNIT ( * ) SI_UNIT ( $, .STERADIAN. ) SOLID_ANGLE_UNIT ( ) );
#3606 = ORIENTED_EDGE ( 'NONE', *, *, #4827, .F. ) ;
#3607 = VECTOR ( 'NONE', #610, 1000.000000000000114 ) ;
#3608 = B_SPLINE_CURVE_WITH_KNOTS ( 'NONE', 3,
 ( #2928, #5942, #6331, #1696 ),
 .UNSPECIFIED., .F., .F.,
 ( 4, 4 ),
 ( 4.000000000000000000, 5.000000000000000000 ),
 .UNSPECIFIED. ) ;
#3609 = CARTESIAN_POINT ( 'NONE',  ( 0.000000000000000000, 0.000000000000000000, 0.2099999999999999922 ) ) ;
#3610 =( NAMED_UNIT ( * ) SI_UNIT ( $, .STERADIAN. ) SOLID_ANGLE_UNIT ( ) );
#3611 = CARTESIAN_POINT ( 'NONE',  ( 0.4149346774552319372, -0.4861488617968817150, 0.2199999999999999734 ) ) ;
#3612 = CARTESIAN_POINT ( 'NONE',  ( 0.3697271166951787147, -0.4713932724141087216, 0.2099999999999999922 ) ) ;
#3613 = VERTEX_POINT ( 'NONE', #520 ) ;
#3614 = VERTEX_POINT ( 'NONE', #8899 ) ;
#3615 = ADVANCED_FACE ( 'NONE', ( #7440 ), #6595, .F. ) ;
#3616 = VERTEX_POINT ( 'NONE', #5803 ) ;
#3617 = PRESENTATION_LAYER_ASSIGNMENT (  '', '', ( #5197 ) ) ;
#3618 = VERTEX_POINT ( 'NONE', #6749 ) ;
#3619 = CARTESIAN_POINT ( 'NONE',  ( 0.4466864280986146962, -0.5830009853963081801, 0.2199999999999999734 ) ) ;
#3620 = CARTESIAN_POINT ( 'NONE',  ( 0.3414662017951807238, -0.5079851534672040758, 0.2199999999999999734 ) ) ;
#3621 = VERTEX_POINT ( 'NONE', #5218 ) ;
#3622 = DIRECTION ( 'NONE',  ( -0.000000000000000000, -0.000000000000000000, -1.000000000000000000 ) ) ;
#3623 = EDGE_CURVE ( 'NONE', #8080, #5789, #8238, .T. ) ;
#3624 = CARTESIAN_POINT ( 'NONE',  ( 0.5084692692137189329, -0.4746612888544927689, 0.2099999999999999922 ) ) ;
#3625 = CARTESIAN_POINT ( 'NONE',  ( 0.6999999999999997335, 0.6999999999999999556, 0.2099999999999999922 ) ) ;
#3626 = CARTESIAN_POINT ( 'NONE',  ( 0.4576912258849147874, -0.4650800588358516285, 0.2199999999999999734 ) ) ;
#3627 = CARTESIAN_POINT ( 'NONE',  ( -0.5613595772881996293, 0.5657689154935456877, 0.1899999999999999745 ) ) ;
#3628 = CARTESIAN_POINT ( 'NONE',  ( 0.1502584467527399437, -0.5925630612757669669, 0.2099999999999999922 ) ) ;
#3629 = FACE_OUTER_BOUND ( 'NONE', #2277, .T. ) ;
#3630 = VERTEX_POINT ( 'NONE', #5071 ) ;
#3631 = ADVANCED_FACE ( 'NONE', ( #6647 ), #5232, .T. ) ;
#3632 = EDGE_CURVE ( 'NONE', #8415, #8865, #1410, .T. ) ;
#3633 = FILL_AREA_STYLE ('',( #2657 ) ) ;
#3634 = VERTEX_POINT ( 'NONE', #4422 ) ;
#3635 = DIRECTION ( 'NONE',  ( 1.000000000000000000, 0.000000000000000000, 0.000000000000000000 ) ) ;
#3636 = B_SPLINE_CURVE_WITH_KNOTS ( 'NONE', 3,
 ( #8288, #9580, #5903, #6047 ),
 .UNSPECIFIED., .F., .F.,
 ( 4, 4 ),
 ( 7.000000000000000000, 8.000000000000000000 ),
 .UNSPECIFIED. ) ;
#3637 = VERTEX_POINT ( 'NONE', #1299 ) ;
#3638 = DIRECTION ( 'NONE',  ( 0.000000000000000000, 0.000000000000000000, 1.000000000000000000 ) ) ;
#3639 = EDGE_LOOP ( 'NONE', ( #8723, #7225 ) ) ;
#3640 = CARTESIAN_POINT ( 'NONE',  ( 0.5239552107553649973, -0.5848082975186108534, 0.2099999999999999922 ) ) ;
#3641 = EDGE_CURVE ( 'NONE', #6730, #1778, #8143, .T. ) ;
#3642 = FACE_OUTER_BOUND ( 'NONE', #985, .T. ) ;
#3643 = CARTESIAN_POINT ( 'NONE',  ( 0.4336267411867306132, -0.4706505414047669200, 0.2199999999999999734 ) ) ;
#3644 = CARTESIAN_POINT ( 'NONE',  ( 0.5178400587799959487, -0.5903292646869716664, 0.2099999999999999922 ) ) ;
#3645 = MECHANICAL_DESIGN_GEOMETRIC_PRESENTATION_REPRESENTATION (  '', ( #959 ), #634 ) ;
#3646 = ORIENTED_EDGE ( 'NONE', *, *, #8919, .T. ) ;
#3647 = VERTEX_POINT ( 'NONE', #1461 ) ;
#3648 = CARTESIAN_POINT ( 'NONE',  ( 0.3989907184577749510, -0.4662436707502577438, 0.2199999999999999734 ) ) ;
#3649 = B_SPLINE_SURFACE_WITH_KNOTS ( 'NONE', 3, 1, ( 
 ( #4863, #6383 ),
 ( #359, #8557 ),
 ( #7832, #1888 ),
 ( #9329, #3224 ),
 ( #7780, #2629 ),
 ( #7729, #5651 ),
 ( #2584, #6236 ) ),
 .UNSPECIFIED., .F., .F., .F.,
 ( 4, 3, 4 ),
 ( 2, 2 ),
 ( 2.000000000000000000, 3.000000000000000000, 4.000000000000000000 ),
 ( 0.000000000000000000, 1.000000000000000000 ),
 .UNSPECIFIED. ) ;
#3650 = DIRECTION ( 'NONE',  ( 1.000000000000000000, -1.983296656985684741E-16, 0.000000000000000000 ) ) ;
#3651 = ORIENTED_EDGE ( 'NONE', *, *, #3250, .F. ) ;
#3652 = CARTESIAN_POINT ( 'NONE',  ( 0.5070704591463386368, -0.4738690424445899940, 0.2099999999999999922 ) ) ;
#3653 = STYLED_ITEM ( 'NONE', ( #3763 ), #9082 ) ;
#3654 = SURFACE_STYLE_FILL_AREA ( #7405 ) ;
#3655 = LINE ( 'NONE', #8253, #6862 ) ;
#3656 = CARTESIAN_POINT ( 'NONE',  ( 0.4112086435590397437, -0.5611646937259857637, 0.2199999999999999734 ) ) ;
#3657 = DIRECTION ( 'NONE',  ( -0.000000000000000000, -0.000000000000000000, -1.000000000000000000 ) ) ;
#3658 = CARTESIAN_POINT ( 'NONE',  ( 0.3776372019432124860, -0.5598772933098575821, 0.2199999999999999734 ) ) ;
#3659 = DIRECTION ( 'NONE',  ( -0.000000000000000000, -0.000000000000000000, -1.000000000000000000 ) ) ;
#3660 = VERTEX_POINT ( 'NONE', #2988 ) ;
#3661 =( NAMED_UNIT ( * ) PLANE_ANGLE_UNIT ( ) SI_UNIT ( $, .RADIAN. ) );
#3662 = DIRECTION ( 'NONE',  ( 0.000000000000000000, -0.000000000000000000, 1.000000000000000000 ) ) ;
#3663 = DIRECTION ( 'NONE',  ( -0.000000000000000000, -0.000000000000000000, -1.000000000000000000 ) ) ;
#3664 =( LENGTH_UNIT ( ) NAMED_UNIT ( * ) SI_UNIT ( .MILLI., .METRE. ) );
#3665 = ORIENTED_EDGE ( 'NONE', *, *, #5070, .T. ) ;
#3666 = VERTEX_POINT ( 'NONE', #5118 ) ;
#3667 = B_SPLINE_SURFACE_WITH_KNOTS ( 'NONE', 3, 1, ( 
 ( #1467, #4524 ),
 ( #4672, #129 ),
 ( #7692, #5955 ),
 ( #8242, #6754 ) ),
 .UNSPECIFIED., .F., .F., .F.,
 ( 4, 4 ),
 ( 2, 2 ),
 ( 12.00000000000000000, 13.00000000000000000 ),
 ( 0.000000000000000000, 1.000000000000000000 ),
 .UNSPECIFIED. ) ;
#3668 = LINE ( 'NONE', #4600, #3338 ) ;
#3669 = ORIENTED_EDGE ( 'NONE', *, *, #4049, .T. ) ;
#3670 = FACE_OUTER_BOUND ( 'NONE', #1192, .T. ) ;
#3671 = ADVANCED_FACE ( 'NONE', ( #4371 ), #30, .T. ) ;
#3672 = PLANE ( 'NONE',  #7051 ) ;
#3673 = CARTESIAN_POINT ( 'NONE',  ( 0.1178938361874166119, -0.5898086028601592368, 0.2199999999999999734 ) ) ;
#3674 = CARTESIAN_POINT ( 'NONE',  ( 0.4088690408800886855, -0.5911462687971523744, 0.2199999999999999734 ) ) ;
#3675 = CARTESIAN_POINT ( 'NONE',  ( 0.2614687546956039332, -0.4971907480299862514, 0.2099999999999999922 ) ) ;
#3676 = CARTESIAN_POINT ( 'NONE',  ( 0.4767298974208040718, -0.4888474511302015046, 0.2199999999999999734 ) ) ;
#3677 = DIRECTION ( 'NONE',  ( -1.000000000000000000, -0.000000000000000000, -0.000000000000000000 ) ) ;
#3678 = ORIENTED_EDGE ( 'NONE', *, *, #6148, .T. ) ;
#3679 = ORIENTED_EDGE ( 'NONE', *, *, #3928, .T. ) ;
#3680 = SURFACE_STYLE_USAGE ( .BOTH. , #711 ) ;
#3681 = EDGE_LOOP ( 'NONE', ( #9337, #7831, #994, #3354 ) ) ;
#3682 = ADVANCED_FACE ( 'NONE', ( #9731 ), #809, .F. ) ;
#3683 = CARTESIAN_POINT ( 'NONE',  ( 0.3732179524385628167, -0.5805747307663839951, 0.2099999999999999922 ) ) ;
#3684 = ADVANCED_FACE ( 'NONE', ( #6092 ), #7685, .F. ) ;
#3685 = EDGE_CURVE ( 'NONE', #2947, #6998, #9096, .T. ) ;
#3686 = VECTOR ( 'NONE', #2127, 1000.000000000000000 ) ;
#3687 = CARTESIAN_POINT ( 'NONE',  ( 0.4627913121478825498, -0.5557427573587392367, 0.2099999999999999922 ) ) ;
#3688 = CARTESIAN_POINT ( 'NONE',  ( 0.4627913121478825498, -0.5557427573587392367, 0.2199999999999999734 ) ) ;
#3689 = CARTESIAN_POINT ( 'NONE',  ( 0.5107717353422533968, -0.5848082975186108534, 0.2099999999999999922 ) ) ;
#3690 = CARTESIAN_POINT ( 'NONE',  ( 0.3989907184577749510, -0.4662436707502577438, 0.2199999999999999734 ) ) ;
#3691 = CARTESIAN_POINT ( 'NONE',  ( 0.3607524503341855149, -0.5135061206355653329, 0.2199999999999999734 ) ) ;
#3692 = ORIENTED_EDGE ( 'NONE', *, *, #2047, .F. ) ;
#3693 = AXIS2_PLACEMENT_3D ( 'NONE', #2786, #5012, #9386 ) ;
#3694 = EDGE_CURVE ( 'NONE', #6528, #8970, #9193, .T. ) ;
#3695 = ORIENTED_EDGE ( 'NONE', *, *, #851, .F. ) ;
#3696 = CARTESIAN_POINT ( 'NONE',  ( 0.1178938361874166119, -0.5898086028601592368, 0.2099999999999999922 ) ) ;
#3697 = ADVANCED_FACE ( 'NONE', ( #2444 ), #7600, .F. ) ;
#3698 = EDGE_CURVE ( 'NONE', #4638, #5658, #6852, .T. ) ;
#3699 = CARTESIAN_POINT ( 'NONE',  ( 0.4059723899442126416, -0.5720580818607033935, 0.2099999999999999922 ) ) ;
#3700 = ORIENTED_EDGE ( 'NONE', *, *, #1196, .T. ) ;
#3701 = VECTOR ( 'NONE', #5726, 1000.000000000000000 ) ;
#3702 = CARTESIAN_POINT ( 'NONE',  ( 0.5067733667426660427, -0.4746612888544927689, 0.2099999999999999922 ) ) ;
#3703 = CARTESIAN_POINT ( 'NONE',  ( 0.3670656639122792941, -0.5810698847722819416, 0.2099999999999999922 ) ) ;
#3704 = AXIS2_PLACEMENT_3D ( 'NONE', #4790, #7652, #4682 ) ;
#3705 = VECTOR ( 'NONE', #6840, 1000.000000000000000 ) ;
#3706 = CARTESIAN_POINT ( 'NONE',  ( 0.09757989089287485984, -0.5350642064721328195, 0.2099999999999999922 ) ) ;
#3707 = CARTESIAN_POINT ( 'NONE',  ( 0.6999999999999997335, -0.6999999999999999556, 0.2099999999999999922 ) ) ;
#3708 = CARTESIAN_POINT ( 'NONE',  ( 0.3955246404148363704, -0.4708486030073244510, 0.2199999999999999734 ) ) ;
#3709 = LINE ( 'NONE', #4544, #8542 ) ;
#3710 = ORIENTED_EDGE ( 'NONE', *, *, #4345, .F. ) ;
#3711 = DIRECTION ( 'NONE',  ( -0.000000000000000000, -1.000000000000000000, -0.000000000000000000 ) ) ;
#3712 = LINE ( 'NONE', #3611, #6592 ) ;
#3713 =( GEOMETRIC_REPRESENTATION_CONTEXT ( 3 ) GLOBAL_UNCERTAINTY_ASSIGNED_CONTEXT ( ( #7216 ) ) GLOBAL_UNIT_ASSIGNED_CONTEXT ( ( #2747, #4084, #1255 ) ) REPRESENTATION_CONTEXT ( 'NONE', 'WORKASPACE' ) );
#3714 = EDGE_LOOP ( 'NONE', ( #6683, #1553, #826, #6241 ) ) ;
#3715 = ORIENTED_EDGE ( 'NONE', *, *, #2242, .T. ) ;
#3716 = ORIENTED_EDGE ( 'NONE', *, *, #1638, .F. ) ;
#3717 = CARTESIAN_POINT ( 'NONE',  ( 0.3743815643529695425, -0.4752802313621141694, 0.2199999999999999734 ) ) ;
#3718 = B_SPLINE_CURVE_WITH_KNOTS ( 'NONE', 3,
 ( #6755, #6705, #2893, #3835 ),
 .UNSPECIFIED., .F., .F.,
 ( 4, 4 ),
 ( 16.00000000000000000, 17.00000000000000000 ),
 .UNSPECIFIED. ) ;
#3719 = CARTESIAN_POINT ( 'NONE',  ( 0.5238561799542529318, -0.5474736854561763622, 0.2199999999999999734 ) ) ;
#3720 = STYLED_ITEM ( 'NONE', ( #2493 ), #3684 ) ;
#3721 = CARTESIAN_POINT ( 'NONE',  ( 0.4106887318525338504, -0.5677502420073075040, 0.2199999999999999734 ) ) ;
#3722 = VERTEX_POINT ( 'NONE', #3182 ) ;
#3723 = CARTESIAN_POINT ( 'NONE',  ( 0.4264346292475972300, -0.5840903242098796078, 0.2099999999999999922 ) ) ;
#3724 = CARTESIAN_POINT ( 'NONE',  ( 0.3855844237416622411, -0.5143231247457424882, 0.2199999999999999734 ) ) ;
#3725 = B_SPLINE_CURVE_WITH_KNOTS ( 'NONE', 3,
 ( #5213, #7436, #8232, #6590 ),
 .UNSPECIFIED., .F., .F.,
 ( 4, 4 ),
 ( 5.000000000000000000, 6.000000000000000000 ),
 .UNSPECIFIED. ) ;
#3726 = FACE_OUTER_BOUND ( 'NONE', #5934, .T. ) ;
#3727 = CARTESIAN_POINT ( 'NONE',  ( 0.4693273450289774384, -0.5903292646869716664, 0.2199999999999999734 ) ) ;
#3728 = ORIENTED_EDGE ( 'NONE', *, *, #5389, .T. ) ;
#3729 = COLOUR_RGB ( '',0.6666666666666666297, 0.6666666666666666297, 0.6666666666666666297 ) ;
#3730 = CARTESIAN_POINT ( 'NONE',  ( 0.4244044978224565945, -0.5752023097996914469, 0.2199999999999999734 ) ) ;
#3731 = EDGE_LOOP ( 'NONE', ( #8861, #2132, #9139, #6285, #5674, #3209, #4465, #1767 ) ) ;
#3732 = LINE ( 'NONE', #7333, #3500 ) ;
#3733 = EDGE_CURVE ( 'NONE', #7383, #1790, #8197, .T. ) ;
#3734 = B_SPLINE_CURVE_WITH_KNOTS ( 'NONE', 3,
 ( #6260, #9308, #2565, #874 ),
 .UNSPECIFIED., .F., .F.,
 ( 4, 4 ),
 ( 23.00000000000000000, 24.00000000000000000 ),
 .UNSPECIFIED. ) ;
#3735 = B_SPLINE_SURFACE_WITH_KNOTS ( 'NONE', 3, 1, ( 
 ( #7747, #5612 ),
 ( #7099, #8613 ),
 ( #1855, #4877 ),
 ( #9390, #1113 ) ),
 .UNSPECIFIED., .F., .F., .F.,
 ( 4, 4 ),
 ( 2, 2 ),
 ( 7.000000000000000000, 8.000000000000000000 ),
 ( 0.000000000000000000, 1.000000000000000000 ),
 .UNSPECIFIED. ) ;
#3736 = LINE ( 'NONE', #6746, #5279 ) ;
#3737 = ORIENTED_EDGE ( 'NONE', *, *, #9381, .T. ) ;
#3738 = CARTESIAN_POINT ( 'NONE',  ( 0.3737997583957675674, -0.5835704125033737144, 0.2199999999999999734 ) ) ;
#3739 = ORIENTED_EDGE ( 'NONE', *, *, #3753, .F. ) ;
#3740 = VECTOR ( 'NONE', #2195, 1000.000000000000000 ) ;
#3741 = LINE ( 'NONE', #6596, #2616 ) ;
#3742 = CARTESIAN_POINT ( 'NONE',  ( 0.03499999999999982292, -0.2050000000000006817, -0.01000000000000000021 ) ) ;
#3743 = CARTESIAN_POINT ( 'NONE',  ( 0.4953724457515832347, -0.5903292646869716664, 0.2199999999999999734 ) ) ;
#3744 = FACE_OUTER_BOUND ( 'NONE', #8165, .T. ) ;
#3745 = DIRECTION ( 'NONE',  ( -0.000000000000000000, -0.000000000000000000, -1.000000000000000000 ) ) ;
#3746 = VERTEX_POINT ( 'NONE', #7737 ) ;
#3747 = EDGE_CURVE ( 'NONE', #3951, #315, #8475, .T. ) ;
#3748 = AXIS2_PLACEMENT_3D ( 'NONE', #3609, #9601, #2865 ) ;
#3749 = PRESENTATION_STYLE_ASSIGNMENT (( #6712 ) ) ;
#3750 = CARTESIAN_POINT ( 'NONE',  ( 0.3650000000000001577, -0.5350000000000000311, -0.01000000000000000021 ) ) ;
#3751 = CARTESIAN_POINT ( 'NONE',  ( 0.4086833581278346283, -0.5135061206355653329, 0.2199999999999999734 ) ) ;
#3752 = ORIENTED_EDGE ( 'NONE', *, *, #8987, .F. ) ;
#3753 = EDGE_CURVE ( 'NONE', #4584, #1239, #1710, .T. ) ;
#3754 = ORIENTED_EDGE ( 'NONE', *, *, #5076, .F. ) ;
#3755 = EDGE_CURVE ( 'NONE', #3102, #4557, #3832, .T. ) ;
#3756 = CARTESIAN_POINT ( 'NONE',  ( 0.5581951102793698549, -0.5770838950231640396, 0.2199999999999999734 ) ) ;
#3757 = ADVANCED_FACE ( 'NONE', ( #9049 ), #6089, .T. ) ;
#3758 = VECTOR ( 'NONE', #8732, 1000.000000000000000 ) ;
#3759 = DIRECTION ( 'NONE',  ( -0.000000000000000000, 1.000000000000000000, -0.000000000000000000 ) ) ;
#3760 = CARTESIAN_POINT ( 'NONE',  ( 0.2635345755223489350, -0.5894643037671456476, 0.2199999999999999734 ) ) ;
#3761 = CARTESIAN_POINT ( 'NONE',  ( 0.5067733667426660427, -0.4746612888544927689, 0.2199999999999999734 ) ) ;
#3762 = CARTESIAN_POINT ( 'NONE',  ( 0.3748272029584767129, -0.5761926178121495878, 0.2199999999999999734 ) ) ;
#3763 = PRESENTATION_STYLE_ASSIGNMENT (( #8925 ) ) ;
#3764 = EDGE_LOOP ( 'NONE', ( #7629, #9200, #5559, #3996, #6235, #1082, #4400, #1750, #5547, #1729, #319, #2033, #6188, #1129, #5802, #4759, #6782, #1624, #1388, #3854, #4437, #5979, #989, #9077, #2937, #9174, #5029, #6314, #9640, #6419, #1103, #356, #6432 ) ) ;
#3765 = FILL_AREA_STYLE_COLOUR ( '', #3260 ) ;
#3766 = DIRECTION ( 'NONE',  ( -0.000000000000000000, -0.000000000000000000, -1.000000000000000000 ) ) ;
#3767 = EDGE_CURVE ( 'NONE', #8245, #8754, #9355, .T. ) ;
#3768 = CARTESIAN_POINT ( 'NONE',  ( 0.4714193707048132675, -0.4752059582612774280, 0.2099999999999999922 ) ) ;
#3769 = COLOUR_RGB ( '',0.6666666666666666297, 0.6666666666666666297, 0.6666666666666666297 ) ;
#3770 = ORIENTED_EDGE ( 'NONE', *, *, #7569, .F. ) ;
#3771 = VERTEX_POINT ( 'NONE', #6341 ) ;
#3772 = CARTESIAN_POINT ( 'NONE',  ( 0.4464388510951726174, -0.5839417780078779430, 0.2199999999999999734 ) ) ;
#3773 = VECTOR ( 'NONE', #1514, 1000.000000000000000 ) ;
#3774 = PRESENTATION_LAYER_ASSIGNMENT (  '', '', ( #131 ) ) ;
#3775 = DIRECTION ( 'NONE',  ( 0.000000000000000000, 0.000000000000000000, 1.000000000000000000 ) ) ;
#3776 = ORIENTED_EDGE ( 'NONE', *, *, #7927, .F. ) ;
#3777 = CARTESIAN_POINT ( 'NONE',  ( 0.3948561825064956787, -0.5680720921115868238, 0.2099999999999999922 ) ) ;
#3778 = FACE_OUTER_BOUND ( 'NONE', #3469, .T. ) ;
#3779 = CARTESIAN_POINT ( 'NONE',  ( -0.4549999999999995159, -0.1250000000000000278, -0.01000000000000000021 ) ) ;
#3780 = CARTESIAN_POINT ( 'NONE',  ( 0.3887905459313502066, -0.5849816014208931714, 0.2199999999999999734 ) ) ;
#3781 = VERTEX_POINT ( 'NONE', #4342 ) ;
#3782 = ORIENTED_EDGE ( 'NONE', *, *, #7004, .F. ) ;
#3783 = ORIENTED_EDGE ( 'NONE', *, *, #2899, .F. ) ;
#3784 = DIRECTION ( 'NONE',  ( 1.000000000000000000, -0.000000000000000000, -0.000000000000000000 ) ) ;
#3785 = EDGE_LOOP ( 'NONE', ( #139, #1054 ) ) ;
#3786 = FILL_AREA_STYLE_COLOUR ( '', #3554 ) ;
#3787 = DIRECTION ( 'NONE',  ( 0.000000000000000000, -1.000000000000000000, 0.000000000000000000 ) ) ;
#3788 = CARTESIAN_POINT ( 'NONE',  ( 0.2428763147170815428, -0.4699907043081231195, 0.2099999999999999922 ) ) ;
#3789 = FACE_OUTER_BOUND ( 'NONE', #6390, .T. ) ;
#3790 = ORIENTED_EDGE ( 'NONE', *, *, #6144, .F. ) ;
#3791 = CARTESIAN_POINT ( 'NONE',  ( 0.3607524503341855149, -0.5135061206355653329, 0.2199999999999999734 ) ) ;
#3792 = CARTESIAN_POINT ( 'NONE',  ( 0.4247758633271273010, -0.5623778210409468015, 0.2199999999999999734 ) ) ;
#3793 = ADVANCED_FACE ( 'NONE', ( #4817 ), #540, .F. ) ;
#3794 = VECTOR ( 'NONE', #4114, 1000.000000000000000 ) ;
#3795 = CARTESIAN_POINT ( 'NONE',  ( 0.2742080050182409967, -0.5426389178617498921, 0.2099999999999999922 ) ) ;
#3796 = DIRECTION ( 'NONE',  ( 0.000000000000000000, -1.000000000000000000, 0.000000000000000000 ) ) ;
#3797 = ORIENTED_EDGE ( 'NONE', *, *, #4947, .F. ) ;
#3798 = EDGE_CURVE ( 'NONE', #6998, #4736, #9382, .T. ) ;
#3799 = CARTESIAN_POINT ( 'NONE',  ( 0.4199481117672244634, -0.5902302338858604891, 0.2099999999999999922 ) ) ;
#3800 =( LENGTH_UNIT ( ) NAMED_UNIT ( * ) SI_UNIT ( .MILLI., .METRE. ) );
#3801 = CARTESIAN_POINT ( 'NONE',  ( 0.2850000000000001421, -0.4550000000000000155, -0.01000000000000000021 ) ) ;
#3802 = ORIENTED_EDGE ( 'NONE', *, *, #5178, .T. ) ;
#3803 = EDGE_CURVE ( 'NONE', #7980, #7943, #5657, .T. ) ;
#3804 = EDGE_CURVE ( 'NONE', #3616, #1733, #8560, .T. ) ;
#3805 = FILL_AREA_STYLE ('',( #3765 ) ) ;
#3806 = CARTESIAN_POINT ( 'NONE',  ( 0.3780333251481621248, -0.5911462687971523744, 0.2099999999999999922 ) ) ;
#3807 = B_SPLINE_SURFACE_WITH_KNOTS ( 'NONE', 3, 1, ( 
 ( #6684, #6533 ),
 ( #9668, #4457 ),
 ( #8318, #4699 ),
 ( #5398, #1637 ) ),
 .UNSPECIFIED., .F., .F., .F.,
 ( 4, 4 ),
 ( 2, 2 ),
 ( 11.00000000000000000, 12.00000000000000000 ),
 ( 0.000000000000000000, 1.000000000000000000 ),
 .UNSPECIFIED. ) ;
#3808 = ORIENTED_EDGE ( 'NONE', *, *, #1254, .F. ) ;
#3809 = VERTEX_POINT ( 'NONE', #2813 ) ;
#3810 = ORIENTED_EDGE ( 'NONE', *, *, #8217, .T. ) ;
#3811 = EDGE_CURVE ( 'NONE', #228, #3020, #6562, .T. ) ;
#3812 = CARTESIAN_POINT ( 'NONE',  ( 0.1061874995618597578, -0.5612313381391825784, 0.2199999999999999734 ) ) ;
#3813 = AXIS2_PLACEMENT_3D ( 'NONE', #8744, #1990, #4255 ) ;
#3814 = CARTESIAN_POINT ( 'NONE',  ( 0.4115800090637121711, -0.5685424884172051163, 0.2099999999999999922 ) ) ;
#3815 = VERTEX_POINT ( 'NONE', #6613 ) ;
#3816 = CARTESIAN_POINT ( 'NONE',  ( 0.3776372019432124860, -0.5598772933098575821, 0.2199999999999999734 ) ) ;
#3817 = LINE ( 'NONE', #6081, #5956 ) ;
#3818 = DIRECTION ( 'NONE',  ( 1.000000000000000000, -0.000000000000000000, -0.000000000000000000 ) ) ;
#3819 = LINE ( 'NONE', #1550, #2025 ) ;
#3820 = STYLED_ITEM ( 'NONE', ( #2985 ), #9571 ) ;
#3821 = SURFACE_STYLE_USAGE ( .BOTH. , #8894 ) ;
#3822 = EDGE_LOOP ( 'NONE', ( #6938, #8373, #9496, #4796 ) ) ;
#3823 = PLANE ( 'NONE',  #7447 ) ;
#3824 = FILL_AREA_STYLE_COLOUR ( '', #8576 ) ;
#3825 = VERTEX_POINT ( 'NONE', #1757 ) ;
#3826 = B_SPLINE_CURVE_WITH_KNOTS ( 'NONE', 3,
 ( #5706, #7238, #2743, #7284 ),
 .UNSPECIFIED., .F., .F.,
 ( 4, 4 ),
 ( 1.000000000000000000, 2.000000000000000000 ),
 .UNSPECIFIED. ) ;
#3827 = CARTESIAN_POINT ( 'NONE',  ( 0.1747040566858937549, -0.4727451380969961980, 0.2099999999999999922 ) ) ;
#3828 = EDGE_LOOP ( 'NONE', ( #4865, #2046, #1048, #598 ) ) ;
#3829 = STYLED_ITEM ( 'NONE', ( #1986 ), #9234 ) ;
#3830 = CARTESIAN_POINT ( 'NONE',  ( 0.4859892773354981266, -0.5135061206355617802, 0.2199999999999999734 ) ) ;
#3831 = LINE ( 'NONE', #3184, #690 ) ;
#3832 = B_SPLINE_CURVE_WITH_KNOTS ( 'NONE', 3,
 ( #2295, #1558, #3279, #5043 ),
 .UNSPECIFIED., .F., .F.,
 ( 4, 4 ),
 ( 2.000000000000000000, 3.000000000000000000 ),
 .UNSPECIFIED. ) ;
#3833 = PLANE ( 'NONE',  #9400 ) ;
#3834 = FACE_OUTER_BOUND ( 'NONE', #564, .T. ) ;
#3835 = CARTESIAN_POINT ( 'NONE',  ( 0.1182381516983065928, -0.5667402090004740600, 0.2099999999999999922 ) ) ;
#3836 = CARTESIAN_POINT ( 'NONE',  ( 0.5366435321625796506, -0.5483154472666327273, 0.2099999999999999922 ) ) ;
#3837 = ORIENTED_EDGE ( 'NONE', *, *, #7371, .F. ) ;
#3838 = CARTESIAN_POINT ( 'NONE',  ( 0.3709897594108650942, -0.4788948556070519169, 0.2199999999999999734 ) ) ;
#3839 = VECTOR ( 'NONE', #2344, 1000.000000000000000 ) ;
#3840 = CARTESIAN_POINT ( 'NONE',  ( 0.2332357825005567931, -0.5694946542819088187, 0.2099999999999999922 ) ) ;
#3841 = CARTESIAN_POINT ( 'NONE',  ( 0.4127931363786733754, -0.5549505109488411803, 0.2099999999999999922 ) ) ;
#3842 = CARTESIAN_POINT ( 'NONE',  ( 0.4928966757207673410, -0.5135061206355617802, 0.2099999999999999922 ) ) ;
#3843 = EDGE_CURVE ( 'NONE', #7767, #4479, #1106, .T. ) ;
#3844 = VERTEX_POINT ( 'NONE', #318 ) ;
#3845 = DIRECTION ( 'NONE',  ( -1.000000000000000000, -0.000000000000000000, -0.000000000000000000 ) ) ;
#3846 = CARTESIAN_POINT ( 'NONE',  ( 0.5439470537532964389, -0.5654972912796583095, 0.2099999999999999922 ) ) ;
#3847 = VECTOR ( 'NONE', #4324, 1000.000000000000000 ) ;
#3848 = CARTESIAN_POINT ( 'NONE',  ( 0.3955246404148363704, -0.4708486030073244510, 0.2099999999999999922 ) ) ;
#3849 = CARTESIAN_POINT ( 'NONE',  ( 0.2211851434982788356, -0.4727451380969961980, 0.2099999999999999922 ) ) ;
#3850 = ORIENTED_EDGE ( 'NONE', *, *, #2308, .T. ) ;
#3851 = CARTESIAN_POINT ( 'NONE',  ( 0.3414662017951807238, -0.5079851534672040758, 0.2099999999999999922 ) ) ;
#3852 = ADVANCED_FACE ( 'NONE', ( #9336 ), #4593, .F. ) ;
#3853 = ORIENTED_EDGE ( 'NONE', *, *, #8702, .F. ) ;
#3854 = ORIENTED_EDGE ( 'NONE', *, *, #4966, .F. ) ;
#3855 = VECTOR ( 'NONE', #4153, 1000.000000000000000 ) ;
#3856 = ORIENTED_EDGE ( 'NONE', *, *, #7304, .F. ) ;
#3857 = VECTOR ( 'NONE', #5689, 1000.000000000000000 ) ;
#3858 = EDGE_CURVE ( 'NONE', #939, #7715, #5719, .T. ) ;
#3859 = UNCERTAINTY_MEASURE_WITH_UNIT (LENGTH_MEASURE( 1.000000000000000082E-05 ), #4448, 'distance_accuracy_value', 'NONE');
#3860 =( NAMED_UNIT ( * ) PLANE_ANGLE_UNIT ( ) SI_UNIT ( $, .RADIAN. ) );
#3861 = DIRECTION ( 'NONE',  ( 0.3493954794689525523, -0.9369753459545563379, -0.000000000000000000 ) ) ;
#3862 = ORIENTED_EDGE ( 'NONE', *, *, #9644, .T. ) ;
#3863 = VECTOR ( 'NONE', #1222, 1000.000000000000000 ) ;
#3864 =( NAMED_UNIT ( * ) PLANE_ANGLE_UNIT ( ) SI_UNIT ( $, .RADIAN. ) );
#3865 = CARTESIAN_POINT ( 'NONE',  ( 0.1963952279048619132, -0.4727451380969961980, 0.2099999999999999922 ) ) ;
#3866 =( NAMED_UNIT ( * ) PLANE_ANGLE_UNIT ( ) SI_UNIT ( $, .RADIAN. ) );
#3867 = EDGE_CURVE ( 'NONE', #1349, #9681, #1848, .T. ) ;
#3868 = DIRECTION ( 'NONE',  ( -0.000000000000000000, -0.000000000000000000, -1.000000000000000000 ) ) ;
#3869 = ORIENTED_EDGE ( 'NONE', *, *, #2765, .T. ) ;
#3870 = DIRECTION ( 'NONE',  ( 0.000000000000000000, -0.000000000000000000, 1.000000000000000000 ) ) ;
#3871 = VERTEX_POINT ( 'NONE', #7787 ) ;
#3872 = DIRECTION ( 'NONE',  ( 1.000000000000000000, 0.000000000000000000, 0.000000000000000000 ) ) ;
#3873 = EDGE_CURVE ( 'NONE', #1502, #489, #4022, .T. ) ;
#3874 = EDGE_CURVE ( 'NONE', #8517, #3923, #9291, .T. ) ;
#3875 = ORIENTED_EDGE ( 'NONE', *, *, #7128, .F. ) ;
#3876 = CARTESIAN_POINT ( 'NONE',  ( 0.1809015388678730796, -0.4520868772915670464, 0.2199999999999999734 ) ) ;
#3877 = ORIENTED_EDGE ( 'NONE', *, *, #2844, .F. ) ;
#3878 = CARTESIAN_POINT ( 'NONE',  ( 0.4767298974208040718, -0.4828065722553352423, 0.2099999999999999922 ) ) ;
#3879 = CARTESIAN_POINT ( 'NONE',  ( 0.4149346774552167827, -0.4916945866655208497, 0.2099999999999999922 ) ) ;
#3880 = CARTESIAN_POINT ( 'NONE',  ( 0.5682096000535429292, -0.5480926279641260557, 0.2199999999999999734 ) ) ;
#3881 = VECTOR ( 'NONE', #814, 1000.000000000000000 ) ;
#3882 = DIRECTION ( 'NONE',  ( 0.000000000000000000, 0.000000000000000000, 1.000000000000000000 ) ) ;
#3883 = EDGE_CURVE ( 'NONE', #4656, #3510, #2543, .T. ) ;
#3884 = DIRECTION ( 'NONE',  ( -0.000000000000000000, 0.000000000000000000, -1.000000000000000000 ) ) ;
#3885 = DIRECTION ( 'NONE',  ( -0.000000000000000000, -0.000000000000000000, -1.000000000000000000 ) ) ;
#3886 = EDGE_LOOP ( 'NONE', ( #6810, #8545, #7219, #9448, #8404, #4569, #8317, #5334, #2012, #2194, #7956, #2234, #2582, #5189, #4499 ) ) ;
#3887 = VECTOR ( 'NONE', #7220, 1000.000000000000000 ) ;
#3888 = CARTESIAN_POINT ( 'NONE',  ( -0.7000000000000001776, 0.6999999999999999556, 0.000000000000000000 ) ) ;
#3889 = CARTESIAN_POINT ( 'NONE',  ( 0.4112086435590397437, -0.5611646937259857637, 0.2199999999999999734 ) ) ;
#3890 = DIRECTION ( 'NONE',  ( -0.3315284183576346355, -0.9434452330799520947, 0.000000000000000000 ) ) ;
#3891 = ORIENTED_EDGE ( 'NONE', *, *, #9401, .F. ) ;
#3892 = LINE ( 'NONE', #9263, #3238 ) ;
#3893 = CARTESIAN_POINT ( 'NONE',  ( 0.3352148824677834149, -0.5903292646869716664, 0.2199999999999999734 ) ) ;
#3894 = AXIS2_PLACEMENT_3D ( 'NONE', #7046, #967, #6246 ) ;
#3895 = CARTESIAN_POINT ( 'NONE',  ( 0.4127931363786733754, -0.5549505109488411803, 0.2099999999999999922 ) ) ;
#3896 = DIRECTION ( 'NONE',  ( -0.000000000000000000, -0.000000000000000000, 1.000000000000000000 ) ) ;
#3897 = VERTEX_POINT ( 'NONE', #8354 ) ;
#3898 = LINE ( 'NONE', #3108, #377 ) ;
#3899 = CARTESIAN_POINT ( 'NONE',  ( 0.4571589353282689006, -0.5079851534672040758, 0.2099999999999999922 ) ) ;
#3900 = ORIENTED_EDGE ( 'NONE', *, *, #1260, .T. ) ;
#3901 = VERTEX_POINT ( 'NONE', #8976 ) ;
#3902 = VECTOR ( 'NONE', #9280, 1000.000000000000000 ) ;
#3903 = ORIENTED_EDGE ( 'NONE', *, *, #6511, .T. ) ;
#3904 = B_SPLINE_SURFACE_WITH_KNOTS ( 'NONE', 3, 1, ( 
 ( #7853, #6959 ),
 ( #4089, #6359 ),
 ( #4266, #9354 ),
 ( #234, #8081 ) ),
 .UNSPECIFIED., .F., .F., .F.,
 ( 4, 4 ),
 ( 2, 2 ),
 ( 28.00000000000000000, 29.00000000000000000 ),
 ( 0.000000000000000000, 1.000000000000000000 ),
 .UNSPECIFIED. ) ;
#3905 = DIRECTION ( 'NONE',  ( -0.000000000000000000, 1.000000000000000000, -0.000000000000000000 ) ) ;
#3906 = CARTESIAN_POINT ( 'NONE',  ( -0.2850000000000001421, 0.4550000000000000155, 0.000000000000000000 ) ) ;
#3907 = EDGE_LOOP ( 'NONE', ( #9223, #5314, #5086, #6882, #9209, #6310, #8277, #8221, #3594, #8187, #7686, #3225, #3665, #7322, #5562 ) ) ;
#3908 = AXIS2_PLACEMENT_3D ( 'NONE', #1749, #265, #8600 ) ;
#3909 = CARTESIAN_POINT ( 'NONE',  ( 0.4431584558048148326, -0.5902549915861349250, 0.2099999999999999922 ) ) ;
#3910 = CARTESIAN_POINT ( 'NONE',  ( 0.5373738843214531657, -0.5656705951816078937, 0.2199999999999999734 ) ) ;
#3911 = ADVANCED_FACE ( 'NONE', ( #8207 ), #3096, .F. ) ;
#3912 = B_SPLINE_CURVE_WITH_KNOTS ( 'NONE', 3,
 ( #4522, #2299, #9010, #5363 ),
 .UNSPECIFIED., .F., .F.,
 ( 4, 4 ),
 ( 7.000000000000000000, 8.000000000000000000 ),
 .UNSPECIFIED. ) ;
#3913 = CARTESIAN_POINT ( 'NONE',  ( 0.4715555380566762711, -0.5029345826047947332, 0.2099999999999999922 ) ) ;
#3914 = CARTESIAN_POINT ( 'NONE',  ( 0.5691132561146967639, -0.5514844329058991024, 0.2199999999999999734 ) ) ;
#3915 = ORIENTED_EDGE ( 'NONE', *, *, #7964, .F. ) ;
#3916 = ORIENTED_EDGE ( 'NONE', *, *, #8270, .T. ) ;
#3917 = FACE_OUTER_BOUND ( 'NONE', #1557, .T. ) ;
#3918 = CARTESIAN_POINT ( 'NONE',  ( 0.1385521068436401659, -0.5006337717965224643, 0.2199999999999999734 ) ) ;
#3919 = VECTOR ( 'NONE', #278, 1000.000000000000000 ) ;
#3920 = ORIENTED_EDGE ( 'NONE', *, *, #6953, .F. ) ;
#3921 = ADVANCED_FACE ( 'NONE', ( #8305 ), #6671, .F. ) ;
#3922 =( NAMED_UNIT ( * ) SI_UNIT ( $, .STERADIAN. ) SOLID_ANGLE_UNIT ( ) );
#3923 = VERTEX_POINT ( 'NONE', #6014 ) ;
#3924 = CARTESIAN_POINT ( 'NONE',  ( 0.4767298974208040718, -0.4828065722553352423, 0.2199999999999999734 ) ) ;
#3925 = LINE ( 'NONE', #8428, #7310 ) ;
#3926 = EDGE_CURVE ( 'NONE', #908, #104, #4390, .T. ) ;
#3927 = FILL_AREA_STYLE ('',( #913 ) ) ;
#3928 = EDGE_CURVE ( 'NONE', #4648, #8879, #719, .T. ) ;
#3929 = CARTESIAN_POINT ( 'NONE',  ( 0.2428763147170815428, -0.4699907043081231195, 0.2199999999999999734 ) ) ;
#3930 = CARTESIAN_POINT ( 'NONE',  ( 0.4441735215173856499, -0.6029309341432130820, 0.2199999999999999734 ) ) ;
#3931 = FACE_OUTER_BOUND ( 'NONE', #7662, .T. ) ;
#3932 = B_SPLINE_CURVE_WITH_KNOTS ( 'NONE', 3,
 ( #9125, #7114, #9173, #4795 ),
 .UNSPECIFIED., .F., .F.,
 ( 4, 4 ),
 ( 5.000000000000000000, 6.000000000000000000 ),
 .UNSPECIFIED. ) ;
#3933 = ORIENTED_EDGE ( 'NONE', *, *, #2181, .T. ) ;
#3934 = B_SPLINE_CURVE_WITH_KNOTS ( 'NONE', 3,
 ( #4269, #4974, #1214, #4882, #2005, #8665, #4928 ),
 .UNSPECIFIED., .F., .F.,
 ( 4, 3, 4 ),
 ( 2.000000000000000000, 3.000000000000000000, 4.000000000000000000 ),
 .UNSPECIFIED. ) ;
#3935 = CARTESIAN_POINT ( 'NONE',  ( 0.2211851434982795017, -0.5798237846846273635, 0.2099999999999999922 ) ) ;
#3936 = EDGE_CURVE ( 'NONE', #574, #2731, #7609, .T. ) ;
#3937 = CARTESIAN_POINT ( 'NONE',  ( 0.2955548771440311695, -0.5422946056345676613, 0.2099999999999999922 ) ) ;
#3938 = FILL_AREA_STYLE_COLOUR ( '', #2932 ) ;
#3939 = CARTESIAN_POINT ( 'NONE',  ( -0.4550000000000002376, 0.5350000000000000311, -0.01000000000000000021 ) ) ;
#3940 = CARTESIAN_POINT ( 'NONE',  ( 0.4061704515466049714, -0.5850806322220077904, 0.2199999999999999734 ) ) ;
#3941 = DIRECTION ( 'NONE',  ( 0.000000000000000000, -0.000000000000000000, -1.000000000000000000 ) ) ;
#3942 = ORIENTED_EDGE ( 'NONE', *, *, #8082, .T. ) ;
#3943 =( LENGTH_UNIT ( ) NAMED_UNIT ( * ) SI_UNIT ( .MILLI., .METRE. ) );
#3944 = CIRCLE ( 'NONE', #8985, 0.07999999999999998779 ) ;
#3945 = CARTESIAN_POINT ( 'NONE',  ( 0.3743815643529695425, -0.4752802313621141694, 0.2099999999999999922 ) ) ;
#3946 = CARTESIAN_POINT ( 'NONE',  ( 0.2418434043035459780, -0.4916818771686960465, 0.2199999999999999734 ) ) ;
#3947 = ORIENTED_EDGE ( 'NONE', *, *, #45, .F. ) ;
#3948 = CARTESIAN_POINT ( 'NONE',  ( 0.4576912258849147874, -0.4650800588358516285, 0.2199999999999999734 ) ) ;
#3949 = LINE ( 'NONE', #2366, #9447 ) ;
#3950 = EDGE_LOOP ( 'NONE', ( #7970, #5516, #6802, #8356 ) ) ;
#3951 = VERTEX_POINT ( 'NONE', #8256 ) ;
#3952 = ORIENTED_EDGE ( 'NONE', *, *, #6891, .T. ) ;
#3953 = UNCERTAINTY_MEASURE_WITH_UNIT (LENGTH_MEASURE( 1.000000000000000082E-05 ), #385, 'distance_accuracy_value', 'NONE');
#3954 = CARTESIAN_POINT ( 'NONE',  ( 0.5366435321625796506, -0.5483154472666327273, 0.2099999999999999922 ) ) ;
#3955 = B_SPLINE_CURVE_WITH_KNOTS ( 'NONE', 3,
 ( #7848, #4828, #4851, #4695 ),
 .UNSPECIFIED., .F., .F.,
 ( 4, 4 ),
 ( 3.000000000000000000, 4.000000000000000000 ),
 .UNSPECIFIED. ) ;
#3956 = B_SPLINE_CURVE_WITH_KNOTS ( 'NONE', 3,
 ( #1660, #915, #3930, #6948 ),
 .UNSPECIFIED., .F., .F.,
 ( 4, 4 ),
 ( 1.000000000000000000, 2.000000000000000000 ),
 .UNSPECIFIED. ) ;
#3957 = PLANE ( 'NONE',  #650 ) ;
#3958 = ORIENTED_EDGE ( 'NONE', *, *, #6402, .F. ) ;
#3959 =( GEOMETRIC_REPRESENTATION_CONTEXT ( 3 ) GLOBAL_UNCERTAINTY_ASSIGNED_CONTEXT ( ( #6512 ) ) GLOBAL_UNIT_ASSIGNED_CONTEXT ( ( #3800, #94, #6261 ) ) REPRESENTATION_CONTEXT ( 'NONE', 'WORKASPACE' ) );
#3960 = DIRECTION ( 'NONE',  ( -1.000000000000000000, 0.000000000000000000, -0.000000000000000000 ) ) ;
#3961 = CARTESIAN_POINT ( 'NONE',  ( 0.3732179524385628167, -0.5786931455429136228, 0.2199999999999999734 ) ) ;
#3962 = LINE ( 'NONE', #895, #1369 ) ;
#3963 = DIRECTION ( 'NONE',  ( 1.000000000000000000, 0.000000000000000000, 0.000000000000000000 ) ) ;
#3964 = CARTESIAN_POINT ( 'NONE',  ( 0.5691132561146967639, -0.5514844329058991024, 0.2099999999999999922 ) ) ;
#3965 = EDGE_LOOP ( 'NONE', ( #6549, #357, #4406, #9020 ) ) ;
#3966 = ORIENTED_EDGE ( 'NONE', *, *, #7054, .T. ) ;
#3967 = CARTESIAN_POINT ( 'NONE',  ( 0.4093641948861510005, -0.5659181721847256208, 0.2099999999999999922 ) ) ;
#3968 = EDGE_LOOP ( 'NONE', ( #749, #2239, #5368, #7834 ) ) ;
#3969 = CARTESIAN_POINT ( 'NONE',  ( 0.5084692692137189329, -0.4746612888544927689, 0.2199999999999999734 ) ) ;
#3970 = AXIS2_PLACEMENT_3D ( 'NONE', #5450, #4697, #7822 ) ;
#3971 = B_SPLINE_SURFACE_WITH_KNOTS ( 'NONE', 3, 1, ( 
 ( #9151, #85 ),
 ( #9738, #6901 ),
 ( #3047, #8292 ),
 ( #1516, #3836 ) ),
 .UNSPECIFIED., .F., .F., .F.,
 ( 4, 4 ),
 ( 2, 2 ),
 ( 3.000000000000000000, 4.000000000000000000 ),
 ( 0.000000000000000000, 1.000000000000000000 ),
 .UNSPECIFIED. ) ;
#3972 = CARTESIAN_POINT ( 'NONE',  ( -0.4550000000000001266, -0.4550000000000000155, -0.01000000000000000021 ) ) ;
#3973 = DIRECTION ( 'NONE',  ( 0.3385350342957080816, 0.9409537876826914449, 0.000000000000000000 ) ) ;
#3974 = EDGE_LOOP ( 'NONE', ( #3205, #7846, #5747, #7164 ) ) ;
#3975 = EDGE_CURVE ( 'NONE', #6294, #7949, #2179, .T. ) ;
#3976 = CARTESIAN_POINT ( 'NONE',  ( 0.2614687546956039332, -0.4971907480299862514, 0.2099999999999999922 ) ) ;
#3977 = DIRECTION ( 'NONE',  ( -0.000000000000000000, -0.000000000000000000, -1.000000000000000000 ) ) ;
#3978 = CARTESIAN_POINT ( 'NONE',  ( 0.1747040566858937549, -0.4727451380969961980, 0.2199999999999999734 ) ) ;
#3979 = ORIENTED_EDGE ( 'NONE', *, *, #478, .F. ) ;
#3980 =( NAMED_UNIT ( * ) SI_UNIT ( $, .STERADIAN. ) SOLID_ANGLE_UNIT ( ) );
#3981 = CARTESIAN_POINT ( 'NONE',  ( 0.5677144460476454269, -0.5506921864963311153, 0.2199999999999999734 ) ) ;
#3982 = CARTESIAN_POINT ( 'NONE',  ( 0.4808644333719239716, -0.4757753853683417411, 0.2199999999999999734 ) ) ;
#3983 = CARTESIAN_POINT ( 'NONE',  ( -0.7000000000000001776, -0.6999999999999999556, 0.2099999999999999922 ) ) ;
#3984 = DIRECTION ( 'NONE',  ( 1.000000000000000000, -0.000000000000000000, -0.000000000000000000 ) ) ;
#3985 = EDGE_CURVE ( 'NONE', #9600, #4687, #7018, .T. ) ;
#3986 = ORIENTED_EDGE ( 'NONE', *, *, #8551, .F. ) ;
#3987 = EDGE_CURVE ( 'NONE', #3296, #5901, #2884, .T. ) ;
#3988 = CARTESIAN_POINT ( 'NONE',  ( 0.09757989089287485984, -0.5350642064721328195, 0.2199999999999999734 ) ) ;
#3989 = DIRECTION ( 'NONE',  ( 0.000000000000000000, 0.000000000000000000, -1.000000000000000000 ) ) ;
#3990 = SURFACE_SIDE_STYLE ('',( #6908 ) ) ;
#3991 = FILL_AREA_STYLE ('',( #7519 ) ) ;
#3992 = CARTESIAN_POINT ( 'NONE',  ( 0.1636863149628198510, -0.5715604882431516431, 0.2199999999999999734 ) ) ;
#3993 = EDGE_CURVE ( 'NONE', #6090, #4070, #4903, .T. ) ;
#3994 = CARTESIAN_POINT ( 'NONE',  ( 0.3414662017951807238, -0.5629720058482915457, 0.2199999999999999734 ) ) ;
#3995 = EDGE_CURVE ( 'NONE', #831, #4319, #7718, .T. ) ;
#3996 = ORIENTED_EDGE ( 'NONE', *, *, #3265, .F. ) ;
#3997 = EDGE_CURVE ( 'NONE', #5195, #2777, #4, .T. ) ;
#3998 = SURFACE_SIDE_STYLE ('',( #5486 ) ) ;
#3999 = SURFACE_STYLE_USAGE ( .BOTH. , #2412 ) ;
#4000 = CARTESIAN_POINT ( 'NONE',  ( 0.3821802399495823344, -0.4699078103957542996, 0.2099999999999999922 ) ) ;
#4001 = ORIENTED_EDGE ( 'NONE', *, *, #73, .F. ) ;
#4002 = VECTOR ( 'NONE', #3185, 1000.000000000000000 ) ;
#4003 = CARTESIAN_POINT ( 'NONE',  ( -0.03499999999999982292, 0.2050000000000006817, -0.01000000000000000021 ) ) ;
#4004 = ORIENTED_EDGE ( 'NONE', *, *, #4997, .F. ) ;
#4005 = ORIENTED_EDGE ( 'NONE', *, *, #6951, .T. ) ;
#4006 = ORIENTED_EDGE ( 'NONE', *, *, #1130, .T. ) ;
#4007 = VECTOR ( 'NONE', #9155, 1000.000000000000000 ) ;
#4008 = FILL_AREA_STYLE ('',( #106 ) ) ;
#4009 = CARTESIAN_POINT ( 'NONE',  ( 0.5070704591463386368, -0.4738690424445899940, 0.2199999999999999734 ) ) ;
#4010 = ORIENTED_EDGE ( 'NONE', *, *, #6271, .T. ) ;
#4011 = CARTESIAN_POINT ( 'NONE',  ( 0.4322526888196110972, -0.4861488617968817150, 0.2099999999999999922 ) ) ;
#4012 = CARTESIAN_POINT ( 'NONE',  ( 0.4549999999999995159, 0.5350000000000000311, 0.000000000000000000 ) ) ;
#4013 = CARTESIAN_POINT ( 'NONE',  ( 0.3887905459313502066, -0.5849816014208931714, 0.2099999999999999922 ) ) ;
#4014 = VECTOR ( 'NONE', #7072, 1000.000000000000000 ) ;
#4015 = CARTESIAN_POINT ( 'NONE',  ( 0.1850331870887744201, -0.5787908611372496459, 0.2199999999999999734 ) ) ;
#4016 = ORIENTED_EDGE ( 'NONE', *, *, #3456, .F. ) ;
#4017 = DIRECTION ( 'NONE',  ( 0.000000000000000000, 1.000000000000000000, -0.000000000000000000 ) ) ;
#4018 = VERTEX_POINT ( 'NONE', #3801 ) ;
#4019 = DIRECTION ( 'NONE',  ( 0.000000000000000000, -0.000000000000000000, -1.000000000000000000 ) ) ;
#4020 = EDGE_LOOP ( 'NONE', ( #5766, #6631, #1890, #4717 ) ) ;
#4021 = SURFACE_STYLE_USAGE ( .BOTH. , #7883 ) ;
#4022 = LINE ( 'NONE', #7041, #8903 ) ;
#4023 = ORIENTED_EDGE ( 'NONE', *, *, #3077, .F. ) ;
#4024 = CARTESIAN_POINT ( 'NONE',  ( 0.1636863149628198510, -0.5863655725268676067, 0.2199999999999999734 ) ) ;
#4025 = CARTESIAN_POINT ( 'NONE',  ( 0.3414662017951807238, -0.5474736854561776944, 0.2199999999999999734 ) ) ;
#4026 = SURFACE_STYLE_USAGE ( .BOTH. , #7096 ) ;
#4027 = CARTESIAN_POINT ( 'NONE',  ( 0.4059723899442126416, -0.5720580818607033935, 0.2099999999999999922 ) ) ;
#4028 = LINE ( 'NONE', #6248, #9114 ) ;
#4029 = DIRECTION ( 'NONE',  ( 0.000000000000000000, 1.000000000000000000, -0.000000000000000000 ) ) ;
#4030 = CARTESIAN_POINT ( 'NONE',  ( 0.3875155243655242776, -0.4642630547256726969, 0.2199999999999999734 ) ) ;
#4031 = EDGE_CURVE ( 'NONE', #8652, #4250, #6823, .T. ) ;
#4032 = COLOUR_RGB ( '',0.6666666666666666297, 0.6666666666666666297, 0.6666666666666666297 ) ;
#4033 = VERTEX_POINT ( 'NONE', #2913 ) ;
#4034 = FACE_OUTER_BOUND ( 'NONE', #3965, .T. ) ;
#4035 = CARTESIAN_POINT ( 'NONE',  ( 0.07588870653990240078, -0.5357528309264956157, 0.2099999999999999922 ) ) ;
#4036 = B_SPLINE_CURVE_WITH_KNOTS ( 'NONE', 3,
 ( #5198, #3812, #5155, #4404 ),
 .UNSPECIFIED., .F., .F.,
 ( 4, 4 ),
 ( 17.00000000000000000, 18.00000000000000000 ),
 .UNSPECIFIED. ) ;
#4037 = FACE_OUTER_BOUND ( 'NONE', #1610, .T. ) ;
#4038 = CARTESIAN_POINT ( 'NONE',  ( 0.4347532165507171920, -0.6066198314889892362, 0.2199999999999999734 ) ) ;
#4039 = EDGE_CURVE ( 'NONE', #3249, #5077, #8870, .T. ) ;
#4040 = DIRECTION ( 'NONE',  ( 0.3416038306816032710, -0.9398440417769613475, 0.000000000000000000 ) ) ;
#4041 = PRESENTATION_LAYER_ASSIGNMENT (  '', '', ( #5628 ) ) ;
#4042 = ORIENTED_EDGE ( 'NONE', *, *, #5678, .F. ) ;
#4043 = DIRECTION ( 'NONE',  ( 1.000000000000000000, 0.000000000000000000, 0.000000000000000000 ) ) ;
#4044 = CARTESIAN_POINT ( 'NONE',  ( 0.4030757390083364311, -0.5828524391946376948, 0.2199999999999999734 ) ) ;
#4045 = CARTESIAN_POINT ( 'NONE',  ( -0.2850000000000001421, 0.3649999999999998801, -0.01000000000000000021 ) ) ;
#4046 = EDGE_CURVE ( 'NONE', #5053, #811, #2660, .T. ) ;
#4047 = ORIENTED_EDGE ( 'NONE', *, *, #7693, .T. ) ;
#4048 = STYLED_ITEM ( 'NONE', ( #3060 ), #5327 ) ;
#4049 = EDGE_CURVE ( 'NONE', #5051, #5194, #9068, .T. ) ;
#4050 = B_SPLINE_SURFACE_WITH_KNOTS ( 'NONE', 3, 1, ( 
 ( #2392, #5414 ),
 ( #3924, #3878 ),
 ( #2298, #3085 ),
 ( #4718, #7739 ) ),
 .UNSPECIFIED., .F., .F., .F.,
 ( 4, 4 ),
 ( 2, 2 ),
 ( 4.000000000000000000, 5.000000000000000000 ),
 ( 0.000000000000000000, 1.000000000000000000 ),
 .UNSPECIFIED. ) ;
#4051 = EDGE_CURVE ( 'NONE', #7961, #3020, #338, .T. ) ;
#4052 = DIRECTION ( 'NONE',  ( -0.000000000000000000, -0.000000000000000000, 1.000000000000000000 ) ) ;
#4053 = ORIENTED_EDGE ( 'NONE', *, *, #5150, .T. ) ;
#4054 = ORIENTED_EDGE ( 'NONE', *, *, #1518, .F. ) ;
#4055 =( GEOMETRIC_REPRESENTATION_CONTEXT ( 3 ) GLOBAL_UNCERTAINTY_ASSIGNED_CONTEXT ( ( #4939 ) ) GLOBAL_UNIT_ASSIGNED_CONTEXT ( ( #2321, #3013, #8308 ) ) REPRESENTATION_CONTEXT ( 'NONE', 'WORKASPACE' ) );
#4056 = CARTESIAN_POINT ( 'NONE',  ( 0.3612599831903885450, -0.5848082975186135180, 0.2199999999999999734 ) ) ;
#4057 = UNCERTAINTY_MEASURE_WITH_UNIT (LENGTH_MEASURE( 1.000000000000000082E-05 ), #3943, 'distance_accuracy_value', 'NONE');
#4058 = CARTESIAN_POINT ( 'NONE',  ( 0.3601582655266780675, -0.5419032028872593498, 0.2099999999999999922 ) ) ;
#4059 = FACE_OUTER_BOUND ( 'NONE', #2469, .T. ) ;
#4060 = EDGE_CURVE ( 'NONE', #3303, #5606, #1622, .T. ) ;
#4061 = EDGE_LOOP ( 'NONE', ( #8697, #5693, #9499, #2349 ) ) ;
#4062 = CARTESIAN_POINT ( 'NONE',  ( 0.3692938569399767945, -0.4898377591423283550, 0.2199999999999999734 ) ) ;
#4063 = CARTESIAN_POINT ( 'NONE',  ( 0.5366435321625796506, -0.5835456548030915069, 0.2199999999999999734 ) ) ;
#4064 = FACE_OUTER_BOUND ( 'NONE', #3183, .T. ) ;
#4065 = CARTESIAN_POINT ( 'NONE',  ( 0.4347532165507171920, -0.6066198314889892362, 0.2199999999999999734 ) ) ;
#4066 = DIRECTION ( 'NONE',  ( -0.000000000000000000, -0.000000000000000000, 1.000000000000000000 ) ) ;
#4067 = CARTESIAN_POINT ( 'NONE',  ( 0.3780333251481621248, -0.5911462687971523744, 0.2099999999999999922 ) ) ;
#4068 = B_SPLINE_CURVE_WITH_KNOTS ( 'NONE', 3,
 ( #2693, #8030, #9524, #8658 ),
 .UNSPECIFIED., .F., .F.,
 ( 4, 4 ),
 ( 35.00000000000000000, 36.00000000000000000 ),
 .UNSPECIFIED. ) ;
#4069 = PLANE ( 'NONE',  #7864 ) ;
#4070 = VERTEX_POINT ( 'NONE', #3203 ) ;
#4071 = EDGE_LOOP ( 'NONE', ( #8465, #2622, #8559, #3062 ) ) ;
#4072 = VECTOR ( 'NONE', #3465, 1000.000000000000000 ) ;
#4073 = CARTESIAN_POINT ( 'NONE',  ( 0.4247758633271273010, -0.5623778210409468015, 0.2099999999999999922 ) ) ;
#4074 = DIRECTION ( 'NONE',  ( -0.000000000000000000, 1.000000000000000000, -0.000000000000000000 ) ) ;
#4075 = VERTEX_POINT ( 'NONE', #6163 ) ;
#4076 = DIRECTION ( 'NONE',  ( -0.000000000000000000, -0.000000000000000000, 1.000000000000000000 ) ) ;
#4077 = CARTESIAN_POINT ( 'NONE',  ( 0.5077141593542358056, -0.4712694839123869883, 0.2199999999999999734 ) ) ;
#4078 = DIRECTION ( 'NONE',  ( 1.983296656985684988E-16, 1.000000000000000000, 0.000000000000000000 ) ) ;
#4079 = CARTESIAN_POINT ( 'NONE',  ( 0.4576912258849147874, -0.4650800588358516285, 0.2199999999999999734 ) ) ;
#4080 = DIRECTION ( 'NONE',  ( -0.000000000000000000, -0.000000000000000000, 1.000000000000000000 ) ) ;
#4081 = CARTESIAN_POINT ( 'NONE',  ( 0.4928966757207673410, -0.5135061206355617802, 0.2199999999999999734 ) ) ;
#4082 = AXIS2_PLACEMENT_3D ( 'NONE', #4202, #2683, #3417 ) ;
#4083 = ORIENTED_EDGE ( 'NONE', *, *, #8038, .F. ) ;
#4084 =( NAMED_UNIT ( * ) PLANE_ANGLE_UNIT ( ) SI_UNIT ( $, .RADIAN. ) );
#4085 = CARTESIAN_POINT ( 'NONE',  ( 0.4192672750089074252, -0.5598772933098575821, 0.2099999999999999922 ) ) ;
#4086 = DIRECTION ( 'NONE',  ( 0.000000000000000000, -0.000000000000000000, 1.000000000000000000 ) ) ;
#4087 = PRESENTATION_STYLE_ASSIGNMENT (( #1814 ) ) ;
#4088 = CARTESIAN_POINT ( 'NONE',  ( 0.3823535438516988960, -0.5549505109488411803, 0.2099999999999999922 ) ) ;
#4089 = CARTESIAN_POINT ( 'NONE',  ( 0.2211851434982795017, -0.5853326489791578213, 0.2199999999999999734 ) ) ;
#4090 = ORIENTED_EDGE ( 'NONE', *, *, #1314, .F. ) ;
#4091 = CARTESIAN_POINT ( 'NONE',  ( 0.3746786567566419146, -0.5911462687971523744, 0.2099999999999999922 ) ) ;
#4092 = ADVANCED_FACE ( 'NONE', ( #6210 ), #1599, .F. ) ;
#4093 = CARTESIAN_POINT ( 'NONE',  ( 0.5107717353422533968, -0.5474736854561763622, 0.2199999999999999734 ) ) ;
#4094 = ORIENTED_EDGE ( 'NONE', *, *, #4116, .T. ) ;
#4095 = FACE_OUTER_BOUND ( 'NONE', #6789, .T. ) ;
#4096 = EDGE_LOOP ( 'NONE', ( #8745, #1880, #530, #5898, #9126, #2571, #7137 ) ) ;
#4097 = EDGE_CURVE ( 'NONE', #8498, #7865, #7857, .T. ) ;
#4098 = CIRCLE ( 'NONE', #3003, 0.07999999999999993228 ) ;
#4099 = CARTESIAN_POINT ( 'NONE',  ( 0.3887905459313502066, -0.5762916486132638738, 0.2199999999999999734 ) ) ;
#4100 = EDGE_CURVE ( 'NONE', #8895, #5864, #7962, .T. ) ;
#4101 = EDGE_CURVE ( 'NONE', #310, #9001, #6964, .T. ) ;
#4102 = CARTESIAN_POINT ( 'NONE',  ( 0.09757989089287485984, -0.5350642064721328195, 0.2099999999999999922 ) ) ;
#4103 = VERTEX_POINT ( 'NONE', #2413 ) ;
#4104 = LINE ( 'NONE', #8552, #9388 ) ;
#4105 = CARTESIAN_POINT ( 'NONE',  ( 0.2211851434982795017, -0.5798237846846273635, 0.2099999999999999922 ) ) ;
#4106 = CARTESIAN_POINT ( 'NONE',  ( 0.4149346774552308270, -0.4706505414047669200, 0.2199999999999999734 ) ) ;
#4107 = VECTOR ( 'NONE', #8163, 1000.000000000000000 ) ;
#4108 = CARTESIAN_POINT ( 'NONE',  ( 0.4759995452616020972, -0.5067225107516847293, 0.2099999999999999922 ) ) ;
#4109 = ORIENTED_EDGE ( 'NONE', *, *, #9116, .F. ) ;
#4110 = CARTESIAN_POINT ( 'NONE',  ( 0.4755786643565544924, -0.5474736854561763622, 0.2199999999999999734 ) ) ;
#4111 = ORIENTED_EDGE ( 'NONE', *, *, #725, .F. ) ;
#4112 = EDGE_CURVE ( 'NONE', #2538, #5881, #9310, .T. ) ;
#4113 = ORIENTED_EDGE ( 'NONE', *, *, #9335, .T. ) ;
#4114 = DIRECTION ( 'NONE',  ( -0.000000000000000000, -0.000000000000000000, -1.000000000000000000 ) ) ;
#4115 = EDGE_CURVE ( 'NONE', #4736, #4033, #7708, .T. ) ;
#4116 = EDGE_CURVE ( 'NONE', #4357, #7448, #2408, .T. ) ;
#4117 = PLANE ( 'NONE',  #1434 ) ;
#4118 = CARTESIAN_POINT ( 'NONE',  ( 0.4438764291137137219, -0.5135061206355617802, 0.2099999999999999922 ) ) ;
#4119 = VERTEX_POINT ( 'NONE', #5385 ) ;
#4120 = CARTESIAN_POINT ( 'NONE',  ( 0.1506027524130015838, -0.6132212958128574476, 0.2199999999999999734 ) ) ;
#4121 = DIRECTION ( 'NONE',  ( -0.000000000000000000, -0.000000000000000000, -1.000000000000000000 ) ) ;
#4122 = FILL_AREA_STYLE ('',( #7792 ) ) ;
#4123 = DIRECTION ( 'NONE',  ( -1.000000000000000000, 0.000000000000000000, 0.000000000000000000 ) ) ;
#4124 = DIRECTION ( 'NONE',  ( -0.000000000000000000, -1.000000000000000000, -0.000000000000000000 ) ) ;
#4125 = CARTESIAN_POINT ( 'NONE',  ( 0.4098098334916595031, -0.5669827532980157292, 0.2199999999999999734 ) ) ;
#4126 = DIRECTION ( 'NONE',  ( -1.000000000000000000, 0.000000000000000000, -0.000000000000000000 ) ) ;
#4127 = PRESENTATION_LAYER_ASSIGNMENT (  '', '', ( #3334 ) ) ;
#4128 = EDGE_LOOP ( 'NONE', ( #6677, #2080, #2095, #5444, #5582, #8711 ) ) ;
#4129 = CARTESIAN_POINT ( 'NONE',  ( 0.3601582655266780675, -0.5419032028872593498, 0.2199999999999999734 ) ) ;
#4130 = AXIS2_PLACEMENT_3D ( 'NONE', #8977, #2319, #9069 ) ;
#4131 = B_SPLINE_SURFACE_WITH_KNOTS ( 'NONE', 3, 1, ( 
 ( #7063, #291 ),
 ( #9309, #337 ),
 ( #3345, #4138 ),
 ( #7159, #388 ) ),
 .UNSPECIFIED., .F., .F., .F.,
 ( 4, 4 ),
 ( 2, 2 ),
 ( 8.000000000000000000, 9.000000000000000000 ),
 ( 0.000000000000000000, 1.000000000000000000 ),
 .UNSPECIFIED. ) ;
#4132 = CARTESIAN_POINT ( 'NONE',  ( 0.04500000000000075467, 0.5350000000000000311, 0.000000000000000000 ) ) ;
#4133 = CARTESIAN_POINT ( 'NONE',  ( 0.3861909873991450914, -0.5833475932005369735, 0.2099999999999999922 ) ) ;
#4134 = CARTESIAN_POINT ( 'NONE',  ( 0.1574888393480909365, -0.5657073117214350688, 0.2199999999999999734 ) ) ;
#4135 = VECTOR ( 'NONE', #518, 1000.000000000000000 ) ;
#4136 = ORIENTED_EDGE ( 'NONE', *, *, #7017, .F. ) ;
#4137 = CARTESIAN_POINT ( 'NONE',  ( 0.5045204160150217332, -0.5903292646869716664, 0.2199999999999999734 ) ) ;
#4138 = CARTESIAN_POINT ( 'NONE',  ( 0.3680559719245713457, -0.5866156096412484811, 0.2099999999999999922 ) ) ;
#4139 = CARTESIAN_POINT ( 'NONE',  ( 0.1178938361874166119, -0.5898086028601592368, 0.2099999999999999922 ) ) ;
#4140 = VERTEX_POINT ( 'NONE', #193 ) ;
#4141 = CARTESIAN_POINT ( 'NONE',  ( 0.4550000000000002376, -0.5350000000000000311, 0.000000000000000000 ) ) ;
#4142 = EDGE_LOOP ( 'NONE', ( #6588, #2000, #4383, #9411 ) ) ;
#4143 = EDGE_CURVE ( 'NONE', #6923, #1253, #5581, .T. ) ;
#4144 = LINE ( 'NONE', #4193, #8222 ) ;
#4145 = VECTOR ( 'NONE', #9616, 1000.000000000000000 ) ;
#4146 = CARTESIAN_POINT ( 'NONE',  ( 0.4463150625937793992, -0.5845854782161064023, 0.2199999999999999734 ) ) ;
#4147 = ORIENTED_EDGE ( 'NONE', *, *, #6939, .T. ) ;
#4148 = B_SPLINE_CURVE_WITH_KNOTS ( 'NONE', 3,
 ( #3403, #7955, #3544, #5636 ),
 .UNSPECIFIED., .F., .F.,
 ( 4, 4 ),
 ( 5.000000000000000000, 6.000000000000000000 ),
 .UNSPECIFIED. ) ;
#4149 = DIRECTION ( 'NONE',  ( 0.000000000000000000, -0.000000000000000000, -1.000000000000000000 ) ) ;
#4150 = ADVANCED_FACE ( 'NONE', ( #240 ), #2795, .F. ) ;
#4151 = CARTESIAN_POINT ( 'NONE',  ( 0.5373738843214531657, -0.5717114740564758213, 0.2199999999999999734 ) ) ;
#4152 = CARTESIAN_POINT ( 'NONE',  ( 0.5317786440525880121, -0.5880763139593236932, 0.2099999999999999922 ) ) ;
#4153 = DIRECTION ( 'NONE',  ( -0.000000000000000000, -0.000000000000000000, -1.000000000000000000 ) ) ;
#4154 = SURFACE_STYLE_FILL_AREA ( #7922 ) ;
#4155 = ORIENTED_EDGE ( 'NONE', *, *, #5856, .F. ) ;
#4156 = ORIENTED_EDGE ( 'NONE', *, *, #584, .T. ) ;
#4157 = ADVANCED_FACE ( 'NONE', ( #6917 ), #4792, .F. ) ;
#4158 = DIRECTION ( 'NONE',  ( -0.000000000000000000, -0.000000000000000000, 1.000000000000000000 ) ) ;
#4159 = ORIENTED_EDGE ( 'NONE', *, *, #3000, .F. ) ;
#4160 = VERTEX_POINT ( 'NONE', #7762 ) ;
#4161 = PLANE ( 'NONE',  #2698 ) ;
#4162 = DIRECTION ( 'NONE',  ( -0.000000000000000000, -0.000000000000000000, -1.000000000000000000 ) ) ;
#4163 = ORIENTED_EDGE ( 'NONE', *, *, #8499, .F. ) ;
#4164 = AXIS2_PLACEMENT_3D ( 'NONE', #2801, #5811, #8235 ) ;
#4165 = CARTESIAN_POINT ( 'NONE',  ( 0.3352148824677834149, -0.5419032028872593498, 0.2099999999999999922 ) ) ;
#4166 = EDGE_CURVE ( 'NONE', #527, #8432, #5946, .T. ) ;
#4167 = CARTESIAN_POINT ( 'NONE',  ( 0.5157851696542454789, -0.4947892992036243553, 0.2199999999999999734 ) ) ;
#4168 = DIRECTION ( 'NONE',  ( 0.000000000000000000, 0.000000000000000000, 1.000000000000000000 ) ) ;
#4169 = LINE ( 'NONE', #3330, #9715 ) ;
#4170 = CARTESIAN_POINT ( 'NONE',  ( 0.2473522685980794888, -0.5157831814415871907, 0.2099999999999999922 ) ) ;
#4171 = CARTESIAN_POINT ( 'NONE',  ( 0.4093641948861510005, -0.5645317409674827092, 0.2099999999999999922 ) ) ;
#4172 = ADVANCED_FACE ( 'NONE', ( #293 ), #8004, .F. ) ;
#4173 = EDGE_CURVE ( 'NONE', #1778, #1645, #4892, .T. ) ;
#4174 = ORIENTED_EDGE ( 'NONE', *, *, #5730, .T. ) ;
#4175 = VECTOR ( 'NONE', #5579, 1000.000000000000000 ) ;
#4176 = ORIENTED_EDGE ( 'NONE', *, *, #2190, .T. ) ;
#4177 = AXIS2_PLACEMENT_3D ( 'NONE', #1291, #4459, #9722 ) ;
#4178 = LINE ( 'NONE', #2700, #4489 ) ;
#4179 = SURFACE_SIDE_STYLE ('',( #6544 ) ) ;
#4180 = EDGE_CURVE ( 'NONE', #8035, #4479, #8101, .T. ) ;
#4181 = CARTESIAN_POINT ( 'NONE',  ( 0.3704450900040795469, -0.5581690119886664192, 0.2099999999999999922 ) ) ;
#4182 = LINE ( 'NONE', #5575, #2958 ) ;
#4183 = ORIENTED_EDGE ( 'NONE', *, *, #1682, .F. ) ;
#4184 = ORIENTED_EDGE ( 'NONE', *, *, #7305, .T. ) ;
#4185 = CARTESIAN_POINT ( 'NONE',  ( 0.2952105780508541000, -0.5216363579633059855, 0.2199999999999999734 ) ) ;
#4186 = SURFACE_STYLE_USAGE ( .BOTH. , #485 ) ;
#4187 = ORIENTED_EDGE ( 'NONE', *, *, #4039, .T. ) ;
#4188 = B_SPLINE_CURVE_WITH_KNOTS ( 'NONE', 3,
 ( #7222, #5825, #4152, #3411 ),
 .UNSPECIFIED., .F., .F.,
 ( 4, 4 ),
 ( 5.000000000000000000, 6.000000000000000000 ),
 .UNSPECIFIED. ) ;
#4189 = CIRCLE ( 'NONE', #1671, 0.07999999999999998779 ) ;
#4190 = DIRECTION ( 'NONE',  ( -0.000000000000000000, -0.000000000000000000, -1.000000000000000000 ) ) ;
#4191 = EDGE_LOOP ( 'NONE', ( #3317, #6913, #2869, #626 ) ) ;
#4192 = DIRECTION ( 'NONE',  ( 1.000000000000000000, 0.000000000000000000, 0.000000000000000000 ) ) ;
#4193 = CARTESIAN_POINT ( 'NONE',  ( 0.5683581462555442609, -0.5480926279641260557, 0.2199999999999999734 ) ) ;
#4194 = CARTESIAN_POINT ( 'NONE',  ( 0.1702281093719816563, -0.5484920746822141702, 0.2099999999999999922 ) ) ;
#4195 = ORIENTED_EDGE ( 'NONE', *, *, #8457, .T. ) ;
#4196 = DIRECTION ( 'NONE',  ( -0.000000000000000000, 0.000000000000000000, -1.000000000000000000 ) ) ;
#4197 = DIRECTION ( 'NONE',  ( -0.000000000000000000, -0.000000000000000000, -1.000000000000000000 ) ) ;
#4198 = CARTESIAN_POINT ( 'NONE',  ( 0.2456307468641837077, -0.5157831814415871907, 0.2099999999999999922 ) ) ;
#4199 = CARTESIAN_POINT ( 'NONE',  ( 0.4165810645255624833, -0.5549505109488411803, 0.2199999999999999734 ) ) ;
#4200 = EDGE_LOOP ( 'NONE', ( #1738, #6430, #2044, #9607 ) ) ;
#4201 = AXIS2_PLACEMENT_3D ( 'NONE', #4245, #4732, #1536 ) ;
#4202 = CARTESIAN_POINT ( 'NONE',  ( -0.04500000000000017181, -0.4550000000000000155, -0.01000000000000000021 ) ) ;
#4203 = ORIENTED_EDGE ( 'NONE', *, *, #7370, .T. ) ;
#4204 = B_SPLINE_SURFACE_WITH_KNOTS ( 'NONE', 3, 1, ( 
 ( #8833, #5057 ),
 ( #4306, #8072 ),
 ( #9562, #2824 ),
 ( #5833, #2082 ) ),
 .UNSPECIFIED., .F., .F., .F.,
 ( 4, 4 ),
 ( 2, 2 ),
 ( 18.00000000000000000, 19.00000000000000000 ),
 ( 0.000000000000000000, 1.000000000000000000 ),
 .UNSPECIFIED. ) ;
#4205 = ORIENTED_EDGE ( 'NONE', *, *, #5631, .T. ) ;
#4206 = CARTESIAN_POINT ( 'NONE',  ( 0.3587842131597400730, -0.5685177307169276828, 0.2199999999999999734 ) ) ;
#4207 = LINE ( 'NONE', #7232, #9152 ) ;
#4208 = VERTEX_POINT ( 'NONE', #6504 ) ;
#4209 = ADVANCED_FACE ( 'NONE', ( #2759 ), #5677, .F. ) ;
#4210 = PLANE ( 'NONE',  #2156 ) ;
#4211 = LINE ( 'NONE', #7235, #6057 ) ;
#4212 = PLANE ( 'NONE',  #1308 ) ;
#4213 = CARTESIAN_POINT ( 'NONE',  ( 0.3948561825064956787, -0.5593078662027937131, 0.2199999999999999734 ) ) ;
#4214 = LINE ( 'NONE', #8077, #6056 ) ;
#4215 = SURFACE_STYLE_USAGE ( .BOTH. , #4965 ) ;
#4216 = LINE ( 'NONE', #4264, #5967 ) ;
#4217 = VERTEX_POINT ( 'NONE', #5035 ) ;
#4218 = AXIS2_PLACEMENT_3D ( 'NONE', #4395, #5930, #2405 ) ;
#4219 = ORIENTED_EDGE ( 'NONE', *, *, #7785, .F. ) ;
#4220 = CARTESIAN_POINT ( 'NONE',  ( 0.4086833581278346283, -0.4650800588358516285, 0.2099999999999999922 ) ) ;
#4221 = ORIENTED_EDGE ( 'NONE', *, *, #7442, .F. ) ;
#4222 = ADVANCED_FACE ( 'NONE', ( #7160 ), #6554, .T. ) ;
#4223 = ADVANCED_FACE ( 'NONE', ( #7348 ), #9360, .F. ) ;
#4224 = CARTESIAN_POINT ( 'NONE',  ( 0.4221886836450611247, -0.5607190551203122819, 0.2099999999999999922 ) ) ;
#4225 = LINE ( 'NONE', #7339, #1056 ) ;
#4226 =( GEOMETRIC_REPRESENTATION_CONTEXT ( 3 ) GLOBAL_UNCERTAINTY_ASSIGNED_CONTEXT ( ( #3953 ) ) GLOBAL_UNIT_ASSIGNED_CONTEXT ( ( #385, #7434, #9449 ) ) REPRESENTATION_CONTEXT ( 'NONE', 'WORKASPACE' ) );
#4227 = DIRECTION ( 'NONE',  ( -0.000000000000000000, -0.000000000000000000, -1.000000000000000000 ) ) ;
#4228 = CARTESIAN_POINT ( 'NONE',  ( 0.04500000000000074080, 0.1250000000000001110, -0.01000000000000000021 ) ) ;
#4229 = EDGE_LOOP ( 'NONE', ( #999, #7256, #2199, #2359 ) ) ;
#4230 = ADVANCED_FACE ( 'NONE', ( #2614 ), #9495, .F. ) ;
#4231 = ORIENTED_EDGE ( 'NONE', *, *, #543, .T. ) ;
#4232 = VECTOR ( 'NONE', #5322, 1000.000000000000000 ) ;
#4233 = CARTESIAN_POINT ( 'NONE',  ( 0.3730941639370055074, -0.5121196894183219772, 0.2199999999999999734 ) ) ;
#4234 = DIRECTION ( 'NONE',  ( 0.3385350343141392271, 0.9409537876760604158, 0.000000000000000000 ) ) ;
#4235 = VERTEX_POINT ( 'NONE', #1172 ) ;
#4236 = PLANE ( 'NONE',  #5744 ) ;
#4237 = LINE ( 'NONE', #8680, #5217 ) ;
#4238 = EDGE_LOOP ( 'NONE', ( #4850, #3515, #5145, #9675 ) ) ;
#4239 = CARTESIAN_POINT ( 'NONE',  ( 0.4186483325011223222, -0.5782227492372935540, 0.2199999999999999734 ) ) ;
#4240 = UNCERTAINTY_MEASURE_WITH_UNIT (LENGTH_MEASURE( 1.000000000000000082E-05 ), #3429, 'distance_accuracy_value', 'NONE');
#4241 = CARTESIAN_POINT ( 'NONE',  ( 0.4363748459207713593, -0.5557427573587392367, 0.2199999999999999734 ) ) ;
#4242 = VECTOR ( 'NONE', #3818, 1000.000000000000000 ) ;
#4243 = CARTESIAN_POINT ( 'NONE',  ( 0.4942707280878861908, -0.5474736854561763622, 0.2199999999999999734 ) ) ;
#4244 = VERTEX_POINT ( 'NONE', #5770 ) ;
#4245 = CARTESIAN_POINT ( 'NONE',  ( 0.4550000000000001266, 0.4550000000000000155, -0.01000000000000000021 ) ) ;
#4246 = CARTESIAN_POINT ( 'NONE',  ( 0.3689472491355835770, -0.5077128187638136891, 0.2099999999999999922 ) ) ;
#4247 = CARTESIAN_POINT ( 'NONE',  ( 0.6999999999999997335, -0.6999999999999999556, 0.2099999999999999922 ) ) ;
#4248 = ORIENTED_EDGE ( 'NONE', *, *, #128, .T. ) ;
#4249 = VERTEX_POINT ( 'NONE', #390 ) ;
#4250 = VERTEX_POINT ( 'NONE', #1125 ) ;
#4251 = DIRECTION ( 'NONE',  ( 1.000000000000000000, 6.023345402697242035E-16, -0.000000000000000000 ) ) ;
#4252 = B_SPLINE_CURVE_WITH_KNOTS ( 'NONE', 3,
 ( #5141, #689, #4542, #1479 ),
 .UNSPECIFIED., .F., .F.,
 ( 4, 4 ),
 ( 20.00000000000000000, 21.00000000000000000 ),
 .UNSPECIFIED. ) ;
#4253 = ORIENTED_EDGE ( 'NONE', *, *, #8520, .T. ) ;
#4254 = CARTESIAN_POINT ( 'NONE',  ( 0.4149346774552167827, -0.4916945866655208497, 0.2199999999999999734 ) ) ;
#4255 = DIRECTION ( 'NONE',  ( -1.000000000000000000, 0.000000000000000000, -0.000000000000000000 ) ) ;
#4256 = ORIENTED_EDGE ( 'NONE', *, *, #1704, .F. ) ;
#4257 = VECTOR ( 'NONE', #6608, 1000.000000000000000 ) ;
#4258 = CARTESIAN_POINT ( 'NONE',  ( 0.3670656639122792941, -0.5810698847722819416, 0.2199999999999999734 ) ) ;
#4259 = CARTESIAN_POINT ( 'NONE',  ( 0.2211851434982795017, -0.5798237846846273635, 0.2099999999999999922 ) ) ;
#4260 = CARTESIAN_POINT ( 'NONE',  ( 0.5321995249576521037, -0.5797577266562032872, 0.2199999999999999734 ) ) ;
#4261 = FACE_OUTER_BOUND ( 'NONE', #2792, .T. ) ;
#4262 = CARTESIAN_POINT ( 'NONE',  ( 0.5295628298750284513, -0.5135061206355617802, 0.2199999999999999734 ) ) ;
#4263 = DIRECTION ( 'NONE',  ( -0.000000000000000000, 1.000000000000000000, -0.000000000000000000 ) ) ;
#4264 = CARTESIAN_POINT ( 'NONE',  ( 0.5902068167760066153, -0.5903292646869716664, 0.2199999999999999734 ) ) ;
#4265 = ORIENTED_EDGE ( 'NONE', *, *, #9111, .T. ) ;
#4266 = CARTESIAN_POINT ( 'NONE',  ( 0.2256610973791124131, -0.5901529150876688723, 0.2199999999999999734 ) ) ;
#4267 = EDGE_CURVE ( 'NONE', #3350, #4765, #1965, .T. ) ;
#4268 = ORIENTED_EDGE ( 'NONE', *, *, #6103, .T. ) ;
#4269 = CARTESIAN_POINT ( 'NONE',  ( 0.1502584467527399437, -0.5657073117214350688, 0.2199999999999999734 ) ) ;
#4270 = COLOUR_RGB ( '',0.6666666666666666297, 0.6666666666666666297, 0.6666666666666666297 ) ;
#4271 = LINE ( 'NONE', #718, #105 ) ;
#4272 = CARTESIAN_POINT ( 'NONE',  ( -0.4550000000000002376, 0.2849999999999999201, -0.01000000000000000021 ) ) ;
#4273 = ADVANCED_FACE ( 'NONE', ( #3400 ), #1870, .F. ) ;
#4274 = CARTESIAN_POINT ( 'NONE',  ( 0.5601757263042838053, -0.5716124432553577606, 0.2199999999999999734 ) ) ;
#4275 = ORIENTED_EDGE ( 'NONE', *, *, #9326, .F. ) ;
#4276 = EDGE_CURVE ( 'NONE', #4287, #7631, #9453, .T. ) ;
#4277 = VECTOR ( 'NONE', #2414, 1000.000000000000000 ) ;
#4278 = VERTEX_POINT ( 'NONE', #8967 ) ;
#4279 = FACE_OUTER_BOUND ( 'NONE', #7416, .T. ) ;
#4280 = FACE_OUTER_BOUND ( 'NONE', #5784, .T. ) ;
#4281 = CARTESIAN_POINT ( 'NONE',  ( 0.5439470537532964389, -0.5729988744726010053, 0.2099999999999999922 ) ) ;
#4282 = DIRECTION ( 'NONE',  ( 0.000000000000000000, 0.000000000000000000, 1.000000000000000000 ) ) ;
#4283 = ORIENTED_EDGE ( 'NONE', *, *, #5783, .T. ) ;
#4284 = EDGE_CURVE ( 'NONE', #399, #477, #2311, .T. ) ;
#4285 = B_SPLINE_SURFACE_WITH_KNOTS ( 'NONE', 3, 1, ( 
 ( #4908, #6476 ),
 ( #5101, #404 ),
 ( #8118, #1335 ),
 ( #4350, #3612 ) ),
 .UNSPECIFIED., .F., .F., .F.,
 ( 4, 4 ),
 ( 2, 2 ),
 ( 4.000000000000000000, 5.000000000000000000 ),
 ( 0.000000000000000000, 1.000000000000000000 ),
 .UNSPECIFIED. ) ;
#4286 = CARTESIAN_POINT ( 'NONE',  ( 0.3670656639122792941, -0.5841645973107146839, 0.2199999999999999734 ) ) ;
#4287 = VERTEX_POINT ( 'NONE', #731 ) ;
#4288 = EDGE_CURVE ( 'NONE', #4666, #7684, #8155, .T. ) ;
#4289 = CARTESIAN_POINT ( 'NONE',  ( 0.4122979823726110604, -0.5751280366988599235, 0.2099999999999999922 ) ) ;
#4290 = ADVANCED_FACE ( 'NONE', ( #9588 ), #9645, .F. ) ;
#4291 = B_SPLINE_CURVE_WITH_KNOTS ( 'NONE', 3,
 ( #6186, #1009, #3226, #2440 ),
 .UNSPECIFIED., .F., .F.,
 ( 4, 4 ),
 ( 6.000000000000000000, 7.000000000000000000 ),
 .UNSPECIFIED. ) ;
#4292 = CARTESIAN_POINT ( 'NONE',  ( 0.3697271166951787147, -0.4713932724141087216, 0.2099999999999999922 ) ) ;
#4293 = VECTOR ( 'NONE', #8698, 1000.000000000000000 ) ;
#4294 = CARTESIAN_POINT ( 'NONE',  ( 0.5180876357827777223, -0.5474736854561763622, 0.2099999999999999922 ) ) ;
#4295 = CARTESIAN_POINT ( 'NONE',  ( 0.5902068167760066153, -0.5903292646869716664, 0.2099999999999999922 ) ) ;
#4296 = ORIENTED_EDGE ( 'NONE', *, *, #9341, .T. ) ;
#4297 = B_SPLINE_CURVE_WITH_KNOTS ( 'NONE', 3,
 ( #5913, #3699, #8249, #1367 ),
 .UNSPECIFIED., .F., .F.,
 ( 4, 4 ),
 ( 4.000000000000000000, 5.000000000000000000 ),
 .UNSPECIFIED. ) ;
#4298 = CARTESIAN_POINT ( 'NONE',  ( 0.5366435321625796506, -0.5483154472666327273, 0.2099999999999999922 ) ) ;
#4299 = DIRECTION ( 'NONE',  ( 0.000000000000000000, -1.000000000000000000, 0.000000000000000000 ) ) ;
#4300 = ORIENTED_EDGE ( 'NONE', *, *, #2847, .F. ) ;
#4301 = ORIENTED_EDGE ( 'NONE', *, *, #9501, .F. ) ;
#4302 = EDGE_LOOP ( 'NONE', ( #4751, #2105, #2876, #5285 ) ) ;
#4303 = B_SPLINE_CURVE_WITH_KNOTS ( 'NONE', 3,
 ( #8958, #2208, #5221, #1465 ),
 .UNSPECIFIED., .F., .F.,
 ( 4, 4 ),
 ( 11.00000000000000000, 12.00000000000000000 ),
 .UNSPECIFIED. ) ;
#4304 = ORIENTED_EDGE ( 'NONE', *, *, #474, .T. ) ;
#4305 = LINE ( 'NONE', #1939, #3313 ) ;
#4306 = CARTESIAN_POINT ( 'NONE',  ( 0.09757989089287485984, -0.5161274674004320273, 0.2199999999999999734 ) ) ;
#4307 = ORIENTED_EDGE ( 'NONE', *, *, #352, .T. ) ;
#4308 = DIRECTION ( 'NONE',  ( 0.000000000000000000, 0.000000000000000000, 1.000000000000000000 ) ) ;
#4309 = FACE_OUTER_BOUND ( 'NONE', #6174, .T. ) ;
#4310 = CARTESIAN_POINT ( 'NONE',  ( 0.4347532165507171920, -0.6066198314889892362, 0.2099999999999999922 ) ) ;
#4311 = FILL_AREA_STYLE ('',( #8891 ) ) ;
#4312 = AXIS2_PLACEMENT_3D ( 'NONE', #4025, #6140, #221 ) ;
#4313 = CARTESIAN_POINT ( 'NONE',  ( 0.2311699748078178407, -0.5904972141806824615, 0.2199999999999999734 ) ) ;
#4314 = FILL_AREA_STYLE_COLOUR ( '', #3289 ) ;
#4315 = ORIENTED_EDGE ( 'NONE', *, *, #5964, .F. ) ;
#4316 = ORIENTED_EDGE ( 'NONE', *, *, #3024, .T. ) ;
#4317 = AXIS2_PLACEMENT_3D ( 'NONE', #9579, #9443, #2841 ) ;
#4318 = CARTESIAN_POINT ( 'NONE',  ( 0.4463150625937793992, -0.5845854782161064023, 0.2099999999999999922 ) ) ;
#4319 = VERTEX_POINT ( 'NONE', #8346 ) ;
#4320 = DIRECTION ( 'NONE',  ( 0.000000000000000000, 0.000000000000000000, -1.000000000000000000 ) ) ;
#4321 = EDGE_CURVE ( 'NONE', #5773, #9015, #421, .T. ) ;
#4322 = CARTESIAN_POINT ( 'NONE',  ( 0.3921452143228697507, -0.4642630547256726969, 0.2099999999999999922 ) ) ;
#4323 =( NAMED_UNIT ( * ) PLANE_ANGLE_UNIT ( ) SI_UNIT ( $, .RADIAN. ) );
#4324 = DIRECTION ( 'NONE',  ( -0.000000000000000000, -0.000000000000000000, -1.000000000000000000 ) ) ;
#4325 = AXIS2_PLACEMENT_3D ( 'NONE', #6063, #7354, #688 ) ;
#4326 = MECHANICAL_DESIGN_GEOMETRIC_PRESENTATION_REPRESENTATION (  '', ( #2417 ), #704 ) ;
#4327 = VERTEX_POINT ( 'NONE', #2108 ) ;
#4328 = ORIENTED_EDGE ( 'NONE', *, *, #1745, .T. ) ;
#4329 = CARTESIAN_POINT ( 'NONE',  ( 0.3352148824677834149, -0.5419032028872593498, 0.2199999999999999734 ) ) ;
#4330 = CARTESIAN_POINT ( 'NONE',  ( 0.4953724457515832347, -0.5903292646869716664, 0.2199999999999999734 ) ) ;
#4331 = COLOUR_RGB ( '',0.6666666666666666297, 0.6666666666666666297, 0.6666666666666666297 ) ;
#4332 = DIRECTION ( 'NONE',  ( 0.000000000000000000, 0.000000000000000000, 1.000000000000000000 ) ) ;
#4333 = ORIENTED_EDGE ( 'NONE', *, *, #6273, .F. ) ;
#4334 = DIRECTION ( 'NONE',  ( 0.000000000000000000, 1.000000000000000000, -0.000000000000000000 ) ) ;
#4335 = EDGE_CURVE ( 'NONE', #9667, #8371, #2902, .T. ) ;
#4336 = CARTESIAN_POINT ( 'NONE',  ( 0.3692938569399767945, -0.4956310610140790551, 0.2099999999999999922 ) ) ;
#4337 = ORIENTED_EDGE ( 'NONE', *, *, #3798, .T. ) ;
#4338 = CARTESIAN_POINT ( 'NONE',  ( 0.3708907286097519740, -0.5708449545457398022, 0.2199999999999999734 ) ) ;
#4339 = EDGE_CURVE ( 'NONE', #557, #33, #4297, .T. ) ;
#4340 = DIRECTION ( 'NONE',  ( -0.000000000000000000, -0.000000000000000000, -1.000000000000000000 ) ) ;
#4341 = CYLINDRICAL_SURFACE ( 'NONE', #8676, 0.07999999999999998779 ) ;
#4342 = CARTESIAN_POINT ( 'NONE',  ( 0.4264346292475972300, -0.5809213385706111232, 0.2199999999999999734 ) ) ;
#4343 = LINE ( 'NONE', #7516, #340 ) ;
#4344 = VERTEX_POINT ( 'NONE', #6763 ) ;
#4345 = EDGE_CURVE ( 'NONE', #1457, #8034, #2167, .T. ) ;
#4347 = EDGE_CURVE ( 'NONE', #5615, #2217, #629, .T. ) ;
#4346 = VECTOR ( 'NONE', #6605, 1000.000000000000000 ) ;
#4348 = CARTESIAN_POINT ( 'NONE',  ( 0.5180876357827777223, -0.5474736854561763622, 0.2199999999999999734 ) ) ;
#4349 = DIRECTION ( 'NONE',  ( -0.000000000000000000, -0.000000000000000000, -1.000000000000000000 ) ) ;
#4350 = CARTESIAN_POINT ( 'NONE',  ( 0.3697271166951787147, -0.4713932724141087216, 0.2199999999999999734 ) ) ;
#4351 = EDGE_LOOP ( 'NONE', ( #5054, #7068, #5667, #6594 ) ) ;
#4352 = ORIENTED_EDGE ( 'NONE', *, *, #487, .T. ) ;
#4353 = VECTOR ( 'NONE', #7936, 1000.000000000000000 ) ;
#4354 = EDGE_LOOP ( 'NONE', ( #8712, #920, #3597, #6353 ) ) ;
#4355 = LINE ( 'NONE', #6628, #1267 ) ;
#4356 = FILL_AREA_STYLE_COLOUR ( '', #2703 ) ;
#4357 = VERTEX_POINT ( 'NONE', #9742 ) ;
#4358 = FACE_OUTER_BOUND ( 'NONE', #8476, .T. ) ;
#4359 = CARTESIAN_POINT ( 'NONE',  ( 0.4036823026658182267, -0.5690376424234344643, 0.2199999999999999734 ) ) ;
#4360 = DIRECTION ( 'NONE',  ( -0.000000000000000000, -1.000000000000000000, -0.000000000000000000 ) ) ;
#4361 = B_SPLINE_CURVE_WITH_KNOTS ( 'NONE', 3,
 ( #4984, #2665, #7903, #1124 ),
 .UNSPECIFIED., .F., .F.,
 ( 4, 4 ),
 ( 8.000000000000000000, 9.000000000000000000 ),
 .UNSPECIFIED. ) ;
#4362 = VECTOR ( 'NONE', #7463, 1000.000000000000000 ) ;
#4363 = CARTESIAN_POINT ( 'NONE',  ( 0.5178400587799959487, -0.5903292646869716664, 0.2099999999999999922 ) ) ;
#4364 =( NAMED_UNIT ( * ) SI_UNIT ( $, .STERADIAN. ) SOLID_ANGLE_UNIT ( ) );
#4365 = ORIENTED_EDGE ( 'NONE', *, *, #2654, .F. ) ;
#4366 = PLANE ( 'NONE',  #6914 ) ;
#4367 = ORIENTED_EDGE ( 'NONE', *, *, #1768, .T. ) ;
#4368 = FACE_OUTER_BOUND ( 'NONE', #2517, .T. ) ;
#4369 = ORIENTED_EDGE ( 'NONE', *, *, #5056, .T. ) ;
#4370 = MECHANICAL_DESIGN_GEOMETRIC_PRESENTATION_REPRESENTATION (  '', ( #4534 ), #2638 ) ;
#4371 = FACE_OUTER_BOUND ( 'NONE', #2478, .T. ) ;
#4372 = B_SPLINE_SURFACE_WITH_KNOTS ( 'NONE', 3, 1, ( 
 ( #1496, #800 ),
 ( #9133, #9180 ),
 ( #3816, #2376 ),
 ( #6931, #8504 ) ),
 .UNSPECIFIED., .F., .F., .F.,
 ( 4, 4 ),
 ( 2, 2 ),
 ( 12.00000000000000000, 13.00000000000000000 ),
 ( 0.000000000000000000, 1.000000000000000000 ),
 .UNSPECIFIED. ) ;
#4373 = CARTESIAN_POINT ( 'NONE',  ( 0.2325471711801970209, -0.5691503551888987822, 0.2099999999999999922 ) ) ;
#4374 = CARTESIAN_POINT ( 'NONE',  ( 0.5717623300477889803, -0.5419032028872593498, 0.2099999999999999922 ) ) ;
#4375 = CARTESIAN_POINT ( 'NONE',  ( 0.5295628298750284513, -0.5135061206355617802, 0.2099999999999999922 ) ) ;
#4376 = VECTOR ( 'NONE', #3014, 1000.000000000000000 ) ;
#4377 = ORIENTED_EDGE ( 'NONE', *, *, #3987, .F. ) ;
#4378 = ORIENTED_EDGE ( 'NONE', *, *, #642, .T. ) ;
#4379 = FILL_AREA_STYLE ('',( #5280 ) ) ;
#4380 = LINE ( 'NONE', #681, #6158 ) ;
#4381 = VECTOR ( 'NONE', #981, 1000.000000000000000 ) ;
#4382 = DIRECTION ( 'NONE',  ( -0.3559357243643221924, 0.9345104387438618598, -0.000000000000000000 ) ) ;
#4383 = ORIENTED_EDGE ( 'NONE', *, *, #8469, .F. ) ;
#4384 = CARTESIAN_POINT ( 'NONE',  ( 0.4750092372494756909, -0.4995922930632486492, 0.2099999999999999922 ) ) ;
#4385 = EDGE_LOOP ( 'NONE', ( #15, #1849, #5720, #848 ) ) ;
#4386 = CARTESIAN_POINT ( 'NONE',  ( 0.4149346774552167827, -0.4916945866655208497, 0.2199999999999999734 ) ) ;
#4387 = EDGE_CURVE ( 'NONE', #5884, #6090, #997, .T. ) ;
#4388 = CARTESIAN_POINT ( 'NONE',  ( 0.4099831373939369916, -0.5620064555364439052, 0.2199999999999999734 ) ) ;
#4389 = LINE ( 'NONE', #7408, #7905 ) ;
#4390 = LINE ( 'NONE', #6723, #6397 ) ;
#4391 =( NAMED_UNIT ( * ) SI_UNIT ( $, .STERADIAN. ) SOLID_ANGLE_UNIT ( ) );
#4392 = ORIENTED_EDGE ( 'NONE', *, *, #5056, .F. ) ;
#4393 = FACE_OUTER_BOUND ( 'NONE', #4956, .T. ) ;
#4394 = CARTESIAN_POINT ( 'NONE',  ( 0.4550000000000002376, -0.3649999999999999356, -0.01000000000000000021 ) ) ;
#4395 = CARTESIAN_POINT ( 'NONE',  ( 0.5226554314894321651, -0.5135061206355822083, 0.2199999999999999734 ) ) ;
#4396 = SURFACE_STYLE_FILL_AREA ( #8169 ) ;
#4397 = EDGE_CURVE ( 'NONE', #1603, #2920, #4189, .T. ) ;
#4398 = ORIENTED_EDGE ( 'NONE', *, *, #9734, .F. ) ;
#4399 = ORIENTED_EDGE ( 'NONE', *, *, #2049, .F. ) ;
#4400 = ORIENTED_EDGE ( 'NONE', *, *, #120, .F. ) ;
#4401 = ADVANCED_FACE ( 'NONE', ( #8201 ), #6008, .T. ) ;
#4402 = VECTOR ( 'NONE', #5648, 1000.000000000000000 ) ;
#4403 = EDGE_CURVE ( 'NONE', #9556, #5297, #1817, .T. ) ;
#4404 = CARTESIAN_POINT ( 'NONE',  ( 0.09757989089287485984, -0.5350642064721328195, 0.2199999999999999734 ) ) ;
#4405 = LINE ( 'NONE', #7422, #1912 ) ;
#4406 = ORIENTED_EDGE ( 'NONE', *, *, #7117, .F. ) ;
#4407 = CARTESIAN_POINT ( 'NONE',  ( 0.4176085090882735718, -0.5773562297265578680, 0.2199999999999999734 ) ) ;
#4408 = CARTESIAN_POINT ( 'NONE',  ( 0.3414662017951822226, -0.5685177307169276828, 0.2199999999999999734 ) ) ;
#4409 = DIRECTION ( 'NONE',  ( -8.602582885162330422E-14, 1.000000000000000000, 0.000000000000000000 ) ) ;
#4410 = CARTESIAN_POINT ( 'NONE',  ( 0.4030757390083364311, -0.5891161373720085193, 0.2199999999999999734 ) ) ;
#4411 = CARTESIAN_POINT ( 'NONE',  ( 0.3612599831903885450, -0.5903292646869716664, 0.2099999999999999922 ) ) ;
#4412 = EDGE_CURVE ( 'NONE', #7684, #8865, #2216, .T. ) ;
#4413 = FACE_OUTER_BOUND ( 'NONE', #9043, .T. ) ;
#4414 = EDGE_LOOP ( 'NONE', ( #2793, #9224, #9266, #714 ) ) ;
#4415 = CYLINDRICAL_SURFACE ( 'NONE', #8190, 0.07999999999999998779 ) ;
#4416 = EDGE_LOOP ( 'NONE', ( #3162, #8393, #6971, #7497 ) ) ;
#4417 = LINE ( 'NONE', #6644, #9630 ) ;
#4418 = EDGE_CURVE ( 'NONE', #8986, #3613, #9693, .T. ) ;
#4419 = EDGE_CURVE ( 'NONE', #6784, #228, #7553, .T. ) ;
#4420 = ORIENTED_EDGE ( 'NONE', *, *, #7136, .T. ) ;
#4421 = VECTOR ( 'NONE', #8017, 1000.000000000000000 ) ;
#4422 = CARTESIAN_POINT ( 'NONE',  ( 0.3875155243655242776, -0.4642630547256726969, 0.2099999999999999922 ) ) ;
#4423 = CARTESIAN_POINT ( 'NONE',  ( -0.3650000000000001577, 0.5350000000000000311, 0.000000000000000000 ) ) ;
#4424 = PLANE ( 'NONE',  #6412 ) ;
#4425 = DIRECTION ( 'NONE',  ( -1.000000000000000000, -6.023345402697243021E-16, 0.000000000000000000 ) ) ;
#4426 = CARTESIAN_POINT ( 'NONE',  ( -0.03499999999999982292, 0.2050000000000006817, 0.000000000000000000 ) ) ;
#4427 = VECTOR ( 'NONE', #3152, 1000.000000000000000 ) ;
#4428 = EDGE_LOOP ( 'NONE', ( #519, #4398, #266, #1720 ) ) ;
#4429 = ORIENTED_EDGE ( 'NONE', *, *, #3197, .F. ) ;
#4430 = B_SPLINE_CURVE_WITH_KNOTS ( 'NONE', 3,
 ( #6301, #4824, #1158, #8612 ),
 .UNSPECIFIED., .F., .F.,
 ( 4, 4 ),
 ( 12.00000000000000000, 13.00000000000000000 ),
 .UNSPECIFIED. ) ;
#4431 = CARTESIAN_POINT ( 'NONE',  ( 0.4322526888196110972, -0.4861488617968817150, 0.2199999999999999734 ) ) ;
#4432 = VECTOR ( 'NONE', #8100, 1000.000000000000227 ) ;
#4433 = B_SPLINE_SURFACE_WITH_KNOTS ( 'NONE', 3, 1, ( 
 ( #2223, #6012 ),
 ( #636, #6770 ),
 ( #5239, #781 ),
 ( #5336, #8162 ) ),
 .UNSPECIFIED., .F., .F., .F.,
 ( 4, 4 ),
 ( 2, 2 ),
 ( 15.00000000000000000, 16.00000000000000000 ),
 ( 0.000000000000000000, 1.000000000000000000 ),
 .UNSPECIFIED. ) ;
#4434 = CARTESIAN_POINT ( 'NONE',  ( 0.4953724457515832347, -0.5903292646869716664, 0.2099999999999999922 ) ) ;
#4435 = ORIENTED_EDGE ( 'NONE', *, *, #5328, .T. ) ;
#4436 = CARTESIAN_POINT ( 'NONE',  ( 0.5239552107553649973, -0.5848082975186108534, 0.2099999999999999922 ) ) ;
#4437 = ORIENTED_EDGE ( 'NONE', *, *, #3379, .F. ) ;
#4438 = VECTOR ( 'NONE', #18, 1000.000000000000000 ) ;
#4439 = CARTESIAN_POINT ( 'NONE',  ( 0.2332357956347252403, -0.5498692973229315495, 0.2199999999999999734 ) ) ;
#4440 = CARTESIAN_POINT ( 'NONE',  ( 0.1182381516983065928, -0.5667402090004740600, 0.2199999999999999734 ) ) ;
#4441 = CARTESIAN_POINT ( 'NONE',  ( 0.3680559719245713457, -0.5866156096412484811, 0.2099999999999999922 ) ) ;
#4442 = CYLINDRICAL_SURFACE ( 'NONE', #2237, 0.07999999999999998779 ) ;
#4443 = ORIENTED_EDGE ( 'NONE', *, *, #7007, .F. ) ;
#4444 = VECTOR ( 'NONE', #2290, 1000.000000000000114 ) ;
#4445 = DIRECTION ( 'NONE',  ( -0.000000000000000000, -0.000000000000000000, -1.000000000000000000 ) ) ;
#4446 = DIRECTION ( 'NONE',  ( -0.000000000000000000, -0.000000000000000000, -1.000000000000000000 ) ) ;
#4447 = EDGE_CURVE ( 'NONE', #4319, #8556, #9696, .T. ) ;
#4448 =( LENGTH_UNIT ( ) NAMED_UNIT ( * ) SI_UNIT ( .MILLI., .METRE. ) );
#4449 = ORIENTED_EDGE ( 'NONE', *, *, #5968, .F. ) ;
#4450 = ORIENTED_EDGE ( 'NONE', *, *, #4904, .T. ) ;
#4451 = ORIENTED_EDGE ( 'NONE', *, *, #2419, .T. ) ;
#4452 = PRESENTATION_STYLE_ASSIGNMENT (( #2189 ) ) ;
#4453 = CARTESIAN_POINT ( 'NONE',  ( 0.5285230064620148882, -0.5489839051751399523, 0.2199999999999999734 ) ) ;
#4454 = LINE ( 'NONE', #3721, #7286 ) ;
#4455 = EDGE_CURVE ( 'NONE', #2437, #3367, #6306, .T. ) ;
#4456 = ORIENTED_EDGE ( 'NONE', *, *, #6519, .F. ) ;
#4457 = CARTESIAN_POINT ( 'NONE',  ( 0.3864509432523987043, -0.5598772933098575821, 0.2099999999999999922 ) ) ;
#4458 = FACE_OUTER_BOUND ( 'NONE', #1100, .T. ) ;
#4459 = DIRECTION ( 'NONE',  ( 0.000000000000000000, -1.000000000000000000, 0.000000000000000000 ) ) ;
#4460 = EDGE_CURVE ( 'NONE', #2556, #6165, #5424, .T. ) ;
#4461 = PRESENTATION_STYLE_ASSIGNMENT (( #2980 ) ) ;
#4462 = DIRECTION ( 'NONE',  ( -0.000000000000000000, -0.000000000000000000, -1.000000000000000000 ) ) ;
#4463 = CARTESIAN_POINT ( 'NONE',  ( -0.5350000000000002531, 0.4550000000000000155, -0.01000000000000000021 ) ) ;
#4464 = ORIENTED_EDGE ( 'NONE', *, *, #9217, .F. ) ;
#4465 = ORIENTED_EDGE ( 'NONE', *, *, #1104, .F. ) ;
#4466 = DIRECTION ( 'NONE',  ( -0.000000000000000000, -0.000000000000000000, -1.000000000000000000 ) ) ;
#4467 = CARTESIAN_POINT ( 'NONE',  ( 0.1502584467527399437, -0.5925630612757669669, 0.2099999999999999922 ) ) ;
#4468 = ORIENTED_EDGE ( 'NONE', *, *, #3985, .T. ) ;
#4469 = EDGE_CURVE ( 'NONE', #1846, #4681, #6298, .T. ) ;
#4470 = CARTESIAN_POINT ( 'NONE',  ( 0.4347284588502749458, -0.5079851534672040758, 0.2199999999999999734 ) ) ;
#4471 = VERTEX_POINT ( 'NONE', #8436 ) ;
#4472 =( GEOMETRIC_REPRESENTATION_CONTEXT ( 3 ) GLOBAL_UNCERTAINTY_ASSIGNED_CONTEXT ( ( #2766 ) ) GLOBAL_UNIT_ASSIGNED_CONTEXT ( ( #9553, #7360, #3610 ) ) REPRESENTATION_CONTEXT ( 'NONE', 'WORKASPACE' ) );
#4473 = ADVANCED_FACE ( 'NONE', ( #978 ), #924, .F. ) ;
#4474 = LINE ( 'NONE', #9735, #5634 ) ;
#4475 = ADVANCED_FACE ( 'NONE', ( #181 ), #1027, .F. ) ;
#4476 = CARTESIAN_POINT ( 'NONE',  ( 0.3650000000000001577, -0.5350000000000000311, -0.01000000000000000021 ) ) ;
#4477 = DIRECTION ( 'NONE',  ( 0.000000000000000000, 0.000000000000000000, 1.000000000000000000 ) ) ;
#4478 = CARTESIAN_POINT ( 'NONE',  ( -0.4550000000000001266, -0.2050000000000000155, -0.01000000000000000021 ) ) ;
#4479 = VERTEX_POINT ( 'NONE', #3290 ) ;
#4480 = VECTOR ( 'NONE', #6607, 1000.000000000000000 ) ;
#4481 = ADVANCED_FACE ( 'NONE', ( #4678 ), #3097, .T. ) ;
#4482 = CARTESIAN_POINT ( 'NONE',  ( 0.1809015388678730796, -0.4520868772915670464, 0.2099999999999999922 ) ) ;
#4483 = LINE ( 'NONE', #3750, #7599 ) ;
#4484 = DIRECTION ( 'NONE',  ( -0.000000000000000000, -0.000000000000000000, -1.000000000000000000 ) ) ;
#4485 = ORIENTED_EDGE ( 'NONE', *, *, #2358, .T. ) ;
#4486 = VECTOR ( 'NONE', #3963, 1000.000000000000000 ) ;
#4487 = B_SPLINE_CURVE_WITH_KNOTS ( 'NONE', 3,
 ( #5912, #9586, #6604, #5860 ),
 .UNSPECIFIED., .F., .F.,
 ( 4, 4 ),
 ( 4.000000000000000000, 5.000000000000000000 ),
 .UNSPECIFIED. ) ;
#4488 = EDGE_LOOP ( 'NONE', ( #236, #8769, #2956, #2429 ) ) ;
#4489 = VECTOR ( 'NONE', #470, 1000.000000000000000 ) ;
#4490 = VECTOR ( 'NONE', #7776, 1000.000000000000000 ) ;
#4491 = CARTESIAN_POINT ( 'NONE',  ( 0.1506027589800863487, -0.5440161208012131988, 0.2099999999999999922 ) ) ;
#4492 = CARTESIAN_POINT ( 'NONE',  ( 0.3730941639370055074, -0.5121196894183219772, 0.2099999999999999922 ) ) ;
#4493 = CARTESIAN_POINT ( 'NONE',  ( 0.4550000000000001266, 0.2050000000000000155, 0.000000000000000000 ) ) ;
#4494 = ORIENTED_EDGE ( 'NONE', *, *, #7107, .T. ) ;
#4495 = DIRECTION ( 'NONE',  ( -1.000000000000000000, 0.000000000000000000, 0.000000000000000000 ) ) ;
#4496 = DIRECTION ( 'NONE',  ( -0.000000000000000000, 1.000000000000000000, -0.000000000000000000 ) ) ;
#4497 =( GEOMETRIC_REPRESENTATION_CONTEXT ( 3 ) GLOBAL_UNCERTAINTY_ASSIGNED_CONTEXT ( ( #396 ) ) GLOBAL_UNIT_ASSIGNED_CONTEXT ( ( #6760, #770, #1420 ) ) REPRESENTATION_CONTEXT ( 'NONE', 'WORKASPACE' ) );
#4498 = ORIENTED_EDGE ( 'NONE', *, *, #4173, .T. ) ;
#4499 = ORIENTED_EDGE ( 'NONE', *, *, #6400, .F. ) ;
#4500 = CARTESIAN_POINT ( 'NONE',  ( 0.09207102003142031421, -0.4965021399933357005, 0.2199999999999999734 ) ) ;
#4501 = VECTOR ( 'NONE', #9706, 1000.000000000000000 ) ;
#4502 = CARTESIAN_POINT ( 'NONE',  ( 0.4928966757207836058, -0.5629720058482915457, 0.2099999999999999922 ) ) ;
#4503 = VERTEX_POINT ( 'NONE', #6152 ) ;
#4504 = CARTESIAN_POINT ( 'NONE',  ( 0.4264346292475972300, -0.5840903242098796078, 0.2199999999999999734 ) ) ;
#4505 = CARTESIAN_POINT ( 'NONE',  ( 0.3650000000000001577, -0.4550000000000000155, -0.01000000000000000021 ) ) ;
#4506 = B_SPLINE_CURVE_WITH_KNOTS ( 'NONE', 3,
 ( #8074, #1345, #4359, #9671 ),
 .UNSPECIFIED., .F., .F.,
 ( 4, 4 ),
 ( 5.000000000000000000, 6.000000000000000000 ),
 .UNSPECIFIED. ) ;
#4507 = DIRECTION ( 'NONE',  ( 0.000000000000000000, 0.000000000000000000, -1.000000000000000000 ) ) ;
#4508 = DIRECTION ( 'NONE',  ( -1.000000000000000000, -0.000000000000000000, -0.000000000000000000 ) ) ;
#4509 = CARTESIAN_POINT ( 'NONE',  ( 0.3948561825064956787, -0.5680720921115868238, 0.2099999999999999922 ) ) ;
#4510 = ORIENTED_EDGE ( 'NONE', *, *, #468, .F. ) ;
#4511 =( GEOMETRIC_REPRESENTATION_CONTEXT ( 3 ) GLOBAL_UNCERTAINTY_ASSIGNED_CONTEXT ( ( #8500 ) ) GLOBAL_UNIT_ASSIGNED_CONTEXT ( ( #4731, #9301, #1812 ) ) REPRESENTATION_CONTEXT ( 'NONE', 'WORKASPACE' ) );
#4512 = LINE ( 'NONE', #7630, #7079 ) ;
#4513 = ORIENTED_EDGE ( 'NONE', *, *, #6835, .F. ) ;
#4514 = CARTESIAN_POINT ( 'NONE',  ( 0.3650000000000001577, -0.3649999999999999356, -0.01000000000000000021 ) ) ;
#4515 = CARTESIAN_POINT ( 'NONE',  ( 0.1450938881186311646, -0.5026995991903511207, 0.2199999999999999734 ) ) ;
#4516 = ORIENTED_EDGE ( 'NONE', *, *, #2103, .F. ) ;
#4517 = EDGE_CURVE ( 'NONE', #3156, #9697, #3934, .T. ) ;
#4518 = DIRECTION ( 'NONE',  ( 0.000000000000000000, 0.000000000000000000, -1.000000000000000000 ) ) ;
#4519 = ORIENTED_EDGE ( 'NONE', *, *, #3244, .T. ) ;
#4520 = VECTOR ( 'NONE', #4943, 1000.000000000000000 ) ;
#4521 = CARTESIAN_POINT ( 'NONE',  ( 0.5239552107553649973, -0.5848082975186108534, 0.2199999999999999734 ) ) ;
#4522 = CARTESIAN_POINT ( 'NONE',  ( 0.4165810645255624833, -0.5549505109488411803, 0.2199999999999999734 ) ) ;
#4523 = CARTESIAN_POINT ( 'NONE',  ( 0.5178400587799959487, -0.5903292646869716664, 0.2199999999999999734 ) ) ;
#4524 = CARTESIAN_POINT ( 'NONE',  ( 0.4093641948861510005, -0.5645317409674827092, 0.2099999999999999922 ) ) ;
#4525 = CARTESIAN_POINT ( 'NONE',  ( 0.4370556826792533767, -0.6014207144245777847, 0.2199999999999999734 ) ) ;
#4526 = PRESENTATION_STYLE_ASSIGNMENT (( #7494 ) ) ;
#4527 = ADVANCED_FACE ( 'NONE', ( #9442 ), #5003, .F. ) ;
#4528 = ORIENTED_EDGE ( 'NONE', *, *, #8289, .F. ) ;
#4529 = EDGE_CURVE ( 'NONE', #3589, #8556, #2171, .T. ) ;
#4530 = EDGE_CURVE ( 'NONE', #9621, #9691, #8749, .T. ) ;
#4531 = PLANE ( 'NONE',  #7334 ) ;
#4532 = FILL_AREA_STYLE_COLOUR ( '', #7123 ) ;
#4533 = DIRECTION ( 'NONE',  ( -1.000000000000000000, 0.000000000000000000, 0.000000000000000000 ) ) ;
#4534 = STYLED_ITEM ( 'NONE', ( #9182 ), #5851 ) ;
#4535 = ADVANCED_FACE ( 'NONE', ( #471 ), #7135, .F. ) ;
#4536 = CARTESIAN_POINT ( 'NONE',  ( 0.5688780579620514866, -0.5508159749977232789, 0.2099999999999999922 ) ) ;
#4537 = LINE ( 'NONE', #2957, #2395 ) ;
#4538 = LINE ( 'NONE', #779, #1166 ) ;
#4539 = VERTEX_POINT ( 'NONE', #9397 ) ;
#4540 = VECTOR ( 'NONE', #2653, 1000.000000000000000 ) ;
#4541 = CARTESIAN_POINT ( 'NONE',  ( 0.4755786643565544924, -0.5474736854561763622, 0.2099999999999999922 ) ) ;
#4542 = CARTESIAN_POINT ( 'NONE',  ( 0.1747040566858937549, -0.4727451380969961980, 0.2199999999999999734 ) ) ;
#4543 = CARTESIAN_POINT ( 'NONE',  ( 0.3786398888056436984, -0.5143231247457424882, 0.2099999999999999922 ) ) ;
#4544 = CARTESIAN_POINT ( 'NONE',  ( 0.4755786643565544924, -0.5629720058482915457, 0.2099999999999999922 ) ) ;
#4545 = VERTEX_POINT ( 'NONE', #4132 ) ;
#4546 = DIRECTION ( 'NONE',  ( 0.000000000000000000, 1.000000000000000000, 0.000000000000000000 ) ) ;
#4547 = CARTESIAN_POINT ( 'NONE',  ( 0.3778600212460483943, -0.5744595787906805473, 0.2099999999999999922 ) ) ;
#4548 = VECTOR ( 'NONE', #2160, 1000.000000000000000 ) ;
#4549 = VECTOR ( 'NONE', #4158, 1000.000000000000000 ) ;
#4550 = SURFACE_STYLE_USAGE ( .BOTH. , #2919 ) ;
#4551 = ORIENTED_EDGE ( 'NONE', *, *, #6559, .F. ) ;
#4552 = ORIENTED_EDGE ( 'NONE', *, *, #4827, .T. ) ;
#4553 = UNCERTAINTY_MEASURE_WITH_UNIT (LENGTH_MEASURE( 1.000000000000000082E-05 ), #6431, 'distance_accuracy_value', 'NONE');
#4554 = LINE ( 'NONE', #7369, #484 ) ;
#4555 = MECHANICAL_DESIGN_GEOMETRIC_PRESENTATION_REPRESENTATION (  '', ( #447 ), #6288 ) ;
#4556 = CARTESIAN_POINT ( 'NONE',  ( 0.4165810645255624833, -0.5707211660443477497, 0.2099999999999999922 ) ) ;
#4557 = VERTEX_POINT ( 'NONE', #7151 ) ;
#4558 = CARTESIAN_POINT ( 'NONE',  ( 0.4627913121478825498, -0.5557427573587392367, 0.2199999999999999734 ) ) ;
#4559 = LINE ( 'NONE', #1547, #1652 ) ;
#4560 = DIRECTION ( 'NONE',  ( 1.000000000000000000, 0.000000000000000000, 0.000000000000000000 ) ) ;
#4561 = DIRECTION ( 'NONE',  ( -1.000000000000000000, 0.000000000000000000, 0.000000000000000000 ) ) ;
#4562 = ORIENTED_EDGE ( 'NONE', *, *, #5144, .F. ) ;
#4563 = VECTOR ( 'NONE', #6332, 1000.000000000000000 ) ;
#4564 = DIRECTION ( 'NONE',  ( 0.000000000000000000, 0.000000000000000000, -1.000000000000000000 ) ) ;
#4565 = EDGE_LOOP ( 'NONE', ( #1784, #3856, #1221, #5019 ) ) ;
#4566 = PLANE ( 'NONE',  #4927 ) ;
#4567 = FACE_OUTER_BOUND ( 'NONE', #1189, .T. ) ;
#4568 = ORIENTED_EDGE ( 'NONE', *, *, #7, .T. ) ;
#4569 = ORIENTED_EDGE ( 'NONE', *, *, #1920, .F. ) ;
#4570 = DIRECTION ( 'NONE',  ( 1.000000000000000000, 0.000000000000000000, 0.000000000000000000 ) ) ;
#4571 = FACE_OUTER_BOUND ( 'NONE', #8898, .T. ) ;
#4572 = LINE ( 'NONE', #9103, #2974 ) ;
#4573 = DIRECTION ( 'NONE',  ( -0.000000000000000000, -0.000000000000000000, 1.000000000000000000 ) ) ;
#4574 = CARTESIAN_POINT ( 'NONE',  ( 0.4086833581278346283, -0.4650800588358516285, 0.2199999999999999734 ) ) ;
#4575 = EDGE_CURVE ( 'NONE', #9589, #4893, #380, .T. ) ;
#4576 = EDGE_LOOP ( 'NONE', ( #6484, #5412, #8720, #4187 ) ) ;
#4577 = FACE_OUTER_BOUND ( 'NONE', #3559, .T. ) ;
#4578 = CARTESIAN_POINT ( 'NONE',  ( 0.1850331870887744201, -0.5977276002089486617, 0.2199999999999999734 ) ) ;
#4579 = EDGE_CURVE ( 'NONE', #2769, #7540, #3533, .T. ) ;
#4580 = VECTOR ( 'NONE', #2034, 1000.000000000000000 ) ;
#4581 = ADVANCED_FACE ( 'NONE', ( #7995 ), #2604, .F. ) ;
#4582 = DIRECTION ( 'NONE',  ( -1.000000000000000000, 0.000000000000000000, 0.000000000000000000 ) ) ;
#4583 = CARTESIAN_POINT ( 'NONE',  ( 0.4264346292475972300, -0.5809213385706111232, 0.2199999999999999734 ) ) ;
#4584 = VERTEX_POINT ( 'NONE', #5998 ) ;
#4585 = CARTESIAN_POINT ( 'NONE',  ( 0.4031128755587552459, -0.5672055726008524701, 0.2099999999999999922 ) ) ;
#4586 = CARTESIAN_POINT ( 'NONE',  ( 0.3875774186163857826, -0.4699078103957542996, 0.2199999999999999734 ) ) ;
#4587 = CARTESIAN_POINT ( 'NONE',  ( 0.2635345755223489350, -0.5894643037671456476, 0.2199999999999999734 ) ) ;
#4588 = ADVANCED_FACE ( 'NONE', ( #5852 ), #6494, .F. ) ;
#4589 = ORIENTED_EDGE ( 'NONE', *, *, #134, .F. ) ;
#4590 = FACE_OUTER_BOUND ( 'NONE', #3032, .T. ) ;
#4591 = MECHANICAL_DESIGN_GEOMETRIC_PRESENTATION_REPRESENTATION (  '', ( #3334 ), #8682 ) ;
#4592 = ADVANCED_FACE ( 'NONE', ( #9634 ), #8851, .F. ) ;
#4593 = B_SPLINE_SURFACE_WITH_KNOTS ( 'NONE', 3, 1, ( 
 ( #2069, #5096 ),
 ( #1798, #2022 ),
 ( #8112, #2862 ),
 ( #1326, #7358 ) ),
 .UNSPECIFIED., .F., .F., .F.,
 ( 4, 4 ),
 ( 2, 2 ),
 ( 12.00000000000000000, 13.00000000000000000 ),
 ( 0.000000000000000000, 1.000000000000000000 ),
 .UNSPECIFIED. ) ;
#4594 = ADVANCED_FACE ( 'NONE', ( #569 ), #622, .F. ) ;
#4595 = ORIENTED_EDGE ( 'NONE', *, *, #4321, .F. ) ;
#4596 = ORIENTED_EDGE ( 'NONE', *, *, #8569, .F. ) ;
#4597 = ORIENTED_EDGE ( 'NONE', *, *, #8528, .T. ) ;
#4598 = PLANE ( 'NONE',  #2541 ) ;
#4599 = AXIS2_PLACEMENT_3D ( 'NONE', #1925, #445, #5736 ) ;
#4600 = CARTESIAN_POINT ( 'NONE',  ( 0.4693273450289766058, -0.5419032028872593498, 0.2199999999999999734 ) ) ;
#4601 = EDGE_CURVE ( 'NONE', #5908, #3621, #1510, .T. ) ;
#4602 = ORIENTED_EDGE ( 'NONE', *, *, #1262, .T. ) ;
#4603 = SURFACE_STYLE_USAGE ( .BOTH. , #751 ) ;
#4604 = DIRECTION ( 'NONE',  ( -0.000000000000000000, -0.000000000000000000, -1.000000000000000000 ) ) ;
#4605 = CARTESIAN_POINT ( 'NONE',  ( 0.3912786948121361186, -0.5087526421768254759, 0.2099999999999999922 ) ) ;
#4606 = CARTESIAN_POINT ( 'NONE',  ( 0.4859892773354981266, -0.5135061206355617802, 0.2199999999999999734 ) ) ;
#4607 = ORIENTED_EDGE ( 'NONE', *, *, #2355, .F. ) ;
#4608 = PRESENTATION_LAYER_ASSIGNMENT (  '', '', ( #8547 ) ) ;
#4609 = ORIENTED_EDGE ( 'NONE', *, *, #2358, .F. ) ;
#4610 = DIRECTION ( 'NONE',  ( 1.000000000000000000, 0.000000000000000000, 0.000000000000000000 ) ) ;
#4611 = PLANE ( 'NONE',  #4164 ) ;
#4612 = EDGE_LOOP ( 'NONE', ( #4809, #3986, #3180, #4745 ) ) ;
#4613 = ORIENTED_EDGE ( 'NONE', *, *, #8572, .T. ) ;
#4614 = CARTESIAN_POINT ( 'NONE',  ( 0.1636863149628198510, -0.5791351864986014064, 0.2199999999999999734 ) ) ;
#4615 = CARTESIAN_POINT ( 'NONE',  ( 0.4347532165507171920, -0.6066198314889892362, 0.2099999999999999922 ) ) ;
#4616 = CARTESIAN_POINT ( 'NONE',  ( 0.2132661461494889388, -0.4520868772915670464, 0.2099999999999999922 ) ) ;
#4617 = CARTESIAN_POINT ( 'NONE',  ( 0.1354533559019405198, -0.6132212958128574476, 0.2099999999999999922 ) ) ;
#4618 = CARTESIAN_POINT ( 'NONE',  ( 0.4627913121478825498, -0.5557427573587392367, 0.2199999999999999734 ) ) ;
#4619 = ORIENTED_EDGE ( 'NONE', *, *, #4335, .T. ) ;
#4620 = CARTESIAN_POINT ( 'NONE',  ( 0.4159868797182213473, -0.5598772933098575821, 0.2199999999999999734 ) ) ;
#4621 = FILL_AREA_STYLE_COLOUR ( '', #5926 ) ;
#4622 = DIRECTION ( 'NONE',  ( 0.000000000000000000, -0.000000000000000000, -1.000000000000000000 ) ) ;
#4623 = VECTOR ( 'NONE', #8259, 1000.000000000000000 ) ;
#4624 = LINE ( 'NONE', #3889, #5807 ) ;
#4625 = CARTESIAN_POINT ( 'NONE',  ( 0.3612599831903885450, -0.5848082975186135180, 0.2199999999999999734 ) ) ;
#4626 = DIRECTION ( 'NONE',  ( -0.000000000000000000, -1.000000000000000000, -0.000000000000000000 ) ) ;
#4627 = EDGE_LOOP ( 'NONE', ( #200, #3530, #1058, #4316 ) ) ;
#4628 = FILL_AREA_STYLE ('',( #1730 ) ) ;
#4629 = DIRECTION ( 'NONE',  ( -0.000000000000000000, 1.000000000000000000, 0.000000000000000000 ) ) ;
#4630 = EDGE_CURVE ( 'NONE', #7715, #3249, #2097, .T. ) ;
#4631 = VECTOR ( 'NONE', #2054, 1000.000000000000000 ) ;
#4632 = CARTESIAN_POINT ( 'NONE',  ( 0.4044126548248562769, -0.5595554432059079986, 0.2199999999999999734 ) ) ;
#4633 = LINE ( 'NONE', #6113, #7765 ) ;
#4634 = ORIENTED_EDGE ( 'NONE', *, *, #6883, .F. ) ;
#4635 = DIRECTION ( 'NONE',  ( 0.000000000000000000, -1.000000000000000000, 0.000000000000000000 ) ) ;
#4636 = CARTESIAN_POINT ( 'NONE',  ( 0.4470577936031209787, -0.5817878580813445888, 0.2199999999999999734 ) ) ;
#4637 = ORIENTED_EDGE ( 'NONE', *, *, #977, .T. ) ;
#4638 = VERTEX_POINT ( 'NONE', #7491 ) ;
#4639 = VECTOR ( 'NONE', #960, 1000.000000000000000 ) ;
#4640 = ORIENTED_EDGE ( 'NONE', *, *, #8690, .T. ) ;
#4642 = EDGE_CURVE ( 'NONE', #952, #6221, #3741, .T. ) ;
#4641 = AXIS2_PLACEMENT_3D ( 'NONE', #1641, #3171, #7671 ) ;
#4643 = UNCERTAINTY_MEASURE_WITH_UNIT (LENGTH_MEASURE( 1.000000000000000082E-05 ), #1600, 'distance_accuracy_value', 'NONE');
#4644 = PRESENTATION_STYLE_ASSIGNMENT (( #252 ) ) ;
#4645 = EDGE_CURVE ( 'NONE', #1353, #8775, #6751, .T. ) ;
#4646 = ADVANCED_FACE ( 'NONE', ( #9009 ), #5867, .T. ) ;
#4647 = CARTESIAN_POINT ( 'NONE',  ( 0.3759041629217430014, -0.5751527943991378011, 0.2099999999999999922 ) ) ;
#4648 = VERTEX_POINT ( 'NONE', #4423 ) ;
#4649 = COLOUR_RGB ( '',0.2980392156862745057, 0.2980392156862745057, 0.2980392156862745057 ) ;
#4650 = LINE ( 'NONE', #3909, #418 ) ;
#4651 = FACE_OUTER_BOUND ( 'NONE', #79, .T. ) ;
#4652 = FACE_OUTER_BOUND ( 'NONE', #6132, .T. ) ;
#4653 = CYLINDRICAL_SURFACE ( 'NONE', #5638, 0.07999999999999997391 ) ;
#4654 = CARTESIAN_POINT ( 'NONE',  ( 0.4953724457515832347, -0.5848082975186108534, 0.2199999999999999734 ) ) ;
#4655 = ORIENTED_EDGE ( 'NONE', *, *, #1566, .F. ) ;
#4656 = VERTEX_POINT ( 'NONE', #3687 ) ;
#4657 = B_SPLINE_CURVE_WITH_KNOTS ( 'NONE', 3,
 ( #7200, #7338, #3439, #570 ),
 .UNSPECIFIED., .F., .F.,
 ( 4, 4 ),
 ( 3.000000000000000000, 4.000000000000000000 ),
 .UNSPECIFIED. ) ;
#4658 = CARTESIAN_POINT ( 'NONE',  ( 0.4030757390083364311, -0.5891161373720085193, 0.2099999999999999922 ) ) ;
#4659 = ORIENTED_EDGE ( 'NONE', *, *, #9643, .F. ) ;
#4660 = EDGE_CURVE ( 'NONE', #3538, #310, #9684, .T. ) ;
#4661 = FACE_OUTER_BOUND ( 'NONE', #6182, .T. ) ;
#4662 = DIRECTION ( 'NONE',  ( -0.000000000000000000, -0.000000000000000000, -1.000000000000000000 ) ) ;
#4663 = VECTOR ( 'NONE', #95, 1000.000000000000000 ) ;
#4664 = ORIENTED_EDGE ( 'NONE', *, *, #984, .F. ) ;
#4665 = CARTESIAN_POINT ( 'NONE',  ( 0.1568002280277302762, -0.4865173119671748481, 0.2199999999999999734 ) ) ;
#4666 = VERTEX_POINT ( 'NONE', #8377 ) ;
#4667 = B_SPLINE_CURVE_WITH_KNOTS ( 'NONE', 3,
 ( #6231, #2531, #7723, #4065 ),
 .UNSPECIFIED., .F., .F.,
 ( 4, 4 ),
 ( 2.000000000000000000, 3.000000000000000000 ),
 .UNSPECIFIED. ) ;
#4668 = CYLINDRICAL_SURFACE ( 'NONE', #4836, 0.05903719021641397335 ) ;
#4669 = CARTESIAN_POINT ( 'NONE',  ( 0.3732179524385628167, -0.5805747307663839951, 0.2099999999999999922 ) ) ;
#4670 = CARTESIAN_POINT ( 'NONE',  ( 0.5674173536436449838, -0.5514844329058991024, 0.2199999999999999734 ) ) ;
#4671 = AXIS2_PLACEMENT_3D ( 'NONE', #3145, #3243, #8532 ) ;
#4672 = CARTESIAN_POINT ( 'NONE',  ( 0.4093641948861510005, -0.5631453097505708660, 0.2199999999999999734 ) ) ;
#4673 = DIRECTION ( 'NONE',  ( 1.000000000000000000, 0.000000000000000000, -0.000000000000000000 ) ) ;
#4674 = FACE_OUTER_BOUND ( 'NONE', #1474, .T. ) ;
#4675 = ORIENTED_EDGE ( 'NONE', *, *, #5861, .T. ) ;
#4676 = CARTESIAN_POINT ( 'NONE',  ( 0.2211851434982795017, -0.5739706212970767663, 0.2199999999999999734 ) ) ;
#4677 = CARTESIAN_POINT ( 'NONE',  ( 0.2955548771440311695, -0.5543452577710136220, 0.2099999999999999922 ) ) ;
#4678 = FACE_OUTER_BOUND ( 'NONE', #5270, .T. ) ;
#4679 = LINE ( 'NONE', #696, #1858 ) ;
#4680 = FILL_AREA_STYLE_COLOUR ( '', #7291 ) ;
#4681 = VERTEX_POINT ( 'NONE', #3281 ) ;
#4682 = DIRECTION ( 'NONE',  ( -1.000000000000000000, 0.000000000000000000, -0.000000000000000000 ) ) ;
#4683 = CARTESIAN_POINT ( 'NONE',  ( 0.5439470537532964389, -0.5729988744726010053, 0.2099999999999999922 ) ) ;
#4684 = STYLED_ITEM ( 'NONE', ( #171 ), #5723 ) ;
#4685 = CARTESIAN_POINT ( 'NONE',  ( 0.4165810645255624833, -0.5549505109488411803, 0.2199999999999999734 ) ) ;
#4686 = DIRECTION ( 'NONE',  ( 0.000000000000000000, 0.000000000000000000, 1.000000000000000000 ) ) ;
#4687 = VERTEX_POINT ( 'NONE', #220 ) ;
#4688 = CARTESIAN_POINT ( 'NONE',  ( 0.3806947779310642099, -0.5740634555855693710, 0.2099999999999999922 ) ) ;
#4689 = CARTESIAN_POINT ( 'NONE',  ( 0.4264346292475972300, -0.5840903242098796078, 0.2099999999999999922 ) ) ;
#4690 = ORIENTED_EDGE ( 'NONE', *, *, #5850, .T. ) ;
#4691 = ORIENTED_EDGE ( 'NONE', *, *, #1555, .F. ) ;
#4692 = EDGE_CURVE ( 'NONE', #8490, #6768, #123, .T. ) ;
#4693 = VECTOR ( 'NONE', #8149, 1000.000000000000000 ) ;
#4694 = ORIENTED_EDGE ( 'NONE', *, *, #6711, .T. ) ;
#4695 = CARTESIAN_POINT ( 'NONE',  ( 0.3796054391176585385, -0.5861699710355784410, 0.2199999999999999734 ) ) ;
#4696 = CARTESIAN_POINT ( 'NONE',  ( 0.5366435321625796506, -0.5483154472666327273, 0.2199999999999999734 ) ) ;
#4697 = DIRECTION ( 'NONE',  ( 1.000000000000000000, 0.000000000000000000, 0.000000000000000000 ) ) ;
#4698 = ORIENTED_EDGE ( 'NONE', *, *, #4276, .T. ) ;
#4699 = CARTESIAN_POINT ( 'NONE',  ( 0.3887905459313502066, -0.5626996711448994937, 0.2099999999999999922 ) ) ;
#4700 = VECTOR ( 'NONE', #4784, 1000.000000000000000 ) ;
#4701 = EDGE_CURVE ( 'NONE', #1298, #7359, #7245, .T. ) ;
#4702 = CARTESIAN_POINT ( 'NONE',  ( 0.4264346292475972300, -0.5840903242098796078, 0.2199999999999999734 ) ) ;
#4703 = CARTESIAN_POINT ( 'NONE',  ( 0.4995317394029773483, -0.4947892992036243553, 0.2199999999999999734 ) ) ;
#4704 = LINE ( 'NONE', #3412, #4486 ) ;
#4705 = CARTESIAN_POINT ( 'NONE',  ( 0.4808644333719230834, -0.5021918515954520990, 0.2099999999999999922 ) ) ;
#4706 = ORIENTED_EDGE ( 'NONE', *, *, #2415, .F. ) ;
#4707 = ORIENTED_EDGE ( 'NONE', *, *, #6123, .F. ) ;
#4708 = EDGE_CURVE ( 'NONE', #2538, #5779, #9100, .T. ) ;
#4709 = CARTESIAN_POINT ( 'NONE',  ( 0.4942707280878861908, -0.5419032028872593498, 0.2199999999999999734 ) ) ;
#4710 = VERTEX_POINT ( 'NONE', #2446 ) ;
#4711 = CARTESIAN_POINT ( 'NONE',  ( 0.1502584467527399437, -0.5925630612757669669, 0.2199999999999999734 ) ) ;
#4712 = VECTOR ( 'NONE', #7941, 1000.000000000000000 ) ;
#4713 = ORIENTED_EDGE ( 'NONE', *, *, #1706, .F. ) ;
#4714 = CARTESIAN_POINT ( 'NONE',  ( 0.3414662017951822226, -0.5848082975186135180, 0.2099999999999999922 ) ) ;
#4715 = DIRECTION ( 'NONE',  ( 0.000000000000000000, -0.000000000000000000, -1.000000000000000000 ) ) ;
#4716 = DIRECTION ( 'NONE',  ( 1.000000000000000000, 0.000000000000000000, 0.000000000000000000 ) ) ;
#4717 = ORIENTED_EDGE ( 'NONE', *, *, #788, .T. ) ;
#4718 = CARTESIAN_POINT ( 'NONE',  ( 0.4714193707048132675, -0.4752059582612774280, 0.2199999999999999734 ) ) ;
#4719 = ADVANCED_FACE ( 'NONE', ( #1604 ), #6337, .T. ) ;
#4720 = CARTESIAN_POINT ( 'NONE',  ( 0.5415084202729018026, -0.5790149956468618742, 0.2199999999999999734 ) ) ;
#4721 =( LENGTH_UNIT ( ) NAMED_UNIT ( * ) SI_UNIT ( .MILLI., .METRE. ) );
#4722 = CARTESIAN_POINT ( 'NONE',  ( 0.5677144460476454269, -0.5506921864963311153, 0.2199999999999999734 ) ) ;
#4723 = CARTESIAN_POINT ( 'NONE',  ( 0.4549999999999995159, 0.5350000000000000311, -0.01000000000000000021 ) ) ;
#4724 = PLANE ( 'NONE',  #1317 ) ;
#4725 = FILL_AREA_STYLE ('',( #226 ) ) ;
#4726 = ADVANCED_FACE ( 'NONE', ( #1712 ), #4050, .T. ) ;
#4727 = ADVANCED_FACE ( 'NONE', ( #272 ), #4668, .F. ) ;
#4728 = VERTEX_POINT ( 'NONE', #7591 ) ;
#4729 = LINE ( 'NONE', #3988, #4007 ) ;
#4730 = CARTESIAN_POINT ( 'NONE',  ( 0.09207102003142031421, -0.4965021399933357005, 0.2099999999999999922 ) ) ;
#4731 =( LENGTH_UNIT ( ) NAMED_UNIT ( * ) SI_UNIT ( .MILLI., .METRE. ) );
#4732 = DIRECTION ( 'NONE',  ( 0.000000000000000000, 0.000000000000000000, -1.000000000000000000 ) ) ;
#4733 = FILL_AREA_STYLE_COLOUR ( '', #3277 ) ;
#4734 = B_SPLINE_CURVE_WITH_KNOTS ( 'NONE', 3,
 ( #581, #3596, #9592, #8703 ),
 .UNSPECIFIED., .F., .F.,
 ( 4, 4 ),
 ( 3.000000000000000000, 4.000000000000000000 ),
 .UNSPECIFIED. ) ;
#4735 = LINE ( 'NONE', #3248, #9473 ) ;
#4736 = VERTEX_POINT ( 'NONE', #6392 ) ;
#4737 = CARTESIAN_POINT ( 'NONE',  ( 0.3886296208793751927, -0.5849816014208931714, 0.2199999999999999734 ) ) ;
#4738 = CARTESIAN_POINT ( 'NONE',  ( 0.5415084202729018026, -0.5790149956468618742, 0.2099999999999999922 ) ) ;
#4739 = B_SPLINE_CURVE_WITH_KNOTS ( 'NONE', 3,
 ( #7520, #5341, #9025, #3948 ),
 .UNSPECIFIED., .F., .F.,
 ( 4, 4 ),
 ( 2.000000000000000000, 3.000000000000000000 ),
 .UNSPECIFIED. ) ;
#4740 = CARTESIAN_POINT ( 'NONE',  ( 0.4069998345069226753, -0.5576986156830463504, 0.2199999999999999734 ) ) ;
#4741 = ORIENTED_EDGE ( 'NONE', *, *, #5514, .T. ) ;
#4742 = SURFACE_STYLE_USAGE ( .BOTH. , #243 ) ;
#4743 = DIRECTION ( 'NONE',  ( -0.3416038306902685062, 0.9398440417738116448, 0.000000000000000000 ) ) ;
#4744 = ORIENTED_EDGE ( 'NONE', *, *, #2339, .T. ) ;
#4745 = ORIENTED_EDGE ( 'NONE', *, *, #9701, .T. ) ;
#4746 = VECTOR ( 'NONE', #2874, 1000.000000000000000 ) ;
#4747 = VERTEX_POINT ( 'NONE', #9293 ) ;
#4748 = UNCERTAINTY_MEASURE_WITH_UNIT (LENGTH_MEASURE( 1.000000000000000082E-05 ), #2796, 'distance_accuracy_value', 'NONE');
#4749 = CARTESIAN_POINT ( 'NONE',  ( 0.5317786440525880121, -0.5440323651138447847, 0.2199999999999999734 ) ) ;
#4750 = CARTESIAN_POINT ( 'NONE',  ( 0.4247758633271273010, -0.5564854883680827591, 0.2099999999999999922 ) ) ;
#4751 = ORIENTED_EDGE ( 'NONE', *, *, #8454, .F. ) ;
#4752 = EDGE_CURVE ( 'NONE', #4768, #3296, #6437, .T. ) ;
#4753 = LINE ( 'NONE', #3028, #3564 ) ;
#4754 = LINE ( 'NONE', #6978, #4971 ) ;
#4755 = CARTESIAN_POINT ( 'NONE',  ( 0.5373738843214531657, -0.5656705951816078937, 0.2099999999999999922 ) ) ;
#4756 = CARTESIAN_POINT ( 'NONE',  ( -0.5350000000000002531, 0.3649999999999999356, -0.01000000000000000021 ) ) ;
#4757 = DIRECTION ( 'NONE',  ( -1.000000000000000000, 0.000000000000000000, 0.000000000000000000 ) ) ;
#4758 = ORIENTED_EDGE ( 'NONE', *, *, #1796, .F. ) ;
#4759 = ORIENTED_EDGE ( 'NONE', *, *, #3093, .F. ) ;
#4760 = B_SPLINE_CURVE_WITH_KNOTS ( 'NONE', 3,
 ( #4819, #7187, #4871, #1109 ),
 .UNSPECIFIED., .F., .F.,
 ( 4, 4 ),
 ( 3.000000000000000000, 4.000000000000000000 ),
 .UNSPECIFIED. ) ;
#4761 = LINE ( 'NONE', #4709, #3601 ) ;
#4762 = EDGE_LOOP ( 'NONE', ( #4147, #5080, #7368, #8782 ) ) ;
#4763 = CARTESIAN_POINT ( 'NONE',  ( 0.4186483325011223222, -0.5782227492372935540, 0.2199999999999999734 ) ) ;
#4764 = LINE ( 'NONE', #1650, #7320 ) ;
#4765 = VERTEX_POINT ( 'NONE', #4165 ) ;
#4766 = LINE ( 'NONE', #3791, #8386 ) ;
#4767 = CARTESIAN_POINT ( 'NONE',  ( 0.3887905459313502066, -0.5903292646869716664, 0.2199999999999999734 ) ) ;
#4768 = VERTEX_POINT ( 'NONE', #367 ) ;
#4769 = ADVANCED_FACE ( 'NONE', ( #9384 ), #1151, .F. ) ;
#4770 = DIRECTION ( 'NONE',  ( -0.000000000000000000, -0.000000000000000000, 1.000000000000000000 ) ) ;
#4771 = DIRECTION ( 'NONE',  ( 0.000000000000000000, 1.000000000000000000, 0.000000000000000000 ) ) ;
#4772 = LINE ( 'NONE', #7690, #2264 ) ;
#4773 = CARTESIAN_POINT ( 'NONE',  ( 0.09757989089287485984, -0.5350642064721328195, 0.2199999999999999734 ) ) ;
#4774 = DIRECTION ( 'NONE',  ( 0.000000000000000000, 0.000000000000000000, -1.000000000000000000 ) ) ;
#4775 = ORIENTED_EDGE ( 'NONE', *, *, #6559, .T. ) ;
#4776 = EDGE_CURVE ( 'NONE', #1603, #2416, #2639, .T. ) ;
#4777 = CARTESIAN_POINT ( 'NONE',  ( 0.3670656639122792941, -0.5810698847722819416, 0.2199999999999999734 ) ) ;
#4778 = EDGE_CURVE ( 'NONE', #1263, #4918, #4760, .T. ) ;
#4779 = EDGE_CURVE ( 'NONE', #6925, #3401, #8706, .T. ) ;
#4780 = CARTESIAN_POINT ( 'NONE',  ( 0.3879240264206146316, -0.5814907656776757694, 0.2199999999999999734 ) ) ;
#4781 = CARTESIAN_POINT ( 'NONE',  ( -0.7000000000000001776, -0.6999999999999999556, 0.2099999999999999922 ) ) ;
#4782 = CARTESIAN_POINT ( 'NONE',  ( 0.4441735215173856499, -0.6029309341432130820, 0.2099999999999999922 ) ) ;
#4783 = B_SPLINE_SURFACE_WITH_KNOTS ( 'NONE', 3, 1, ( 
 ( #4763, #7680 ),
 ( #1597, #9140 ),
 ( #2337, #955 ),
 ( #3177, #3275 ) ),
 .UNSPECIFIED., .F., .F., .F.,
 ( 4, 4 ),
 ( 2, 2 ),
 ( 2.000000000000000000, 3.000000000000000000 ),
 ( 0.000000000000000000, 1.000000000000000000 ),
 .UNSPECIFIED. ) ;
#4784 = DIRECTION ( 'NONE',  ( -0.000000000000000000, -0.000000000000000000, -1.000000000000000000 ) ) ;
#4785 = CARTESIAN_POINT ( 'NONE',  ( -0.04500000000000017181, -0.4550000000000000155, -0.01000000000000000021 ) ) ;
#4786 = B_SPLINE_CURVE_WITH_KNOTS ( 'NONE', 3,
 ( #3324, #2542, #4816, #5466 ),
 .UNSPECIFIED., .F., .F.,
 ( 4, 4 ),
 ( 3.000000000000000000, 4.000000000000000000 ),
 .UNSPECIFIED. ) ;
#4787 = B_SPLINE_CURVE_WITH_KNOTS ( 'NONE', 3,
 ( #3189, #9198, #2449, #8482 ),
 .UNSPECIFIED., .F., .F.,
 ( 4, 4 ),
 ( 13.00000000000000000, 14.00000000000000000 ),
 .UNSPECIFIED. ) ;
#4788 = EDGE_CURVE ( 'NONE', #8908, #394, #8563, .T. ) ;
#4789 = ORIENTED_EDGE ( 'NONE', *, *, #9041, .F. ) ;
#4790 = CARTESIAN_POINT ( 'NONE',  ( 0.000000000000000000, 0.000000000000000000, 0.2099999999999999922 ) ) ;
#4791 = DIRECTION ( 'NONE',  ( -1.000000000000000000, 0.000000000000000000, 0.000000000000000000 ) ) ;
#4792 = PLANE ( 'NONE',  #5767 ) ;
#4793 = ORIENTED_EDGE ( 'NONE', *, *, #7356, .F. ) ;
#4794 = AXIS2_PLACEMENT_3D ( 'NONE', #7568, #832, #99 ) ;
#4795 = CARTESIAN_POINT ( 'NONE',  ( 0.4574436488814716539, -0.4706505414047669200, 0.2099999999999999922 ) ) ;
#4796 = ORIENTED_EDGE ( 'NONE', *, *, #2049, .T. ) ;
#4797 = B_SPLINE_CURVE_WITH_KNOTS ( 'NONE', 3,
 ( #7760, #1620, #8538, #5432 ),
 .UNSPECIFIED., .F., .F.,
 ( 4, 4 ),
 ( 1.000000000000000000, 2.000000000000000000 ),
 .UNSPECIFIED. ) ;
#4798 = ORIENTED_EDGE ( 'NONE', *, *, #8347, .F. ) ;
#4799 = AXIS2_PLACEMENT_3D ( 'NONE', #3691, #6049, #4477 ) ;
#4800 = CARTESIAN_POINT ( 'NONE',  ( 0.5075656131525657644, -0.4712694839123869883, 0.2099999999999999922 ) ) ;
#4801 = ORIENTED_EDGE ( 'NONE', *, *, #7742, .T. ) ;
#4802 = CARTESIAN_POINT ( 'NONE',  ( 0.1488812306791047479, -0.4696464002896328371, 0.2199999999999999734 ) ) ;
#4803 = B_SPLINE_CURVE_WITH_KNOTS ( 'NONE', 3,
 ( #4133, #7152, #5954, #8241 ),
 .UNSPECIFIED., .F., .F.,
 ( 4, 4 ),
 ( 5.000000000000000000, 6.000000000000000000 ),
 .UNSPECIFIED. ) ;
#4804 = CARTESIAN_POINT ( 'NONE',  ( 0.3607524503341855149, -0.5135061206355653329, 0.2099999999999999922 ) ) ;
#4805 = DIRECTION ( 'NONE',  ( 1.000000000000000000, -0.000000000000000000, -0.000000000000000000 ) ) ;
#4806 = CARTESIAN_POINT ( 'NONE',  ( 0.3948561825064956787, -0.5680720921115868238, 0.2199999999999999734 ) ) ;
#4807 = DIRECTION ( 'NONE',  ( -0.000000000000000000, -0.000000000000000000, -1.000000000000000000 ) ) ;
#4808 = AXIS2_PLACEMENT_3D ( 'NONE', #7427, #4409, #6582 ) ;
#4809 = ORIENTED_EDGE ( 'NONE', *, *, #4460, .T. ) ;
#4810 = CARTESIAN_POINT ( 'NONE',  ( 0.2494180894249892755, -0.5694946542819088187, 0.2199999999999999734 ) ) ;
#4811 = ORIENTED_EDGE ( 'NONE', *, *, #2603, .F. ) ;
#4812 = SURFACE_STYLE_USAGE ( .BOTH. , #4953 ) ;
#4813 =( NAMED_UNIT ( * ) SI_UNIT ( $, .STERADIAN. ) SOLID_ANGLE_UNIT ( ) );
#4814 = VERTEX_POINT ( 'NONE', #5702 ) ;
#4815 = VECTOR ( 'NONE', #7158, 1000.000000000000000 ) ;
#4816 = CARTESIAN_POINT ( 'NONE',  ( 0.5415084202729018026, -0.5525985294197498510, 0.2099999999999999922 ) ) ;
#4817 = FACE_OUTER_BOUND ( 'NONE', #3084, .T. ) ;
#4818 = ORIENTED_EDGE ( 'NONE', *, *, #3436, .F. ) ;
#4819 = CARTESIAN_POINT ( 'NONE',  ( 0.3697271166951787147, -0.4713932724141087216, 0.2199999999999999734 ) ) ;
#4820 = CARTESIAN_POINT ( 'NONE',  ( 0.5691132561146967639, -0.5514844329058991024, 0.2199999999999999734 ) ) ;
#4821 =( NAMED_UNIT ( * ) SI_UNIT ( $, .STERADIAN. ) SOLID_ANGLE_UNIT ( ) );
#4822 = FACE_OUTER_BOUND ( 'NONE', #4414, .T. ) ;
#4823 = CARTESIAN_POINT ( 'NONE',  ( 0.4130530922319272102, -0.5861947287358537650, 0.2099999999999999922 ) ) ;
#4824 = CARTESIAN_POINT ( 'NONE',  ( 0.3954503673138350384, -0.5076633033632548253, 0.2199999999999999734 ) ) ;
#4825 = VECTOR ( 'NONE', #2636, 1000.000000000000000 ) ;
#4826 = ORIENTED_EDGE ( 'NONE', *, *, #1318, .F. ) ;
#4827 = EDGE_CURVE ( 'NONE', #477, #5528, #8610, .T. ) ;
#4828 = CARTESIAN_POINT ( 'NONE',  ( 0.3761393610747186811, -0.5856500593290721035, 0.2199999999999999734 ) ) ;
#4829 = CARTESIAN_POINT ( 'NONE',  ( 0.4693273450289766058, -0.5419032028872593498, 0.2199999999999999734 ) ) ;
#4830 = MECHANICAL_DESIGN_GEOMETRIC_PRESENTATION_REPRESENTATION (  '', ( #1987 ), #253 ) ;
#4831 =( NAMED_UNIT ( * ) PLANE_ANGLE_UNIT ( ) SI_UNIT ( $, .RADIAN. ) );
#4832 = CARTESIAN_POINT ( 'NONE',  ( 0.1578331384411029992, -0.5925630612757669669, 0.2199999999999999734 ) ) ;
#4833 = EDGE_CURVE ( 'NONE', #7060, #4278, #9218, .T. ) ;
#4834 = ADVANCED_FACE ( 'NONE', ( #4962 ), #4210, .T. ) ;
#4835 = CARTESIAN_POINT ( 'NONE',  ( 0.3587842131597400730, -0.5629720058482915457, 0.2099999999999999922 ) ) ;
#4837 = EDGE_CURVE ( 'NONE', #9405, #3771, #8656, .T. ) ;
#4836 = AXIS2_PLACEMENT_3D ( 'NONE', #1759, #4770, #4570 ) ;
#4838 = EDGE_LOOP ( 'NONE', ( #8051, #6368, #6622, #8916 ) ) ;
#4839 = CARTESIAN_POINT ( 'NONE',  ( 0.4342828202447677755, -0.6014207144245777847, 0.2199999999999999734 ) ) ;
#4840 = ORIENTED_EDGE ( 'NONE', *, *, #975, .T. ) ;
#4841 = CARTESIAN_POINT ( 'NONE',  ( 0.4069998345069226753, -0.5576986156830463504, 0.2199999999999999734 ) ) ;
#4842 = VERTEX_POINT ( 'NONE', #8028 ) ;
#4843 = AXIS2_PLACEMENT_3D ( 'NONE', #5670, #9350, #524 ) ;
#4844 = ADVANCED_FACE ( 'NONE', ( #6295 ), #3502, .F. ) ;
#4845 = B_SPLINE_SURFACE_WITH_KNOTS ( 'NONE', 3, 1, ( 
 ( #6217, #3109 ),
 ( #1681, #9315 ),
 ( #2520, #2569 ),
 ( #6117, #3158 ) ),
 .UNSPECIFIED., .F., .F., .F.,
 ( 4, 4 ),
 ( 2, 2 ),
 ( 5.000000000000000000, 6.000000000000000000 ),
 ( 0.000000000000000000, 1.000000000000000000 ),
 .UNSPECIFIED. ) ;
#4846 = CARTESIAN_POINT ( 'NONE',  ( 0.1960509288116845938, -0.4520868772915670464, 0.2199999999999999734 ) ) ;
#4847 = ORIENTED_EDGE ( 'NONE', *, *, #5425, .F. ) ;
#4848 = EDGE_CURVE ( 'NONE', #5786, #8035, #460, .T. ) ;
#4849 = EDGE_CURVE ( 'NONE', #7359, #5773, #5235, .T. ) ;
#4850 = ORIENTED_EDGE ( 'NONE', *, *, #1093, .T. ) ;
#4851 = CARTESIAN_POINT ( 'NONE',  ( 0.3776867173437700176, -0.5861699710355784410, 0.2199999999999999734 ) ) ;
#4852 = UNCERTAINTY_MEASURE_WITH_UNIT (LENGTH_MEASURE( 1.000000000000000082E-05 ), #9636, 'distance_accuracy_value', 'NONE');
#4853 = FACE_OUTER_BOUND ( 'NONE', #6524, .T. ) ;
#4854 = FACE_OUTER_BOUND ( 'NONE', #5509, .T. ) ;
#4855 = VERTEX_POINT ( 'NONE', #2737 ) ;
#4856 = CARTESIAN_POINT ( 'NONE',  ( 0.4501277484412766761, -0.5079851534672040758, 0.2199999999999999734 ) ) ;
#4857 = LINE ( 'NONE', #4011, #880 ) ;
#4858 = FACE_OUTER_BOUND ( 'NONE', #4229, .T. ) ;
#4859 = CARTESIAN_POINT ( 'NONE',  ( 0.3692938569399767945, -0.4956310610140790551, 0.2099999999999999922 ) ) ;
#4860 = VECTOR ( 'NONE', #9181, 1000.000000000000000 ) ;
#4861 = LINE ( 'NONE', #154, #9440 ) ;
#4862 = EDGE_LOOP ( 'NONE', ( #7364, #9418, #3590, #8423 ) ) ;
#4863 = CARTESIAN_POINT ( 'NONE',  ( 0.1502584467527399437, -0.5657073117214350688, 0.2199999999999999734 ) ) ;
#4864 = EDGE_LOOP ( 'NONE', ( #1309, #8650, #3210, #1206 ) ) ;
#4865 = ORIENTED_EDGE ( 'NONE', *, *, #900, .T. ) ;
#4866 =( LENGTH_UNIT ( ) NAMED_UNIT ( * ) SI_UNIT ( .MILLI., .METRE. ) );
#4867 = AXIS2_PLACEMENT_3D ( 'NONE', #7755, #185, #5532 ) ;
#4868 =( LENGTH_UNIT ( ) NAMED_UNIT ( * ) SI_UNIT ( .MILLI., .METRE. ) );
#4869 = CARTESIAN_POINT ( 'NONE',  ( 0.4942707280878861908, -0.5419032028872593498, 0.2099999999999999922 ) ) ;
#4870 = ORIENTED_EDGE ( 'NONE', *, *, #840, .F. ) ;
#4871 = CARTESIAN_POINT ( 'NONE',  ( 0.3627330663586046389, -0.4824104490505501941, 0.2199999999999999734 ) ) ;
#4872 = CARTESIAN_POINT ( 'NONE',  ( 0.3909568447081847031, -0.5143231247457424882, 0.2099999999999999922 ) ) ;
#4873 = CARTESIAN_POINT ( 'NONE',  ( 0.4347284588502749458, -0.5135061206355653329, 0.2199999999999999734 ) ) ;
#4874 = CARTESIAN_POINT ( 'NONE',  ( 0.2910789232630332513, -0.5660516108144468816, 0.2099999999999999922 ) ) ;
#4875 = CARTESIAN_POINT ( 'NONE',  ( 0.3855844237416622411, -0.5143231247457424882, 0.2199999999999999734 ) ) ;
#4876 = CARTESIAN_POINT ( 'NONE',  ( 0.4106887318525338504, -0.5677502420073075040, 0.2199999999999999734 ) ) ;
#4877 = CARTESIAN_POINT ( 'NONE',  ( 0.08105327174109488997, -0.5629528795741676195, 0.2099999999999999922 ) ) ;
#4878 = VECTOR ( 'NONE', #3885, 1000.000000000000000 ) ;
#4879 = ORIENTED_EDGE ( 'NONE', *, *, #3063, .F. ) ;
#4880 = B_SPLINE_CURVE_WITH_KNOTS ( 'NONE', 3,
 ( #6429, #5694, #4951, #7973 ),
 .UNSPECIFIED., .F., .F.,
 ( 4, 4 ),
 ( 12.00000000000000000, 13.00000000000000000 ),
 .UNSPECIFIED. ) ;
#4881 = CARTESIAN_POINT ( 'NONE',  ( 0.4565028562702310722, -0.5557427573587392367, 0.2099999999999999922 ) ) ;
#4882 = CARTESIAN_POINT ( 'NONE',  ( 0.1368305785426596477, -0.5791351864986014064, 0.2199999999999999734 ) ) ;
#4883 = EDGE_CURVE ( 'NONE', #4249, #8592, #6166, .T. ) ;
#4884 = DIRECTION ( 'NONE',  ( 0.000000000000000000, 0.000000000000000000, 1.000000000000000000 ) ) ;
#4885 = LINE ( 'NONE', #6307, #9256 ) ;
#4886 = FILL_AREA_STYLE_COLOUR ( '', #3769 ) ;
#4887 = LINE ( 'NONE', #9259, #186 ) ;
#4888 = ORIENTED_EDGE ( 'NONE', *, *, #4049, .F. ) ;
#4889 = ADVANCED_FACE ( 'NONE', ( #7886 ), #5203, .F. ) ;
#4890 = CARTESIAN_POINT ( 'NONE',  ( 0.3352148824677828043, -0.5135061206355653329, 0.2099999999999999922 ) ) ;
#4891 = DIRECTION ( 'NONE',  ( 1.000000000000000000, 0.000000000000000000, 0.000000000000000000 ) ) ;
#4892 = LINE ( 'NONE', #1225, #237 ) ;
#4893 = VERTEX_POINT ( 'NONE', #8128 ) ;
#4894 = EDGE_CURVE ( 'NONE', #6411, #3901, #6737, .T. ) ;
#4895 = DIRECTION ( 'NONE',  ( -0.000000000000000000, -0.000000000000000000, -1.000000000000000000 ) ) ;
#4896 = EDGE_LOOP ( 'NONE', ( #3094, #1014, #4713, #7021 ) ) ;
#4897 = PRESENTATION_LAYER_ASSIGNMENT (  '', '', ( #7262 ) ) ;
#4898 = EDGE_CURVE ( 'NONE', #6641, #8878, #2784, .T. ) ;
#4899 = CARTESIAN_POINT ( 'NONE',  ( 0.2473522685980794888, -0.5157831814415871907, 0.2099999999999999922 ) ) ;
#4900 = CARTESIAN_POINT ( 'NONE',  ( 0.5601757263042838053, -0.5716124432553577606, 0.2199999999999999734 ) ) ;
#4901 = ORIENTED_EDGE ( 'NONE', *, *, #3598, .T. ) ;
#4902 = ADVANCED_FACE ( 'NONE', ( #4458 ), #8887, .F. ) ;
#4903 = B_SPLINE_CURVE_WITH_KNOTS ( 'NONE', 3,
 ( #783, #4492, #4543, #7515 ),
 .UNSPECIFIED., .F., .F.,
 ( 4, 4 ),
 ( 1.000000000000000000, 2.000000000000000000 ),
 .UNSPECIFIED. ) ;
#4904 = EDGE_CURVE ( 'NONE', #4503, #2388, #6514, .T. ) ;
#4905 = DIRECTION ( 'NONE',  ( 1.343328941721107409E-14, -1.000000000000000000, -0.000000000000000000 ) ) ;
#4906 = CARTESIAN_POINT ( 'NONE',  ( 0.4069998345069226753, -0.5576986156830463504, 0.2099999999999999922 ) ) ;
#4907 = DIRECTION ( 'NONE',  ( -1.000000000000000000, 0.000000000000000000, 0.000000000000000000 ) ) ;
#4908 = CARTESIAN_POINT ( 'NONE',  ( 0.3875155243655242776, -0.4642630547256726969, 0.2199999999999999734 ) ) ;
#4909 = ORIENTED_EDGE ( 'NONE', *, *, #1366, .F. ) ;
#4910 = PLANE ( 'NONE',  #8787 ) ;
#4911 = ORIENTED_EDGE ( 'NONE', *, *, #9381, .F. ) ;
#4912 = SHAPE_DEFINITION_REPRESENTATION ( #201, #9234 ) ;
#4913 = ORIENTED_EDGE ( 'NONE', *, *, #5617, .T. ) ;
#4914 = EDGE_CURVE ( 'NONE', #2213, #4033, #8791, .T. ) ;
#4915 = DIRECTION ( 'NONE',  ( 0.000000000000000000, 1.000000000000000000, 0.000000000000000000 ) ) ;
#4916 = COLOUR_RGB ( '',0.6666666666666666297, 0.6666666666666666297, 0.6666666666666666297 ) ;
#4917 = CARTESIAN_POINT ( 'NONE',  ( 0.09034948844706272575, -0.5732819968427144142, 0.2199999999999999734 ) ) ;
#4918 = VERTEX_POINT ( 'NONE', #8944 ) ;
#4919 = CARTESIAN_POINT ( 'NONE',  ( 0.1850331870887744201, -0.5753478176694563073, 0.2099999999999999922 ) ) ;
#4920 = CARTESIAN_POINT ( 'NONE',  ( 0.3989907184577749510, -0.5115007469107023530, 0.2099999999999999922 ) ) ;
#4921 = FACE_OUTER_BOUND ( 'NONE', #2226, .T. ) ;
#4922 = CARTESIAN_POINT ( 'NONE',  ( 0.3761393610747186811, -0.5856500593290721035, 0.2199999999999999734 ) ) ;
#4923 = AXIS2_PLACEMENT_3D ( 'NONE', #5256, #797, #2875 ) ;
#4924 = ORIENTED_EDGE ( 'NONE', *, *, #5734, .F. ) ;
#4925 = ORIENTED_EDGE ( 'NONE', *, *, #1318, .T. ) ;
#4926 = SURFACE_SIDE_STYLE ('',( #5021 ) ) ;
#4927 = AXIS2_PLACEMENT_3D ( 'NONE', #6893, #7585, #6287 ) ;
#4928 = CARTESIAN_POINT ( 'NONE',  ( 0.1502584467527399437, -0.5925630612757669669, 0.2199999999999999734 ) ) ;
#4929 = CARTESIAN_POINT ( 'NONE',  ( 0.3864880798028144659, -0.5087526421768254759, 0.2099999999999999922 ) ) ;
#4930 = DIRECTION ( 'NONE',  ( 0.000000000000000000, 1.000000000000000000, 0.000000000000000000 ) ) ;
#4931 = VERTEX_POINT ( 'NONE', #3572 ) ;
#4932 = ORIENTED_EDGE ( 'NONE', *, *, #6037, .T. ) ;
#4933 =( NAMED_UNIT ( * ) SI_UNIT ( $, .STERADIAN. ) SOLID_ANGLE_UNIT ( ) );
#4934 = CARTESIAN_POINT ( 'NONE',  ( 0.1960509288116845938, -0.4520868772915670464, 0.2099999999999999922 ) ) ;
#4935 =( LENGTH_UNIT ( ) NAMED_UNIT ( * ) SI_UNIT ( .MILLI., .METRE. ) );
#4936 = ORIENTED_EDGE ( 'NONE', *, *, #3077, .T. ) ;
#4937 = CARTESIAN_POINT ( 'NONE',  ( 0.3680559719245713457, -0.5866156096412484811, 0.2199999999999999734 ) ) ;
#4938 = ADVANCED_FACE ( 'NONE', ( #4358 ), #3420, .F. ) ;
#4939 = UNCERTAINTY_MEASURE_WITH_UNIT (LENGTH_MEASURE( 1.000000000000000082E-05 ), #2321, 'distance_accuracy_value', 'NONE');
#4940 = CARTESIAN_POINT ( 'NONE',  ( 0.4470577936031209787, -0.5817878580813445888, 0.2099999999999999922 ) ) ;
#4941 = CARTESIAN_POINT ( 'NONE',  ( 0.2635345755223489350, -0.5894643037671456476, 0.2099999999999999922 ) ) ;
#4942 = EDGE_LOOP ( 'NONE', ( #8330, #1540, #2030, #8188 ) ) ;
#4943 = DIRECTION ( 'NONE',  ( -0.000000000000000000, -0.000000000000000000, -1.000000000000000000 ) ) ;
#4944 = CARTESIAN_POINT ( 'NONE',  ( 0.4347284588502749458, -0.5135061206355653329, 0.2099999999999999922 ) ) ;
#4945 = FACE_OUTER_BOUND ( 'NONE', #405, .T. ) ;
#4946 = CARTESIAN_POINT ( 'NONE',  ( 0.4247758633271273010, -0.5564854883680827591, 0.2199999999999999734 ) ) ;
#4947 = EDGE_CURVE ( 'NONE', #7042, #5541, #6633, .T. ) ;
#4948 = ORIENTED_EDGE ( 'NONE', *, *, #3985, .F. ) ;
#4949 = ORIENTED_EDGE ( 'NONE', *, *, #9744, .T. ) ;
#4950 = AXIS2_PLACEMENT_3D ( 'NONE', #7689, #4771, #2343 ) ;
#4951 = CARTESIAN_POINT ( 'NONE',  ( 0.3776372019432124860, -0.5598772933098575821, 0.2099999999999999922 ) ) ;
#4952 = VERTEX_POINT ( 'NONE', #9615 ) ;
#4953 = SURFACE_SIDE_STYLE ('',( #1190 ) ) ;
#4954 = ADVANCED_FACE ( 'NONE', ( #2877, #5985 ), #3672, .T. ) ;
#4955 = ADVANCED_FACE ( 'NONE', ( #8268 ), #4372, .F. ) ;
#4956 = EDGE_LOOP ( 'NONE', ( #1674, #3578 ) ) ;
#4957 = PLANE ( 'NONE',  #793 ) ;
#4958 = CARTESIAN_POINT ( 'NONE',  ( 0.3886296208793751927, -0.5849816014208931714, 0.2199999999999999734 ) ) ;
#4959 = FACE_BOUND ( 'NONE', #3785, .T. ) ;
#4960 = ORIENTED_EDGE ( 'NONE', *, *, #8444, .T. ) ;
#4961 = VECTOR ( 'NONE', #7342, 1000.000000000000000 ) ;
#4962 = FACE_OUTER_BOUND ( 'NONE', #8663, .T. ) ;
#4963 = CARTESIAN_POINT ( 'NONE',  ( 0.5764291565555521579, -0.5716124432553577606, 0.2099999999999999922 ) ) ;
#4964 = DIRECTION ( 'NONE',  ( -1.000000000000000000, 0.000000000000000000, -0.000000000000000000 ) ) ;
#4965 = SURFACE_SIDE_STYLE ('',( #1949 ) ) ;
#4966 = EDGE_CURVE ( 'NONE', #366, #5881, #205, .T. ) ;
#4967 = CARTESIAN_POINT ( 'NONE',  ( 0.2742080050182409967, -0.5278338335780365931, 0.2099999999999999922 ) ) ;
#4968 = ORIENTED_EDGE ( 'NONE', *, *, #1822, .T. ) ;
#4969 = VECTOR ( 'NONE', #7122, 1000.000000000000000 ) ;
#4970 = EDGE_LOOP ( 'NONE', ( #3560, #496, #3159, #5430 ) ) ;
#4971 = VECTOR ( 'NONE', #3073, 1000.000000000000000 ) ;
#4972 = CARTESIAN_POINT ( 'NONE',  ( 0.3844703272278132689, -0.5852291784240061245, 0.2199999999999999734 ) ) ;
#4973 = CARTESIAN_POINT ( 'NONE',  ( 0.4759995452616020972, -0.4714923032152237847, 0.2099999999999999922 ) ) ;
#4974 = CARTESIAN_POINT ( 'NONE',  ( 0.1430280541575548736, -0.5657073117214350688, 0.2199999999999999734 ) ) ;
#4975 = CARTESIAN_POINT ( 'NONE',  ( 0.4648585801234404458, -0.5135061206355617802, 0.2099999999999999922 ) ) ;
#4976 = AXIS2_PLACEMENT_3D ( 'NONE', #567, #620, #5168 ) ;
#4977 = CARTESIAN_POINT ( 'NONE',  ( 0.09207102003142031421, -0.4965021399933357005, 0.2099999999999999922 ) ) ;
#4978 = CARTESIAN_POINT ( 'NONE',  ( 0.4693273450289766058, -0.5419032028872593498, 0.2099999999999999922 ) ) ;
#4979 = ORIENTED_EDGE ( 'NONE', *, *, #2952, .T. ) ;
#4980 = ORIENTED_EDGE ( 'NONE', *, *, #2720, .T. ) ;
#4981 = B_SPLINE_CURVE_WITH_KNOTS ( 'NONE', 3,
 ( #5042, #345, #6417, #4990 ),
 .UNSPECIFIED., .F., .F.,
 ( 4, 4 ),
 ( 18.00000000000000000, 19.00000000000000000 ),
 .UNSPECIFIED. ) ;
#4982 = VECTOR ( 'NONE', #9550, 1000.000000000000000 ) ;
#4983 = CARTESIAN_POINT ( 'NONE',  ( 0.2850000000000001421, -0.3649999999999998801, 0.000000000000000000 ) ) ;
#4984 = CARTESIAN_POINT ( 'NONE',  ( 0.4247758633271273010, -0.5564854883680827591, 0.2099999999999999922 ) ) ;
#4985 = FILL_AREA_STYLE_COLOUR ( '', #4032 ) ;
#4986 = EDGE_LOOP ( 'NONE', ( #4485, #8537, #8263, #9283 ) ) ;
#4987 =( GEOMETRIC_REPRESENTATION_CONTEXT ( 3 ) GLOBAL_UNCERTAINTY_ASSIGNED_CONTEXT ( ( #4748 ) ) GLOBAL_UNIT_ASSIGNED_CONTEXT ( ( #2796, #4831, #330 ) ) REPRESENTATION_CONTEXT ( 'NONE', 'WORKASPACE' ) );
#4988 = DIRECTION ( 'NONE',  ( 1.000000000000000000, 0.000000000000000000, 0.000000000000000000 ) ) ;
#4989 = ORIENTED_EDGE ( 'NONE', *, *, #3867, .F. ) ;
#4990 = CARTESIAN_POINT ( 'NONE',  ( 0.4225352914492895295, -0.5883981640632763854, 0.2199999999999999734 ) ) ;
#4991 = VECTOR ( 'NONE', #8319, 1000.000000000000114 ) ;
#4992 = CARTESIAN_POINT ( 'NONE',  ( 0.3887905459313502066, -0.5626996711448994937, 0.2099999999999999922 ) ) ;
#4993 = ORIENTED_EDGE ( 'NONE', *, *, #45, .T. ) ;
#4994 = DIRECTION ( 'NONE',  ( 1.000000000000000000, 0.000000000000000000, 0.000000000000000000 ) ) ;
#4995 = DIRECTION ( 'NONE',  ( 1.000000000000000000, -0.000000000000000000, -0.000000000000000000 ) ) ;
#4996 = DIRECTION ( 'NONE',  ( -1.000000000000000000, 0.000000000000000000, 0.000000000000000000 ) ) ;
#4997 = EDGE_CURVE ( 'NONE', #5844, #939, #7871, .T. ) ;
#4998 = B_SPLINE_CURVE_WITH_KNOTS ( 'NONE', 3,
 ( #1019, #9344, #3380, #172 ),
 .UNSPECIFIED., .F., .F.,
 ( 4, 4 ),
 ( 4.000000000000000000, 5.000000000000000000 ),
 .UNSPECIFIED. ) ;
#4999 = DIRECTION ( 'NONE',  ( -1.000000000000000000, 0.000000000000000000, 0.000000000000000000 ) ) ;
#5000 = ORIENTED_EDGE ( 'NONE', *, *, #4947, .T. ) ;
#5001 = VECTOR ( 'NONE', #8061, 1000.000000000000000 ) ;
#5002 = VERTEX_POINT ( 'NONE', #891 ) ;
#5003 = B_SPLINE_SURFACE_WITH_KNOTS ( 'NONE', 3, 1, ( 
 ( #2701, #1256 ),
 ( #5804, #8618 ),
 ( #6449, #4224 ),
 ( #5022, #1905 ) ),
 .UNSPECIFIED., .F., .F., .F.,
 ( 4, 4 ),
 ( 2, 2 ),
 ( 10.00000000000000000, 11.00000000000000000 ),
 ( 0.000000000000000000, 1.000000000000000000 ),
 .UNSPECIFIED. ) ;
#5004 = ORIENTED_EDGE ( 'NONE', *, *, #2765, .F. ) ;
#5005 = CARTESIAN_POINT ( 'NONE',  ( 0.4808644333719230834, -0.5021918515954520990, 0.2199999999999999734 ) ) ;
#5006 = FACE_OUTER_BOUND ( 'NONE', #4416, .T. ) ;
#5007 = EDGE_CURVE ( 'NONE', #7878, #2423, #4650, .T. ) ;
#5008 = EDGE_LOOP ( 'NONE', ( #7763, #3473, #1240, #434 ) ) ;
#5009 = COLOUR_RGB ( '',0.6666666666666666297, 0.6666666666666666297, 0.6666666666666666297 ) ;
#5010 = DIRECTION ( 'NONE',  ( -0.000000000000000000, -0.000000000000000000, -1.000000000000000000 ) ) ;
#5011 = CARTESIAN_POINT ( 'NONE',  ( 0.3607524503341855149, -0.5079851534672040758, 0.2199999999999999734 ) ) ;
#5012 = DIRECTION ( 'NONE',  ( -0.000000000000000000, 0.000000000000000000, -1.000000000000000000 ) ) ;
#5013 = ADVANCED_FACE ( 'NONE', ( #9232 ), #3170, .F. ) ;
#5014 = B_SPLINE_CURVE_WITH_KNOTS ( 'NONE', 3,
 ( #5120, #8145, #1357, #7391 ),
 .UNSPECIFIED., .F., .F.,
 ( 4, 4 ),
 ( 18.00000000000000000, 19.00000000000000000 ),
 .UNSPECIFIED. ) ;
#5015 = LINE ( 'NONE', #4313, #6927 ) ;
#5016 = CARTESIAN_POINT ( 'NONE',  ( 0.5285230064620148882, -0.5489839051751399523, 0.2099999999999999922 ) ) ;
#5017 = VERTEX_POINT ( 'NONE', #6176 ) ;
#5018 = VECTOR ( 'NONE', #5172, 1000.000000000000000 ) ;
#5019 = ORIENTED_EDGE ( 'NONE', *, *, #1031, .T. ) ;
#5020 = EDGE_CURVE ( 'NONE', #198, #8341, #326, .T. ) ;
#5021 = SURFACE_STYLE_FILL_AREA ( #8616 ) ;
#5022 = CARTESIAN_POINT ( 'NONE',  ( 0.4247758633271273010, -0.5623778210409468015, 0.2199999999999999734 ) ) ;
#5023 = LINE ( 'NONE', #3585, #2111 ) ;
#5024 = EDGE_CURVE ( 'NONE', #7798, #8807, #2431, .T. ) ;
#5025 = CARTESIAN_POINT ( 'NONE',  ( 0.4322526888196110972, -0.4916945866655208497, 0.2199999999999999734 ) ) ;
#5026 = AXIS2_PLACEMENT_3D ( 'NONE', #2288, #1456, #3870 ) ;
#5027 = EDGE_CURVE ( 'NONE', #1438, #155, #8913, .T. ) ;
#5028 = CARTESIAN_POINT ( 'NONE',  ( 0.4106887318525338504, -0.5677502420073075040, 0.2099999999999999922 ) ) ;
#5029 = ORIENTED_EDGE ( 'NONE', *, *, #9678, .F. ) ;
#5030 = CARTESIAN_POINT ( 'NONE',  ( 0.6999999999999997335, 0.6999999999999999556, 0.000000000000000000 ) ) ;
#5031 = VECTOR ( 'NONE', #2210, 1000.000000000000000 ) ;
#5032 = ORIENTED_EDGE ( 'NONE', *, *, #8347, .T. ) ;
#5033 = CARTESIAN_POINT ( 'NONE',  ( 0.3670656639122792941, -0.5810698847722819416, 0.2099999999999999922 ) ) ;
#5034 = CARTESIAN_POINT ( 'NONE',  ( 0.4755786643565544924, -0.5629720058482915457, 0.2199999999999999734 ) ) ;
#5035 = CARTESIAN_POINT ( 'NONE',  ( 0.3989907184577749510, -0.4662436707502577438, 0.2199999999999999734 ) ) ;
#5036 = ORIENTED_EDGE ( 'NONE', *, *, #1334, .T. ) ;
#5037 = CARTESIAN_POINT ( 'NONE',  ( 0.1440609711380097524, -0.4748109654908248545, 0.2199999999999999734 ) ) ;
#5038 = VECTOR ( 'NONE', #1068, 1000.000000000000000 ) ;
#5039 = DIRECTION ( 'NONE',  ( 0.000000000000000000, 0.000000000000000000, 1.000000000000000000 ) ) ;
#5040 = VERTEX_POINT ( 'NONE', #3071 ) ;
#5041 = CARTESIAN_POINT ( 'NONE',  ( 0.3743815643529695425, -0.4752802313621141694, 0.2099999999999999922 ) ) ;
#5042 = CARTESIAN_POINT ( 'NONE',  ( 0.4124589074245854636, -0.5911462687971523744, 0.2199999999999999734 ) ) ;
#5043 = CARTESIAN_POINT ( 'NONE',  ( 0.4576912258849147874, -0.4650800588358516285, 0.2099999999999999922 ) ) ;
#5044 = LINE ( 'NONE', #6418, #9466 ) ;
#5045 = EDGE_LOOP ( 'NONE', ( #9540, #4300, #7611, #2328 ) ) ;
#5046 =( NAMED_UNIT ( * ) PLANE_ANGLE_UNIT ( ) SI_UNIT ( $, .RADIAN. ) );
#5047 = CARTESIAN_POINT ( 'NONE',  ( 0.1182381516983065928, -0.5667402090004740600, 0.2199999999999999734 ) ) ;
#5048 = CARTESIAN_POINT ( 'NONE',  ( 0.4165810645255624833, -0.5911462687971523744, 0.2099999999999999922 ) ) ;
#5049 = CARTESIAN_POINT ( 'NONE',  ( 0.3746786567566419146, -0.5911462687971523744, 0.2199999999999999734 ) ) ;
#5050 = MANIFOLD_SOLID_BREP ( '͹̨-����4', #6599 ) ;
#5051 = VERTEX_POINT ( 'NONE', #21 ) ;
#5052 = ORIENTED_EDGE ( 'NONE', *, *, #2522, .T. ) ;
#5053 = VERTEX_POINT ( 'NONE', #6229 ) ;
#5054 = ORIENTED_EDGE ( 'NONE', *, *, #5183, .T. ) ;
#5055 = DIRECTION ( 'NONE',  ( -0.000000000000000000, -0.000000000000000000, -1.000000000000000000 ) ) ;
#5056 = EDGE_CURVE ( 'NONE', #4736, #503, #4753, .T. ) ;
#5057 = CARTESIAN_POINT ( 'NONE',  ( 0.09757989089287485984, -0.5350642064721328195, 0.2099999999999999922 ) ) ;
#5058 = VERTEX_POINT ( 'NONE', #6028 ) ;
#5059 = AXIS2_PLACEMENT_3D ( 'NONE', #7276, #8830, #509 ) ;
#5060 = SURFACE_SIDE_STYLE ('',( #8223 ) ) ;
#5061 = SURFACE_STYLE_USAGE ( .BOTH. , #6791 ) ;
#5062 = DIRECTION ( 'NONE',  ( -1.000000000000000000, 0.000000000000000000, -0.000000000000000000 ) ) ;
#5063 = DIRECTION ( 'NONE',  ( 0.000000000000000000, 0.000000000000000000, 1.000000000000000000 ) ) ;
#5064 = DIRECTION ( 'NONE',  ( 0.000000000000000000, 0.000000000000000000, 1.000000000000000000 ) ) ;
#5065 = FACE_OUTER_BOUND ( 'NONE', #3372, .T. ) ;
#5066 = ORIENTED_EDGE ( 'NONE', *, *, #4776, .F. ) ;
#5067 = DIRECTION ( 'NONE',  ( -0.000000000000000000, -0.000000000000000000, -1.000000000000000000 ) ) ;
#5068 = AXIS2_PLACEMENT_3D ( 'NONE', #1045, #1688, #1634 ) ;
#5069 = VERTEX_POINT ( 'NONE', #1590 ) ;
#5070 = EDGE_CURVE ( 'NONE', #6227, #1684, #6126, .T. ) ;
#5071 = CARTESIAN_POINT ( 'NONE',  ( 0.5373738843214531657, -0.5656705951816078937, 0.2099999999999999922 ) ) ;
#5072 = ORIENTED_EDGE ( 'NONE', *, *, #7304, .T. ) ;
#5073 = VECTOR ( 'NONE', #6005, 1000.000000000000114 ) ;
#5074 = DIRECTION ( 'NONE',  ( -0.3559357243699015627, 0.9345104387417368930, -0.000000000000000000 ) ) ;
#5075 = LINE ( 'NONE', #1304, #7069 ) ;
#5076 = EDGE_CURVE ( 'NONE', #4327, #1747, #6085, .T. ) ;
#5077 = VERTEX_POINT ( 'NONE', #1135 ) ;
#5078 = VECTOR ( 'NONE', #9718, 1000.000000000000000 ) ;
#5079 = EDGE_CURVE ( 'NONE', #6904, #2233, #5592, .T. ) ;
#5080 = ORIENTED_EDGE ( 'NONE', *, *, #4752, .F. ) ;
#5081 = EDGE_CURVE ( 'NONE', #4018, #625, #4104, .T. ) ;
#5082 = LINE ( 'NONE', #481, #1024 ) ;
#5083 = CARTESIAN_POINT ( 'NONE',  ( -0.3650000000000001577, 0.2849999999999999756, 0.000000000000000000 ) ) ;
#5084 = LINE ( 'NONE', #8812, #29 ) ;
#5085 =( NAMED_UNIT ( * ) PLANE_ANGLE_UNIT ( ) SI_UNIT ( $, .RADIAN. ) );
#5086 = ORIENTED_EDGE ( 'NONE', *, *, #4575, .T. ) ;
#5087 = LINE ( 'NONE', #8862, #7643 ) ;
#5088 = PRESENTATION_LAYER_ASSIGNMENT (  '', '', ( #2563 ) ) ;
#5089 = B_SPLINE_SURFACE_WITH_KNOTS ( 'NONE', 3, 1, ( 
 ( #9445, #7104 ),
 ( #332, #1864 ),
 ( #1165, #4782 ),
 ( #8533, #7204 ) ),
 .UNSPECIFIED., .F., .F., .F.,
 ( 4, 4 ),
 ( 2, 2 ),
 ( 1.000000000000000000, 2.000000000000000000 ),
 ( 0.000000000000000000, 1.000000000000000000 ),
 .UNSPECIFIED. ) ;
#5090 = CARTESIAN_POINT ( 'NONE',  ( 0.1368305785426596477, -0.5791351864986014064, 0.2099999999999999922 ) ) ;
#5091 = ADVANCED_FACE ( 'NONE', ( #401 ), #8594, .F. ) ;
#5092 = ORIENTED_EDGE ( 'NONE', *, *, #8801, .T. ) ;
#5093 = CARTESIAN_POINT ( 'NONE',  ( 0.1178938361874166119, -0.5898086028601592368, 0.2099999999999999922 ) ) ;
#5094 = CARTESIAN_POINT ( 'NONE',  ( 0.1506027524130015838, -0.6132212958128574476, 0.2199999999999999734 ) ) ;
#5095 = COLOUR_RGB ( '',1.000000000000000000, 1.000000000000000000, 1.000000000000000000 ) ;
#5096 = CARTESIAN_POINT ( 'NONE',  ( 0.3989907184577749510, -0.5055093834363931782, 0.2099999999999999922 ) ) ;
#5097 = CARTESIAN_POINT ( 'NONE',  ( 0.3352148824677821382, -0.4650800588358516285, 0.2199999999999999734 ) ) ;
#5098 = ORIENTED_EDGE ( 'NONE', *, *, #7675, .T. ) ;
#5099 = FILL_AREA_STYLE ('',( #6565 ) ) ;
#5100 = CARTESIAN_POINT ( 'NONE',  ( 0.1230584112395674695, -0.5536566398834067426, 0.2199999999999999734 ) ) ;
#5101 = CARTESIAN_POINT ( 'NONE',  ( 0.3803234124265557070, -0.4642630547256726969, 0.2199999999999999734 ) ) ;
#5102 = EDGE_LOOP ( 'NONE', ( #2280, #5113, #3797, #596 ) ) ;
#5103 = VERTEX_POINT ( 'NONE', #7081 ) ;
#5104 = ORIENTED_EDGE ( 'NONE', *, *, #1815, .F. ) ;
#5105 = VERTEX_POINT ( 'NONE', #7963 ) ;
#5106 = CYLINDRICAL_SURFACE ( 'NONE', #5068, 0.07999999999999993228 ) ;
#5107 = ORIENTED_EDGE ( 'NONE', *, *, #6212, .T. ) ;
#5108 =( NAMED_UNIT ( * ) SI_UNIT ( $, .STERADIAN. ) SOLID_ANGLE_UNIT ( ) );
#5109 = DIRECTION ( 'NONE',  ( 0.000000000000000000, -0.000000000000000000, -1.000000000000000000 ) ) ;
#5110 = VECTOR ( 'NONE', #4360, 1000.000000000000000 ) ;
#5111 = CARTESIAN_POINT ( 'NONE',  ( 0.4928966757207836058, -0.5685177307169276828, 0.2199999999999999734 ) ) ;
#5112 = EDGE_LOOP ( 'NONE', ( #3862, #708, #7020, #2873 ) ) ;
#5113 = ORIENTED_EDGE ( 'NONE', *, *, #6148, .F. ) ;
#5114 = DIRECTION ( 'NONE',  ( 0.000000000000000000, 0.000000000000000000, -1.000000000000000000 ) ) ;
#5115 = ORIENTED_EDGE ( 'NONE', *, *, #4701, .F. ) ;
#5116 = VECTOR ( 'NONE', #8471, 1000.000000000000000 ) ;
#5117 = CARTESIAN_POINT ( 'NONE',  ( 0.4759995452616020972, -0.4714923032152237847, 0.2099999999999999922 ) ) ;
#5118 = CARTESIAN_POINT ( 'NONE',  ( 0.3817841167446345829, -0.5598772933098575821, 0.2099999999999999922 ) ) ;
#5119 = DIRECTION ( 'NONE',  ( -1.000000000000000000, 0.000000000000000000, 0.000000000000000000 ) ) ;
#5120 = CARTESIAN_POINT ( 'NONE',  ( 0.09757989089287485984, -0.5350642064721328195, 0.2099999999999999922 ) ) ;
#5121 = CARTESIAN_POINT ( 'NONE',  ( 0.2332357825005567931, -0.5694946542819088187, 0.2099999999999999922 ) ) ;
#5122 = EDGE_CURVE ( 'NONE', #3361, #6641, #9323, .T. ) ;
#5123 = MECHANICAL_DESIGN_GEOMETRIC_PRESENTATION_REPRESENTATION (  '', ( #8726 ), #2909 ) ;
#5124 = STYLED_ITEM ( 'NONE', ( #1330 ), #1328 ) ;
#5125 = ORIENTED_EDGE ( 'NONE', *, *, #7474, .F. ) ;
#5126 = ORIENTED_EDGE ( 'NONE', *, *, #5359, .F. ) ;
#5127 = CARTESIAN_POINT ( 'NONE',  ( 0.5177162702782722725, -0.5002607509714245282, 0.2199999999999999734 ) ) ;
#5128 = CARTESIAN_POINT ( 'NONE',  ( 0.5439470537532964389, -0.5654972912796583095, 0.2199999999999999734 ) ) ;
#5129 = CARTESIAN_POINT ( 'NONE',  ( 0.4470577936031209787, -0.5817878580813445888, 0.2199999999999999734 ) ) ;
#5130 = EDGE_CURVE ( 'NONE', #1886, #8784, #1927, .T. ) ;
#5131 = VERTEX_POINT ( 'NONE', #6420 ) ;
#5132 = CARTESIAN_POINT ( 'NONE',  ( 0.4750092372494756909, -0.4995922930632486492, 0.2199999999999999734 ) ) ;
#5133 = EDGE_CURVE ( 'NONE', #3871, #7507, #1785, .T. ) ;
#5134 = EDGE_CURVE ( 'NONE', #7730, #4503, #1837, .T. ) ;
#5135 = B_SPLINE_CURVE_WITH_KNOTS ( 'NONE', 3,
 ( #9567, #6537, #7236, #4260 ),
 .UNSPECIFIED., .F., .F.,
 ( 4, 4 ),
 ( 2.000000000000000000, 3.000000000000000000 ),
 .UNSPECIFIED. ) ;
#5136 = CARTESIAN_POINT ( 'NONE',  ( 0.2614687546956039332, -0.4971907480299862514, 0.2199999999999999734 ) ) ;
#5137 = ORIENTED_EDGE ( 'NONE', *, *, #788, .F. ) ;
#5138 = FACE_OUTER_BOUND ( 'NONE', #8307, .T. ) ;
#5139 = VECTOR ( 'NONE', #1777, 1000.000000000000000 ) ;
#5140 = CARTESIAN_POINT ( 'NONE',  ( 0.1182381516983065928, -0.5667402090004740600, 0.2099999999999999922 ) ) ;
#5141 = CARTESIAN_POINT ( 'NONE',  ( 0.1502584533198238481, -0.5057983369980462163, 0.2199999999999999734 ) ) ;
#5142 = DIRECTION ( 'NONE',  ( 1.000000000000000000, 0.000000000000000000, 0.000000000000000000 ) ) ;
#5143 = LINE ( 'NONE', #6065, #8842 ) ;
#5144 = EDGE_CURVE ( 'NONE', #4842, #4747, #4857, .T. ) ;
#5145 = ORIENTED_EDGE ( 'NONE', *, *, #7957, .F. ) ;
#5146 = VECTOR ( 'NONE', #8090, 1000.000000000000000 ) ;
#5147 = SURFACE_SIDE_STYLE ('',( #7411 ) ) ;
#5148 = CARTESIAN_POINT ( 'NONE',  ( 0.1316660199083858340, -0.4799755306923473852, 0.2199999999999999734 ) ) ;
#5149 = EDGE_CURVE ( 'NONE', #1502, #2423, #448, .T. ) ;
#5150 = EDGE_CURVE ( 'NONE', #1261, #517, #8644, .T. ) ;
#5151 = EDGE_LOOP ( 'NONE', ( #157, #7410, #5163, #4248 ) ) ;
#5152 = ORIENTED_EDGE ( 'NONE', *, *, #7231, .T. ) ;
#5153 = CARTESIAN_POINT ( 'NONE',  ( 0.4247758633271273010, -0.5564854883680827591, 0.2199999999999999734 ) ) ;
#5154 = VECTOR ( 'NONE', #7169, 1000.000000000000000 ) ;
#5155 = CARTESIAN_POINT ( 'NONE',  ( 0.09757989089287485984, -0.5491806860027348414, 0.2199999999999999734 ) ) ;
#5156 = LINE ( 'NONE', #8991, #180 ) ;
#5157 = ORIENTED_EDGE ( 'NONE', *, *, #4904, .F. ) ;
#5158 = DIRECTION ( 'NONE',  ( 1.000000000000000000, 0.000000000000000000, 0.000000000000000000 ) ) ;
#5159 =( NAMED_UNIT ( * ) SI_UNIT ( $, .STERADIAN. ) SOLID_ANGLE_UNIT ( ) );
#5160 = PRESENTATION_LAYER_ASSIGNMENT (  '', '', ( #4048 ) ) ;
#5161 = CARTESIAN_POINT ( 'NONE',  ( 0.4571589353282689006, -0.5079851534672040758, 0.2099999999999999922 ) ) ;
#5162 = SURFACE_STYLE_USAGE ( .BOTH. , #8135 ) ;
#5163 = ORIENTED_EDGE ( 'NONE', *, *, #3432, .F. ) ;
#5164 = ORIENTED_EDGE ( 'NONE', *, *, #1073, .T. ) ;
#5165 = CARTESIAN_POINT ( 'NONE',  ( 0.1395850172570113623, -0.4806641387290009337, 0.2099999999999999922 ) ) ;
#5166 = EDGE_LOOP ( 'NONE', ( #7590, #3920, #5758, #7332, #7880, #8881, #2338, #268, #4847, #4109, #3545, #6678, #4464, #8285 ) ) ;
#5167 = MECHANICAL_DESIGN_GEOMETRIC_PRESENTATION_REPRESENTATION (  '', ( #5790 ), #7538 ) ;
#5168 = DIRECTION ( 'NONE',  ( 0.3409177962187317501, 0.9400931103999026206, 0.000000000000000000 ) ) ;
#5169 = B_SPLINE_SURFACE_WITH_KNOTS ( 'NONE', 3, 1, ( 
 ( #6538, #7939 ),
 ( #5794, #1947 ),
 ( #6440, #1154 ),
 ( #4079, #7237 ) ),
 .UNSPECIFIED., .F., .F., .F.,
 ( 4, 4 ),
 ( 2, 2 ),
 ( 2.000000000000000000, 3.000000000000000000 ),
 ( 0.000000000000000000, 1.000000000000000000 ),
 .UNSPECIFIED. ) ;
#5170 = CARTESIAN_POINT ( 'NONE',  ( 0.5287582046149901238, -0.5831247738980285256, 0.2099999999999999922 ) ) ;
#5171 = FACE_OUTER_BOUND ( 'NONE', #4838, .T. ) ;
#5172 = DIRECTION ( 'NONE',  ( -0.000000000000000000, 1.000000000000000000, -0.000000000000000000 ) ) ;
#5173 = CARTESIAN_POINT ( 'NONE',  ( 0.4550000000000002376, -0.5350000000000000311, -0.01000000000000000021 ) ) ;
#5174 = VECTOR ( 'NONE', #8438, 1000.000000000000000 ) ;
#5175 = EDGE_LOOP ( 'NONE', ( #7070, #19, #7587, #7882 ) ) ;
#5176 = EDGE_LOOP ( 'NONE', ( #9560, #2870, #4595, #2323 ) ) ;
#5177 = CARTESIAN_POINT ( 'NONE',  ( 0.5415084202729018026, -0.5790149956468618742, 0.2099999999999999922 ) ) ;
#5178 = EDGE_CURVE ( 'NONE', #7075, #5131, #8691, .T. ) ;
#5179 = CARTESIAN_POINT ( 'NONE',  ( 0.3689472491355835770, -0.5077128187638136891, 0.2099999999999999922 ) ) ;
#5180 = ORIENTED_EDGE ( 'NONE', *, *, #5496, .T. ) ;
#5181 = ORIENTED_EDGE ( 'NONE', *, *, #3000, .T. ) ;
#5182 = CARTESIAN_POINT ( 'NONE',  ( 0.4576912258849147874, -0.4650800588358516285, 0.2199999999999999734 ) ) ;
#5183 = EDGE_CURVE ( 'NONE', #3614, #5202, #9467, .T. ) ;
#5184 = FILL_AREA_STYLE ('',( #8254 ) ) ;
#5185 = FACE_OUTER_BOUND ( 'NONE', #7991, .T. ) ;
#5186 = EDGE_CURVE ( 'NONE', #9697, #2618, #5738, .T. ) ;
#5187 = CARTESIAN_POINT ( 'NONE',  ( 0.3989907184577749510, -0.4727797036310223411, 0.2199999999999999734 ) ) ;
#5188 =( NAMED_UNIT ( * ) PLANE_ANGLE_UNIT ( ) SI_UNIT ( $, .RADIAN. ) );
#5189 = ORIENTED_EDGE ( 'NONE', *, *, #611, .F. ) ;
#5190 = DIRECTION ( 'NONE',  ( -0.000000000000000000, -0.000000000000000000, -1.000000000000000000 ) ) ;
#5191 = CARTESIAN_POINT ( 'NONE',  ( 0.4574436488814716539, -0.4706505414047669200, 0.2199999999999999734 ) ) ;
#5192 = DIRECTION ( 'NONE',  ( 0.000000000000000000, 0.000000000000000000, 1.000000000000000000 ) ) ;
#5193 = ORIENTED_EDGE ( 'NONE', *, *, #5452, .F. ) ;
#5194 = VERTEX_POINT ( 'NONE', #8730 ) ;
#5195 = VERTEX_POINT ( 'NONE', #7029 ) ;
#5196 = EDGE_CURVE ( 'NONE', #3258, #3815, #3267, .T. ) ;
#5197 = STYLED_ITEM ( 'NONE', ( #706 ), #6903 ) ;
#5198 = CARTESIAN_POINT ( 'NONE',  ( 0.1182381516983065928, -0.5667402090004740600, 0.2199999999999999734 ) ) ;
#5199 = ADVANCED_FACE ( 'NONE', ( #3356 ), #7872, .F. ) ;
#5200 = EDGE_CURVE ( 'NONE', #394, #3258, #1882, .T. ) ;
#5201 = DIRECTION ( 'NONE',  ( -0.000000000000000000, -0.000000000000000000, -1.000000000000000000 ) ) ;
#5202 = VERTEX_POINT ( 'NONE', #6375 ) ;
#5203 = PLANE ( 'NONE',  #1355 ) ;
#5204 = FILL_AREA_STYLE_COLOUR ( '', #8129 ) ;
#5205 = FACE_OUTER_BOUND ( 'NONE', #5307, .T. ) ;
#5206 = DIRECTION ( 'NONE',  ( 0.000000000000000000, 0.000000000000000000, 1.000000000000000000 ) ) ;
#5207 = CARTESIAN_POINT ( 'NONE',  ( 0.4759995452616020972, -0.5067225107516847293, 0.2199999999999999734 ) ) ;
#5208 = FACE_OUTER_BOUND ( 'NONE', #3200, .T. ) ;
#5209 = EDGE_LOOP ( 'NONE', ( #4968, #646, #8001, #4307 ) ) ;
#5210 =( NAMED_UNIT ( * ) SI_UNIT ( $, .STERADIAN. ) SOLID_ANGLE_UNIT ( ) );
#5211 = ORIENTED_EDGE ( 'NONE', *, *, #4051, .T. ) ;
#5212 = EDGE_CURVE ( 'NONE', #2368, #6838, #9371, .T. ) ;
#5213 = CARTESIAN_POINT ( 'NONE',  ( 0.4404970030217488230, -0.5965434474641180262, 0.2199999999999999734 ) ) ;
#5214 = PRESENTATION_STYLE_ASSIGNMENT (( #2248 ) ) ;
#5215 = ORIENTED_EDGE ( 'NONE', *, *, #2522, .F. ) ;
#5216 = B_SPLINE_CURVE_WITH_KNOTS ( 'NONE', 3,
 ( #4688, #4547, #1580, #9124 ),
 .UNSPECIFIED., .F., .F.,
 ( 4, 4 ),
 ( 0.000000000000000000, 1.000000000000000000 ),
 .UNSPECIFIED. ) ;
#5217 = VECTOR ( 'NONE', #4988, 1000.000000000000000 ) ;
#5218 = CARTESIAN_POINT ( 'NONE',  ( 0.4995317394029773483, -0.4947892992036243553, 0.2099999999999999922 ) ) ;
#5219 = ORIENTED_EDGE ( 'NONE', *, *, #6717, .F. ) ;
#5220 = FILL_AREA_STYLE ('',( #3786 ) ) ;
#5221 = CARTESIAN_POINT ( 'NONE',  ( 0.3887905459313502066, -0.5626996711448994937, 0.2199999999999999734 ) ) ;
#5222 = CARTESIAN_POINT ( 'NONE',  ( 0.4370556826792533767, -0.6014207144245777847, 0.2099999999999999922 ) ) ;
#5223 = CARTESIAN_POINT ( 'NONE',  ( 0.2576814121349659814, -0.4868616176276017171, 0.2199999999999999734 ) ) ;
#5224 = CARTESIAN_POINT ( 'NONE',  ( 0.5366435321625796506, -0.5835456548030915069, 0.2099999999999999922 ) ) ;
#5225 = LINE ( 'NONE', #8244, #5665 ) ;
#5226 = VECTOR ( 'NONE', #1731, 1000.000000000000227 ) ;
#5227 = EDGE_LOOP ( 'NONE', ( #7181, #7298, #348, #7275 ) ) ;
#5228 = CARTESIAN_POINT ( 'NONE',  ( 0.2514839233860668988, -0.5904972141806824615, 0.2099999999999999922 ) ) ;
#5229 = LINE ( 'NONE', #5128, #9306 ) ;
#5230 = MECHANICAL_DESIGN_GEOMETRIC_PRESENTATION_REPRESENTATION (  '', ( #1906 ), #3169 ) ;
#5231 = B_SPLINE_CURVE_WITH_KNOTS ( 'NONE', 3,
 ( #5880, #8932, #1538, #790 ),
 .UNSPECIFIED., .F., .F.,
 ( 4, 4 ),
 ( 4.000000000000000000, 5.000000000000000000 ),
 .UNSPECIFIED. ) ;
#5232 = B_SPLINE_SURFACE_WITH_KNOTS ( 'NONE', 3, 1, ( 
 ( #2839, #9530 ),
 ( #2154, #8802 ),
 ( #9007, #8192 ),
 ( #9574, #8849 ) ),
 .UNSPECIFIED., .F., .F., .F.,
 ( 4, 4 ),
 ( 2, 2 ),
 ( 3.000000000000000000, 4.000000000000000000 ),
 ( 0.000000000000000000, 1.000000000000000000 ),
 .UNSPECIFIED. ) ;
#5233 = DIRECTION ( 'NONE',  ( 1.000000000000000000, -0.000000000000000000, -0.000000000000000000 ) ) ;
#5234 = EDGE_LOOP ( 'NONE', ( #3903, #6501, #902, #791 ) ) ;
#5235 = B_SPLINE_CURVE_WITH_KNOTS ( 'NONE', 3,
 ( #3475, #6485, #1850, #4120 ),
 .UNSPECIFIED., .F., .F.,
 ( 4, 4 ),
 ( 9.000000000000000000, 10.00000000000000000 ),
 .UNSPECIFIED. ) ;
#5236 = ORIENTED_EDGE ( 'NONE', *, *, #2420, .F. ) ;
#5237 = VECTOR ( 'NONE', #9599, 1000.000000000000000 ) ;
#5238 = FACE_OUTER_BOUND ( 'NONE', #4354, .T. ) ;
#5239 = CARTESIAN_POINT ( 'NONE',  ( 0.4204432657734539780, -0.5721571126621458614, 0.2199999999999999734 ) ) ;
#5240 = FACE_OUTER_BOUND ( 'NONE', #1409, .T. ) ;
#5241 = CARTESIAN_POINT ( 'NONE',  ( 0.3737626218451842175, -0.5772324412248344139, 0.2199999999999999734 ) ) ;
#5242 = CARTESIAN_POINT ( 'NONE',  ( 0.1850331870887744201, -0.5787908611372496459, 0.2199999999999999734 ) ) ;
#5243 = ORIENTED_EDGE ( 'NONE', *, *, #8342, .T. ) ;
#5244 = VECTOR ( 'NONE', #2116, 1000.000000000000000 ) ;
#5245 = SURFACE_STYLE_FILL_AREA ( #3805 ) ;
#5246 = CARTESIAN_POINT ( 'NONE',  ( 0.4322526888196110972, -0.4861488617968817150, 0.2199999999999999734 ) ) ;
#5247 = CARTESIAN_POINT ( 'NONE',  ( 0.4470949301535397935, -0.5955531394516611066, 0.2199999999999999734 ) ) ;
#5248 = CARTESIAN_POINT ( 'NONE',  ( 0.4112086435590397437, -0.5611646937259857637, 0.2099999999999999922 ) ) ;
#5249 = ORIENTED_EDGE ( 'NONE', *, *, #5439, .T. ) ;
#5250 = ORIENTED_EDGE ( 'NONE', *, *, #2603, .T. ) ;
#5251 = EDGE_CURVE ( 'NONE', #7597, #8044, #1278, .T. ) ;
#5252 = B_SPLINE_CURVE_WITH_KNOTS ( 'NONE', 3,
 ( #5161, #8134, #6639, #8892 ),
 .UNSPECIFIED., .F., .F.,
 ( 4, 4 ),
 ( 2.000000000000000000, 3.000000000000000000 ),
 .UNSPECIFIED. ) ;
#5253 = VERTEX_POINT ( 'NONE', #2771 ) ;
#5254 = SURFACE_SIDE_STYLE ('',( #2922 ) ) ;
#5255 = CARTESIAN_POINT ( 'NONE',  ( 0.4755786643565544924, -0.5629720058482915457, 0.2199999999999999734 ) ) ;
#5256 = CARTESIAN_POINT ( 'NONE',  ( 0.5077141593542358056, -0.4712694839123869883, 0.2199999999999999734 ) ) ;
#5257 = ORIENTED_EDGE ( 'NONE', *, *, #5149, .F. ) ;
#5258 = CARTESIAN_POINT ( 'NONE',  ( 0.4225352914492895295, -0.5883981640632763854, 0.2099999999999999922 ) ) ;
#5259 = ADVANCED_FACE ( 'NONE', ( #5823 ), #7267, .T. ) ;
#5260 = CARTESIAN_POINT ( 'NONE',  ( 0.2456307468641837077, -0.5157831814415871907, 0.2199999999999999734 ) ) ;
#5261 = CARTESIAN_POINT ( 'NONE',  ( 0.5366435321625796506, -0.5835456548030915069, 0.2199999999999999734 ) ) ;
#5262 = PLANE ( 'NONE',  #295 ) ;
#5263 = ORIENTED_EDGE ( 'NONE', *, *, #1698, .F. ) ;
#5264 = EDGE_CURVE ( 'NONE', #2217, #8529, #2026, .T. ) ;
#5265 = ADVANCED_FACE ( 'NONE', ( #4393 ), #9709, .F. ) ;
#5266 = EDGE_LOOP ( 'NONE', ( #9726, #5243, #4203, #6338, #6170, #2180, #1284 ) ) ;
#5267 = CARTESIAN_POINT ( 'NONE',  ( 0.09757989089287485984, -0.5350642064721328195, 0.2199999999999999734 ) ) ;
#5268 = ORIENTED_EDGE ( 'NONE', *, *, #6352, .F. ) ;
#5269 = DIRECTION ( 'NONE',  ( -0.000000000000000000, -0.000000000000000000, -1.000000000000000000 ) ) ;
#5270 = EDGE_LOOP ( 'NONE', ( #2274, #9661, #176, #4925, #5298, #5460, #7035, #386 ) ) ;
#5271 = VECTOR ( 'NONE', #3168, 1000.000000000000000 ) ;
#5272 = EDGE_CURVE ( 'NONE', #9222, #2487, #5877, .T. ) ;
#5273 = DIRECTION ( 'NONE',  ( -0.000000000000000000, -0.000000000000000000, 1.000000000000000000 ) ) ;
#5274 = CARTESIAN_POINT ( 'NONE',  ( 0.3601582655266780675, -0.5474736854561776944, 0.2099999999999999922 ) ) ;
#5275 = DIRECTION ( 'NONE',  ( -0.000000000000000000, 1.000000000000000000, -0.000000000000000000 ) ) ;
#5276 = LINE ( 'NONE', #8291, #3373 ) ;
#5277 = CARTESIAN_POINT ( 'NONE',  ( 0.5682096000535429292, -0.5480926279641260557, 0.2199999999999999734 ) ) ;
#5278 = ORIENTED_EDGE ( 'NONE', *, *, #6215, .T. ) ;
#5279 = VECTOR ( 'NONE', #853, 1000.000000000000000 ) ;
#5280 = FILL_AREA_STYLE_COLOUR ( '', #2758 ) ;
#5281 = LINE ( 'NONE', #6292, #8383 ) ;
#5282 = CARTESIAN_POINT ( 'NONE',  ( -0.4550000000000002376, 0.4550000000000000155, 0.000000000000000000 ) ) ;
#5283 = CARTESIAN_POINT ( 'NONE',  ( 0.3780333251481621248, -0.5911462687971523744, 0.2199999999999999734 ) ) ;
#5284 = VECTOR ( 'NONE', #3845, 1000.000000000000000 ) ;
#5285 = ORIENTED_EDGE ( 'NONE', *, *, #227, .T. ) ;
#5286 = DIRECTION ( 'NONE',  ( -0.000000000000000000, 0.000000000000000000, 1.000000000000000000 ) ) ;
#5287 = ORIENTED_EDGE ( 'NONE', *, *, #5454, .F. ) ;
#5288 = MECHANICAL_DESIGN_GEOMETRIC_PRESENTATION_REPRESENTATION (  '', ( #1029 ), #8733 ) ;
#5289 = CARTESIAN_POINT ( 'NONE',  ( 0.2745523172455880401, -0.5839554263384429955, 0.2199999999999999734 ) ) ;
#5290 = CARTESIAN_POINT ( 'NONE',  ( 0.1357976681292871468, -0.5440161208012131988, 0.2099999999999999922 ) ) ;
#5291 = CARTESIAN_POINT ( 'NONE',  ( 0.3700365879491555043, -0.5884229217635547071, 0.2099999999999999922 ) ) ;
#5292 = EDGE_LOOP ( 'NONE', ( #666, #4528, #2390, #6570 ) ) ;
#5293 = SURFACE_STYLE_FILL_AREA ( #3991 ) ;
#5294 = LINE ( 'NONE', #2466, #5891 ) ;
#5295 = CARTESIAN_POINT ( 'NONE',  ( 0.5295628298750284513, -0.5135061206355617802, 0.2199999999999999734 ) ) ;
#5296 = VERTEX_POINT ( 'NONE', #6725 ) ;
#5297 = VERTEX_POINT ( 'NONE', #1234 ) ;
#5298 = ORIENTED_EDGE ( 'NONE', *, *, #5313, .T. ) ;
#5299 = CARTESIAN_POINT ( 'NONE',  ( 0.1667850593374332058, -0.4569071380640309932, 0.2199999999999999734 ) ) ;
#5300 = STYLED_ITEM ( 'NONE', ( #1724 ), #4481 ) ;
#5301 = FACE_OUTER_BOUND ( 'NONE', #4565, .T. ) ;
#5302 = ORIENTED_EDGE ( 'NONE', *, *, #3206, .F. ) ;
#5303 = EDGE_CURVE ( 'NONE', #8754, #1207, #6206, .T. ) ;
#5304 = DIRECTION ( 'NONE',  ( 0.9306703226357352365, 0.3658589216694003721, -0.000000000000000000 ) ) ;
#5305 = SURFACE_SIDE_STYLE ('',( #7579 ) ) ;
#5306 = DIRECTION ( 'NONE',  ( 0.000000000000000000, 1.000000000000000000, -0.000000000000000000 ) ) ;
#5307 = EDGE_LOOP ( 'NONE', ( #9117, #717, #5829, #8294 ) ) ;
#5308 = VECTOR ( 'NONE', #2624, 999.9999999999998863 ) ;
#5309 = CARTESIAN_POINT ( 'NONE',  ( 0.4230428243056580384, -0.5736673323807799374, 0.2099999999999999922 ) ) ;
#5310 = ORIENTED_EDGE ( 'NONE', *, *, #5389, .F. ) ;
#5311 = CARTESIAN_POINT ( 'NONE',  ( 0.1130735864969480003, -0.5006337717965224643, 0.2199999999999999734 ) ) ;
#5312 = ORIENTED_EDGE ( 'NONE', *, *, #8261, .F. ) ;
#5313 = EDGE_CURVE ( 'NONE', #8984, #954, #3576, .T. ) ;
#5314 = ORIENTED_EDGE ( 'NONE', *, *, #2714, .T. ) ;
#5315 = EDGE_CURVE ( 'NONE', #1505, #6645, #7103, .T. ) ;
#5316 = B_SPLINE_CURVE_WITH_KNOTS ( 'NONE', 3,
 ( #9493, #2613, #3452, #2757 ),
 .UNSPECIFIED., .F., .F.,
 ( 4, 4 ),
 ( 1.000000000000000000, 2.000000000000000000 ),
 .UNSPECIFIED. ) ;
#5317 = AXIS2_PLACEMENT_3D ( 'NONE', #4781, #4546, #4086 ) ;
#5318 = CARTESIAN_POINT ( 'NONE',  ( -0.5350000000000001421, -0.4549999999999994049, -0.01000000000000000021 ) ) ;
#5319 = CARTESIAN_POINT ( 'NONE',  ( 0.3697271166951787147, -0.4713932724141087216, 0.2199999999999999734 ) ) ;
#5320 = CARTESIAN_POINT ( 'NONE',  ( 0.09757989089287485984, -0.5491806860027348414, 0.2199999999999999734 ) ) ;
#5321 = CARTESIAN_POINT ( 'NONE',  ( 0.3612599831903885450, -0.5903292646869716664, 0.2199999999999999734 ) ) ;
#5322 = DIRECTION ( 'NONE',  ( 0.000000000000000000, 1.000000000000000000, 0.000000000000000000 ) ) ;
#5323 = ORIENTED_EDGE ( 'NONE', *, *, #7148, .F. ) ;
#5324 = STYLED_ITEM ( 'NONE', ( #6739 ), #5796 ) ;
#5325 = EDGE_CURVE ( 'NONE', #1423, #6904, #9142, .T. ) ;
#5326 = CARTESIAN_POINT ( 'NONE',  ( 0.3692938569399767945, -0.4898377591423283550, 0.2099999999999999922 ) ) ;
#5327 = ADVANCED_FACE ( 'NONE', ( #6776 ), #1771, .F. ) ;
#5328 = EDGE_CURVE ( 'NONE', #8418, #4648, #3340, .T. ) ;
#5329 = CARTESIAN_POINT ( 'NONE',  ( 0.4308414999022723291, -0.6061246774827573347, 0.2199999999999999734 ) ) ;
#5330 = CARTESIAN_POINT ( 'NONE',  ( 0.5045204160150206230, -0.5419032028872593498, 0.2199999999999999734 ) ) ;
#5331 = PRESENTATION_LAYER_ASSIGNMENT (  '', '', ( #4534 ) ) ;
#5332 = ORIENTED_EDGE ( 'NONE', *, *, #3092, .T. ) ;
#5333 = CARTESIAN_POINT ( 'NONE',  ( 0.4438764291137137219, -0.4650800588358516285, 0.2199999999999999734 ) ) ;
#5334 = ORIENTED_EDGE ( 'NONE', *, *, #4530, .F. ) ;
#5335 = VECTOR ( 'NONE', #675, 1000.000000000000000 ) ;
#5336 = CARTESIAN_POINT ( 'NONE',  ( 0.4165810645255624833, -0.5707211660443477497, 0.2199999999999999734 ) ) ;
#5337 = FACE_OUTER_BOUND ( 'NONE', #8681, .T. ) ;
#5338 = CARTESIAN_POINT ( 'NONE',  ( 0.3917243334176417902, -0.4699078103957542996, 0.2099999999999999922 ) ) ;
#5339 = CARTESIAN_POINT ( 'NONE',  ( 0.2635345755223489350, -0.5894643037671456476, 0.2099999999999999922 ) ) ;
#5340 = ORIENTED_EDGE ( 'NONE', *, *, #7807, .T. ) ;
#5341 = CARTESIAN_POINT ( 'NONE',  ( 0.4711346571512823878, -0.4672092210621049402, 0.2199999999999999734 ) ) ;
#5342 = VECTOR ( 'NONE', #9581, 1000.000000000000000 ) ;
#5343 = STYLED_ITEM ( 'NONE', ( #8843 ), #161 ) ;
#5344 = CARTESIAN_POINT ( 'NONE',  ( 0.5674173536436449838, -0.5514844329058991024, 0.2099999999999999922 ) ) ;
#5345 = ORIENTED_EDGE ( 'NONE', *, *, #1796, .T. ) ;
#5346 = EDGE_LOOP ( 'NONE', ( #9428, #526, #2153, #504 ) ) ;
#5347 = ORIENTED_EDGE ( 'NONE', *, *, #1625, .F. ) ;
#5348 = UNCERTAINTY_MEASURE_WITH_UNIT (LENGTH_MEASURE( 1.000000000000000082E-05 ), #1469, 'distance_accuracy_value', 'NONE');
#5349 = CARTESIAN_POINT ( 'NONE',  ( 0.4106887318525338504, -0.5677502420073075040, 0.2199999999999999734 ) ) ;
#5350 = EDGE_LOOP ( 'NONE', ( #1646, #1070, #697, #249 ) ) ;
#5351 = CARTESIAN_POINT ( 'NONE',  ( 0.5581951102793698549, -0.5770838950231640396, 0.2199999999999999734 ) ) ;
#5352 = CARTESIAN_POINT ( 'NONE',  ( 0.4030757390083364311, -0.5828524391946376948, 0.2199999999999999734 ) ) ;
#5353 = DIRECTION ( 'NONE',  ( 1.000000000000000000, 0.000000000000000000, 0.000000000000000000 ) ) ;
#5354 = CARTESIAN_POINT ( 'NONE',  ( 0.3670656639122792941, -0.5746081249923526979, 0.2099999999999999922 ) ) ;
#5355 = LINE ( 'NONE', #4463, #7646 ) ;
#5356 = ORIENTED_EDGE ( 'NONE', *, *, #1393, .F. ) ;
#5357 = ORIENTED_EDGE ( 'NONE', *, *, #7192, .F. ) ;
#5358 = DIRECTION ( 'NONE',  ( -0.5048830486499330528, 0.8631877589412104701, 0.000000000000000000 ) ) ;
#5359 = EDGE_CURVE ( 'NONE', #5949, #4244, #674, .T. ) ;
#5360 = ORIENTED_EDGE ( 'NONE', *, *, #1993, .F. ) ;
#5361 = EDGE_LOOP ( 'NONE', ( #7314, #9545, #7534, #6023 ) ) ;
#5362 = FILL_AREA_STYLE_COLOUR ( '', #5777 ) ;
#5363 = CARTESIAN_POINT ( 'NONE',  ( 0.4069998345069226753, -0.5576986156830463504, 0.2199999999999999734 ) ) ;
#5364 = LINE ( 'NONE', #1714, #280 ) ;
#5365 = DIRECTION ( 'NONE',  ( -0.000000000000000000, -0.000000000000000000, -1.000000000000000000 ) ) ;
#5366 = DIRECTION ( 'NONE',  ( 0.000000000000000000, 0.000000000000000000, 1.000000000000000000 ) ) ;
#5367 = LINE ( 'NONE', #862, #4878 ) ;
#5368 = ORIENTED_EDGE ( 'NONE', *, *, #3733, .F. ) ;
#5369 = B_SPLINE_CURVE_WITH_KNOTS ( 'NONE', 3,
 ( #4583, #8391, #7648, #6818 ),
 .UNSPECIFIED., .F., .F.,
 ( 4, 4 ),
 ( 16.00000000000000000, 17.00000000000000000 ),
 .UNSPECIFIED. ) ;
#5370 = EDGE_CURVE ( 'NONE', #4855, #6268, #9303, .T. ) ;
#5371 = VECTOR ( 'NONE', #5055, 1000.000000000000000 ) ;
#5372 = B_SPLINE_CURVE_WITH_KNOTS ( 'NONE', 3,
 ( #6377, #9373, #2625, #8646 ),
 .UNSPECIFIED., .F., .F.,
 ( 4, 4 ),
 ( 34.00000000000000000, 35.00000000000000000 ),
 .UNSPECIFIED. ) ;
#5373 = CARTESIAN_POINT ( 'NONE',  ( 0.2614687546956039332, -0.4971907480299862514, 0.2099999999999999922 ) ) ;
#5374 = CARTESIAN_POINT ( 'NONE',  ( 0.1850331870887744201, -0.5753478176694564183, 0.2099999999999999922 ) ) ;
#5375 = DIRECTION ( 'NONE',  ( 0.000000000000000000, -1.000000000000000000, 0.000000000000000000 ) ) ;
#5376 = VECTOR ( 'NONE', #8922, 1000.000000000000000 ) ;
#5377 = ADVANCED_FACE ( 'NONE', ( #4037 ), #8357, .F. ) ;
#5378 = DIRECTION ( 'NONE',  ( -1.000000000000000000, 0.000000000000000000, 0.000000000000000000 ) ) ;
#5379 = EDGE_CURVE ( 'NONE', #4278, #160, #6545, .T. ) ;
#5380 = CARTESIAN_POINT ( 'NONE',  ( 0.5350000000000001421, 0.4549999999999994049, -0.01000000000000000021 ) ) ;
#5381 = EDGE_CURVE ( 'NONE', #5493, #2699, #7394, .T. ) ;
#5382 = AXIS2_PLACEMENT_3D ( 'NONE', #1621, #4629, #6208 ) ;
#5383 = ORIENTED_EDGE ( 'NONE', *, *, #8454, .T. ) ;
#5384 = CARTESIAN_POINT ( 'NONE',  ( 0.3862405027998652707, -0.5890913796717301976, 0.2199999999999999734 ) ) ;
#5385 = CARTESIAN_POINT ( 'NONE',  ( 0.4122979823726110604, -0.5751280366988599235, 0.2199999999999999734 ) ) ;
#5386 = CARTESIAN_POINT ( 'NONE',  ( 0.5581951102793698549, -0.5770838950231640396, 0.2199999999999999734 ) ) ;
#5387 = VERTEX_POINT ( 'NONE', #1258 ) ;
#5388 = CARTESIAN_POINT ( 'NONE',  ( 0.5178400587799959487, -0.5903292646869716664, 0.2199999999999999734 ) ) ;
#5389 = EDGE_CURVE ( 'NONE', #9001, #8517, #4225, .T. ) ;
#5390 = DIRECTION ( 'NONE',  ( 2.238881569535239284E-14, -1.000000000000000000, -0.000000000000000000 ) ) ;
#5391 = ORIENTED_EDGE ( 'NONE', *, *, #3497, .F. ) ;
#5392 = ORIENTED_EDGE ( 'NONE', *, *, #910, .F. ) ;
#5393 = ORIENTED_EDGE ( 'NONE', *, *, #3389, .F. ) ;
#5394 = CARTESIAN_POINT ( 'NONE',  ( 0.5183352127858924518, -0.5419032028872593498, 0.2099999999999999922 ) ) ;
#5395 = AXIS2_PLACEMENT_3D ( 'NONE', #3068, #1543, #2139 ) ;
#5396 = CARTESIAN_POINT ( 'NONE',  ( 0.3806947779310642099, -0.5740634555855693710, 0.2099999999999999922 ) ) ;
#5397 = ORIENTED_EDGE ( 'NONE', *, *, #3392, .F. ) ;
#5398 = CARTESIAN_POINT ( 'NONE',  ( 0.3887905459313502066, -0.5683444268146484735, 0.2199999999999999734 ) ) ;
#5399 = FILL_AREA_STYLE_COLOUR ( '', #2939 ) ;
#5400 = CARTESIAN_POINT ( 'NONE',  ( 0.5356037087495659765, -0.5550742994505619698, 0.2199999999999999734 ) ) ;
#5401 = CARTESIAN_POINT ( 'NONE',  ( 0.2418434043035459780, -0.4916818771686960465, 0.2099999999999999922 ) ) ;
#5402 = CARTESIAN_POINT ( 'NONE',  ( 0.3989907184577749510, -0.5055093834363931782, 0.2099999999999999922 ) ) ;
#5403 = LINE ( 'NONE', #70, #9110 ) ;
#5404 = ORIENTED_EDGE ( 'NONE', *, *, #7384, .F. ) ;
#5405 = VECTOR ( 'NONE', #4466, 1000.000000000000000 ) ;
#5406 = FACE_OUTER_BOUND ( 'NONE', #7363, .T. ) ;
#5407 = VERTEX_POINT ( 'NONE', #1164 ) ;
#5408 = CARTESIAN_POINT ( 'NONE',  ( -0.04500000000000074080, -0.1250000000000001110, 0.000000000000000000 ) ) ;
#5409 = CARTESIAN_POINT ( 'NONE',  ( -0.4549999999999995159, -0.5350000000000000311, 0.000000000000000000 ) ) ;
#5410 = ORIENTED_EDGE ( 'NONE', *, *, #3456, .T. ) ;
#5411 = CARTESIAN_POINT ( 'NONE',  ( 0.2511396242928895517, -0.4775654009216349638, 0.2199999999999999734 ) ) ;
#5412 = ORIENTED_EDGE ( 'NONE', *, *, #1494, .F. ) ;
#5413 = B_SPLINE_SURFACE_WITH_KNOTS ( 'NONE', 3, 1, ( 
 ( #7308, #4289 ),
 ( #6668, #9500 ),
 ( #2763, #3600 ),
 ( #4239, #2719 ) ),
 .UNSPECIFIED., .F., .F., .F.,
 ( 4, 4 ),
 ( 2, 2 ),
 ( 3.000000000000000000, 4.000000000000000000 ),
 ( 0.000000000000000000, 1.000000000000000000 ),
 .UNSPECIFIED. ) ;
#5414 = CARTESIAN_POINT ( 'NONE',  ( 0.4767298974208040718, -0.4888474511302015046, 0.2099999999999999922 ) ) ;
#5415 = DIRECTION ( 'NONE',  ( -1.000000000000000000, -6.023345402697242035E-16, 0.000000000000000000 ) ) ;
#5416 = CARTESIAN_POINT ( 'NONE',  ( 0.4031128755587552459, -0.5650764103742687006, 0.2099999999999999922 ) ) ;
#5417 = LINE ( 'NONE', #38, #3447 ) ;
#5418 = CARTESIAN_POINT ( 'NONE',  ( 0.1506027524130015838, -0.6132212958128574476, 0.2099999999999999922 ) ) ;
#5419 =( NAMED_UNIT ( * ) SI_UNIT ( $, .STERADIAN. ) SOLID_ANGLE_UNIT ( ) );
#5420 = ORIENTED_EDGE ( 'NONE', *, *, #3995, .F. ) ;
#5421 = VECTOR ( 'NONE', #5564, 1000.000000000000000 ) ;
#5422 = CARTESIAN_POINT ( 'NONE',  ( 0.2318585729940072226, -0.5691503551888987822, 0.2099999999999999922 ) ) ;
#5423 = DIRECTION ( 'NONE',  ( 0.8840949502478980815, 0.4673073067545236992, 0.000000000000000000 ) ) ;
#5424 = LINE ( 'NONE', #3888, #6075 ) ;
#5425 = EDGE_CURVE ( 'NONE', #1585, #3634, #9729, .T. ) ;
#5426 = CARTESIAN_POINT ( 'NONE',  ( 0.3689472491355835770, -0.5077128187638136891, 0.2199999999999999734 ) ) ;
#5427 = AXIS2_PLACEMENT_3D ( 'NONE', #1066, #4078, #322 ) ;
#5428 = CARTESIAN_POINT ( 'NONE',  ( 0.4320298695169571546, -0.6011978951217422651, 0.2199999999999999734 ) ) ;
#5429 = CARTESIAN_POINT ( 'NONE',  ( 0.3737997583957675674, -0.5835704125033737144, 0.2099999999999999922 ) ) ;
#5430 = ORIENTED_EDGE ( 'NONE', *, *, #8638, .T. ) ;
#5431 = EDGE_CURVE ( 'NONE', #1594, #8333, #1907, .T. ) ;
#5432 = CARTESIAN_POINT ( 'NONE',  ( 0.5077141593542358056, -0.4712694839123869883, 0.2199999999999999178 ) ) ;
#5433 = CARTESIAN_POINT ( 'NONE',  ( 0.3352148824677821382, -0.4650800588358516285, 0.2199999999999999734 ) ) ;
#5434 = AXIS2_PLACEMENT_3D ( 'NONE', #6956, #2158, #1163 ) ;
#5435 = CARTESIAN_POINT ( 'NONE',  ( 0.3954256096135573828, -0.5133823321341727253, 0.2199999999999999734 ) ) ;
#5436 = PLANE ( 'NONE',  #6817 ) ;
#5437 = VERTEX_POINT ( 'NONE', #7247 ) ;
#5438 = ADVANCED_FACE ( 'NONE', ( #8092 ), #2004, .F. ) ;
#5439 = EDGE_CURVE ( 'NONE', #1107, #4344, #9078, .T. ) ;
#5440 = DIRECTION ( 'NONE',  ( 0.000000000000000000, 0.000000000000000000, -1.000000000000000000 ) ) ;
#5441 = DIRECTION ( 'NONE',  ( 1.000000000000000000, 0.000000000000000000, 0.000000000000000000 ) ) ;
#5442 = VERTEX_POINT ( 'NONE', #2605 ) ;
#5443 = EDGE_LOOP ( 'NONE', ( #8302, #1403, #6027, #3365 ) ) ;
#5444 = ORIENTED_EDGE ( 'NONE', *, *, #775, .F. ) ;
#5445 = CIRCLE ( 'NONE', #3384, 0.07999999999999998779 ) ;
#5446 = ADVANCED_FACE ( 'NONE', ( #2008 ), #669, .F. ) ;
#5447 = DIRECTION ( 'NONE',  ( -0.000000000000000000, -0.000000000000000000, 1.000000000000000000 ) ) ;
#5448 = UNCERTAINTY_MEASURE_WITH_UNIT (LENGTH_MEASURE( 1.000000000000000082E-05 ), #941, 'distance_accuracy_value', 'NONE');
#5449 = CARTESIAN_POINT ( 'NONE',  ( -0.5613595772881996293, 0.5657689154935456877, 0.1899999999999999745 ) ) ;
#5450 = CARTESIAN_POINT ( 'NONE',  ( 0.3887905459313502066, -0.5903292646869716664, 0.2199999999999999734 ) ) ;
#5451 = ORIENTED_EDGE ( 'NONE', *, *, #2461, .F. ) ;
#5452 = EDGE_CURVE ( 'NONE', #1159, #8156, #8219, .T. ) ;
#5454 = EDGE_CURVE ( 'NONE', #3418, #4842, #5715, .T. ) ;
#5453 = AXIS2_PLACEMENT_3D ( 'NONE', #2452, #3989, #8531 ) ;
#5455 = CARTESIAN_POINT ( 'NONE',  ( 0.4244044978224565945, -0.5752023097996914469, 0.2199999999999999734 ) ) ;
#5456 = CARTESIAN_POINT ( 'NONE',  ( 0.3748272029584767129, -0.5761926178121495878, 0.2099999999999999922 ) ) ;
#5457 =( NAMED_UNIT ( * ) PLANE_ANGLE_UNIT ( ) SI_UNIT ( $, .RADIAN. ) );
#5458 = CARTESIAN_POINT ( 'NONE',  ( 0.5180876357827777223, -0.5474736854561763622, 0.2199999999999999734 ) ) ;
#5459 = ORIENTED_EDGE ( 'NONE', *, *, #7201, .T. ) ;
#5460 = ORIENTED_EDGE ( 'NONE', *, *, #7240, .T. ) ;
#5461 = CARTESIAN_POINT ( 'NONE',  ( 0.4057495706413785097, -0.5904530531886920119, 0.2099999999999999922 ) ) ;
#5462 = ORIENTED_EDGE ( 'NONE', *, *, #3143, .F. ) ;
#5463 = CARTESIAN_POINT ( 'NONE',  ( 0.4308414999022723291, -0.6007274988157917939, 0.2099999999999999922 ) ) ;
#5464 = AXIS2_PLACEMENT_3D ( 'NONE', #3346, #9410, #2015 ) ;
#5465 = ORIENTED_EDGE ( 'NONE', *, *, #3975, .F. ) ;
#5466 = CARTESIAN_POINT ( 'NONE',  ( 0.5366435321625796506, -0.5483154472666327273, 0.2099999999999999922 ) ) ;
#5467 = FACE_OUTER_BOUND ( 'NONE', #5176, .T. ) ;
#5468 = CARTESIAN_POINT ( 'NONE',  ( 0.1667850593374332058, -0.4569071380640309932, 0.2199999999999999734 ) ) ;
#5469 = ORIENTED_EDGE ( 'NONE', *, *, #9335, .F. ) ;
#5470 = CARTESIAN_POINT ( 'NONE',  ( 0.4755786643565544924, -0.5474736854561763622, 0.2199999999999999734 ) ) ;
#5471 = CARTESIAN_POINT ( 'NONE',  ( 0.5178029222292470646, -0.5848082975186108534, 0.2099999999999999922 ) ) ;
#5472 = CARTESIAN_POINT ( 'NONE',  ( 0.3650000000000001577, -0.2849999999999999756, -0.01000000000000000021 ) ) ;
#5473 = FACE_OUTER_BOUND ( 'NONE', #2610, .T. ) ;
#5474 = LINE ( 'NONE', #1715, #5038 ) ;
#5475 = CARTESIAN_POINT ( 'NONE',  ( -0.5350000000000002531, 0.4550000000000000155, -0.01000000000000000021 ) ) ;
#5476 = CARTESIAN_POINT ( 'NONE',  ( 0.4048335357300853476, -0.5705478621420710938, 0.2099999999999999922 ) ) ;
#5477 = ORIENTED_EDGE ( 'NONE', *, *, #8331, .T. ) ;
#5478 = DIRECTION ( 'NONE',  ( 0.3493954794689525523, -0.9369753459545563379, -0.000000000000000000 ) ) ;
#5479 = CARTESIAN_POINT ( 'NONE',  ( 0.3414662017951822226, -0.5848082975186135180, 0.2199999999999999734 ) ) ;
#5480 = CARTESIAN_POINT ( 'NONE',  ( 0.4942707280878861908, -0.5474736854561763622, 0.2199999999999999734 ) ) ;
#5481 = STYLED_ITEM ( 'NONE', ( #8209 ), #5259 ) ;
#5482 = PLANE ( 'NONE',  #4867 ) ;
#5483 = CARTESIAN_POINT ( 'NONE',  ( 0.5157851696542454789, -0.4947892992036243553, 0.2199999999999999734 ) ) ;
#5484 = ADVANCED_FACE ( 'NONE', ( #3440 ), #7294, .F. ) ;
#5485 = ORIENTED_EDGE ( 'NONE', *, *, #8751, .F. ) ;
#5486 = SURFACE_STYLE_FILL_AREA ( #4628 ) ;
#5487 = VECTOR ( 'NONE', #1512, 1000.000000000000000 ) ;
#5488 = CARTESIAN_POINT ( 'NONE',  ( 0.4095993930391267357, -0.5558665458601321774, 0.2199999999999999734 ) ) ;
#5489 = CARTESIAN_POINT ( 'NONE',  ( 0.3989907184577749510, -0.4662436707502577438, 0.2099999999999999922 ) ) ;
#5490 = ORIENTED_EDGE ( 'NONE', *, *, #5130, .T. ) ;
#5491 = DIRECTION ( 'NONE',  ( -0.000000000000000000, -0.000000000000000000, -1.000000000000000000 ) ) ;
#5492 = LINE ( 'NONE', #4636, #5836 ) ;
#5493 = VERTEX_POINT ( 'NONE', #4929 ) ;
#5494 = ORIENTED_EDGE ( 'NONE', *, *, #1971, .T. ) ;
#5495 = CIRCLE ( 'NONE', #7223, 0.07999999999999998779 ) ;
#5496 = EDGE_CURVE ( 'NONE', #6648, #9714, #2330, .T. ) ;
#5497 = DIRECTION ( 'NONE',  ( -0.000000000000000000, 0.000000000000000000, -1.000000000000000000 ) ) ;
#5498 = CARTESIAN_POINT ( 'NONE',  ( 0.4149346774552167827, -0.5079851534672040758, 0.2099999999999999922 ) ) ;
#5499 = VERTEX_POINT ( 'NONE', #1119 ) ;
#5500 = CIRCLE ( 'NONE', #1078, 0.07999999999999997391 ) ;
#5501 = CARTESIAN_POINT ( 'NONE',  ( 0.3823535438516988960, -0.5549505109488411803, 0.2099999999999999922 ) ) ;
#5502 = CARTESIAN_POINT ( 'NONE',  ( -0.5350000000000001421, -0.4549999999999994049, -0.01000000000000000021 ) ) ;
#5503 = CARTESIAN_POINT ( 'NONE',  ( 0.5320633576057908209, -0.5520291023126873142, 0.2199999999999999734 ) ) ;
#5504 = CARTESIAN_POINT ( 'NONE',  ( 0.3875774186163857826, -0.4699078103957542996, 0.2099999999999999922 ) ) ;
#5505 = FACE_OUTER_BOUND ( 'NONE', #6267, .T. ) ;
#5506 = EDGE_CURVE ( 'NONE', #3660, #6759, #4803, .T. ) ;
#5507 = ORIENTED_EDGE ( 'NONE', *, *, #1706, .T. ) ;
#5508 = CARTESIAN_POINT ( 'NONE',  ( -0.03499999999999982292, 0.2050000000000006817, -0.01000000000000000021 ) ) ;
#5509 = EDGE_LOOP ( 'NONE', ( #7713, #9583, #4798, #5036 ) ) ;
#5510 = DIRECTION ( 'NONE',  ( -1.000000000000000000, 0.000000000000000000, -0.000000000000000000 ) ) ;
#5511 = EDGE_CURVE ( 'NONE', #7287, #5040, #4271, .T. ) ;
#5512 = CARTESIAN_POINT ( 'NONE',  ( 0.5674173536436449838, -0.5514844329058991024, 0.2199999999999999734 ) ) ;
#5513 = PRESENTATION_LAYER_ASSIGNMENT (  '', '', ( #7393 ) ) ;
#5514 = EDGE_CURVE ( 'NONE', #3156, #263, #4474, .T. ) ;
#5515 = B_SPLINE_CURVE_WITH_KNOTS ( 'NONE', 3,
 ( #8142, #5710, #4972, #1209 ),
 .UNSPECIFIED., .F., .F.,
 ( 4, 4 ),
 ( 4.000000000000000000, 5.000000000000000000 ),
 .UNSPECIFIED. ) ;
#5516 = ORIENTED_EDGE ( 'NONE', *, *, #3370, .F. ) ;
#5517 = DIRECTION ( 'NONE',  ( 0.000000000000000000, -1.000000000000000000, 0.000000000000000000 ) ) ;
#5518 = CARTESIAN_POINT ( 'NONE',  ( 0.2428763147170815428, -0.4699907043081231195, 0.2199999999999999734 ) ) ;
#5519 = ORIENTED_EDGE ( 'NONE', *, *, #4645, .F. ) ;
#5520 = CARTESIAN_POINT ( 'NONE',  ( 0.1578331384411029992, -0.5925630612757669669, 0.2199999999999999734 ) ) ;
#5521 = CARTESIAN_POINT ( 'NONE',  ( 0.4347532165507171920, -0.6066198314889892362, 0.2199999999999999734 ) ) ;
#5522 = VECTOR ( 'NONE', #720, 1000.000000000000000 ) ;
#5523 = FACE_OUTER_BOUND ( 'NONE', #1618, .T. ) ;
#5524 = CARTESIAN_POINT ( 'NONE',  ( 0.3749757491603115112, -0.5846102359163863893, 0.2099999999999999922 ) ) ;
#5525 = ADVANCED_FACE ( 'NONE', ( #7543 ), #580, .F. ) ;
#5526 = CARTESIAN_POINT ( 'NONE',  ( 0.3650000000000001577, -0.5350000000000000311, 0.000000000000000000 ) ) ;
#5527 = CARTESIAN_POINT ( 'NONE',  ( 0.3796054391176585385, -0.5861699710355784410, 0.2199999999999999734 ) ) ;
#5528 = VERTEX_POINT ( 'NONE', #3742 ) ;
#5529 = DIRECTION ( 'NONE',  ( -0.000000000000000000, -0.000000000000000000, -1.000000000000000000 ) ) ;
#5530 = SURFACE_SIDE_STYLE ('',( #5293 ) ) ;
#5531 = CARTESIAN_POINT ( 'NONE',  ( 0.4953724457515832347, -0.5848082975186108534, 0.2099999999999999922 ) ) ;
#5532 = DIRECTION ( 'NONE',  ( 0.000000000000000000, 0.000000000000000000, -1.000000000000000000 ) ) ;
#5533 = DIRECTION ( 'NONE',  ( 0.000000000000000000, 1.000000000000000000, -0.000000000000000000 ) ) ;
#5534 = VERTEX_POINT ( 'NONE', #2993 ) ;
#5535 = CARTESIAN_POINT ( 'NONE',  ( 0.4942707280878861908, -0.5419032028872593498, 0.2199999999999999734 ) ) ;
#5536 = DIRECTION ( 'NONE',  ( 0.000000000000000000, -1.000000000000000000, 0.000000000000000000 ) ) ;
#5537 = VECTOR ( 'NONE', #4299, 1000.000000000000000 ) ;
#5538 = CARTESIAN_POINT ( 'NONE',  ( 0.4438764291137137219, -0.5135061206355617802, 0.2199999999999999734 ) ) ;
#5539 = VERTEX_POINT ( 'NONE', #5274 ) ;
#5540 = CARTESIAN_POINT ( 'NONE',  ( 0.2332357956347252403, -0.5498692973229315495, 0.2199999999999999734 ) ) ;
#5541 = VERTEX_POINT ( 'NONE', #2891 ) ;
#5542 = VECTOR ( 'NONE', #9319, 1000.000000000000000 ) ;
#5543 = ORIENTED_EDGE ( 'NONE', *, *, #6391, .F. ) ;
#5544 = UNCERTAINTY_MEASURE_WITH_UNIT (LENGTH_MEASURE( 1.000000000000000082E-05 ), #6687, 'distance_accuracy_value', 'NONE');
#5545 = PRESENTATION_STYLE_ASSIGNMENT (( #6879 ) ) ;
#5546 = CARTESIAN_POINT ( 'NONE',  ( 0.4202080676204789089, -0.5846349936166626016, 0.2199999999999999734 ) ) ;
#5547 = ORIENTED_EDGE ( 'NONE', *, *, #7190, .F. ) ;
#5548 = CARTESIAN_POINT ( 'NONE',  ( 0.1502584467527399437, -0.5925630612757669669, 0.2199999999999999734 ) ) ;
#5549 = CARTESIAN_POINT ( 'NONE',  ( 0.1316660199083858340, -0.4799755306923473852, 0.2199999999999999734 ) ) ;
#5550 = DIRECTION ( 'NONE',  ( 0.000000000000000000, 1.000000000000000000, 0.000000000000000000 ) ) ;
#5551 = EDGE_CURVE ( 'NONE', #5437, #7023, #6753, .T. ) ;
#5552 = FACE_OUTER_BOUND ( 'NONE', #2926, .T. ) ;
#5553 = LINE ( 'NONE', #6934, #3460 ) ;
#5554 = DIRECTION ( 'NONE',  ( 0.000000000000000000, 1.000000000000000000, 0.000000000000000000 ) ) ;
#5555 = ORIENTED_EDGE ( 'NONE', *, *, #3116, .F. ) ;
#5556 = CARTESIAN_POINT ( 'NONE',  ( 0.4347284588502749458, -0.5079851534672040758, 0.2099999999999999922 ) ) ;
#5557 = VECTOR ( 'NONE', #9215, 1000.000000000000000 ) ;
#5558 = B_SPLINE_SURFACE_WITH_KNOTS ( 'NONE', 3, 1, ( 
 ( #7592, #8852 ),
 ( #2099, #5121 ),
 ( #1358, #4373 ),
 ( #7392, #623 ) ),
 .UNSPECIFIED., .F., .F., .F.,
 ( 4, 4 ),
 ( 2, 2 ),
 ( 26.00000000000000000, 27.00000000000000000 ),
 ( 0.000000000000000000, 1.000000000000000000 ),
 .UNSPECIFIED. ) ;
#5559 = ORIENTED_EDGE ( 'NONE', *, *, #8926, .F. ) ;
#5560 = EDGE_CURVE ( 'NONE', #8950, #9621, #1863, .T. ) ;
#5561 = CARTESIAN_POINT ( 'NONE',  ( 0.1450938881186311646, -0.5026995991903511207, 0.2099999999999999922 ) ) ;
#5562 = ORIENTED_EDGE ( 'NONE', *, *, #7353, .T. ) ;
#5563 = DIRECTION ( 'NONE',  ( 1.000000000000000000, 1.791105255628191806E-14, -0.000000000000000000 ) ) ;
#5564 = DIRECTION ( 'NONE',  ( -1.000000000000000000, 0.000000000000000000, 0.000000000000000000 ) ) ;
#5565 = CARTESIAN_POINT ( 'NONE',  ( 0.4363748459207713593, -0.5557427573587392367, 0.2199999999999999734 ) ) ;
#5566 = AXIS2_PLACEMENT_3D ( 'NONE', #8252, #872, #6911 ) ;
#5567 = ADVANCED_FACE ( 'NONE', ( #9635 ), #4424, .F. ) ;
#5568 = CARTESIAN_POINT ( 'NONE',  ( 0.5682096000535429292, -0.5480926279641260557, 0.2099999999999999922 ) ) ;
#5569 = EDGE_CURVE ( 'NONE', #2056, #527, #3636, .T. ) ;
#5570 = CARTESIAN_POINT ( 'NONE',  ( 0.1695394914845377576, -0.6132212958128574476, 0.2099999999999999922 ) ) ;
#5571 = ORIENTED_EDGE ( 'NONE', *, *, #2591, .F. ) ;
#5572 = CARTESIAN_POINT ( 'NONE',  ( 0.3732179524385628167, -0.5805747307663839951, 0.2099999999999999922 ) ) ;
#5573 = EDGE_CURVE ( 'NONE', #4327, #3259, #8902, .T. ) ;
#5574 = CARTESIAN_POINT ( 'NONE',  ( 0.5717623300477889803, -0.5419032028872593498, 0.2199999999999999734 ) ) ;
#5575 = CARTESIAN_POINT ( 'NONE',  ( 0.4574436488814716539, -0.4706505414047669200, 0.2099999999999999922 ) ) ;
#5576 = CARTESIAN_POINT ( 'NONE',  ( 0.5111183431464798588, -0.4650800588358499077, 0.2099999999999999922 ) ) ;
#5577 = PLANE ( 'NONE',  #662 ) ;
#5578 = ORIENTED_EDGE ( 'NONE', *, *, #958, .F. ) ;
#5579 = DIRECTION ( 'NONE',  ( -1.000000000000000000, -0.000000000000000000, -0.000000000000000000 ) ) ;
#5580 = CARTESIAN_POINT ( 'NONE',  ( 0.2297927521670982964, -0.4586286597977606849, 0.2099999999999999922 ) ) ;
#5581 = LINE ( 'NONE', #4045, #8753 ) ;
#5582 = ORIENTED_EDGE ( 'NONE', *, *, #487, .F. ) ;
#5583 = VECTOR ( 'NONE', #5415, 1000.000000000000000 ) ;
#5584 = CARTESIAN_POINT ( 'NONE',  ( 0.4124589074245854636, -0.5911462687971523744, 0.2099999999999999922 ) ) ;
#5585 = ORIENTED_EDGE ( 'NONE', *, *, #8917, .F. ) ;
#5586 = ORIENTED_EDGE ( 'NONE', *, *, #3432, .T. ) ;
#5587 = VECTOR ( 'NONE', #5915, 1000.000000000000000 ) ;
#5588 = CARTESIAN_POINT ( 'NONE',  ( 0.5650777509646929264, -0.5419032028872593498, 0.2099999999999999922 ) ) ;
#5589 = CARTESIAN_POINT ( 'NONE',  ( 0.1850331870887744201, -0.5753478176694564183, 0.2199999999999999734 ) ) ;
#5590 = ORIENTED_EDGE ( 'NONE', *, *, #2779, .F. ) ;
#5591 = CARTESIAN_POINT ( 'NONE',  ( 0.5045204160150206230, -0.5419032028872593498, 0.2099999999999999922 ) ) ;
#5592 = LINE ( 'NONE', #4063, #3887 ) ;
#5593 = LINE ( 'NONE', #2679, #232 ) ;
#5594 = CARTESIAN_POINT ( 'NONE',  ( 0.3708783497594473899, -0.5002359932711484269, 0.2099999999999999922 ) ) ;
#5595 = B_SPLINE_CURVE_WITH_KNOTS ( 'NONE', 3,
 ( #8414, #6842, #6690, #1450 ),
 .UNSPECIFIED., .F., .F.,
 ( 4, 4 ),
 ( 12.00000000000000000, 13.00000000000000000 ),
 .UNSPECIFIED. ) ;
#5596 = VECTOR ( 'NONE', #4066, 1000.000000000000000 ) ;
#5597 = CARTESIAN_POINT ( 'NONE',  ( 0.5686304809586079090, -0.5497018784838743066, 0.2199999999999999734 ) ) ;
#5598 = PRESENTATION_LAYER_ASSIGNMENT (  '', '', ( #5124 ) ) ;
#5599 = FACE_OUTER_BOUND ( 'NONE', #9459, .T. ) ;
#5600 = VERTEX_POINT ( 'NONE', #8194 ) ;
#5601 = DIRECTION ( 'NONE',  ( -0.000000000000000000, -0.000000000000000000, 1.000000000000000000 ) ) ;
#5602 = VERTEX_POINT ( 'NONE', #816 ) ;
#5603 = ADVANCED_FACE ( 'NONE', ( #5171 ), #2843, .F. ) ;
#5604 = CARTESIAN_POINT ( 'NONE',  ( 0.1695394914845377576, -0.6132212958128574476, 0.2199999999999999734 ) ) ;
#5605 = DIRECTION ( 'NONE',  ( 1.791105255628191490E-14, -1.000000000000000000, -0.000000000000000000 ) ) ;
#5606 = VERTEX_POINT ( 'NONE', #672 ) ;
#5607 = CARTESIAN_POINT ( 'NONE',  ( 0.4031128755587552459, -0.5672055726008524701, 0.2099999999999999922 ) ) ;
#5608 = CARTESIAN_POINT ( 'NONE',  ( 0.4106887318525338504, -0.5677502420073075040, 0.2099999999999999922 ) ) ;
#5609 = FACE_OUTER_BOUND ( 'NONE', #6875, .T. ) ;
#5610 = CARTESIAN_POINT ( 'NONE',  ( 0.03499999999999982292, -0.4550000000000000155, 0.000000000000000000 ) ) ;
#5611 = CARTESIAN_POINT ( 'NONE',  ( 0.3796054391176585385, -0.5861699710355784410, 0.2199999999999999734 ) ) ;
#5612 = CARTESIAN_POINT ( 'NONE',  ( 0.07588870653990240078, -0.5357528309264956157, 0.2099999999999999922 ) ) ;
#5613 = AXIS2_PLACEMENT_3D ( 'NONE', #7836, #1062, #8606 ) ;
#5614 = EDGE_CURVE ( 'NONE', #5855, #8239, #5853, .T. ) ;
#5615 = VERTEX_POINT ( 'NONE', #2301 ) ;
#5616 = B_SPLINE_CURVE_WITH_KNOTS ( 'NONE', 3,
 ( #8640, #9463, #4992, #347 ),
 .UNSPECIFIED., .F., .F.,
 ( 4, 4 ),
 ( 11.00000000000000000, 12.00000000000000000 ),
 .UNSPECIFIED. ) ;
#5617 = EDGE_CURVE ( 'NONE', #5843, #5534, #5950, .T. ) ;
#5618 = DIRECTION ( 'NONE',  ( 0.000000000000000000, -1.000000000000000000, 0.000000000000000000 ) ) ;
#5619 = AXIS2_PLACEMENT_3D ( 'NONE', #6105, #9112, #2354 ) ;
#5620 = CARTESIAN_POINT ( 'NONE',  ( 0.4549999999999995159, 0.5350000000000000311, -0.01000000000000000021 ) ) ;
#5621 = FACE_OUTER_BOUND ( 'NONE', #4020, .T. ) ;
#5622 = B_SPLINE_CURVE_WITH_KNOTS ( 'NONE', 3,
 ( #5900, #8955, #2889, #4318 ),
 .UNSPECIFIED., .F., .F.,
 ( 4, 4 ),
 ( 12.00000000000000000, 13.00000000000000000 ),
 .UNSPECIFIED. ) ;
#5623 = CARTESIAN_POINT ( 'NONE',  ( 0.4308414999022723291, -0.6007274988157917939, 0.2199999999999999734 ) ) ;
#5624 = CARTESIAN_POINT ( 'NONE',  ( 0.4859892773354981266, -0.5135061206355617802, 0.2199999999999999734 ) ) ;
#5625 = ADVANCED_FACE ( 'NONE', ( #4571 ), #5558, .F. ) ;
#5626 = CARTESIAN_POINT ( 'NONE',  ( -0.03499999999999982292, 0.4549999999999994049, -0.01000000000000000021 ) ) ;
#5627 = DIRECTION ( 'NONE',  ( -0.000000000000000000, -0.000000000000000000, 1.000000000000000000 ) ) ;
#5628 = STYLED_ITEM ( 'NONE', ( #9051 ), #4727 ) ;
#5629 = ADVANCED_FACE ( 'NONE', ( #3642 ), #8938, .F. ) ;
#5630 = ORIENTED_EDGE ( 'NONE', *, *, #1633, .T. ) ;
#5631 = EDGE_CURVE ( 'NONE', #8807, #4855, #5364, .T. ) ;
#5632 =( NAMED_UNIT ( * ) PLANE_ANGLE_UNIT ( ) SI_UNIT ( $, .RADIAN. ) );
#5633 = EDGE_LOOP ( 'NONE', ( #2468, #3257, #6572, #5947 ) ) ;
#5634 = VECTOR ( 'NONE', #8147, 1000.000000000000000 ) ;
#5635 = B_SPLINE_SURFACE_WITH_KNOTS ( 'NONE', 3, 1, ( 
 ( #8255, #4491 ),
 ( #8868, #5290 ),
 ( #9549, #3549 ),
 ( #4440, #2068 ) ),
 .UNSPECIFIED., .F., .F., .F.,
 ( 4, 4 ),
 ( 2, 2 ),
 ( 16.00000000000000000, 17.00000000000000000 ),
 ( 0.000000000000000000, 1.000000000000000000 ),
 .UNSPECIFIED. ) ;
#5636 = CARTESIAN_POINT ( 'NONE',  ( 0.09207102003142031421, -0.4965021399933357005, 0.2099999999999999922 ) ) ;
#5637 = ORIENTED_EDGE ( 'NONE', *, *, #1314, .T. ) ;
#5638 = AXIS2_PLACEMENT_3D ( 'NONE', #8463, #7673, #5353 ) ;
#5639 = UNCERTAINTY_MEASURE_WITH_UNIT (LENGTH_MEASURE( 1.000000000000000082E-05 ), #6527, 'distance_accuracy_value', 'NONE');
#5640 = DIRECTION ( 'NONE',  ( -0.000000000000000000, 1.000000000000000000, -0.000000000000000000 ) ) ;
#5641 = SURFACE_STYLE_USAGE ( .BOTH. , #5821 ) ;
#5642 = ORIENTED_EDGE ( 'NONE', *, *, #4788, .T. ) ;
#5643 = CARTESIAN_POINT ( 'NONE',  ( 0.4571589353282689006, -0.5079851534672040758, 0.2199999999999999734 ) ) ;
#5644 = CARTESIAN_POINT ( 'NONE',  ( 0.3650000000000001577, -0.3649999999999999356, -0.01000000000000000021 ) ) ;
#5645 = CARTESIAN_POINT ( 'NONE',  ( 0.5356532241504528002, -0.5764154371146568145, 0.2199999999999999734 ) ) ;
#5646 = CARTESIAN_POINT ( 'NONE',  ( 0.3648003343341620908, -0.5033059481093045129, 0.2099999999999999922 ) ) ;
#5647 = VECTOR ( 'NONE', #4349, 1000.000000000000000 ) ;
#5648 = DIRECTION ( 'NONE',  ( -0.000000000000000000, -0.000000000000000000, -1.000000000000000000 ) ) ;
#5649 = VERTEX_POINT ( 'NONE', #4615 ) ;
#5650 = ORIENTED_EDGE ( 'NONE', *, *, #7555, .T. ) ;
#5651 = CARTESIAN_POINT ( 'NONE',  ( 0.1430280541575548736, -0.5925630612757669669, 0.2099999999999999922 ) ) ;
#5652 = ORIENTED_EDGE ( 'NONE', *, *, #1941, .T. ) ;
#5653 = VERTEX_POINT ( 'NONE', #8565 ) ;
#5654 =( NAMED_UNIT ( * ) SI_UNIT ( $, .STERADIAN. ) SOLID_ANGLE_UNIT ( ) );
#5655 = PRESENTATION_LAYER_ASSIGNMENT (  '', '', ( #5343 ) ) ;
#5656 = CARTESIAN_POINT ( 'NONE',  ( 0.07588870653990240078, -0.5357528309264956157, 0.2199999999999999734 ) ) ;
#5657 = LINE ( 'NONE', #7092, #4982 ) ;
#5658 = VERTEX_POINT ( 'NONE', #8523 ) ;
#5659 = CARTESIAN_POINT ( 'NONE',  ( 0.4678790195607087643, -0.4721607611234009405, 0.2199999999999999734 ) ) ;
#5660 = DIRECTION ( 'NONE',  ( -1.000000000000000000, -0.000000000000000000, -0.000000000000000000 ) ) ;
#5661 = CARTESIAN_POINT ( 'NONE',  ( 0.3921452143228697507, -0.4642630547256726969, 0.2199999999999999734 ) ) ;
#5662 = DIRECTION ( 'NONE',  ( 0.000000000000000000, 0.000000000000000000, 1.000000000000000000 ) ) ;
#5663 = LINE ( 'NONE', #4723, #7558 ) ;
#5664 = LINE ( 'NONE', #1901, #3449 ) ;
#5665 = VECTOR ( 'NONE', #3745, 1000.000000000000000 ) ;
#5666 = ORIENTED_EDGE ( 'NONE', *, *, #9288, .F. ) ;
#5667 = ORIENTED_EDGE ( 'NONE', *, *, #8689, .F. ) ;
#5668 = CARTESIAN_POINT ( 'NONE',  ( 0.3709897594108650942, -0.4788948556070519169, 0.2099999999999999922 ) ) ;
#5669 = CARTESIAN_POINT ( 'NONE',  ( 0.4320298695169571546, -0.6011978951217422651, 0.2099999999999999922 ) ) ;
#5670 = CARTESIAN_POINT ( 'NONE',  ( 0.4550000000000001266, 0.4550000000000000155, 0.000000000000000000 ) ) ;
#5671 = DIRECTION ( 'NONE',  ( -0.000000000000000000, 1.000000000000000000, -0.000000000000000000 ) ) ;
#5672 = ADVANCED_FACE ( 'NONE', ( #4822 ), #2872, .T. ) ;
#5673 = VERTEX_POINT ( 'NONE', #3135 ) ;
#5674 = ORIENTED_EDGE ( 'NONE', *, *, #8966, .F. ) ;
#5675 = FILL_AREA_STYLE_COLOUR ( '', #7651 ) ;
#5676 = SURFACE_SIDE_STYLE ('',( #1080 ) ) ;
#5677 = PLANE ( 'NONE',  #7340 ) ;
#5678 = EDGE_CURVE ( 'NONE', #954, #4344, #6946, .T. ) ;
#5679 = ORIENTED_EDGE ( 'NONE', *, *, #7536, .F. ) ;
#5680 = ADVANCED_FACE ( 'NONE', ( #5473 ), #2172, .F. ) ;
#5681 = ADVANCED_FACE ( 'NONE', ( #7743 ), #9102, .F. ) ;
#5682 = CARTESIAN_POINT ( 'NONE',  ( 0.1430280541575548736, -0.5657073117214350688, 0.2099999999999999922 ) ) ;
#5683 = ORIENTED_EDGE ( 'NONE', *, *, #9446, .T. ) ;
#5684 = DIRECTION ( 'NONE',  ( -0.000000000000000000, -1.000000000000000000, -0.000000000000000000 ) ) ;
#5685 = DIRECTION ( 'NONE',  ( 1.000000000000000000, -0.000000000000000000, -0.000000000000000000 ) ) ;
#5686 = EDGE_CURVE ( 'NONE', #9222, #9483, #876, .T. ) ;
#5687 = ORIENTED_EDGE ( 'NONE', *, *, #4642, .F. ) ;
#5688 = CARTESIAN_POINT ( 'NONE',  ( 0.3887905459313502066, -0.5729741167719957229, 0.2099999999999999922 ) ) ;
#5689 = DIRECTION ( 'NONE',  ( -0.000000000000000000, -0.000000000000000000, -1.000000000000000000 ) ) ;
#5690 = CARTESIAN_POINT ( 'NONE',  ( -0.3650000000000001577, 0.3649999999999999356, -0.01000000000000000021 ) ) ;
#5691 = VECTOR ( 'NONE', #7217, 1000.000000000000000 ) ;
#5692 = CARTESIAN_POINT ( 'NONE',  ( 0.3780333251481621248, -0.5911462687971523744, 0.2099999999999999922 ) ) ;
#5693 = ORIENTED_EDGE ( 'NONE', *, *, #9273, .F. ) ;
#5694 = CARTESIAN_POINT ( 'NONE',  ( 0.3738616526464632051, -0.5612884822273783714, 0.2099999999999999922 ) ) ;
#5695 = ORIENTED_EDGE ( 'NONE', *, *, #9225, .T. ) ;
#5696 =( NAMED_UNIT ( * ) SI_UNIT ( $, .STERADIAN. ) SOLID_ANGLE_UNIT ( ) );
#5697 = VERTEX_POINT ( 'NONE', #223 ) ;
#5698 = PLANE ( 'NONE',  #5059 ) ;
#5699 = VECTOR ( 'NONE', #2711, 1000.000000000000114 ) ;
#5700 =( NAMED_UNIT ( * ) PLANE_ANGLE_UNIT ( ) SI_UNIT ( $, .RADIAN. ) );
#5701 = ORIENTED_EDGE ( 'NONE', *, *, #9519, .F. ) ;
#5702 = CARTESIAN_POINT ( 'NONE',  ( 0.1506027524130015838, -0.6132212958128574476, 0.2099999999999999922 ) ) ;
#5703 = DIRECTION ( 'NONE',  ( -0.000000000000000000, -0.000000000000000000, -1.000000000000000000 ) ) ;
#5704 = PLANE ( 'NONE',  #2905 ) ;
#5705 = SURFACE_STYLE_USAGE ( .BOTH. , #371 ) ;
#5706 = CARTESIAN_POINT ( 'NONE',  ( 0.2428763147170815428, -0.4699907043081231195, 0.2199999999999999734 ) ) ;
#5707 = VECTOR ( 'NONE', #4162, 1000.000000000000000 ) ;
#5708 = ORIENTED_EDGE ( 'NONE', *, *, #5315, .T. ) ;
#5709 = ORIENTED_EDGE ( 'NONE', *, *, #8751, .T. ) ;
#5710 = CARTESIAN_POINT ( 'NONE',  ( 0.3822668919005590693, -0.5861699710355784410, 0.2199999999999999734 ) ) ;
#5711 = CYLINDRICAL_SURFACE ( 'NONE', #1333, 0.07999999999999998779 ) ;
#5712 = VECTOR ( 'NONE', #9702, 1000.000000000000114 ) ;
#5713 = B_SPLINE_SURFACE_WITH_KNOTS ( 'NONE', 3, 1, ( 
 ( #7209, #7451 ),
 ( #8911, #5177 ),
 ( #2166, #4281 ),
 ( #8200, #2803 ) ),
 .UNSPECIFIED., .F., .F., .F.,
 ( 4, 4 ),
 ( 2, 2 ),
 ( 4.000000000000000000, 5.000000000000000000 ),
 ( 0.000000000000000000, 1.000000000000000000 ),
 .UNSPECIFIED. ) ;
#5714 = CARTESIAN_POINT ( 'NONE',  ( 0.4342828202447677755, -0.6014207144245777847, 0.2099999999999999922 ) ) ;
#5715 = LINE ( 'NONE', #5025, #887 ) ;
#5716 = LINE ( 'NONE', #6498, #4548 ) ;
#5717 = ORIENTED_EDGE ( 'NONE', *, *, #2709, .T. ) ;
#5718 =( GEOMETRIC_REPRESENTATION_CONTEXT ( 3 ) GLOBAL_UNCERTAINTY_ASSIGNED_CONTEXT ( ( #4553 ) ) GLOBAL_UNIT_ASSIGNED_CONTEXT ( ( #6431, #9378, #9427 ) ) REPRESENTATION_CONTEXT ( 'NONE', 'WORKASPACE' ) );
#5719 = B_SPLINE_CURVE_WITH_KNOTS ( 'NONE', 3,
 ( #8773, #588, #3604, #2589 ),
 .UNSPECIFIED., .F., .F.,
 ( 4, 4 ),
 ( 2.000000000000000000, 3.000000000000000000 ),
 .UNSPECIFIED. ) ;
#5720 = ORIENTED_EDGE ( 'NONE', *, *, #3009, .F. ) ;
#5721 = FACE_OUTER_BOUND ( 'NONE', #2246, .T. ) ;
#5722 = LINE ( 'NONE', #8582, #2066 ) ;
#5723 = ADVANCED_FACE ( 'NONE', ( #5523 ), #3833, .T. ) ;
#5724 = DIRECTION ( 'NONE',  ( -1.000000000000000000, 1.983296656985684741E-16, 0.000000000000000000 ) ) ;
#5725 = ORIENTED_EDGE ( 'NONE', *, *, #9341, .F. ) ;
#5726 = DIRECTION ( 'NONE',  ( -0.000000000000000000, -0.000000000000000000, -1.000000000000000000 ) ) ;
#5727 = CARTESIAN_POINT ( 'NONE',  ( 0.3738740314966013112, -0.5560150920621330650, 0.2199999999999999734 ) ) ;
#5728 = EDGE_LOOP ( 'NONE', ( #9529, #9330, #993, #4640, #9573, #5000, #132, #1395, #8510, #7467, #8585, #3869 ) ) ;
#5729 = LINE ( 'NONE', #8921, #8400 ) ;
#5730 = EDGE_CURVE ( 'NONE', #2203, #8026, #9129, .T. ) ;
#5731 = CARTESIAN_POINT ( 'NONE',  ( 0.3740473353987163740, -0.5036525559135289765, 0.2199999999999999734 ) ) ;
#5732 = UNCERTAINTY_MEASURE_WITH_UNIT (LENGTH_MEASURE( 1.000000000000000082E-05 ), #9250, 'distance_accuracy_value', 'NONE');
#5733 = CARTESIAN_POINT ( 'NONE',  ( 0.5183352127858924518, -0.5419032028872593498, 0.2099999999999999922 ) ) ;
#5734 = EDGE_CURVE ( 'NONE', #1239, #2723, #5755, .T. ) ;
#5735 = MECHANICAL_DESIGN_GEOMETRIC_PRESENTATION_REPRESENTATION (  '', ( #8570 ), #7000 ) ;
#5736 = DIRECTION ( 'NONE',  ( 0.000000000000000000, 0.000000000000000000, 1.000000000000000000 ) ) ;
#5737 = ORIENTED_EDGE ( 'NONE', *, *, #7858, .T. ) ;
#5738 = LINE ( 'NONE', #5548, #2628 ) ;
#5739 = CARTESIAN_POINT ( 'NONE',  ( 0.5321995249576521037, -0.5797577266562032872, 0.2199999999999999734 ) ) ;
#5740 = LINE ( 'NONE', #2074, #3758 ) ;
#5741 = CARTESIAN_POINT ( 'NONE',  ( 0.2635345755223489350, -0.5684617438683720048, 0.2099999999999999922 ) ) ;
#5742 = ORIENTED_EDGE ( 'NONE', *, *, #2488, .F. ) ;
#5743 = VERTEX_POINT ( 'NONE', #8795 ) ;
#5744 = AXIS2_PLACEMENT_3D ( 'NONE', #6461, #4334, #5865 ) ;
#5745 = ORIENTED_EDGE ( 'NONE', *, *, #2842, .T. ) ;
#5746 = ADVANCED_FACE ( 'NONE', ( #1853 ), #2787, .F. ) ;
#5747 = ORIENTED_EDGE ( 'NONE', *, *, #2775, .F. ) ;
#5748 = DIRECTION ( 'NONE',  ( -0.000000000000000000, -0.000000000000000000, -1.000000000000000000 ) ) ;
#5749 = ADVANCED_FACE ( 'NONE', ( #9481 ), #1370, .F. ) ;
#5750 = ADVANCED_FACE ( 'NONE', ( #4261 ), #5169, .F. ) ;
#5751 = ORIENTED_EDGE ( 'NONE', *, *, #6149, .F. ) ;
#5752 = CARTESIAN_POINT ( 'NONE',  ( 0.4031128755587552459, -0.5672055726008524701, 0.2199999999999999734 ) ) ;
#5753 = LINE ( 'NONE', #4077, #5421 ) ;
#5754 = FACE_OUTER_BOUND ( 'NONE', #1444, .T. ) ;
#5755 = LINE ( 'NONE', #417, #2954 ) ;
#5756 = CARTESIAN_POINT ( 'NONE',  ( 0.4322526888196110972, -0.4916945866655208497, 0.2199999999999999734 ) ) ;
#5757 = PLANE ( 'NONE',  #8512 ) ;
#5758 = ORIENTED_EDGE ( 'NONE', *, *, #5133, .F. ) ;
#5759 = ORIENTED_EDGE ( 'NONE', *, *, #244, .T. ) ;
#5760 = CARTESIAN_POINT ( 'NONE',  ( 0.5350000000000001421, 0.4549999999999994049, 0.000000000000000000 ) ) ;
#5761 = SURFACE_STYLE_USAGE ( .BOTH. , #4179 ) ;
#5762 = CARTESIAN_POINT ( 'NONE',  ( 0.3772163210379844700, -0.5070443608556347570, 0.2099999999999999922 ) ) ;
#5763 = VECTOR ( 'NONE', #270, 1000.000000000000000 ) ;
#5764 = LINE ( 'NONE', #4274, #3847 ) ;
#5765 = ORIENTED_EDGE ( 'NONE', *, *, #8455, .T. ) ;
#5766 = ORIENTED_EDGE ( 'NONE', *, *, #6400, .T. ) ;
#5767 = AXIS2_PLACEMENT_3D ( 'NONE', #8583, #8445, #7815 ) ;
#5768 = CARTESIAN_POINT ( 'NONE',  ( 0.4336267411867306132, -0.4706505414047669200, 0.2199999999999999734 ) ) ;
#5769 = FACE_OUTER_BOUND ( 'NONE', #3714, .T. ) ;
#5770 = CARTESIAN_POINT ( 'NONE',  ( 0.4244044978224565945, -0.5752023097996914469, 0.2099999999999999922 ) ) ;
#5771 = PRESENTATION_LAYER_ASSIGNMENT (  '', '', ( #1828 ) ) ;
#5772 = CARTESIAN_POINT ( 'NONE',  ( 0.3601582655266780675, -0.5474736854561776944, 0.2199999999999999734 ) ) ;
#5773 = VERTEX_POINT ( 'NONE', #7890 ) ;
#5774 = EDGE_CURVE ( 'NONE', #160, #467, #4169, .T. ) ;
#5775 = CARTESIAN_POINT ( 'NONE',  ( 0.3670656639122792941, -0.5810698847722819416, 0.2199999999999999734 ) ) ;
#5776 = LINE ( 'NONE', #7912, #5691 ) ;
#5777 = COLOUR_RGB ( '',0.4980392156862745168, 0.4980392156862745168, 0.4980392156862745168 ) ;
#5778 = SURFACE_STYLE_FILL_AREA ( #7264 ) ;
#5779 = VERTEX_POINT ( 'NONE', #7191 ) ;
#5780 = SURFACE_SIDE_STYLE ('',( #8777 ) ) ;
#5781 = CARTESIAN_POINT ( 'NONE',  ( 0.5084692692137189329, -0.4746612888544927689, 0.2199999999999999734 ) ) ;
#5782 = CARTESIAN_POINT ( 'NONE',  ( 0.3700365879491555043, -0.5884229217635547071, 0.2099999999999999922 ) ) ;
#5783 = EDGE_CURVE ( 'NONE', #9745, #1261, #7985, .T. ) ;
#5784 = EDGE_LOOP ( 'NONE', ( #1583, #1876, #1122, #7397 ) ) ;
#5785 = B_SPLINE_SURFACE_WITH_KNOTS ( 'NONE', 3, 1, ( 
 ( #4946, #7968 ),
 ( #549, #3558 ),
 ( #6567, #1139 ),
 ( #4199, #9605 ) ),
 .UNSPECIFIED., .F., .F., .F.,
 ( 4, 4 ),
 ( 2, 2 ),
 ( 8.000000000000000000, 9.000000000000000000 ),
 ( 0.000000000000000000, 1.000000000000000000 ),
 .UNSPECIFIED. ) ;
#5786 = VERTEX_POINT ( 'NONE', #2596 ) ;
#5787 = CARTESIAN_POINT ( 'NONE',  ( 0.3740473353987163740, -0.5036525559135289765, 0.2199999999999999734 ) ) ;
#5788 = FILL_AREA_STYLE ('',( #4356 ) ) ;
#5789 = VERTEX_POINT ( 'NONE', #5610 ) ;
#5790 = STYLED_ITEM ( 'NONE', ( #3378 ), #5746 ) ;
#5791 = ADVANCED_FACE ( 'NONE', ( #3029, #6792 ), #6029, .F. ) ;
#5792 = CARTESIAN_POINT ( 'NONE',  ( 0.5082340710607428091, -0.4739928309463168898, 0.2099999999999999922 ) ) ;
#5793 = DIRECTION ( 'NONE',  ( -0.000000000000000000, -1.000000000000000000, -0.000000000000000000 ) ) ;
#5794 = CARTESIAN_POINT ( 'NONE',  ( 0.4711346571512823878, -0.4672092210621049402, 0.2199999999999999734 ) ) ;
#5795 = CARTESIAN_POINT ( 'NONE',  ( 0.4112086435590397437, -0.5611646937259857637, 0.2199999999999999734 ) ) ;
#5796 = ADVANCED_FACE ( 'NONE', ( #5940 ), #8132, .F. ) ;
#5797 = B_SPLINE_CURVE_WITH_KNOTS ( 'NONE', 3,
 ( #5787, #7931, #410, #7977 ),
 .UNSPECIFIED., .F., .F.,
 ( 4, 4 ),
 ( 10.00000000000000000, 11.00000000000000000 ),
 .UNSPECIFIED. ) ;
#5798 = ADVANCED_FACE ( 'NONE', ( #5205 ), #8838, .F. ) ;
#5799 = ORIENTED_EDGE ( 'NONE', *, *, #8343, .F. ) ;
#5800 = SURFACE_STYLE_FILL_AREA ( #7106 ) ;
#5801 = VECTOR ( 'NONE', #4496, 1000.000000000000000 ) ;
#5802 = ORIENTED_EDGE ( 'NONE', *, *, #2115, .F. ) ;
#5803 = CARTESIAN_POINT ( 'NONE',  ( 0.3612599831903885450, -0.5903292646869716664, 0.2099999999999999922 ) ) ;
#5804 = CARTESIAN_POINT ( 'NONE',  ( 0.4192672750089074252, -0.5598772933098575821, 0.2199999999999999734 ) ) ;
#5805 = ADVANCED_FACE ( 'NONE', ( #1293 ), #6584, .F. ) ;
#5806 = CARTESIAN_POINT ( 'NONE',  ( 0.3823535438516988960, -0.5549505109488411803, 0.2099999999999999922 ) ) ;
#5807 = VECTOR ( 'NONE', #8137, 1000.000000000000000 ) ;
#5808 = CARTESIAN_POINT ( 'NONE',  ( 0.3796054391176585385, -0.5861699710355784410, 0.2099999999999999922 ) ) ;
#5809 = LINE ( 'NONE', #4978, #4631 ) ;
#5810 = ORIENTED_EDGE ( 'NONE', *, *, #7812, .F. ) ;
#5811 = DIRECTION ( 'NONE',  ( 0.000000000000000000, 0.000000000000000000, -1.000000000000000000 ) ) ;
#5812 = EDGE_LOOP ( 'NONE', ( #2733, #1820, #5115, #3810 ) ) ;
#5813 = MECHANICAL_DESIGN_GEOMETRIC_PRESENTATION_REPRESENTATION (  '', ( #7393 ), #2506 ) ;
#5814 = CARTESIAN_POINT ( 'NONE',  ( -0.3650000000000001577, 0.5350000000000000311, -0.01000000000000000021 ) ) ;
#5815 = VERTEX_POINT ( 'NONE', #3626 ) ;
#5816 = DIRECTION ( 'NONE',  ( -0.000000000000000000, -1.000000000000000000, -0.000000000000000000 ) ) ;
#5817 = ORIENTED_EDGE ( 'NONE', *, *, #126, .F. ) ;
#5818 = PLANE ( 'NONE',  #3342 ) ;
#5819 = CARTESIAN_POINT ( 'NONE',  ( 0.5350000000000002531, -0.3649999999999999356, -0.01000000000000000021 ) ) ;
#5820 = CARTESIAN_POINT ( 'NONE',  ( 0.1385521068436401659, -0.5006337717965224643, 0.2099999999999999922 ) ) ;
#5821 = SURFACE_SIDE_STYLE ('',( #5778 ) ) ;
#5822 = ORIENTED_EDGE ( 'NONE', *, *, #6897, .F. ) ;
#5823 = FACE_OUTER_BOUND ( 'NONE', #108, .T. ) ;
#5824 = CARTESIAN_POINT ( 'NONE',  ( 0.4363748459207713593, -0.5557427573587392367, 0.2199999999999999734 ) ) ;
#5825 = CARTESIAN_POINT ( 'NONE',  ( 0.5255025670247480685, -0.5903292646869716664, 0.2099999999999999922 ) ) ;
#5826 = CARTESIAN_POINT ( 'NONE',  ( 0.4501277484412766761, -0.4706505414047669200, 0.2199999999999999734 ) ) ;
#5827 = B_SPLINE_CURVE_WITH_KNOTS ( 'NONE', 3,
 ( #535, #2018, #8770, #5041 ),
 .UNSPECIFIED., .F., .F.,
 ( 4, 4 ),
 ( 9.000000000000000000, 10.00000000000000000 ),
 .UNSPECIFIED. ) ;
#5828 = VERTEX_POINT ( 'NONE', #8183 ) ;
#5829 = ORIENTED_EDGE ( 'NONE', *, *, #4284, .F. ) ;
#5830 = COLOUR_RGB ( '',0.2980392156862745057, 0.2980392156862745057, 0.2980392156862745057 ) ;
#5831 = ORIENTED_EDGE ( 'NONE', *, *, #5974, .F. ) ;
#5832 = FACE_OUTER_BOUND ( 'NONE', #3907, .T. ) ;
#5833 = CARTESIAN_POINT ( 'NONE',  ( 0.1320103255684831056, -0.5006337717965224643, 0.2199999999999999734 ) ) ;
#5834 = VERTEX_POINT ( 'NONE', #657 ) ;
#5835 = EDGE_CURVE ( 'NONE', #8364, #1886, #7141, .T. ) ;
#5836 = VECTOR ( 'NONE', #7067, 1000.000000000000114 ) ;
#5837 = DIRECTION ( 'NONE',  ( -0.000000000000000000, -1.000000000000000000, -0.000000000000000000 ) ) ;
#5838 = PRESENTATION_STYLE_ASSIGNMENT (( #5061 ) ) ;
#5839 = CARTESIAN_POINT ( 'NONE',  ( 0.3689472491355835770, -0.5077128187638136891, 0.2199999999999999734 ) ) ;
#5840 = DIRECTION ( 'NONE',  ( -1.000000000000000000, 0.000000000000000000, 0.000000000000000000 ) ) ;
#5841 = FACE_OUTER_BOUND ( 'NONE', #9039, .T. ) ;
#5842 = CARTESIAN_POINT ( 'NONE',  ( 0.4112086435590397437, -0.5611646937259857637, 0.2099999999999999922 ) ) ;
#5843 = VERTEX_POINT ( 'NONE', #1399 ) ;
#5844 = VERTEX_POINT ( 'NONE', #3120 ) ;
#5845 = LINE ( 'NONE', #1458, #5405 ) ;
#5846 = MECHANICAL_DESIGN_GEOMETRIC_PRESENTATION_REPRESENTATION (  '', ( #7752 ), #20 ) ;
#5847 = ORIENTED_EDGE ( 'NONE', *, *, #8109, .F. ) ;
#5848 = EDGE_CURVE ( 'NONE', #1207, #5606, #8206, .T. ) ;
#5849 = CARTESIAN_POINT ( 'NONE',  ( 0.4549999999999995159, 0.1250000000000000278, -0.01000000000000000021 ) ) ;
#5850 = EDGE_CURVE ( 'NONE', #5528, #8008, #67, .T. ) ;
#5851 = ADVANCED_FACE ( 'NONE', ( #1592 ), #4653, .T. ) ;
#5852 = FACE_OUTER_BOUND ( 'NONE', #4896, .T. ) ;
#5853 = LINE ( 'NONE', #3689, #8172 ) ;
#5854 = DIRECTION ( 'NONE',  ( -0.3559357243643221924, 0.9345104387438618598, -0.000000000000000000 ) ) ;
#5855 = VERTEX_POINT ( 'NONE', #7725 ) ;
#5856 = EDGE_CURVE ( 'NONE', #4918, #5884, #949, .T. ) ;
#5857 = AXIS2_PLACEMENT_3D ( 'NONE', #9130, #1740, #9228 ) ;
#5858 = ORIENTED_EDGE ( 'NONE', *, *, #2672, .T. ) ;
#5859 = DIRECTION ( 'NONE',  ( 0.000000000000000000, 0.000000000000000000, 1.000000000000000000 ) ) ;
#5860 = CARTESIAN_POINT ( 'NONE',  ( 0.3697271166951787147, -0.4713932724141087216, 0.2199999999999999734 ) ) ;
#5861 = EDGE_CURVE ( 'NONE', #6972, #6365, #3962, .T. ) ;
#5862 = EDGE_CURVE ( 'NONE', #6477, #3401, #1126, .T. ) ;
#5863 = DIRECTION ( 'NONE',  ( 0.000000000000000000, 0.000000000000000000, -1.000000000000000000 ) ) ;
#5864 = VERTEX_POINT ( 'NONE', #5504 ) ;
#5865 = DIRECTION ( 'NONE',  ( 0.000000000000000000, 0.000000000000000000, 1.000000000000000000 ) ) ;
#5866 = VECTOR ( 'NONE', #1818, 1000.000000000000000 ) ;
#5867 = B_SPLINE_SURFACE_WITH_KNOTS ( 'NONE', 3, 1, ( 
 ( #8286, #2207 ),
 ( #4521, #3640 ),
 ( #2157, #5170 ),
 ( #8193, #1412 ) ),
 .UNSPECIFIED., .F., .F., .F.,
 ( 4, 4 ),
 ( 2, 2 ),
 ( 2.000000000000000000, 3.000000000000000000 ),
 ( 0.000000000000000000, 1.000000000000000000 ),
 .UNSPECIFIED. ) ;
#5868 = DIRECTION ( 'NONE',  ( 0.000000000000000000, 0.000000000000000000, -1.000000000000000000 ) ) ;
#5869 = ORIENTED_EDGE ( 'NONE', *, *, #7660, .T. ) ;
#5870 = DIRECTION ( 'NONE',  ( -0.000000000000000000, -0.000000000000000000, -1.000000000000000000 ) ) ;
#5871 = DIRECTION ( 'NONE',  ( 1.000000000000000000, 0.000000000000000000, 0.000000000000000000 ) ) ;
#5872 = CARTESIAN_POINT ( 'NONE',  ( 0.5832994183907361796, -0.5903292646869716664, 0.2099999999999999922 ) ) ;
#5873 = VECTOR ( 'NONE', #6238, 1000.000000000000000 ) ;
#5874 = CARTESIAN_POINT ( 'NONE',  ( 0.5320633576057908209, -0.5520291023126873142, 0.2099999999999999922 ) ) ;
#5875 = LINE ( 'NONE', #692, #8688 ) ;
#5876 = ORIENTED_EDGE ( 'NONE', *, *, #1716, .F. ) ;
#5877 = LINE ( 'NONE', #640, #4362 ) ;
#5878 = LINE ( 'NONE', #546, #9648 ) ;
#5879 = FACE_OUTER_BOUND ( 'NONE', #1114, .T. ) ;
#5880 = CARTESIAN_POINT ( 'NONE',  ( 0.1395850172570113623, -0.4806641387290009337, 0.2199999999999999734 ) ) ;
#5881 = VERTEX_POINT ( 'NONE', #6179 ) ;
#5882 = ORIENTED_EDGE ( 'NONE', *, *, #3244, .F. ) ;
#5883 = VECTOR ( 'NONE', #4805, 1000.000000000000000 ) ;
#5884 = VERTEX_POINT ( 'NONE', #2482 ) ;
#5885 = CARTESIAN_POINT ( 'NONE',  ( 0.1316660199083858340, -0.4799755306923473852, 0.2199999999999999734 ) ) ;
#5886 = LINE ( 'NONE', #2925, #4438 ) ;
#5887 = VERTEX_POINT ( 'NONE', #6232 ) ;
#5888 =( NAMED_UNIT ( * ) SI_UNIT ( $, .STERADIAN. ) SOLID_ANGLE_UNIT ( ) );
#5889 = CARTESIAN_POINT ( 'NONE',  ( 0.3743815643529695425, -0.4752802313621141694, 0.2199999999999999734 ) ) ;
#5890 = LINE ( 'NONE', #6635, #9497 ) ;
#5891 = VECTOR ( 'NONE', #4635, 1000.000000000000000 ) ;
#5892 = FACE_OUTER_BOUND ( 'NONE', #5151, .T. ) ;
#5893 = ORIENTED_EDGE ( 'NONE', *, *, #958, .T. ) ;
#5894 = SURFACE_STYLE_FILL_AREA ( #3633 ) ;
#5895 = EDGE_LOOP ( 'NONE', ( #1808, #2656, #5393, #7178 ) ) ;
#5896 = DIRECTION ( 'NONE',  ( -0.000000000000000000, -0.000000000000000000, -1.000000000000000000 ) ) ;
#5897 = EDGE_CURVE ( 'NONE', #5499, #5834, #6905, .T. ) ;
#5898 = ORIENTED_EDGE ( 'NONE', *, *, #2966, .F. ) ;
#5899 = VECTOR ( 'NONE', #2357, 1000.000000000000000 ) ;
#5900 = CARTESIAN_POINT ( 'NONE',  ( 0.4470577936031209787, -0.5817878580813445888, 0.2099999999999999922 ) ) ;
#5901 = VERTEX_POINT ( 'NONE', #801 ) ;
#5902 = CARTESIAN_POINT ( 'NONE',  ( 0.4995317394029773483, -0.4947892992036243553, 0.2199999999999999734 ) ) ;
#5903 = CARTESIAN_POINT ( 'NONE',  ( 0.08105327174109488997, -0.5629528795741676195, 0.2099999999999999922 ) ) ;
#5904 = CARTESIAN_POINT ( 'NONE',  ( 0.3607524503341855149, -0.5079851534672040758, 0.2099999999999999922 ) ) ;
#5905 = EDGE_CURVE ( 'NONE', #8018, #6477, #3817, .T. ) ;
#5906 = CARTESIAN_POINT ( 'NONE',  ( 0.4342828202447677755, -0.6014207144245777847, 0.2199999999999999734 ) ) ;
#5907 = AXIS2_PLACEMENT_3D ( 'NONE', #6988, #3229, #6434 ) ;
#5908 = VERTEX_POINT ( 'NONE', #4703 ) ;
#5909 = ADVANCED_FACE ( 'NONE', ( #6178 ), #6413, .T. ) ;
#5910 = EDGE_LOOP ( 'NONE', ( #2568, #2503, #7233, #8978 ) ) ;
#5911 = CARTESIAN_POINT ( 'NONE',  ( 0.2614687546956039332, -0.4971907480299862514, 0.2199999999999999734 ) ) ;
#5912 = CARTESIAN_POINT ( 'NONE',  ( 0.3875155243655242776, -0.4642630547256726969, 0.2199999999999999734 ) ) ;
#5913 = CARTESIAN_POINT ( 'NONE',  ( 0.4048335357300853476, -0.5705478621420710938, 0.2099999999999999922 ) ) ;
#5914 = ORIENTED_EDGE ( 'NONE', *, *, #6262, .T. ) ;
#5915 = DIRECTION ( 'NONE',  ( -1.000000000000000000, -0.000000000000000000, -0.000000000000000000 ) ) ;
#5916 = ADVANCED_FACE ( 'NONE', ( #110 ), #9325, .T. ) ;
#5917 = EDGE_CURVE ( 'NONE', #3421, #9393, #7828, .T. ) ;
#5918 = FACE_OUTER_BOUND ( 'NONE', #4762, .T. ) ;
#5920 = EDGE_CURVE ( 'NONE', #8970, #8239, #259, .T. ) ;
#5919 = VECTOR ( 'NONE', #4074, 1000.000000000000000 ) ;
#5921 = CARTESIAN_POINT ( 'NONE',  ( 0.4093641948861510005, -0.5645317409674827092, 0.2199999999999999734 ) ) ;
#5922 = DIRECTION ( 'NONE',  ( -0.8863488427958782223, -0.4630180653866621809, 0.000000000000000000 ) ) ;
#5923 = B_SPLINE_CURVE_WITH_KNOTS ( 'NONE', 3,
 ( #5739, #5645, #4151, #8731 ),
 .UNSPECIFIED., .F., .F.,
 ( 4, 4 ),
 ( 3.000000000000000000, 4.000000000000000000 ),
 .UNSPECIFIED. ) ;
#5924 = CARTESIAN_POINT ( 'NONE',  ( 0.3817841167446345829, -0.5598772933098575821, 0.2199999999999999734 ) ) ;
#5925 = ORIENTED_EDGE ( 'NONE', *, *, #6333, .F. ) ;
#5926 = COLOUR_RGB ( '',0.6666666666666666297, 0.6666666666666666297, 0.6666666666666666297 ) ;
#5927 = SURFACE_STYLE_USAGE ( .BOTH. , #6674 ) ;
#5928 = CARTESIAN_POINT ( 'NONE',  ( 0.4693273450289766058, -0.5419032028872593498, 0.2199999999999999734 ) ) ;
#5929 = EDGE_CURVE ( 'NONE', #804, #2213, #153, .T. ) ;
#5930 = DIRECTION ( 'NONE',  ( 0.9369753459545564489, 0.3493954794689526078, -0.000000000000000000 ) ) ;
#5931 = B_SPLINE_SURFACE_WITH_KNOTS ( 'NONE', 3, 1, ( 
 ( #9370, #7870 ),
 ( #4802, #2623 ),
 ( #7824, #1092 ),
 ( #8642, #6325 ) ),
 .UNSPECIFIED., .F., .F., .F.,
 ( 4, 4 ),
 ( 2, 2 ),
 ( 3.000000000000000000, 4.000000000000000000 ),
 ( 0.000000000000000000, 1.000000000000000000 ),
 .UNSPECIFIED. ) ;
#5932 = CYLINDRICAL_SURFACE ( 'NONE', #7749, 0.07999999999999998779 ) ;
#5933 = VERTEX_POINT ( 'NONE', #8554 ) ;
#5934 = EDGE_LOOP ( 'NONE', ( #5180, #5263, #747, #1508 ) ) ;
#5935 = DIRECTION ( 'NONE',  ( 1.000000000000000000, -0.000000000000000000, -0.000000000000000000 ) ) ;
#5936 = CARTESIAN_POINT ( 'NONE',  ( 0.4135358673878523073, -0.5695327964296650336, 0.2199999999999999734 ) ) ;
#5937 = ORIENTED_EDGE ( 'NONE', *, *, #1984, .F. ) ;
#5938 = CARTESIAN_POINT ( 'NONE',  ( 0.5084692692137189329, -0.4746612888544927689, 0.2099999999999999922 ) ) ;
#5939 = PLANE ( 'NONE',  #4177 ) ;
#5940 = FACE_OUTER_BOUND ( 'NONE', #1690, .T. ) ;
#5941 = COLOUR_RGB ( '',0.2980392156862745057, 0.2980392156862745057, 0.2980392156862745057 ) ;
#5942 = CARTESIAN_POINT ( 'NONE',  ( 0.4059723899442126416, -0.5720580818607033935, 0.2199999999999999734 ) ) ;
#5943 = LINE ( 'NONE', #8948, #6304 ) ;
#5944 = DIRECTION ( 'NONE',  ( 0.9345104387438608606, -0.3559357243643250235, 0.000000000000000000 ) ) ;
#5945 = ORIENTED_EDGE ( 'NONE', *, *, #8989, .F. ) ;
#5946 = B_SPLINE_CURVE_WITH_KNOTS ( 'NONE', 3,
 ( #1039, #7064, #1826, #4139 ),
 .UNSPECIFIED., .F., .F.,
 ( 4, 4 ),
 ( 8.000000000000000000, 9.000000000000000000 ),
 .UNSPECIFIED. ) ;
#5947 = ORIENTED_EDGE ( 'NONE', *, *, #3926, .T. ) ;
#5948 = DIRECTION ( 'NONE',  ( -0.000000000000000000, -0.000000000000000000, -1.000000000000000000 ) ) ;
#5949 = VERTEX_POINT ( 'NONE', #6128 ) ;
#5950 = CIRCLE ( 'NONE', #7365, 0.05903719021641397335 ) ;
#5951 = DIRECTION ( 'NONE',  ( 0.000000000000000000, -0.000000000000000000, -1.000000000000000000 ) ) ;
#5952 = VERTEX_POINT ( 'NONE', #7031 ) ;
#5953 = CARTESIAN_POINT ( 'NONE',  ( 0.5226554314894321651, -0.5135061206355822083, 0.2099999999999999922 ) ) ;
#5954 = CARTESIAN_POINT ( 'NONE',  ( 0.3887905459313502066, -0.5791387841485818866, 0.2099999999999999922 ) ) ;
#5955 = CARTESIAN_POINT ( 'NONE',  ( 0.4099831373939369916, -0.5620064555364439052, 0.2099999999999999922 ) ) ;
#5956 = VECTOR ( 'NONE', #2332, 1000.000000000000000 ) ;
#5957 = ORIENTED_EDGE ( 'NONE', *, *, #1998, .F. ) ;
#5958 = CARTESIAN_POINT ( 'NONE',  ( 0.2742080050182409967, -0.5567553973923542454, 0.2199999999999999734 ) ) ;
#5959 = DIRECTION ( 'NONE',  ( 0.000000000000000000, -1.000000000000000000, 0.000000000000000000 ) ) ;
#5960 = B_SPLINE_CURVE_WITH_KNOTS ( 'NONE', 3,
 ( #9651, #9067, #3799, #2911 ),
 .UNSPECIFIED., .F., .F.,
 ( 4, 4 ),
 ( 18.00000000000000000, 19.00000000000000000 ),
 .UNSPECIFIED. ) ;
#5961 = CIRCLE ( 'NONE', #9262, 0.07999999999999998779 ) ;
#5962 = CARTESIAN_POINT ( 'NONE',  ( 0.1344204520556538662, -0.4799755306923473852, 0.2099999999999999922 ) ) ;
#5963 = EDGE_LOOP ( 'NONE', ( #8827, #5310, #6621, #392 ) ) ;
#5964 = EDGE_CURVE ( 'NONE', #1102, #8364, #2481, .T. ) ;
#5965 = ORIENTED_EDGE ( 'NONE', *, *, #1079, .T. ) ;
#5966 = CARTESIAN_POINT ( 'NONE',  ( 0.2742080050182409967, -0.5426389178617498921, 0.2199999999999999734 ) ) ;
#5967 = VECTOR ( 'NONE', #466, 1000.000000000000000 ) ;
#5968 = EDGE_CURVE ( 'NONE', #9062, #46, #7083, .T. ) ;
#5969 = CARTESIAN_POINT ( 'NONE',  ( 0.4093641948861510005, -0.5631453097505708660, 0.2199999999999999734 ) ) ;
#5970 = LINE ( 'NONE', #6722, #1115 ) ;
#5971 = CARTESIAN_POINT ( 'NONE',  ( 0.3670656639122792941, -0.5810698847722819416, 0.2099999999999999922 ) ) ;
#5972 = ORIENTED_EDGE ( 'NONE', *, *, #6374, .F. ) ;
#5973 = EDGE_CURVE ( 'NONE', #5984, #5673, #6280, .T. ) ;
#5974 = EDGE_CURVE ( 'NONE', #1830, #5387, #1721, .T. ) ;
#5975 = FILL_AREA_STYLE_COLOUR ( '', #5941 ) ;
#5976 = DIRECTION ( 'NONE',  ( -1.000000000000000000, 0.000000000000000000, 0.000000000000000000 ) ) ;
#5977 = CARTESIAN_POINT ( 'NONE',  ( 0.4678790195607087643, -0.4721607611234009405, 0.2199999999999999734 ) ) ;
#5978 = CARTESIAN_POINT ( 'NONE',  ( 0.5320633576057908209, -0.5520291023126873142, 0.2099999999999999922 ) ) ;
#5979 = ORIENTED_EDGE ( 'NONE', *, *, #4883, .F. ) ;
#5980 = ORIENTED_EDGE ( 'NONE', *, *, #2602, .T. ) ;
#5981 = EDGE_CURVE ( 'NONE', #653, #6386, #4667, .T. ) ;
#5982 = FACE_OUTER_BOUND ( 'NONE', #3968, .T. ) ;
#5983 = FACE_OUTER_BOUND ( 'NONE', #4970, .T. ) ;
#5984 = VERTEX_POINT ( 'NONE', #308 ) ;
#5985 = FACE_BOUND ( 'NONE', #3027, .T. ) ;
#5986 = DIRECTION ( 'NONE',  ( -0.000000000000000000, -0.000000000000000000, -1.000000000000000000 ) ) ;
#5987 =( NAMED_UNIT ( * ) PLANE_ANGLE_UNIT ( ) SI_UNIT ( $, .RADIAN. ) );
#5988 = LINE ( 'NONE', #7627, #2206 ) ;
#5989 = PLANE ( 'NONE',  #2662 ) ;
#5990 = ORIENTED_EDGE ( 'NONE', *, *, #9406, .T. ) ;
#5991 = CARTESIAN_POINT ( 'NONE',  ( 0.4438764291137137219, -0.4650800588358516285, 0.2099999999999999922 ) ) ;
#5992 = ORIENTED_EDGE ( 'NONE', *, *, #3197, .T. ) ;
#5993 = LINE ( 'NONE', #2011, #7165 ) ;
#5994 = ORIENTED_EDGE ( 'NONE', *, *, #426, .T. ) ;
#5995 = VECTOR ( 'NONE', #4743, 1000.000000000000227 ) ;
#5996 = DIRECTION ( 'NONE',  ( -0.000000000000000000, -1.000000000000000000, -0.000000000000000000 ) ) ;
#5997 = ORIENTED_EDGE ( 'NONE', *, *, #3129, .T. ) ;
#5998 = CARTESIAN_POINT ( 'NONE',  ( 0.4347284588502749458, -0.5079851534672040758, 0.2199999999999999734 ) ) ;
#5999 = DIRECTION ( 'NONE',  ( -0.000000000000000000, -0.000000000000000000, -1.000000000000000000 ) ) ;
#6000 = CARTESIAN_POINT ( 'NONE',  ( 0.5650777509646929264, -0.5419032028872593498, 0.2099999999999999922 ) ) ;
#6001 = CARTESIAN_POINT ( 'NONE',  ( 0.4928966757207836058, -0.5629720058482915457, 0.2199999999999999734 ) ) ;
#6002 = SURFACE_SIDE_STYLE ('',( #7595 ) ) ;
#6003 = ORIENTED_EDGE ( 'NONE', *, *, #6659, .F. ) ;
#6004 = CARTESIAN_POINT ( 'NONE',  ( 0.1667850593374332058, -0.4569071380640309932, 0.2099999999999999922 ) ) ;
#6005 = DIRECTION ( 'NONE',  ( -0.3385350343141391161, -0.9409537876760604158, 0.000000000000000000 ) ) ;
#6006 = MECHANICAL_DESIGN_GEOMETRIC_PRESENTATION_REPRESENTATION (  '', ( #3486 ), #2707 ) ;
#6007 = B_SPLINE_SURFACE_WITH_KNOTS ( 'NONE', 3, 1, ( 
 ( #6585, #7283 ),
 ( #6638, #8184 ),
 ( #464, #1400 ),
 ( #658, #3675 ) ),
 .UNSPECIFIED., .F., .F., .F.,
 ( 4, 4 ),
 ( 2, 2 ),
 ( 35.00000000000000000, 36.00000000000000000 ),
 ( 0.000000000000000000, 1.000000000000000000 ),
 .UNSPECIFIED. ) ;
#6008 = PLANE ( 'NONE',  #6550 ) ;
#6009 = VECTOR ( 'NONE', #6211, 1000.000000000000000 ) ;
#6010 = CARTESIAN_POINT ( 'NONE',  ( 0.3414662017951807238, -0.5474736854561776944, 0.2099999999999999922 ) ) ;
#6011 = ADVANCED_FACE ( 'NONE', ( #3312 ), #6574, .F. ) ;
#6012 = CARTESIAN_POINT ( 'NONE',  ( 0.4244044978224565945, -0.5752023097996914469, 0.2099999999999999922 ) ) ;
#6013 = CARTESIAN_POINT ( 'NONE',  ( 0.1178938361874166119, -0.5898086028601592368, 0.2199999999999999734 ) ) ;
#6014 = CARTESIAN_POINT ( 'NONE',  ( 0.4942707280878861908, -0.5419032028872593498, 0.2099999999999999922 ) ) ;
#6015 = PRESENTATION_STYLE_ASSIGNMENT (( #5641 ) ) ;
#6016 = VERTEX_POINT ( 'NONE', #6884 ) ;
#6017 = SURFACE_STYLE_USAGE ( .BOTH. , #1484 ) ;
#6018 = LINE ( 'NONE', #935, #9490 ) ;
#6019 = CARTESIAN_POINT ( 'NONE',  ( 0.4295912360367263871, -0.5557427573587392367, 0.2199999999999999734 ) ) ;
#6020 =( NAMED_UNIT ( * ) PLANE_ANGLE_UNIT ( ) SI_UNIT ( $, .RADIAN. ) );
#6021 = ADVANCED_FACE ( 'NONE', ( #4652 ), #1918, .T. ) ;
#6022 = ORIENTED_EDGE ( 'NONE', *, *, #241, .F. ) ;
#6023 = ORIENTED_EDGE ( 'NONE', *, *, #7614, .T. ) ;
#6024 = EDGE_CURVE ( 'NONE', #6825, #2233, #4188, .T. ) ;
#6025 = CARTESIAN_POINT ( 'NONE',  ( 0.1960509288116845938, -0.4520868772915670464, 0.2099999999999999922 ) ) ;
#6026 = CARTESIAN_POINT ( 'NONE',  ( 0.4550000000000002376, -0.2849999999999999201, -0.01000000000000000021 ) ) ;
#6027 = ORIENTED_EDGE ( 'NONE', *, *, #8690, .F. ) ;
#6028 = CARTESIAN_POINT ( 'NONE',  ( 0.09757989089287485984, -0.5350642064721328195, 0.2199999999999999734 ) ) ;
#6029 = PLANE ( 'NONE',  #1071 ) ;
#6030 = CARTESIAN_POINT ( 'NONE',  ( 0.4648585801234404458, -0.5135061206355617802, 0.2099999999999999922 ) ) ;
#6031 = EDGE_CURVE ( 'NONE', #3543, #3350, #7920, .T. ) ;
#6032 = CARTESIAN_POINT ( 'NONE',  ( 0.4454114065326273963, -0.5817383426807887226, 0.2099999999999999922 ) ) ;
#6033 = ORIENTED_EDGE ( 'NONE', *, *, #2790, .T. ) ;
#6034 = FACE_OUTER_BOUND ( 'NONE', #957, .T. ) ;
#6035 = VERTEX_POINT ( 'NONE', #5781 ) ;
#6036 = CARTESIAN_POINT ( 'NONE',  ( 0.1320103255684831056, -0.5006337717965224643, 0.2199999999999999734 ) ) ;
#6037 = EDGE_CURVE ( 'NONE', #5606, #7949, #1832, .T. ) ;
#6038 = B_SPLINE_CURVE_WITH_KNOTS ( 'NONE', 3,
 ( #8555, #1644, #9327, #2581 ),
 .UNSPECIFIED., .F., .F.,
 ( 4, 4 ),
 ( 28.00000000000000000, 29.00000000000000000 ),
 .UNSPECIFIED. ) ;
#6039 = CARTESIAN_POINT ( 'NONE',  ( 0.3844703272278132689, -0.5852291784240061245, 0.2099999999999999922 ) ) ;
#6040 = EDGE_CURVE ( 'NONE', #6923, #2437, #1375, .T. ) ;
#6041 = VERTEX_POINT ( 'NONE', #4298 ) ;
#6042 =( LENGTH_UNIT ( ) NAMED_UNIT ( * ) SI_UNIT ( .MILLI., .METRE. ) );
#6043 = VERTEX_POINT ( 'NONE', #8015 ) ;
#6044 = VECTOR ( 'NONE', #2941, 1000.000000000000000 ) ;
#6045 = PRESENTATION_STYLE_ASSIGNMENT (( #3042 ) ) ;
#6046 = CARTESIAN_POINT ( 'NONE',  ( 0.04500000000000074080, 0.1250000000000001110, 0.000000000000000000 ) ) ;
#6047 = CARTESIAN_POINT ( 'NONE',  ( 0.09034948844706272575, -0.5732819968427144142, 0.2099999999999999922 ) ) ;
#6048 = CARTESIAN_POINT ( 'NONE',  ( 0.1061874995618597578, -0.5612313381391825784, 0.2199999999999999734 ) ) ;
#6049 = DIRECTION ( 'NONE',  ( 0.000000000000000000, 1.000000000000000000, -0.000000000000000000 ) ) ;
#6050 = FILL_AREA_STYLE_COLOUR ( '', #3117 ) ;
#6051 = ORIENTED_EDGE ( 'NONE', *, *, #9035, .F. ) ;
#6052 = VECTOR ( 'NONE', #8195, 1000.000000000000000 ) ;
#6053 = FACE_OUTER_BOUND ( 'NONE', #9332, .T. ) ;
#6054 = DIRECTION ( 'NONE',  ( -0.000000000000000000, -0.000000000000000000, -1.000000000000000000 ) ) ;
#6055 = PLANE ( 'NONE',  #1480 ) ;
#6056 = VECTOR ( 'NONE', #561, 1000.000000000000000 ) ;
#6057 = VECTOR ( 'NONE', #5660, 1000.000000000000000 ) ;
#6058 = ORIENTED_EDGE ( 'NONE', *, *, #4112, .F. ) ;
#6059 = LINE ( 'NONE', #5966, #1917 ) ;
#6060 = LINE ( 'NONE', #3842, #699 ) ;
#6061 = ORIENTED_EDGE ( 'NONE', *, *, #1704, .T. ) ;
#6062 = VECTOR ( 'NONE', #7109, 1000.000000000000000 ) ;
#6063 = CARTESIAN_POINT ( 'NONE',  ( 0.4550000000000002376, -0.2849999999999999201, -0.01000000000000000021 ) ) ;
#6064 = DIRECTION ( 'NONE',  ( -6.995610782682753069E-14, 1.000000000000000000, -0.000000000000000000 ) ) ;
#6065 = CARTESIAN_POINT ( 'NONE',  ( 0.3948561825064956787, -0.5680720921115868238, 0.2199999999999999734 ) ) ;
#6066 = ORIENTED_EDGE ( 'NONE', *, *, #7742, .F. ) ;
#6067 = DIRECTION ( 'NONE',  ( -1.000000000000000000, -0.000000000000000000, -0.000000000000000000 ) ) ;
#6068 = EDGE_CURVE ( 'NONE', #2416, #5697, #119, .T. ) ;
#6069 = VECTOR ( 'NONE', #7654, 1000.000000000000000 ) ;
#6070 =( NAMED_UNIT ( * ) PLANE_ANGLE_UNIT ( ) SI_UNIT ( $, .RADIAN. ) );
#6071 = EDGE_LOOP ( 'NONE', ( #757, #6077, #1176, #755 ) ) ;
#6072 = ORIENTED_EDGE ( 'NONE', *, *, #5848, .T. ) ;
#6073 = ORIENTED_EDGE ( 'NONE', *, *, #1146, .T. ) ;
#6074 = DIRECTION ( 'NONE',  ( -0.000000000000000000, -0.000000000000000000, -1.000000000000000000 ) ) ;
#6075 = VECTOR ( 'NONE', #7053, 1000.000000000000000 ) ;
#6076 = CARTESIAN_POINT ( 'NONE',  ( 0.4202080676204789089, -0.5815155233779537580, 0.2099999999999999922 ) ) ;
#6077 = ORIENTED_EDGE ( 'NONE', *, *, #4115, .F. ) ;
#6078 = CARTESIAN_POINT ( 'NONE',  ( 0.3948561825064956787, -0.5593078662027937131, 0.2099999999999999922 ) ) ;
#6079 = DIRECTION ( 'NONE',  ( -0.000000000000000000, 1.000000000000000000, -0.000000000000000000 ) ) ;
#6080 = ADVANCED_FACE ( 'NONE', ( #4945 ), #427, .F. ) ;
#6081 = CARTESIAN_POINT ( 'NONE',  ( 0.4715555380566762711, -0.5029345826047947332, 0.2199999999999999734 ) ) ;
#6082 = LINE ( 'NONE', #7531, #6456 ) ;
#6083 = CARTESIAN_POINT ( 'NONE',  ( 0.4571960718786874378, -0.5135061206355617802, 0.2199999999999999734 ) ) ;
#6084 = ORIENTED_EDGE ( 'NONE', *, *, #492, .T. ) ;
#6085 = CIRCLE ( 'NONE', #9071, 0.07999999999999993228 ) ;
#6086 = CARTESIAN_POINT ( 'NONE',  ( 0.4204432657734539780, -0.5721571126621458614, 0.2099999999999999922 ) ) ;
#6087 = ORIENTED_EDGE ( 'NONE', *, *, #3874, .F. ) ;
#6088 = CARTESIAN_POINT ( 'NONE',  ( 0.1506027589800863487, -0.5440161208012131988, 0.2199999999999999734 ) ) ;
#6089 = B_SPLINE_SURFACE_WITH_KNOTS ( 'NONE', 3, 1, ( 
 ( #6389, #5874 ),
 ( #365, #1013 ),
 ( #8058, #7139 ),
 ( #3371, #4294 ) ),
 .UNSPECIFIED., .F., .F., .F.,
 ( 4, 4 ),
 ( 2, 2 ),
 ( 5.000000000000000000, 6.000000000000000000 ),
 ( 0.000000000000000000, 1.000000000000000000 ),
 .UNSPECIFIED. ) ;
#6090 = VERTEX_POINT ( 'NONE', #7966 ) ;
#6091 = ADVANCED_FACE ( 'NONE', ( #7269 ), #6522, .T. ) ;
#6092 = FACE_OUTER_BOUND ( 'NONE', #7423, .T. ) ;
#6093 = ORIENTED_EDGE ( 'NONE', *, *, #554, .F. ) ;
#6094 = COLOUR_RGB ( '',0.2980392156862745057, 0.2980392156862745057, 0.2980392156862745057 ) ;
#6095 = EDGE_CURVE ( 'NONE', #6264, #5195, #183, .T. ) ;
#6096 = CARTESIAN_POINT ( 'NONE',  ( 0.4031128755587552459, -0.5650764103742687006, 0.2199999999999999734 ) ) ;
#6097 = EDGE_CURVE ( 'NONE', #3543, #7576, #8063, .T. ) ;
#6098 = CARTESIAN_POINT ( 'NONE',  ( 0.4571960718786874378, -0.5135061206355617802, 0.2199999999999999734 ) ) ;
#6099 = CARTESIAN_POINT ( 'NONE',  ( 0.4370556826792533767, -0.6014207144245777847, 0.2099999999999999922 ) ) ;
#6100 =( NAMED_UNIT ( * ) PLANE_ANGLE_UNIT ( ) SI_UNIT ( $, .RADIAN. ) );
#6101 = ORIENTED_EDGE ( 'NONE', *, *, #1215, .F. ) ;
#6102 = VECTOR ( 'NONE', #127, 1000.000000000000000 ) ;
#6103 = EDGE_CURVE ( 'NONE', #3249, #3232, #1184, .T. ) ;
#6104 = CARTESIAN_POINT ( 'NONE',  ( 0.4928966757207673410, -0.5135061206355617802, 0.2199999999999999734 ) ) ;
#6105 = CARTESIAN_POINT ( 'NONE',  ( 0.04500000000000018568, 0.2050000000000000988, -0.01000000000000000021 ) ) ;
#6106 = VECTOR ( 'NONE', #3663, 1000.000000000000000 ) ;
#6107 = LINE ( 'NONE', #8534, #4700 ) ;
#6108 = CARTESIAN_POINT ( 'NONE',  ( -0.7000000000000001776, 0.6999999999999999556, 0.2099999999999999922 ) ) ;
#6109 = EDGE_LOOP ( 'NONE', ( #3669, #5937, #5687, #2934 ) ) ;
#6110 = CARTESIAN_POINT ( 'NONE',  ( 0.3780333251481621248, -0.5911462687971523744, 0.2099999999999999922 ) ) ;
#6111 =( NAMED_UNIT ( * ) SI_UNIT ( $, .STERADIAN. ) SOLID_ANGLE_UNIT ( ) );
#6112 = CARTESIAN_POINT ( 'NONE',  ( 0.2445978364508120950, -0.5157831814415871907, 0.2199999999999999734 ) ) ;
#6113 = CARTESIAN_POINT ( 'NONE',  ( -0.04500000000000074080, -0.1250000000000001110, -0.01000000000000000021 ) ) ;
#6114 = ORIENTED_EDGE ( 'NONE', *, *, #5506, .F. ) ;
#6115 = CARTESIAN_POINT ( 'NONE',  ( 0.3827001516559251360, -0.5911462687971523744, 0.2099999999999999922 ) ) ;
#6116 = VECTOR ( 'NONE', #3138, 1000.000000000000000 ) ;
#6117 = CARTESIAN_POINT ( 'NONE',  ( 0.3875155243655242776, -0.4642630547256726969, 0.2199999999999999734 ) ) ;
#6118 = VERTEX_POINT ( 'NONE', #2818 ) ;
#6119 = ORIENTED_EDGE ( 'NONE', *, *, #1571, .T. ) ;
#6120 = ORIENTED_EDGE ( 'NONE', *, *, #8382, .T. ) ;
#6121 = UNCERTAINTY_MEASURE_WITH_UNIT (LENGTH_MEASURE( 1.000000000000000082E-05 ), #1229, 'distance_accuracy_value', 'NONE');
#6122 = CARTESIAN_POINT ( 'NONE',  ( 0.5256758709266978746, -0.5419032028872593498, 0.2099999999999999922 ) ) ;
#6123 = EDGE_CURVE ( 'NONE', #6694, #7205, #9469, .T. ) ;
#6124 = CARTESIAN_POINT ( 'NONE',  ( 0.3806947779310642099, -0.5740634555855693710, 0.2199999999999999734 ) ) ;
#6125 = ORIENTED_EDGE ( 'NONE', *, *, #4530, .T. ) ;
#6126 = LINE ( 'NONE', #4558, #7526 ) ;
#6127 = CARTESIAN_POINT ( 'NONE',  ( 0.5535406626217471704, -0.5903292646869716664, 0.2199999999999999734 ) ) ;
#6128 = CARTESIAN_POINT ( 'NONE',  ( 0.4264346292475972300, -0.5809213385706111232, 0.2099999999999999922 ) ) ;
#6129 =( NAMED_UNIT ( * ) SI_UNIT ( $, .STERADIAN. ) SOLID_ANGLE_UNIT ( ) );
#6130 = DIRECTION ( 'NONE',  ( -1.000000000000000000, -0.000000000000000000, -0.000000000000000000 ) ) ;
#6131 = LINE ( 'NONE', #4509, #2119 ) ;
#6132 = EDGE_LOOP ( 'NONE', ( #5347, #7131, #4468, #1702 ) ) ;
#6133 = CARTESIAN_POINT ( 'NONE',  ( 0.3352148824677834149, -0.5903292646869716664, 0.2199999999999999734 ) ) ;
#6134 = DIRECTION ( 'NONE',  ( 0.000000000000000000, -0.000000000000000000, -1.000000000000000000 ) ) ;
#6135 = ORIENTED_EDGE ( 'NONE', *, *, #9494, .F. ) ;
#6136 = EDGE_CURVE ( 'NONE', #3232, #1423, #6474, .T. ) ;
#6137 = FILL_AREA_STYLE ('',( #78 ) ) ;
#6138 = EDGE_LOOP ( 'NONE', ( #2977, #597, #9271, #7265 ) ) ;
#6139 = CARTESIAN_POINT ( 'NONE',  ( 0.09792418341880346211, -0.5815453064186861809, 0.2199999999999999734 ) ) ;
#6140 = DIRECTION ( 'NONE',  ( -1.000000000000000000, 0.000000000000000000, 0.000000000000000000 ) ) ;
#6141 = CARTESIAN_POINT ( 'NONE',  ( 0.4069998345069226753, -0.5576986156830463504, 0.2099999999999999922 ) ) ;
#6142 = LINE ( 'NONE', #7593, #7078 ) ;
#6143 = LINE ( 'NONE', #4081, #2268 ) ;
#6144 = EDGE_CURVE ( 'NONE', #8415, #7075, #5740, .T. ) ;
#6145 = EDGE_LOOP ( 'NONE', ( #5357, #9131, #8844, #3208 ) ) ;
#6146 = B_SPLINE_CURVE_WITH_KNOTS ( 'NONE', 3,
 ( #6856, #2393, #3234, #4669 ),
 .UNSPECIFIED., .F., .F.,
 ( 4, 4 ),
 ( 1.000000000000000000, 2.000000000000000000 ),
 .UNSPECIFIED. ) ;
#6147 = VECTOR ( 'NONE', #1281, 1000.000000000000000 ) ;
#6148 = EDGE_CURVE ( 'NONE', #5541, #4250, #8117, .T. ) ;
#6149 = EDGE_CURVE ( 'NONE', #2521, #6198, #5372, .T. ) ;
#6150 = CARTESIAN_POINT ( 'NONE',  ( 0.3414662017951807238, -0.5474736854561776944, 0.2199999999999999734 ) ) ;
#6151 = CARTESIAN_POINT ( 'NONE',  ( 0.5226554314894321651, -0.5135061206355822083, 0.2199999999999999734 ) ) ;
#6152 = CARTESIAN_POINT ( 'NONE',  ( 0.5084692692137189329, -0.4746612888544927689, 0.2099999999999999922 ) ) ;
#6153 = COLOUR_RGB ( '',0.6666666666666666297, 0.6666666666666666297, 0.6666666666666666297 ) ;
#6154 = EDGE_CURVE ( 'NONE', #4584, #9646, #3358, .T. ) ;
#6155 = CARTESIAN_POINT ( 'NONE',  ( 0.4331687237310837824, -0.6014207144245777847, 0.2199999999999999734 ) ) ;
#6156 = PLANE ( 'NONE',  #1773 ) ;
#6157 = LINE ( 'NONE', #928, #3056 ) ;
#6158 = VECTOR ( 'NONE', #8859, 1000.000000000000000 ) ;
#6159 = ADVANCED_FACE ( 'NONE', ( #2965 ), #7361, .F. ) ;
#6160 = ORIENTED_EDGE ( 'NONE', *, *, #2339, .F. ) ;
#6161 = ADVANCED_FACE ( 'NONE', ( #182 ), #8174, .T. ) ;
#6162 = CARTESIAN_POINT ( 'NONE',  ( 0.4149346774552319372, -0.4861488617968817150, 0.2099999999999999922 ) ) ;
#6163 = CARTESIAN_POINT ( 'NONE',  ( 0.4501277484412766761, -0.5079851534672040758, 0.2099999999999999922 ) ) ;
#6164 = CARTESIAN_POINT ( 'NONE',  ( 0.1072204034081461754, -0.5870541707128917874, 0.2199999999999999734 ) ) ;
#6165 = VERTEX_POINT ( 'NONE', #9026 ) ;
#6166 = B_SPLINE_CURVE_WITH_KNOTS ( 'NONE', 3,
 ( #3374, #8746, #1895, #4919 ),
 .UNSPECIFIED., .F., .F.,
 ( 4, 4 ),
 ( 11.00000000000000000, 12.00000000000000000 ),
 .UNSPECIFIED. ) ;
#6167 = CARTESIAN_POINT ( 'NONE',  ( 0.4431584558048148326, -0.5902549915861349250, 0.2199999999999999734 ) ) ;
#6168 = CARTESIAN_POINT ( 'NONE',  ( 0.4088690408800886855, -0.5911462687971523744, 0.2099999999999999922 ) ) ;
#6169 = ORIENTED_EDGE ( 'NONE', *, *, #120, .T. ) ;
#6170 = ORIENTED_EDGE ( 'NONE', *, *, #7134, .T. ) ;
#6171 = ORIENTED_EDGE ( 'NONE', *, *, #5130, .F. ) ;
#6172 = AXIS2_PLACEMENT_3D ( 'NONE', #6133, #3872, #7632 ) ;
#6173 = CARTESIAN_POINT ( 'NONE',  ( 0.1850331870887744201, -0.5767250403101750189, 0.2199999999999999734 ) ) ;
#6174 = EDGE_LOOP ( 'NONE', ( #1565, #4924, #3739, #1872 ) ) ;
#6175 = CARTESIAN_POINT ( 'NONE',  ( 0.4942707280878861908, -0.5419032028872593498, 0.2199999999999999734 ) ) ;
#6176 = CARTESIAN_POINT ( 'NONE',  ( 0.4225352914492895295, -0.5883981640632763854, 0.2099999999999999922 ) ) ;
#6177 = CARTESIAN_POINT ( 'NONE',  ( 0.4251348499814950888, -0.5865908519406414223, 0.2199999999999999734 ) ) ;
#6178 = FACE_OUTER_BOUND ( 'NONE', #3414, .T. ) ;
#6179 = CARTESIAN_POINT ( 'NONE',  ( 0.2225623661388329566, -0.5316211630046723258, 0.2099999999999999922 ) ) ;
#6180 = CARTESIAN_POINT ( 'NONE',  ( 0.5688780579620514866, -0.5508159749977232789, 0.2099999999999999922 ) ) ;
#6181 = ORIENTED_EDGE ( 'NONE', *, *, #5514, .F. ) ;
#6182 = EDGE_LOOP ( 'NONE', ( #3362, #7289, #2800, #6658 ) ) ;
#6183 = VECTOR ( 'NONE', #1751, 1000.000000000000000 ) ;
#6184 = CARTESIAN_POINT ( 'NONE',  ( 0.4106887318525338504, -0.5677502420073075040, 0.2099999999999999922 ) ) ;
#6185 = ORIENTED_EDGE ( 'NONE', *, *, #8340, .F. ) ;
#6186 = CARTESIAN_POINT ( 'NONE',  ( 0.09207102003142031421, -0.4965021399933357005, 0.2099999999999999922 ) ) ;
#6187 = CARTESIAN_POINT ( 'NONE',  ( 0.1764255849868762438, -0.5557224672775614716, 0.2199999999999999734 ) ) ;
#6188 = ORIENTED_EDGE ( 'NONE', *, *, #5303, .F. ) ;
#6189 = CARTESIAN_POINT ( 'NONE',  ( 0.4550000000000002376, -0.5350000000000000311, -0.01000000000000000021 ) ) ;
#6190 = CARTESIAN_POINT ( 'NONE',  ( 0.2614687546956039332, -0.4971907480299862514, 0.2099999999999999922 ) ) ;
#6191 = ORIENTED_EDGE ( 'NONE', *, *, #3072, .T. ) ;
#6192 =( NAMED_UNIT ( * ) PLANE_ANGLE_UNIT ( ) SI_UNIT ( $, .RADIAN. ) );
#6193 = DIRECTION ( 'NONE',  ( 1.000000000000000000, -0.000000000000000000, -0.000000000000000000 ) ) ;
#6194 = B_SPLINE_CURVE_WITH_KNOTS ( 'NONE', 3,
 ( #9141, #3918, #159, #2387 ),
 .UNSPECIFIED., .F., .F.,
 ( 4, 4 ),
 ( 19.00000000000000000, 20.00000000000000000 ),
 .UNSPECIFIED. ) ;
#6195 = CARTESIAN_POINT ( 'NONE',  ( 0.4186483325011223222, -0.5782227492372935540, 0.2099999999999999922 ) ) ;
#6196 = DIRECTION ( 'NONE',  ( 0.000000000000000000, 1.000000000000000000, -0.000000000000000000 ) ) ;
#6197 = ADVANCED_FACE ( 'NONE', ( #6958 ), #1485, .F. ) ;
#6198 = VERTEX_POINT ( 'NONE', #8981 ) ;
#6199 = VECTOR ( 'NONE', #273, 1000.000000000000000 ) ;
#6200 = CARTESIAN_POINT ( 'NONE',  ( 0.09207102003142031421, -0.4965021399933357005, 0.2199999999999999734 ) ) ;
#6201 = EDGE_CURVE ( 'NONE', #423, #8191, #8260, .T. ) ;
#6202 = CARTESIAN_POINT ( 'NONE',  ( 0.4714193707048132675, -0.4752059582612774280, 0.2199999999999999734 ) ) ;
#6203 = EDGE_CURVE ( 'NONE', #5253, #6859, #745, .T. ) ;
#6204 = VECTOR ( 'NONE', #4626, 1000.000000000000000 ) ;
#6205 = ORIENTED_EDGE ( 'NONE', *, *, #8926, .T. ) ;
#6206 = B_SPLINE_CURVE_WITH_KNOTS ( 'NONE', 3,
 ( #3511, #6520, #9507, #8776 ),
 .UNSPECIFIED., .F., .F.,
 ( 4, 4 ),
 ( 20.00000000000000000, 21.00000000000000000 ),
 .UNSPECIFIED. ) ;
#6207 = DIRECTION ( 'NONE',  ( -1.000000000000000000, -0.000000000000000000, -0.000000000000000000 ) ) ;
#6208 = DIRECTION ( 'NONE',  ( 0.000000000000000000, -0.000000000000000000, 1.000000000000000000 ) ) ;
#6209 = MECHANICAL_DESIGN_GEOMETRIC_PRESENTATION_REPRESENTATION (  '', ( #9353 ), #1959 ) ;
#6210 = FACE_OUTER_BOUND ( 'NONE', #3828, .T. ) ;
#6211 = DIRECTION ( 'NONE',  ( -0.000000000000000000, -0.000000000000000000, -1.000000000000000000 ) ) ;
#6212 = EDGE_CURVE ( 'NONE', #4918, #1825, #7257, .T. ) ;
#6213 = ORIENTED_EDGE ( 'NONE', *, *, #2720, .F. ) ;
#6214 = LINE ( 'NONE', #3851, #2425 ) ;
#6215 = EDGE_CURVE ( 'NONE', #7907, #5297, #9659, .T. ) ;
#6216 = EDGE_CURVE ( 'NONE', #7473, #2056, #6727, .T. ) ;
#6217 = CARTESIAN_POINT ( 'NONE',  ( 0.3989907184577749510, -0.4662436707502577438, 0.2199999999999999734 ) ) ;
#6218 = ORIENTED_EDGE ( 'NONE', *, *, #7313, .T. ) ;
#6219 = ORIENTED_EDGE ( 'NONE', *, *, #7128, .T. ) ;
#6220 = STYLED_ITEM ( 'NONE', ( #4452 ), #3021 ) ;
#6221 = VERTEX_POINT ( 'NONE', #1668 ) ;
#6222 = VECTOR ( 'NONE', #5703, 1000.000000000000000 ) ;
#6223 = UNCERTAINTY_MEASURE_WITH_UNIT (LENGTH_MEASURE( 1.000000000000000082E-05 ), #438, 'distance_accuracy_value', 'NONE');
#6224 = CARTESIAN_POINT ( 'NONE',  ( 0.1764255849868762438, -0.5557224672775614716, 0.2099999999999999922 ) ) ;
#6225 = CARTESIAN_POINT ( 'NONE',  ( 0.4953724457515832347, -0.5903292646869716664, 0.2099999999999999922 ) ) ;
#6226 = EDGE_CURVE ( 'NONE', #6579, #9556, #4679, .T. ) ;
#6227 = VERTEX_POINT ( 'NONE', #5247 ) ;
#6228 = AXIS2_PLACEMENT_3D ( 'NONE', #1364, #680, #5859 ) ;
#6229 = CARTESIAN_POINT ( 'NONE',  ( 0.3704450900040795469, -0.5640613446618621962, 0.2199999999999999734 ) ) ;
#6230 = LINE ( 'NONE', #9233, #4490 ) ;
#6231 = CARTESIAN_POINT ( 'NONE',  ( 0.4308414999022723291, -0.6061246774827573347, 0.2199999999999999734 ) ) ;
#6232 = CARTESIAN_POINT ( 'NONE',  ( -0.4549999999999995159, -0.1250000000000000278, 0.000000000000000000 ) ) ;
#6233 = DIRECTION ( 'NONE',  ( -0.000000000000000000, -0.000000000000000000, -1.000000000000000000 ) ) ;
#6234 = ORIENTED_EDGE ( 'NONE', *, *, #2554, .T. ) ;
#6235 = ORIENTED_EDGE ( 'NONE', *, *, #1210, .F. ) ;
#6236 = CARTESIAN_POINT ( 'NONE',  ( 0.1502584467527399437, -0.5925630612757669669, 0.2099999999999999922 ) ) ;
#6237 = ORIENTED_EDGE ( 'NONE', *, *, #1201, .F. ) ;
#6238 = DIRECTION ( 'NONE',  ( -0.000000000000000000, -0.000000000000000000, -1.000000000000000000 ) ) ;
#6239 = FACE_OUTER_BOUND ( 'NONE', #8695, .T. ) ;
#6240 = AXIS2_PLACEMENT_3D ( 'NONE', #2960, #2225, #7460 ) ;
#6241 = ORIENTED_EDGE ( 'NONE', *, *, #4752, .T. ) ;
#6242 = SURFACE_SIDE_STYLE ('',( #761 ) ) ;
#6243 = ORIENTED_EDGE ( 'NONE', *, *, #7198, .F. ) ;
#6244 = FACE_OUTER_BOUND ( 'NONE', #360, .T. ) ;
#6245 = FACE_OUTER_BOUND ( 'NONE', #9739, .T. ) ;
#6246 = DIRECTION ( 'NONE',  ( 0.000000000000000000, 0.000000000000000000, 1.000000000000000000 ) ) ;
#6247 = AXIS2_PLACEMENT_3D ( 'NONE', #5620, #7944, #6803 ) ;
#6248 = CARTESIAN_POINT ( 'NONE',  ( 0.3704450900040795469, -0.5640613446618621962, 0.2199999999999999734 ) ) ;
#6249 = DIRECTION ( 'NONE',  ( 1.000000000000000000, 0.000000000000000000, -0.000000000000000000 ) ) ;
#6250 = DIRECTION ( 'NONE',  ( 1.000000000000000000, 0.000000000000000000, 0.000000000000000000 ) ) ;
#6251 = ORIENTED_EDGE ( 'NONE', *, *, #7017, .T. ) ;
#6252 = FACE_OUTER_BOUND ( 'NONE', #9465, .T. ) ;
#6253 = FILL_AREA_STYLE ('',( #4621 ) ) ;
#6254 = CARTESIAN_POINT ( 'NONE',  ( 0.5178400587799959487, -0.5903292646869716664, 0.2199999999999999734 ) ) ;
#6255 = CARTESIAN_POINT ( 'NONE',  ( 0.4264346292475972300, -0.5786436301423543149, 0.2199999999999999734 ) ) ;
#6256 = MECHANICAL_DESIGN_GEOMETRIC_PRESENTATION_REPRESENTATION (  '', ( #4048 ), #2164 ) ;
#6257 = DIRECTION ( 'NONE',  ( 0.000000000000000000, 0.000000000000000000, 1.000000000000000000 ) ) ;
#6258 = CARTESIAN_POINT ( 'NONE',  ( 0.5111183431464798588, -0.4650800588358499077, 0.2199999999999999734 ) ) ;
#6259 = EDGE_LOOP ( 'NONE', ( #7260, #3710, #8208, #1982 ) ) ;
#6260 = CARTESIAN_POINT ( 'NONE',  ( 0.2473522685980794888, -0.5157831814415871907, 0.2199999999999999734 ) ) ;
#6261 =( NAMED_UNIT ( * ) SI_UNIT ( $, .STERADIAN. ) SOLID_ANGLE_UNIT ( ) );
#6262 = EDGE_CURVE ( 'NONE', #7767, #3361, #6676, .T. ) ;
#6263 = DIRECTION ( 'NONE',  ( -0.000000000000000000, -0.000000000000000000, -1.000000000000000000 ) ) ;
#6264 = VERTEX_POINT ( 'NONE', #7700 ) ;
#6265 = FILL_AREA_STYLE_COLOUR ( '', #1632 ) ;
#6266 = CARTESIAN_POINT ( 'NONE',  ( 0.4715555380566762711, -0.5029345826047947332, 0.2199999999999999734 ) ) ;
#6267 = EDGE_LOOP ( 'NONE', ( #116, #7759, #1631, #3966 ) ) ;
#6268 = VERTEX_POINT ( 'NONE', #8929 ) ;
#6269 =( GEOMETRIC_REPRESENTATION_CONTEXT ( 3 ) GLOBAL_UNCERTAINTY_ASSIGNED_CONTEXT ( ( #4852 ) ) GLOBAL_UNIT_ASSIGNED_CONTEXT ( ( #9636, #4323, #8853 ) ) REPRESENTATION_CONTEXT ( 'NONE', 'WORKASPACE' ) );
#6270 = EDGE_LOOP ( 'NONE', ( #6870, #3562, #6750, #9730 ) ) ;
#6271 = EDGE_CURVE ( 'NONE', #7926, #8418, #2184, .T. ) ;
#6272 = CARTESIAN_POINT ( 'NONE',  ( 0.1764255849868762438, -0.5557224672775614716, 0.2099999999999999922 ) ) ;
#6273 = EDGE_CURVE ( 'NONE', #7387, #3215, #2455, .T. ) ;
#6274 = EDGE_CURVE ( 'NONE', #1387, #7042, #3712, .T. ) ;
#6275 = CARTESIAN_POINT ( 'NONE',  ( 0.1850331870887744201, -0.5787908611372496459, 0.2199999999999999734 ) ) ;
#6276 = ORIENTED_EDGE ( 'NONE', *, *, #2475, .F. ) ;
#6277 = AXIS2_PLACEMENT_3D ( 'NONE', #8651, #4017, #1007 ) ;
#6278 = CARTESIAN_POINT ( 'NONE',  ( 0.000000000000000000, 0.000000000000000000, 0.2199999999999999734 ) ) ;
#6279 = CARTESIAN_POINT ( 'NONE',  ( -0.2850000000000001421, 0.3649999999999998801, 0.000000000000000000 ) ) ;
#6280 = LINE ( 'NONE', #1787, #3902 ) ;
#6281 = CARTESIAN_POINT ( 'NONE',  ( 0.2332357825005567931, -0.5694946542819088187, 0.2199999999999999734 ) ) ;
#6282 = CARTESIAN_POINT ( 'NONE',  ( 0.4714193707048132675, -0.4752059582612774280, 0.2199999999999999734 ) ) ;
#6283 = EDGE_LOOP ( 'NONE', ( #6479, #5972, #9364, #143, #8828, #905, #2630, #195 ) ) ;
#6284 = LINE ( 'NONE', #6983, #4549 ) ;
#6285 = ORIENTED_EDGE ( 'NONE', *, *, #301, .F. ) ;
#6286 = EDGE_CURVE ( 'NONE', #3553, #7015, #9603, .T. ) ;
#6287 = DIRECTION ( 'NONE',  ( -1.343328941721107724E-14, 1.000000000000000000, 0.000000000000000000 ) ) ;
#6288 =( GEOMETRIC_REPRESENTATION_CONTEXT ( 3 ) GLOBAL_UNCERTAINTY_ASSIGNED_CONTEXT ( ( #7716 ) ) GLOBAL_UNIT_ASSIGNED_CONTEXT ( ( #7285, #516, #4364 ) ) REPRESENTATION_CONTEXT ( 'NONE', 'WORKASPACE' ) );
#6289 = ORIENTED_EDGE ( 'NONE', *, *, #723, .F. ) ;
#6290 = B_SPLINE_CURVE_WITH_KNOTS ( 'NONE', 3,
 ( #4108, #4705, #2626, #1697 ),
 .UNSPECIFIED., .F., .F.,
 ( 4, 4 ),
 ( 4.000000000000000000, 5.000000000000000000 ),
 .UNSPECIFIED. ) ;
#6291 = CARTESIAN_POINT ( 'NONE',  ( 0.4199481117672244634, -0.5902302338858604891, 0.2099999999999999922 ) ) ;
#6292 = CARTESIAN_POINT ( 'NONE',  ( 0.4571960718786874378, -0.5135061206355617802, 0.2199999999999999734 ) ) ;
#6293 = DIRECTION ( 'NONE',  ( -0.3897582650654988767, -0.9209172030172594337, -0.000000000000000000 ) ) ;
#6294 = VERTEX_POINT ( 'NONE', #7465 ) ;
#6295 = FACE_OUTER_BOUND ( 'NONE', #1487, .T. ) ;
#6296 = PLANE ( 'NONE',  #4312 ) ;
#6297 = CARTESIAN_POINT ( 'NONE',  ( 0.3612599831903885450, -0.5848082975186135180, 0.2099999999999999922 ) ) ;
#6298 = B_SPLINE_CURVE_WITH_KNOTS ( 'NONE', 3,
 ( #7644, #4780, #1667, #7699 ),
 .UNSPECIFIED., .F., .F.,
 ( 4, 4 ),
 ( 5.000000000000000000, 6.000000000000000000 ),
 .UNSPECIFIED. ) ;
#6299 = CARTESIAN_POINT ( 'NONE',  ( 0.4069998345069226753, -0.5576986156830463504, 0.2199999999999999734 ) ) ;
#6300 = CARTESIAN_POINT ( 'NONE',  ( 0.4859892773354981266, -0.5135061206355617802, 0.2199999999999999734 ) ) ;
#6301 = CARTESIAN_POINT ( 'NONE',  ( 0.3989907184577749510, -0.5055093834363931782, 0.2199999999999999734 ) ) ;
#6302 = SURFACE_SIDE_STYLE ('',( #1766 ) ) ;
#6303 = ORIENTED_EDGE ( 'NONE', *, *, #3698, .T. ) ;
#6304 = VECTOR ( 'NONE', #4462, 1000.000000000000000 ) ;
#6305 = DIRECTION ( 'NONE',  ( 0.000000000000000000, -0.000000000000000000, -1.000000000000000000 ) ) ;
#6306 = LINE ( 'NONE', #283, #2149 ) ;
#6307 = CARTESIAN_POINT ( 'NONE',  ( 0.4928966757207836058, -0.5685177307169276828, 0.2099999999999999922 ) ) ;
#6308 = CARTESIAN_POINT ( 'NONE',  ( 0.1960509288116845938, -0.4520868772915670464, 0.2199999999999999734 ) ) ;
#6309 = CARTESIAN_POINT ( 'NONE',  ( 0.4975511233783935783, -0.5002607509714263045, 0.2099999999999999922 ) ) ;
#6310 = ORIENTED_EDGE ( 'NONE', *, *, #8261, .T. ) ;
#6311 = CARTESIAN_POINT ( 'NONE',  ( 0.3352148824677821382, -0.4650800588358516285, 0.2199999999999999734 ) ) ;
#6312 = VECTOR ( 'NONE', #8742, 1000.000000000000000 ) ;
#6313 = DIRECTION ( 'NONE',  ( 1.000000000000000000, -0.000000000000000000, -0.000000000000000000 ) ) ;
#6314 = ORIENTED_EDGE ( 'NONE', *, *, #7549, .F. ) ;
#6315 = B_SPLINE_CURVE_WITH_KNOTS ( 'NONE', 3,
 ( #5373, #866, #133, #2402 ),
 .UNSPECIFIED., .F., .F.,
 ( 4, 4 ),
 ( 0.000000000000000000, 1.000000000000000000 ),
 .UNSPECIFIED. ) ;
#6316 = CARTESIAN_POINT ( 'NONE',  ( 0.4030757390083364311, -0.5891161373720085193, 0.2099999999999999922 ) ) ;
#6317 = ORIENTED_EDGE ( 'NONE', *, *, #7614, .F. ) ;
#6318 = ADVANCED_FACE ( 'NONE', ( #5879 ), #8875, .F. ) ;
#6319 = ORIENTED_EDGE ( 'NONE', *, *, #4060, .T. ) ;
#6320 = DIRECTION ( 'NONE',  ( -1.000000000000000000, -0.000000000000000000, -0.000000000000000000 ) ) ;
#6321 = UNCERTAINTY_MEASURE_WITH_UNIT (LENGTH_MEASURE( 1.000000000000000082E-05 ), #6435, 'distance_accuracy_value', 'NONE');
#6322 = LINE ( 'NONE', #444, #5542 ) ;
#6323 = CARTESIAN_POINT ( 'NONE',  ( 0.3414662017951807238, -0.5629720058482915457, 0.2099999999999999922 ) ) ;
#6324 = VERTEX_POINT ( 'NONE', #2705 ) ;
#6325 = CARTESIAN_POINT ( 'NONE',  ( 0.1395850172570113623, -0.4806641387290009337, 0.2099999999999999922 ) ) ;
#6326 = CIRCLE ( 'NONE', #8233, 0.07999999999999998779 ) ;
#6327 = DIRECTION ( 'NONE',  ( 0.000000000000000000, 0.000000000000000000, -1.000000000000000000 ) ) ;
#6328 = ADVANCED_FACE ( 'NONE', ( #1726 ), #5089, .F. ) ;
#6329 = CARTESIAN_POINT ( 'NONE',  ( 0.5350000000000002531, -0.4550000000000000155, 0.000000000000000000 ) ) ;
#6330 = CARTESIAN_POINT ( 'NONE',  ( 0.3740473353987163740, -0.5036525559135289765, 0.2199999999999999734 ) ) ;
#6331 = CARTESIAN_POINT ( 'NONE',  ( 0.4084729176751383806, -0.5735930592799463046, 0.2199999999999999734 ) ) ;
#6332 = DIRECTION ( 'NONE',  ( -1.000000000000000000, 0.000000000000000000, 0.000000000000000000 ) ) ;
#6333 = EDGE_CURVE ( 'NONE', #5194, #1353, #4885, .T. ) ;
#6334 = FACE_OUTER_BOUND ( 'NONE', #2736, .T. ) ;
#6335 = ORIENTED_EDGE ( 'NONE', *, *, #4837, .F. ) ;
#6336 = VECTOR ( 'NONE', #7167, 1000.000000000000000 ) ;
#6337 = B_SPLINE_SURFACE_WITH_KNOTS ( 'NONE', 3, 1, ( 
 ( #8334, #7043 ),
 ( #5520, #1017 ),
 ( #4024, #6896 ),
 ( #4614, #7638 ),
 ( #2342, #9147 ),
 ( #6855, #1655 ),
 ( #8478, #9248 ) ),
 .UNSPECIFIED., .F., .F., .F.,
 ( 4, 3, 4 ),
 ( 2, 2 ),
 ( 0.000000000000000000, 1.000000000000000000, 2.000000000000000000 ),
 ( 0.000000000000000000, 1.000000000000000000 ),
 .UNSPECIFIED. ) ;
#6338 = ORIENTED_EDGE ( 'NONE', *, *, #6399, .T. ) ;
#6339 = CARTESIAN_POINT ( 'NONE',  ( -0.5350000000000001421, -0.4549999999999994049, -0.01000000000000000021 ) ) ;
#6340 = DIRECTION ( 'NONE',  ( 1.000000000000000000, -0.000000000000000000, -0.000000000000000000 ) ) ;
#6341 = CARTESIAN_POINT ( 'NONE',  ( 0.3989907184577749510, -0.4727797036310223411, 0.2099999999999999922 ) ) ;
#6342 = EDGE_LOOP ( 'NONE', ( #6627, #9066, #3692, #2133 ) ) ;
#6343 = CARTESIAN_POINT ( 'NONE',  ( 0.4036823026658182267, -0.5690376424234344643, 0.2199999999999999734 ) ) ;
#6344 = EDGE_CURVE ( 'NONE', #9697, #3156, #1015, .T. ) ;
#6345 = FACE_OUTER_BOUND ( 'NONE', #5227, .T. ) ;
#6346 = DIRECTION ( 'NONE',  ( 0.000000000000000000, -0.000000000000000000, -1.000000000000000000 ) ) ;
#6347 = CARTESIAN_POINT ( 'NONE',  ( 0.3887905459313502066, -0.5729741167719957229, 0.2199999999999999734 ) ) ;
#6348 = CARTESIAN_POINT ( 'NONE',  ( 0.2621573528817939258, -0.5157831814415871907, 0.2099999999999999922 ) ) ;
#6349 = CARTESIAN_POINT ( 'NONE',  ( 0.5045204160150217332, -0.5903292646869716664, 0.2099999999999999922 ) ) ;
#6350 = FACE_OUTER_BOUND ( 'NONE', #3681, .T. ) ;
#6351 = EDGE_CURVE ( 'NONE', #7287, #4140, #7805, .T. ) ;
#6352 = EDGE_CURVE ( 'NONE', #6759, #1261, #6452, .T. ) ;
#6353 = ORIENTED_EDGE ( 'NONE', *, *, #2476, .T. ) ;
#6354 = VECTOR ( 'NONE', #3080, 1000.000000000000000 ) ;
#6355 = FACE_OUTER_BOUND ( 'NONE', #92, .T. ) ;
#6356 = ADVANCED_FACE ( 'NONE', ( #1030 ), #1059, .F. ) ;
#6357 = CARTESIAN_POINT ( 'NONE',  ( 0.4244044978224565945, -0.5752023097996914469, 0.2099999999999999922 ) ) ;
#6358 = CARTESIAN_POINT ( 'NONE',  ( 0.4336267411867306132, -0.4650800588358516285, 0.2199999999999999734 ) ) ;
#6359 = CARTESIAN_POINT ( 'NONE',  ( 0.2211851434982795017, -0.5853326489791578213, 0.2099999999999999922 ) ) ;
#6360 = ORIENTED_EDGE ( 'NONE', *, *, #4387, .T. ) ;
#6361 = PLANE ( 'NONE',  #7814 ) ;
#6362 = CARTESIAN_POINT ( 'NONE',  ( 0.2504510129725300294, -0.5904972141806824615, 0.2099999999999999922 ) ) ;
#6363 = LINE ( 'NONE', #1824, #5699 ) ;
#6364 = PRESENTATION_STYLE_ASSIGNMENT (( #4186 ) ) ;
#6365 = VERTEX_POINT ( 'NONE', #3393 ) ;
#6366 = VECTOR ( 'NONE', #1432, 1000.000000000000000 ) ;
#6367 = CARTESIAN_POINT ( 'NONE',  ( 0.3708783497594473899, -0.5002359932711484269, 0.2099999999999999922 ) ) ;
#6368 = ORIENTED_EDGE ( 'NONE', *, *, #7624, .F. ) ;
#6369 = AXIS2_PLACEMENT_3D ( 'NONE', #8131, #7376, #560 ) ;
#6370 = CARTESIAN_POINT ( 'NONE',  ( 0.3948561825064956787, -0.5903292646869716664, 0.2099999999999999922 ) ) ;
#6371 = DIRECTION ( 'NONE',  ( -0.9445574604294404431, -0.3283461648125132748, 0.000000000000000000 ) ) ;
#6372 = DIRECTION ( 'NONE',  ( 1.000000000000000000, 0.000000000000000000, 0.000000000000000000 ) ) ;
#6373 = ORIENTED_EDGE ( 'NONE', *, *, #4529, .T. ) ;
#6374 = EDGE_CURVE ( 'NONE', #9536, #1943, #5495, .T. ) ;
#6375 = CARTESIAN_POINT ( 'NONE',  ( 0.5535406626217470594, -0.5903292646869716664, 0.2099999999999999922 ) ) ;
#6376 = CARTESIAN_POINT ( 'NONE',  ( 0.1344204520556538662, -0.4799755306923473852, 0.2199999999999999734 ) ) ;
#6377 = CARTESIAN_POINT ( 'NONE',  ( 0.2828156136870604298, -0.5750035185764428292, 0.2199999999999999734 ) ) ;
#6378 = AXIS2_PLACEMENT_3D ( 'NONE', #2572, #9415, #4192 ) ;
#6379 = CARTESIAN_POINT ( 'NONE',  ( 0.3785408580043647109, -0.5697803734324470293, 0.2199999999999999734 ) ) ;
#6380 = CARTESIAN_POINT ( 'NONE',  ( 0.2211851434982795017, -0.5739706212970767663, 0.2199999999999999734 ) ) ;
#6381 = AXIS2_PLACEMENT_3D ( 'NONE', #7125, #9324, #1097 ) ;
#6382 = ORIENTED_EDGE ( 'NONE', *, *, #375, .T. ) ;
#6383 = CARTESIAN_POINT ( 'NONE',  ( 0.1502584467527399437, -0.5657073117214350688, 0.2099999999999999922 ) ) ;
#6384 = VERTEX_POINT ( 'NONE', #7946 ) ;
#6385 = CARTESIAN_POINT ( 'NONE',  ( 0.4759995452616020972, -0.5067225107516847293, 0.2099999999999999922 ) ) ;
#6386 = VERTEX_POINT ( 'NONE', #4038 ) ;
#6387 = VECTOR ( 'NONE', #5618, 1000.000000000000000 ) ;
#6388 = LINE ( 'NONE', #9334, #1598 ) ;
#6389 = CARTESIAN_POINT ( 'NONE',  ( 0.5320633576057908209, -0.5520291023126873142, 0.2199999999999999734 ) ) ;
#6390 = EDGE_LOOP ( 'NONE', ( #8020, #5882, #6589, #40 ) ) ;
#6391 = EDGE_CURVE ( 'NONE', #6768, #7634, #1909, .T. ) ;
#6392 = CARTESIAN_POINT ( 'NONE',  ( 0.3887905459313502066, -0.5903292646869716664, 0.2199999999999999734 ) ) ;
#6393 = CARTESIAN_POINT ( 'NONE',  ( 0.4461541375419687538, -0.5845854782161064023, 0.2199999999999999734 ) ) ;
#6394 = CARTESIAN_POINT ( 'NONE',  ( 0.3948561825064956787, -0.5593078662027937131, 0.2099999999999999922 ) ) ;
#6395 = DIRECTION ( 'NONE',  ( -0.000000000000000000, -0.000000000000000000, -1.000000000000000000 ) ) ;
#6396 = LINE ( 'NONE', #2644, #7711 ) ;
#6397 = VECTOR ( 'NONE', #9022, 1000.000000000000000 ) ;
#6398 = ORIENTED_EDGE ( 'NONE', *, *, #7417, .F. ) ;
#6399 = EDGE_CURVE ( 'NONE', #9732, #467, #4182, .T. ) ;
#6400 = EDGE_CURVE ( 'NONE', #7976, #3746, #231, .T. ) ;
#6402 = EDGE_CURVE ( 'NONE', #8865, #5131, #3441, .T. ) ;
#6401 = VECTOR ( 'NONE', #7688, 1000.000000000000227 ) ;
#6403 = DIRECTION ( 'NONE',  ( -0.000000000000000000, -0.000000000000000000, -1.000000000000000000 ) ) ;
#6404 = CARTESIAN_POINT ( 'NONE',  ( 0.4308414999022723291, -0.6007274988157917939, 0.2099999999999999922 ) ) ;
#6405 = CARTESIAN_POINT ( 'NONE',  ( 0.4550000000000002376, -0.3649999999999999356, 0.000000000000000000 ) ) ;
#6406 = CARTESIAN_POINT ( 'NONE',  ( 0.3689472491355835770, -0.5077128187638136891, 0.2199999999999999734 ) ) ;
#6407 = ADVANCED_FACE ( 'NONE', ( #9257 ), #7056, .F. ) ;
#6408 = ORIENTED_EDGE ( 'NONE', *, *, #6889, .T. ) ;
#6409 = CARTESIAN_POINT ( 'NONE',  ( 0.2132661461494889388, -0.4520868772915670464, 0.2099999999999999922 ) ) ;
#6410 = CARTESIAN_POINT ( 'NONE',  ( 0.5067733667426660427, -0.4746612888544927689, 0.2199999999999999734 ) ) ;
#6411 = VERTEX_POINT ( 'NONE', #3643 ) ;
#6412 = AXIS2_PLACEMENT_3D ( 'NONE', #4523, #2942, #1466 ) ;
#6413 = B_SPLINE_SURFACE_WITH_KNOTS ( 'NONE', 3, 1, ( 
 ( #3910, #4755 ),
 ( #8412, #7874 ),
 ( #5400, #8507 ),
 ( #5503, #1002 ) ),
 .UNSPECIFIED., .F., .F., .F.,
 ( 4, 4 ),
 ( 2, 2 ),
 ( 4.000000000000000000, 5.000000000000000000 ),
 ( 0.000000000000000000, 1.000000000000000000 ),
 .UNSPECIFIED. ) ;
#6414 = CARTESIAN_POINT ( 'NONE',  ( 0.3692938569399767945, -0.4898377591423283550, 0.2099999999999999922 ) ) ;
#6415 = ORIENTED_EDGE ( 'NONE', *, *, #5328, .F. ) ;
#6416 = PRESENTATION_LAYER_ASSIGNMENT (  '', '', ( #5790 ) ) ;
#6417 = CARTESIAN_POINT ( 'NONE',  ( 0.4199481117672244634, -0.5902302338858604891, 0.2199999999999999734 ) ) ;
#6418 = CARTESIAN_POINT ( 'NONE',  ( 0.4501277484412766761, -0.5079851534672040758, 0.2199999999999999734 ) ) ;
#6419 = ORIENTED_EDGE ( 'NONE', *, *, #7972, .F. ) ;
#6420 = CARTESIAN_POINT ( 'NONE',  ( 0.4953724457515832347, -0.5848082975186108534, 0.2099999999999999922 ) ) ;
#6421 = LINE ( 'NONE', #8595, #7496 ) ;
#6422 = CARTESIAN_POINT ( 'NONE',  ( -0.4550000000000001266, -0.4550000000000000155, 0.000000000000000000 ) ) ;
#6423 = MECHANICAL_DESIGN_GEOMETRIC_PRESENTATION_REPRESENTATION (  '', ( #906 ), #6269 ) ;
#6424 = CARTESIAN_POINT ( 'NONE',  ( 0.4571589353282689006, -0.5079851534672040758, 0.2199999999999999734 ) ) ;
#6425 = LINE ( 'NONE', #1930, #6147 ) ;
#6426 = B_SPLINE_CURVE_WITH_KNOTS ( 'NONE', 3,
 ( #1276, #7915, #3353, #4146 ),
 .UNSPECIFIED., .F., .F.,
 ( 4, 4 ),
 ( 12.00000000000000000, 13.00000000000000000 ),
 .UNSPECIFIED. ) ;
#6427 = ORIENTED_EDGE ( 'NONE', *, *, #1879, .T. ) ;
#6428 = ORIENTED_EDGE ( 'NONE', *, *, #4039, .F. ) ;
#6429 = CARTESIAN_POINT ( 'NONE',  ( 0.3704450900040795469, -0.5640613446618621962, 0.2099999999999999922 ) ) ;
#6430 = ORIENTED_EDGE ( 'NONE', *, *, #5920, .F. ) ;
#6431 =( LENGTH_UNIT ( ) NAMED_UNIT ( * ) SI_UNIT ( .MILLI., .METRE. ) );
#6432 = ORIENTED_EDGE ( 'NONE', *, *, #2668, .F. ) ;
#6433 = FACE_OUTER_BOUND ( 'NONE', #4302, .T. ) ;
#6434 = DIRECTION ( 'NONE',  ( 1.000000000000000000, 0.000000000000000000, 0.000000000000000000 ) ) ;
#6435 =( LENGTH_UNIT ( ) NAMED_UNIT ( * ) SI_UNIT ( .MILLI., .METRE. ) );
#6436 = VERTEX_POINT ( 'NONE', #4977 ) ;
#6437 = LINE ( 'NONE', #4258, #3406 ) ;
#6438 = DIRECTION ( 'NONE',  ( 0.1387416884822401664, -0.9903286039881394887, 0.000000000000000000 ) ) ;
#6439 = CARTESIAN_POINT ( 'NONE',  ( 0.3959702790203422640, -0.4649315126338516291, 0.2199999999999999734 ) ) ;
#6440 = CARTESIAN_POINT ( 'NONE',  ( 0.4650318840257194886, -0.4650800588358516285, 0.2199999999999999734 ) ) ;
#6441 = DIRECTION ( 'NONE',  ( 1.000000000000000000, 0.000000000000000000, 0.000000000000000000 ) ) ;
#6442 = CARTESIAN_POINT ( 'NONE',  ( 0.4106887318525338504, -0.5677502420073075040, 0.2099999999999999922 ) ) ;
#6443 = CARTESIAN_POINT ( 'NONE',  ( 0.2621573528817939258, -0.5157831814415871907, 0.2199999999999999734 ) ) ;
#6444 = VECTOR ( 'NONE', #2399, 1000.000000000000000 ) ;
#6445 = ORIENTED_EDGE ( 'NONE', *, *, #8039, .T. ) ;
#6446 = EDGE_CURVE ( 'NONE', #8641, #4103, #2009, .T. ) ;
#6447 = ORIENTED_EDGE ( 'NONE', *, *, #8739, .F. ) ;
#6448 = DIRECTION ( 'NONE',  ( -0.000000000000000000, -0.000000000000000000, -1.000000000000000000 ) ) ;
#6449 = CARTESIAN_POINT ( 'NONE',  ( 0.4221886836450611247, -0.5607190551203122819, 0.2199999999999999734 ) ) ;
#6450 = DIRECTION ( 'NONE',  ( -0.000000000000000000, -0.000000000000000000, 1.000000000000000000 ) ) ;
#6451 = CARTESIAN_POINT ( 'NONE',  ( 0.3704450900040795469, -0.5581690119886664192, 0.2199999999999999734 ) ) ;
#6452 = LINE ( 'NONE', #8487, #3112 ) ;
#6453 = EDGE_CURVE ( 'NONE', #6043, #8822, #1218, .T. ) ;
#6454 = ORIENTED_EDGE ( 'NONE', *, *, #7982, .F. ) ;
#6455 = EDGE_CURVE ( 'NONE', #3897, #4160, #8043, .T. ) ;
#6456 = VECTOR ( 'NONE', #6130, 1000.000000000000000 ) ;
#6457 = VERTEX_POINT ( 'NONE', #5028 ) ;
#6458 = PLANE ( 'NONE',  #3391 ) ;
#6459 = DIRECTION ( 'NONE',  ( -1.000000000000000000, 0.000000000000000000, 0.000000000000000000 ) ) ;
#6460 = ORIENTED_EDGE ( 'NONE', *, *, #8398, .T. ) ;
#6461 = CARTESIAN_POINT ( 'NONE',  ( 0.4336267411867306132, -0.4706505414047669200, 0.2199999999999999734 ) ) ;
#6462 = ADVANCED_FACE ( 'NONE', ( #1415 ), #2100, .F. ) ;
#6463 = CARTESIAN_POINT ( 'NONE',  ( 0.3414662017951807238, -0.4650800588358516285, 0.2199999999999999734 ) ) ;
#6464 = ORIENTED_EDGE ( 'NONE', *, *, #1319, .F. ) ;
#6465 = EDGE_CURVE ( 'NONE', #9691, #3618, #7998, .T. ) ;
#6466 = EDGE_CURVE ( 'NONE', #7992, #3614, #9488, .T. ) ;
#6467 = VECTOR ( 'NONE', #3504, 1000.000000000000000 ) ;
#6468 = LINE ( 'NONE', #5731, #389 ) ;
#6469 = CARTESIAN_POINT ( 'NONE',  ( 0.3414662017951822226, -0.5685177307169276828, 0.2099999999999999922 ) ) ;
#6470 = FILL_AREA_STYLE_COLOUR ( '', #497 ) ;
#6471 = ORIENTED_EDGE ( 'NONE', *, *, #3009, .T. ) ;
#6472 = CARTESIAN_POINT ( 'NONE',  ( 0.5157851696542454789, -0.4947892992036243553, 0.2099999999999999922 ) ) ;
#6473 = FACE_OUTER_BOUND ( 'NONE', #4385, .T. ) ;
#6474 = LINE ( 'NONE', #8824, #8016 ) ;
#6475 = VECTOR ( 'NONE', #1542, 1000.000000000000114 ) ;
#6476 = CARTESIAN_POINT ( 'NONE',  ( 0.3875155243655242776, -0.4642630547256726969, 0.2099999999999999922 ) ) ;
#6477 = VERTEX_POINT ( 'NONE', #6704 ) ;
#6478 = VERTEX_POINT ( 'NONE', #7248 ) ;
#6479 = ORIENTED_EDGE ( 'NONE', *, *, #1079, .F. ) ;
#6480 = VERTEX_POINT ( 'NONE', #7341 ) ;
#6481 = FILL_AREA_STYLE_COLOUR ( '', #1108 ) ;
#6482 = AXIS2_PLACEMENT_3D ( 'NONE', #9358, #3495, #4891 ) ;
#6483 = PLANE ( 'NONE',  #3813 ) ;
#6484 = ORIENTED_EDGE ( 'NONE', *, *, #7442, .T. ) ;
#6485 = CARTESIAN_POINT ( 'NONE',  ( 0.1223697933519574677, -0.6035807767306674565, 0.2199999999999999734 ) ) ;
#6486 = DIRECTION ( 'NONE',  ( -0.000000000000000000, -0.000000000000000000, -1.000000000000000000 ) ) ;
#6487 = DIRECTION ( 'NONE',  ( 0.000000000000000000, 0.000000000000000000, 1.000000000000000000 ) ) ;
#6488 = FILL_AREA_STYLE ('',( #3478 ) ) ;
#6489 = CARTESIAN_POINT ( 'NONE',  ( -0.04500000000000017181, -0.4550000000000000155, 0.000000000000000000 ) ) ;
#6490 = ORIENTED_EDGE ( 'NONE', *, *, #8116, .F. ) ;
#6491 = ORIENTED_EDGE ( 'NONE', *, *, #9711, .T. ) ;
#6492 = DIRECTION ( 'NONE',  ( 0.000000000000000000, -1.000000000000000000, 0.000000000000000000 ) ) ;
#6493 = VECTOR ( 'NONE', #1572, 1000.000000000000000 ) ;
#6494 = B_SPLINE_SURFACE_WITH_KNOTS ( 'NONE', 3, 1, ( 
 ( #6701, #7541 ),
 ( #34, #2991 ),
 ( #763, #6649 ),
 ( #7441, #2051 ) ),
 .UNSPECIFIED., .F., .F., .F.,
 ( 4, 4 ),
 ( 2, 2 ),
 ( 11.00000000000000000, 12.00000000000000000 ),
 ( 0.000000000000000000, 1.000000000000000000 ),
 .UNSPECIFIED. ) ;
#6495 = CARTESIAN_POINT ( 'NONE',  ( 0.4833030668519888162, -0.4886741472279218512, 0.2099999999999999922 ) ) ;
#6496 = EDGE_CURVE ( 'NONE', #46, #4728, #6547, .T. ) ;
#6497 = CARTESIAN_POINT ( 'NONE',  ( 0.4044126548248562769, -0.5595554432059079986, 0.2099999999999999922 ) ) ;
#6498 = CARTESIAN_POINT ( 'NONE',  ( 0.3887905459313502066, -0.5729741167719957229, 0.2199999999999999734 ) ) ;
#6499 = VERTEX_POINT ( 'NONE', #1359 ) ;
#6500 =( GEOMETRIC_REPRESENTATION_CONTEXT ( 3 ) GLOBAL_UNCERTAINTY_ASSIGNED_CONTEXT ( ( #5639 ) ) GLOBAL_UNIT_ASSIGNED_CONTEXT ( ( #6527, #7228, #5696 ) ) REPRESENTATION_CONTEXT ( 'NONE', 'WORKASPACE' ) );
#6501 = ORIENTED_EDGE ( 'NONE', *, *, #7231, .F. ) ;
#6502 =( NAMED_UNIT ( * ) PLANE_ANGLE_UNIT ( ) SI_UNIT ( $, .RADIAN. ) );
#6503 = DIRECTION ( 'NONE',  ( -0.000000000000000000, -0.000000000000000000, -1.000000000000000000 ) ) ;
#6504 = CARTESIAN_POINT ( 'NONE',  ( 0.4975511233783935783, -0.5002607509714263045, 0.2099999999999999922 ) ) ;
#6505 = ORIENTED_EDGE ( 'NONE', *, *, #1391, .T. ) ;
#6506 = CARTESIAN_POINT ( 'NONE',  ( 0.4767298974208040718, -0.4888474511302015046, 0.2099999999999999922 ) ) ;
#6507 = ADVANCED_FACE ( 'NONE', ( #6600 ), #9632, .T. ) ;
#6508 = LINE ( 'NONE', #342, #8056 ) ;
#6509 = ORIENTED_EDGE ( 'NONE', *, *, #2350, .F. ) ;
#6510 = FACE_OUTER_BOUND ( 'NONE', #9362, .T. ) ;
#6511 = EDGE_CURVE ( 'NONE', #2265, #6825, #5075, .T. ) ;
#6512 = UNCERTAINTY_MEASURE_WITH_UNIT (LENGTH_MEASURE( 1.000000000000000082E-05 ), #3800, 'distance_accuracy_value', 'NONE');
#6513 = LINE ( 'NONE', #9367, #3323 ) ;
#6514 = B_SPLINE_CURVE_WITH_KNOTS ( 'NONE', 3,
 ( #5938, #8181, #6535, #7425 ),
 .UNSPECIFIED., .F., .F.,
 ( 4, 4 ),
 ( 1.000000000000000000, 2.000000000000000000 ),
 .UNSPECIFIED. ) ;
#6515 = VECTOR ( 'NONE', #8522, 1000.000000000000000 ) ;
#6516 = CARTESIAN_POINT ( 'NONE',  ( 0.1764255849868762438, -0.5557224672775614716, 0.2199999999999999734 ) ) ;
#6517 = VERTEX_POINT ( 'NONE', #5904 ) ;
#6518 = EDGE_CURVE ( 'NONE', #4217, #1585, #3587, .T. ) ;
#6519 = EDGE_CURVE ( 'NONE', #9745, #376, #5716, .T. ) ;
#6520 = CARTESIAN_POINT ( 'NONE',  ( 0.1568002280277302762, -0.4865173119671748481, 0.2099999999999999922 ) ) ;
#6521 = CARTESIAN_POINT ( 'NONE',  ( 0.3759041629217430014, -0.5751527943991378011, 0.2199999999999999734 ) ) ;
#6522 = PLANE ( 'NONE',  #2329 ) ;
#6523 = CARTESIAN_POINT ( 'NONE',  ( 0.1027444560942321478, -0.4858287039301895094, 0.2199999999999999734 ) ) ;
#6524 = EDGE_LOOP ( 'NONE', ( #8202, #3059, #6464, #677 ) ) ;
#6525 = VECTOR ( 'NONE', #9055, 1000.000000000000000 ) ;
#6526 = ORIENTED_EDGE ( 'NONE', *, *, #8046, .F. ) ;
#6527 =( LENGTH_UNIT ( ) NAMED_UNIT ( * ) SI_UNIT ( .MILLI., .METRE. ) );
#6528 = VERTEX_POINT ( 'NONE', #8904 ) ;
#6529 = ADVANCED_FACE ( 'NONE', ( #3136 ), #914, .F. ) ;
#6530 = CARTESIAN_POINT ( 'NONE',  ( 0.3352148824677828043, -0.5135061206355653329, 0.2199999999999999734 ) ) ;
#6531 = LINE ( 'NONE', #3620, #3491 ) ;
#6532 = VERTEX_POINT ( 'NONE', #6857 ) ;
#6533 = CARTESIAN_POINT ( 'NONE',  ( 0.3817841167446345829, -0.5598772933098575821, 0.2099999999999999922 ) ) ;
#6534 = CIRCLE ( 'NONE', #5907, 0.07999999999999998779 ) ;
#6535 = CARTESIAN_POINT ( 'NONE',  ( 0.5079864940576305221, -0.4728787344324648645, 0.2099999999999999922 ) ) ;
#6536 = CARTESIAN_POINT ( 'NONE',  ( 0.3352148824677828043, -0.5135061206355653329, 0.2199999999999999734 ) ) ;
#6537 = CARTESIAN_POINT ( 'NONE',  ( 0.5239552107553649973, -0.5848082975186108534, 0.2199999999999999734 ) ) ;
#6538 = CARTESIAN_POINT ( 'NONE',  ( 0.4759995452616020972, -0.4714923032152237847, 0.2199999999999999734 ) ) ;
#6539 = LINE ( 'NONE', #2089, #1734 ) ;
#6540 = ORIENTED_EDGE ( 'NONE', *, *, #5200, .T. ) ;
#6541 =( GEOMETRIC_REPRESENTATION_CONTEXT ( 3 ) GLOBAL_UNCERTAINTY_ASSIGNED_CONTEXT ( ( #8684 ) ) GLOBAL_UNIT_ASSIGNED_CONTEXT ( ( #867, #9108, #9202 ) ) REPRESENTATION_CONTEXT ( 'NONE', 'WORKASPACE' ) );
#6542 = ORIENTED_EDGE ( 'NONE', *, *, #984, .T. ) ;
#6543 = CARTESIAN_POINT ( 'NONE',  ( 0.4159868797182213473, -0.5598772933098575821, 0.2099999999999999922 ) ) ;
#6544 = SURFACE_STYLE_FILL_AREA ( #1162 ) ;
#6545 = LINE ( 'NONE', #2052, #8923 ) ;
#6546 = AXIS2_PLACEMENT_3D ( 'NONE', #7906, #4332, #6459 ) ;
#6547 = LINE ( 'NONE', #572, #5335 ) ;
#6548 = ORIENTED_EDGE ( 'NONE', *, *, #2961, .F. ) ;
#6549 = ORIENTED_EDGE ( 'NONE', *, *, #892, .T. ) ;
#6550 = AXIS2_PLACEMENT_3D ( 'NONE', #1422, #9019, #42 ) ;
#6551 = CARTESIAN_POINT ( 'NONE',  ( 0.4942707280878861908, -0.5419032028872593498, 0.2199999999999999734 ) ) ;
#6552 = CARTESIAN_POINT ( 'NONE',  ( -0.4550000000000002376, 0.4550000000000000155, -0.01000000000000000021 ) ) ;
#6553 = B_SPLINE_CURVE_WITH_KNOTS ( 'NONE', 3,
 ( #8002, #1962, #4091, #8629 ),
 .UNSPECIFIED., .F., .F.,
 ( 4, 4 ),
 ( 7.000000000000000000, 8.000000000000000000 ),
 .UNSPECIFIED. ) ;
#6554 = PLANE ( 'NONE',  #2453 ) ;
#6555 = ORIENTED_EDGE ( 'NONE', *, *, #6587, .T. ) ;
#6556 = DIRECTION ( 'NONE',  ( 1.000000000000000000, 0.000000000000000000, 0.000000000000000000 ) ) ;
#6557 = EDGE_LOOP ( 'NONE', ( #3900, #4758, #8123, #4619 ) ) ;
#6558 = CARTESIAN_POINT ( 'NONE',  ( 0.4400637432663821458, -0.6066198314889892362, 0.2099999999999999922 ) ) ;
#6559 = EDGE_CURVE ( 'NONE', #2885, #1207, #6900, .T. ) ;
#6560 = FILL_AREA_STYLE ('',( #1532 ) ) ;
#6561 = PRESENTATION_LAYER_ASSIGNMENT (  '', '', ( #7847 ) ) ;
#6562 = LINE ( 'NONE', #4118, #5763 ) ;
#6563 = LINE ( 'NONE', #4295, #9011 ) ;
#6564 = EDGE_LOOP ( 'NONE', ( #8095, #8758, #1902, #2667 ) ) ;
#6565 = FILL_AREA_STYLE_COLOUR ( '', #8584 ) ;
#6566 = DIRECTION ( 'NONE',  ( 2.238881569535239284E-14, -1.000000000000000000, -0.000000000000000000 ) ) ;
#6567 = CARTESIAN_POINT ( 'NONE',  ( 0.4195272308619957813, -0.5549505109488411803, 0.2199999999999999734 ) ) ;
#6568 = EDGE_CURVE ( 'NONE', #1282, #9028, #6142, .T. ) ;
#6569 = ORIENTED_EDGE ( 'NONE', *, *, #1633, .F. ) ;
#6570 = ORIENTED_EDGE ( 'NONE', *, *, #9692, .T. ) ;
#6571 = AXIS2_PLACEMENT_3D ( 'NONE', #3779, #8076, #9672 ) ;
#6572 = ORIENTED_EDGE ( 'NONE', *, *, #9519, .T. ) ;
#6573 = EDGE_CURVE ( 'NONE', #4710, #6648, #3089, .T. ) ;
#6574 = B_SPLINE_SURFACE_WITH_KNOTS ( 'NONE', 3, 1, ( 
 ( #6330, #1642 ),
 ( #2580, #5594 ),
 ( #1839, #4859 ),
 ( #894, #1098 ) ),
 .UNSPECIFIED., .F., .F., .F.,
 ( 4, 4 ),
 ( 2, 2 ),
 ( 10.00000000000000000, 11.00000000000000000 ),
 ( 0.000000000000000000, 1.000000000000000000 ),
 .UNSPECIFIED. ) ;
#6575 = EDGE_CURVE ( 'NONE', #8556, #8822, #5417, .T. ) ;
#6576 = ORIENTED_EDGE ( 'NONE', *, *, #5964, .T. ) ;
#6577 = CARTESIAN_POINT ( 'NONE',  ( 0.09207102003142031421, -0.4965021399933357005, 0.2199999999999999734 ) ) ;
#6578 = PRESENTATION_STYLE_ASSIGNMENT (( #7277 ) ) ;
#6579 = VERTEX_POINT ( 'NONE', #766 ) ;
#6580 = VECTOR ( 'NONE', #6932, 1000.000000000000000 ) ;
#6581 =( NAMED_UNIT ( * ) PLANE_ANGLE_UNIT ( ) SI_UNIT ( $, .RADIAN. ) );
#6582 = DIRECTION ( 'NONE',  ( -1.000000000000000000, -8.602582885162330422E-14, 0.000000000000000000 ) ) ;
#6583 = CARTESIAN_POINT ( 'NONE',  ( 0.4180727159690294514, -0.5904592426136834327, 0.2199999999999999734 ) ) ;
#6584 = PLANE ( 'NONE',  #8623 ) ;
#6585 = CARTESIAN_POINT ( 'NONE',  ( 0.2955548771440311695, -0.5422946056345676613, 0.2199999999999999734 ) ) ;
#6586 = LINE ( 'NONE', #1997, #3607 ) ;
#6587 = EDGE_CURVE ( 'NONE', #304, #2388, #4572, .T. ) ;
#6588 = ORIENTED_EDGE ( 'NONE', *, *, #4418, .T. ) ;
#6589 = ORIENTED_EDGE ( 'NONE', *, *, #9558, .F. ) ;
#6590 = CARTESIAN_POINT ( 'NONE',  ( 0.4342828202447677755, -0.6014207144245777847, 0.2199999999999999734 ) ) ;
#6591 = EDGE_CURVE ( 'NONE', #3421, #4931, #817, .T. ) ;
#6592 = VECTOR ( 'NONE', #6618, 1000.000000000000000 ) ;
#6593 = ADVANCED_FACE ( 'NONE', ( #3834 ), #9149, .F. ) ;
#6594 = ORIENTED_EDGE ( 'NONE', *, *, #6466, .T. ) ;
#6595 = PLANE ( 'NONE',  #7658 ) ;
#6596 = CARTESIAN_POINT ( 'NONE',  ( 0.4755786643565521055, -0.5685177307169276828, 0.2199999999999999734 ) ) ;
#6597 = PLANE ( 'NONE',  #4317 ) ;
#6598 = DIRECTION ( 'NONE',  ( -1.000000000000000000, -0.000000000000000000, -0.000000000000000000 ) ) ;
#6599 = CLOSED_SHELL ( 'NONE', ( #7933, #8625, #3377, #7252, #3304, #4902, #5327, #4727, #5723, #3501, #6903, #8287, #8527, #9082, #5377, #9571, #3086, #1328, #5259, #5746, #9394, #8236, #3021, #1033, #413, #5798, #2609, #3315, #7797, #177, #4475, #7301, #599, #7911, #6407, #4273, #5851, #161, #9002, #4581, #8175, #9287, #1509, #1807, #4481, #4954, #8351, #381, #7914, #2050, #6813, #5567, #2175, #5909, #3757, #1264, #7932, #188, #4646, #3631, #3192, #7845, #2057, #6462, #8036, #3541, #5013, #4157, #2232, #5446, #4290, #667, #6328, #8847, #673, #3567, #7681, #2897, #4938, #6356, #3036, #8725, #2351, #6636, #6831, #4527, #1157, #7243, #4150, #5680, #4844, #5629, #9211, #9633, #8805, #6764, #6318, #255, #1819, #1935, #1522, #789, #9203, #8349, #7203, #3131, #5484, #8803, #2546, #316, #5749, #5438, #9639, #4955, #6507, #9514, #4834, #8794, #8906, #6021, #3671, #6653, #5796, #5791, #2830, #3682, #6630, #7904, #2967, #1185, #7185, #3446, #523, #9164, #8167, #8562, #7172, #9349, #2112, #3793, #8990, #8157, #6651, #8633, #2555, #3697, #9154, #4209, #600, #3321, #9698, #5625, #2671, #9413, #1626, #9162, #3444, #4719, #292, #5265, #9260, #4535, #3489, #5750, #9297, #3921, #616, #6930, #4726, #6161, #3568, #2272, #4401, #7486, #2038, #490, #4588, #6011, #3450, #6999, #3911, #74, #7433, #7250, #5525, #6080, #3266, #4092, #3320, #3852, #1446, #1083, #8579, #2428, #1041, #9347, #9160, #4172, #5681, #1923, #5672, #2406, #7347, #7683, #7077, #6091, #3684, #8573, #8205, #2348, #5805, #8435, #1035, #6159, #2778, #3548, #4769, #6593, #7861, #233, #4473, #4889, #299, #8975, #9454, #1614, #7557, #8673, #3332, #9627, #2128, #4230, #1915, #9631, #1756, #656, #1874, #6836, #919, #6197, #8736, #9404, #8856, #4222, #5916, #9464, #964, #8683, #4594, #945, #4223, #2825, #1374, #5603, #618, #2006, #368, #436, #16, #6529, #3615, #5199, #5091, #4592, #8213, #9614, #2235, #8505, #2658 ) ) ;
#6600 = FACE_OUTER_BOUND ( 'NONE', #6888, .T. ) ;
#6601 = ORIENTED_EDGE ( 'NONE', *, *, #5973, .T. ) ;
#6602 = EDGE_LOOP ( 'NONE', ( #6966, #7100, #4811, #7249 ) ) ;
#6603 = PRESENTATION_STYLE_ASSIGNMENT (( #3591 ) ) ;
#6604 = CARTESIAN_POINT ( 'NONE',  ( 0.3743939432031076486, -0.4666397939550415153, 0.2199999999999999734 ) ) ;
#6605 = DIRECTION ( 'NONE',  ( 1.791105255628191490E-14, -1.000000000000000000, -0.000000000000000000 ) ) ;
#6606 = ORIENTED_EDGE ( 'NONE', *, *, #2094, .T. ) ;
#6607 = DIRECTION ( 'NONE',  ( -0.000000000000000000, -0.000000000000000000, -1.000000000000000000 ) ) ;
#6608 = DIRECTION ( 'NONE',  ( -0.000000000000000000, -0.000000000000000000, -1.000000000000000000 ) ) ;
#6609 = ORIENTED_EDGE ( 'NONE', *, *, #3255, .F. ) ;
#6610 = DIRECTION ( 'NONE',  ( 1.000000000000000000, 0.000000000000000000, 0.000000000000000000 ) ) ;
#6611 = SURFACE_STYLE_USAGE ( .BOTH. , #3007 ) ;
#6612 = CARTESIAN_POINT ( 'NONE',  ( 0.1178938361874166119, -0.5898086028601592368, 0.2099999999999999922 ) ) ;
#6613 = CARTESIAN_POINT ( 'NONE',  ( 0.3607524503341855149, -0.5135061206355653329, 0.2099999999999999922 ) ) ;
#6614 = DIRECTION ( 'NONE',  ( 0.000000000000000000, 0.000000000000000000, -1.000000000000000000 ) ) ;
#6615 = EDGE_LOOP ( 'NONE', ( #6526, #8884, #5858, #4231 ) ) ;
#6616 =( LENGTH_UNIT ( ) NAMED_UNIT ( * ) SI_UNIT ( .MILLI., .METRE. ) );
#6617 = DIRECTION ( 'NONE',  ( 0.000000000000000000, -0.000000000000000000, -1.000000000000000000 ) ) ;
#6618 = DIRECTION ( 'NONE',  ( -1.000000000000000000, -0.000000000000000000, -0.000000000000000000 ) ) ;
#6619 = EDGE_CURVE ( 'NONE', #7636, #2077, #47, .T. ) ;
#6620 = CARTESIAN_POINT ( 'NONE',  ( 0.5157851696542454789, -0.4947892992036243553, 0.2199999999999999734 ) ) ;
#6621 = ORIENTED_EDGE ( 'NONE', *, *, #4101, .F. ) ;
#6622 = ORIENTED_EDGE ( 'NONE', *, *, #6274, .F. ) ;
#6623 = B_SPLINE_CURVE_WITH_KNOTS ( 'NONE', 3,
 ( #6920, #144, #1680, #744 ),
 .UNSPECIFIED., .F., .F.,
 ( 4, 4 ),
 ( 14.00000000000000000, 15.00000000000000000 ),
 .UNSPECIFIED. ) ;
#6624 = STYLED_ITEM ( 'NONE', ( #1288 ), #7797 ) ;
#6625 = ORIENTED_EDGE ( 'NONE', *, *, #1393, .T. ) ;
#6626 = FACE_OUTER_BOUND ( 'NONE', #6138, .T. ) ;
#6627 = ORIENTED_EDGE ( 'NONE', *, *, #3255, .T. ) ;
#6628 = CARTESIAN_POINT ( 'NONE',  ( -0.5350000000000002531, 0.4550000000000000155, 0.000000000000000000 ) ) ;
#6629 = CARTESIAN_POINT ( 'NONE',  ( -0.7000000000000001776, -0.6999999999999999556, 0.2099999999999999922 ) ) ;
#6630 = ADVANCED_FACE ( 'NONE', ( #7544 ), #6666, .F. ) ;
#6631 = ORIENTED_EDGE ( 'NONE', *, *, #784, .F. ) ;
#6632 = VECTOR ( 'NONE', #5684, 1000.000000000000000 ) ;
#6633 = LINE ( 'NONE', #9522, #3740 ) ;
#6634 = LINE ( 'NONE', #559, #6680 ) ;
#6635 = CARTESIAN_POINT ( 'NONE',  ( 0.4755786643565521055, -0.5848082975186108534, 0.2199999999999999734 ) ) ;
#6636 = ADVANCED_FACE ( 'NONE', ( #1659 ), #3667, .F. ) ;
#6637 = SURFACE_SIDE_STYLE ('',( #7377 ) ) ;
#6638 = CARTESIAN_POINT ( 'NONE',  ( 0.2952105780508541000, -0.5216363579633059855, 0.2199999999999999734 ) ) ;
#6639 = CARTESIAN_POINT ( 'NONE',  ( 0.4681142177140130145, -0.5063016298462925668, 0.2099999999999999922 ) ) ;
#6640 = DIRECTION ( 'NONE',  ( -1.000000000000000000, 0.000000000000000000, -0.000000000000000000 ) ) ;
#6641 = VERTEX_POINT ( 'NONE', #3045 ) ;
#6642 = FACE_OUTER_BOUND ( 'NONE', #3974, .T. ) ;
#6643 = ORIENTED_EDGE ( 'NONE', *, *, #9282, .F. ) ;
#6644 = CARTESIAN_POINT ( 'NONE',  ( 0.4244044978224565945, -0.5752023097996914469, 0.2199999999999999734 ) ) ;
#6645 = VERTEX_POINT ( 'NONE', #4476 ) ;
#6646 = EDGE_CURVE ( 'NONE', #4103, #8073, #7493, .T. ) ;
#6647 = FACE_OUTER_BOUND ( 'NONE', #9307, .T. ) ;
#6648 = VERTEX_POINT ( 'NONE', #9736 ) ;
#6649 = CARTESIAN_POINT ( 'NONE',  ( 0.3772163210379844700, -0.5070443608556347570, 0.2099999999999999922 ) ) ;
#6650 = AXIS2_PLACEMENT_3D ( 'NONE', #4493, #6614, #6672 ) ;
#6651 = ADVANCED_FACE ( 'NONE', ( #2994 ), #8700, .F. ) ;
#6652 = CARTESIAN_POINT ( 'NONE',  ( 0.4404970030217488230, -0.5965434474641180262, 0.2099999999999999922 ) ) ;
#6653 = ADVANCED_FACE ( 'NONE', ( #2597 ), #2559, .T. ) ;
#6654 = DIRECTION ( 'NONE',  ( 0.2524218971877542073, -0.9676172723862129788, 0.000000000000000000 ) ) ;
#6655 = CARTESIAN_POINT ( 'NONE',  ( 0.5255025670247480685, -0.5903292646869716664, 0.2099999999999999922 ) ) ;
#6656 = ORIENTED_EDGE ( 'NONE', *, *, #6779, .T. ) ;
#6657 = CIRCLE ( 'NONE', #1453, 0.07999999999999997391 ) ;
#6658 = ORIENTED_EDGE ( 'NONE', *, *, #841, .T. ) ;
#6659 = EDGE_CURVE ( 'NONE', #1684, #6480, #7098, .T. ) ;
#6660 = PLANE ( 'NONE',  #6228 ) ;
#6661 = LINE ( 'NONE', #2060, #4432 ) ;
#6662 = CARTESIAN_POINT ( 'NONE',  ( 0.4693273450289774384, -0.5903292646869716664, 0.2099999999999999922 ) ) ;
#6663 = VERTEX_POINT ( 'NONE', #1764 ) ;
#6664 = CARTESIAN_POINT ( 'NONE',  ( 0.4767298974208057927, -0.4948883300050668788, 0.2199999999999999734 ) ) ;
#6665 = PRESENTATION_LAYER_ASSIGNMENT (  '', '', ( #3820 ) ) ;
#6666 = B_SPLINE_SURFACE_WITH_KNOTS ( 'NONE', 3, 1, ( 
 ( #2943, #3788 ),
 ( #1607, #83 ),
 ( #2397, #4616 ),
 ( #7641, #860 ) ),
 .UNSPECIFIED., .F., .F., .F.,
 ( 4, 4 ),
 ( 2, 2 ),
 ( 1.000000000000000000, 2.000000000000000000 ),
 ( 0.000000000000000000, 1.000000000000000000 ),
 .UNSPECIFIED. ) ;
#6667 = DIRECTION ( 'NONE',  ( -0.000000000000000000, -0.000000000000000000, 1.000000000000000000 ) ) ;
#6668 = CARTESIAN_POINT ( 'NONE',  ( 0.4154917257121573115, -0.5763164063135421955, 0.2199999999999999734 ) ) ;
#6669 = FACE_OUTER_BOUND ( 'NONE', #4071, .T. ) ;
#6670 = DIRECTION ( 'NONE',  ( 1.000000000000000000, -0.000000000000000000, -0.000000000000000000 ) ) ;
#6671 = PLANE ( 'NONE',  #556 ) ;
#6672 = DIRECTION ( 'NONE',  ( 1.000000000000000000, 0.000000000000000000, 0.000000000000000000 ) ) ;
#6673 = ORIENTED_EDGE ( 'NONE', *, *, #4849, .T. ) ;
#6674 = SURFACE_SIDE_STYLE ('',( #2916 ) ) ;
#6675 = LINE ( 'NONE', #2073, #4623 ) ;
#6676 = LINE ( 'NONE', #2918, #5801 ) ;
#6677 = ORIENTED_EDGE ( 'NONE', *, *, #7660, .F. ) ;
#6678 = ORIENTED_EDGE ( 'NONE', *, *, #4100, .F. ) ;
#6679 = FILL_AREA_STYLE ('',( #9608 ) ) ;
#6680 = VECTOR ( 'NONE', #5986, 1000.000000000000000 ) ;
#6681 = CARTESIAN_POINT ( 'NONE',  ( 0.1168609323411295281, -0.4799755306923473852, 0.2199999999999999734 ) ) ;
#6682 = CARTESIAN_POINT ( 'NONE',  ( 0.4404970030217488230, -0.5965434474641180262, 0.2199999999999999734 ) ) ;
#6683 = ORIENTED_EDGE ( 'NONE', *, *, #3987, .T. ) ;
#6684 = CARTESIAN_POINT ( 'NONE',  ( 0.3817841167446345829, -0.5598772933098575821, 0.2199999999999999734 ) ) ;
#6685 = DIRECTION ( 'NONE',  ( -1.000000000000000000, -0.000000000000000000, -0.000000000000000000 ) ) ;
#6686 = PLANE ( 'NONE',  #4808 ) ;
#6687 =( LENGTH_UNIT ( ) NAMED_UNIT ( * ) SI_UNIT ( .MILLI., .METRE. ) );
#6688 = AXIS2_PLACEMENT_3D ( 'NONE', #8885, #2141, #511 ) ;
#6689 = LINE ( 'NONE', #4756, #5596 ) ;
#6690 = CARTESIAN_POINT ( 'NONE',  ( 0.4099831373939369916, -0.5620064555364439052, 0.2099999999999999922 ) ) ;
#6691 = CARTESIAN_POINT ( 'NONE',  ( 0.4308414999022723291, -0.6061246774827573347, 0.2099999999999999922 ) ) ;
#6692 = ORIENTED_EDGE ( 'NONE', *, *, #6402, .T. ) ;
#6693 = DIRECTION ( 'NONE',  ( -1.000000000000000000, -0.000000000000000000, -0.000000000000000000 ) ) ;
#6694 = VERTEX_POINT ( 'NONE', #3983 ) ;
#6695 = DIRECTION ( 'NONE',  ( -0.000000000000000000, -0.000000000000000000, -1.000000000000000000 ) ) ;
#6696 = ORIENTED_EDGE ( 'NONE', *, *, #1389, .T. ) ;
#6697 = EDGE_CURVE ( 'NONE', #7949, #12, #8313, .T. ) ;
#6698 = VECTOR ( 'NONE', #1526, 1000.000000000000000 ) ;
#6699 = CARTESIAN_POINT ( 'NONE',  ( 0.3732179524385628167, -0.5822334966866880013, 0.2199999999999999734 ) ) ;
#6700 = ORIENTED_EDGE ( 'NONE', *, *, #8511, .F. ) ;
#6701 = CARTESIAN_POINT ( 'NONE',  ( 0.3864880798028144659, -0.5087526421768254759, 0.2199999999999999734 ) ) ;
#6702 = CARTESIAN_POINT ( 'NONE',  ( 0.4470949301535396825, -0.5955531394516612176, 0.2099999999999999922 ) ) ;
#6703 = CARTESIAN_POINT ( 'NONE',  ( 0.3627330663586046389, -0.4824104490505501941, 0.2199999999999999734 ) ) ;
#6704 = CARTESIAN_POINT ( 'NONE',  ( 0.4715555380566762711, -0.5029345826047947332, 0.2099999999999999922 ) ) ;
#6705 = CARTESIAN_POINT ( 'NONE',  ( 0.1357976681292871468, -0.5440161208012131988, 0.2099999999999999922 ) ) ;
#6707 = EDGE_CURVE ( 'NONE', #1825, #2140, #163, .T. ) ;
#6706 = VECTOR ( 'NONE', #3329, 1000.000000000000000 ) ;
#6708 = ORIENTED_EDGE ( 'NONE', *, *, #2103, .T. ) ;
#6709 = EDGE_CURVE ( 'NONE', #5407, #653, #8524, .T. ) ;
#6710 = ORIENTED_EDGE ( 'NONE', *, *, #8, .T. ) ;
#6711 = EDGE_CURVE ( 'NONE', #3634, #5653, #4998, .T. ) ;
#6712 = SURFACE_STYLE_USAGE ( .BOTH. , #627 ) ;
#6713 = CARTESIAN_POINT ( 'NONE',  ( 0.4086833581278346283, -0.5135061206355653329, 0.2099999999999999922 ) ) ;
#6714 = CIRCLE ( 'NONE', #1662, 0.07999999999999998779 ) ;
#6715 = CARTESIAN_POINT ( 'NONE',  ( 0.4438764291137137219, -0.4650800588358516285, 0.2199999999999999734 ) ) ;
#6716 = EDGE_LOOP ( 'NONE', ( #7901, #8670, #5236, #6120 ) ) ;
#6717 = EDGE_CURVE ( 'NONE', #7980, #5053, #4028, .T. ) ;
#6718 = VERTEX_POINT ( 'NONE', #6195 ) ;
#6719 = CARTESIAN_POINT ( 'NONE',  ( 0.3785408580043647109, -0.5697803734324470293, 0.2099999999999999922 ) ) ;
#6720 = VECTOR ( 'NONE', #1676, 1000.000000000000000 ) ;
#6721 = LINE ( 'NONE', #6311, #5284 ) ;
#6722 = CARTESIAN_POINT ( 'NONE',  ( 0.5674173536436449838, -0.5514844329058991024, 0.2199999999999999734 ) ) ;
#6723 = CARTESIAN_POINT ( 'NONE',  ( 0.5683581462555442609, -0.5480926279641260557, 0.2199999999999999734 ) ) ;
#6724 = EDGE_LOOP ( 'NONE', ( #647, #7344, #3065, #7226, #7278, #6949, #8900, #422, #8765, #1983, #6609, #4377, #3435, #9285 ) ) ;
#6725 = CARTESIAN_POINT ( 'NONE',  ( -0.4550000000000002376, 0.2849999999999999201, 0.000000000000000000 ) ) ;
#6726 = SURFACE_STYLE_USAGE ( .BOTH. , #5780 ) ;
#6727 = LINE ( 'NONE', #641, #6106 ) ;
#6728 = B_SPLINE_SURFACE_WITH_KNOTS ( 'NONE', 3, 1, ( 
 ( #329, #9348 ),
 ( #1072, #9441 ),
 ( #1904, #2003 ),
 ( #7101, #4973 ) ),
 .UNSPECIFIED., .F., .F., .F.,
 ( 4, 4 ),
 ( 2, 2 ),
 ( 3.000000000000000000, 4.000000000000000000 ),
 ( 0.000000000000000000, 1.000000000000000000 ),
 .UNSPECIFIED. ) ;
#6729 = CARTESIAN_POINT ( 'NONE',  ( 0.5679744019005698030, -0.5495533322822021560, 0.2099999999999999922 ) ) ;
#6730 = VERTEX_POINT ( 'NONE', #8566 ) ;
#6731 = ORIENTED_EDGE ( 'NONE', *, *, #5134, .T. ) ;
#6732 = ORIENTED_EDGE ( 'NONE', *, *, #7009, .F. ) ;
#6733 = VECTOR ( 'NONE', #2593, 1000.000000000000000 ) ;
#6734 = LINE ( 'NONE', #2973, #6475 ) ;
#6735 = DIRECTION ( 'NONE',  ( -0.000000000000000000, -0.000000000000000000, -1.000000000000000000 ) ) ;
#6736 = ORIENTED_EDGE ( 'NONE', *, *, #7664, .F. ) ;
#6737 = LINE ( 'NONE', #1445, #264 ) ;
#6738 = DIRECTION ( 'NONE',  ( -0.000000000000000000, -0.000000000000000000, -1.000000000000000000 ) ) ;
#6739 = PRESENTATION_STYLE_ASSIGNMENT (( #8271 ) ) ;
#6740 = AXIS2_PLACEMENT_3D ( 'NONE', #6278, #6327, #2578 ) ;
#6741 = CARTESIAN_POINT ( 'NONE',  ( 0.4648585801234404458, -0.5135061206355617802, 0.2199999999999999734 ) ) ;
#6742 = DIRECTION ( 'NONE',  ( -0.000000000000000000, -0.000000000000000000, -1.000000000000000000 ) ) ;
#6743 = EDGE_LOOP ( 'NONE', ( #3415, #8406, #9455, #6073 ) ) ;
#6744 = EDGE_LOOP ( 'NONE', ( #1005, #792, #743, #5683 ) ) ;
#6745 = CARTESIAN_POINT ( 'NONE',  ( 0.5686304809586079090, -0.5497018784838743066, 0.2199999999999999734 ) ) ;
#6746 = CARTESIAN_POINT ( 'NONE',  ( -0.7000000000000001776, -0.6999999999999999556, 0.2099999999999999922 ) ) ;
#6747 = ORIENTED_EDGE ( 'NONE', *, *, #374, .T. ) ;
#6748 = COLOUR_RGB ( '',0.6666666666666666297, 0.6666666666666666297, 0.6666666666666666297 ) ;
#6749 = CARTESIAN_POINT ( 'NONE',  ( 0.4308414999022723291, -0.6061246774827573347, 0.2099999999999999922 ) ) ;
#6750 = ORIENTED_EDGE ( 'NONE', *, *, #3685, .F. ) ;
#6751 = LINE ( 'NONE', #8901, #8152 ) ;
#6752 = DIRECTION ( 'NONE',  ( 1.000000000000000000, -0.000000000000000000, -0.000000000000000000 ) ) ;
#6753 = LINE ( 'NONE', #2209, #1361 ) ;
#6754 = CARTESIAN_POINT ( 'NONE',  ( 0.4112086435590397437, -0.5611646937259857637, 0.2099999999999999922 ) ) ;
#6755 = CARTESIAN_POINT ( 'NONE',  ( 0.1506027589800863487, -0.5440161208012131988, 0.2099999999999999922 ) ) ;
#6756 = CARTESIAN_POINT ( 'NONE',  ( 0.4755786643565544924, -0.5474736854561763622, 0.2099999999999999922 ) ) ;
#6757 = EDGE_CURVE ( 'NONE', #2697, #6942, #9251, .T. ) ;
#6758 = VECTOR ( 'NONE', #4227, 1000.000000000000000 ) ;
#6759 = VERTEX_POINT ( 'NONE', #3331 ) ;
#6760 =( LENGTH_UNIT ( ) NAMED_UNIT ( * ) SI_UNIT ( .MILLI., .METRE. ) );
#6761 = FACE_OUTER_BOUND ( 'NONE', #3139, .T. ) ;
#6762 = AXIS2_PLACEMENT_3D ( 'NONE', #3247, #4582, #6257 ) ;
#6763 = CARTESIAN_POINT ( 'NONE',  ( 0.5350000000000001421, 0.4549999999999994049, 0.000000000000000000 ) ) ;
#6764 = ADVANCED_FACE ( 'NONE', ( #2448 ), #1213, .F. ) ;
#6765 = ORIENTED_EDGE ( 'NONE', *, *, #6453, .T. ) ;
#6766 = B_SPLINE_CURVE_WITH_KNOTS ( 'NONE', 3,
 ( #6184, #7925, #3967, #1142 ),
 .UNSPECIFIED., .F., .F.,
 ( 4, 4 ),
 ( 13.00000000000000000, 14.00000000000000000 ),
 .UNSPECIFIED. ) ;
#6767 = EDGE_CURVE ( 'NONE', #4278, #9732, #1854, .T. ) ;
#6768 = VERTEX_POINT ( 'NONE', #6300 ) ;
#6769 = CARTESIAN_POINT ( 'NONE',  ( 0.5075656131525657644, -0.4712694839123869883, 0.2199999999999999734 ) ) ;
#6770 = CARTESIAN_POINT ( 'NONE',  ( 0.4230428243056580384, -0.5736673323807799374, 0.2099999999999999922 ) ) ;
#6771 = SURFACE_STYLE_FILL_AREA ( #6560 ) ;
#6772 = CARTESIAN_POINT ( 'NONE',  ( 0.4192672750089074252, -0.5598772933098575821, 0.2199999999999999734 ) ) ;
#6773 = LINE ( 'NONE', #1327, #5237 ) ;
#6774 = EDGE_CURVE ( 'NONE', #4814, #4249, #1116, .T. ) ;
#6775 = EDGE_LOOP ( 'NONE', ( #4111, #992, #7196, #6033 ) ) ;
#6776 = FACE_OUTER_BOUND ( 'NONE', #2883, .T. ) ;
#6777 = FACE_OUTER_BOUND ( 'NONE', #2682, .T. ) ;
#6778 = CARTESIAN_POINT ( 'NONE',  ( 0.3648003343341620908, -0.5033059481093045129, 0.2199999999999999734 ) ) ;
#6779 = EDGE_CURVE ( 'NONE', #9600, #7468, #5474, .T. ) ;
#6780 = EDGE_CURVE ( 'NONE', #8984, #1107, #5663, .T. ) ;
#6781 = DIRECTION ( 'NONE',  ( 1.000000000000000000, 0.000000000000000000, 0.000000000000000000 ) ) ;
#6782 = ORIENTED_EDGE ( 'NONE', *, *, #2221, .F. ) ;
#6783 = ORIENTED_EDGE ( 'NONE', *, *, #1999, .F. ) ;
#6784 = VERTEX_POINT ( 'NONE', #8750 ) ;
#6785 = CARTESIAN_POINT ( 'NONE',  ( 0.5321995249576521037, -0.5797577266562032872, 0.2099999999999999922 ) ) ;
#6786 = B_SPLINE_CURVE_WITH_KNOTS ( 'NONE', 3,
 ( #7694, #1717, #2500, #9150 ),
 .UNSPECIFIED., .F., .F.,
 ( 4, 4 ),
 ( 2.000000000000000000, 3.000000000000000000 ),
 .UNSPECIFIED. ) ;
#6787 = CARTESIAN_POINT ( 'NONE',  ( 0.1027444560942321478, -0.4858287039301895094, 0.2199999999999999734 ) ) ;
#6788 = FACE_OUTER_BOUND ( 'NONE', #5350, .T. ) ;
#6789 = EDGE_LOOP ( 'NONE', ( #8447, #9656, #8514, #1893 ) ) ;
#6790 = CARTESIAN_POINT ( 'NONE',  ( 0.3906845100047932617, -0.5549505109488411803, 0.2099999999999999922 ) ) ;
#6791 = SURFACE_SIDE_STYLE ('',( #7530 ) ) ;
#6792 = FACE_BOUND ( 'NONE', #3639, .T. ) ;
#6793 = DIRECTION ( 'NONE',  ( -0.000000000000000000, -0.000000000000000000, 1.000000000000000000 ) ) ;
#6794 = ORIENTED_EDGE ( 'NONE', *, *, #3503, .F. ) ;
#6795 = CARTESIAN_POINT ( 'NONE',  ( -0.4550000000000002376, 0.4550000000000000155, -0.01000000000000000021 ) ) ;
#6796 = EDGE_LOOP ( 'NONE', ( #7877, #6218, #3565, #6445, #6505, #1926, #1911 ) ) ;
#6797 = CARTESIAN_POINT ( 'NONE',  ( 0.5691132561146967639, -0.5514844329058991024, 0.2199999999999999734 ) ) ;
#6798 = B_SPLINE_CURVE_WITH_KNOTS ( 'NONE', 3,
 ( #1471, #4482, #6004, #9017 ),
 .UNSPECIFIED., .F., .F.,
 ( 4, 4 ),
 ( 2.000000000000000000, 3.000000000000000000 ),
 .UNSPECIFIED. ) ;
#6799 = CARTESIAN_POINT ( 'NONE',  ( 0.1450938881186311646, -0.5026995991903511207, 0.2099999999999999922 ) ) ;
#6800 = ORIENTED_EDGE ( 'NONE', *, *, #6273, .T. ) ;
#6801 = CARTESIAN_POINT ( 'NONE',  ( 0.2311699748078178407, -0.5904972141806824615, 0.2199999999999999734 ) ) ;
#6802 = ORIENTED_EDGE ( 'NONE', *, *, #3295, .F. ) ;
#6803 = DIRECTION ( 'NONE',  ( 0.000000000000000000, -0.000000000000000000, -1.000000000000000000 ) ) ;
#6804 = LINE ( 'NONE', #125, #3525 ) ;
#6805 = DIRECTION ( 'NONE',  ( 0.000000000000000000, -0.000000000000000000, -1.000000000000000000 ) ) ;
#6806 = CARTESIAN_POINT ( 'NONE',  ( 0.1963952279048619132, -0.4727451380969961980, 0.2199999999999999734 ) ) ;
#6807 = CARTESIAN_POINT ( 'NONE',  ( 0.4391229506548112727, -0.5998114639044999086, 0.2199999999999999734 ) ) ;
#6808 = CYLINDRICAL_SURFACE ( 'NONE', #3127, 0.07999999999999998779 ) ;
#6809 = VECTOR ( 'NONE', #5922, 1000.000000000000227 ) ;
#6810 = ORIENTED_EDGE ( 'NONE', *, *, #3598, .F. ) ;
#6811 = CARTESIAN_POINT ( 'NONE',  ( 0.3601582655266780675, -0.5419032028872593498, 0.2099999999999999922 ) ) ;
#6812 = CARTESIAN_POINT ( 'NONE',  ( 0.4755786643565521055, -0.5848082975186108534, 0.2199999999999999734 ) ) ;
#6813 = ADVANCED_FACE ( 'NONE', ( #2145 ), #9525, .F. ) ;
#6814 = AXIS2_PLACEMENT_3D ( 'NONE', #9539, #3181, #1797 ) ;
#6815 = CARTESIAN_POINT ( 'NONE',  ( 0.3627330663586046389, -0.4974631308369949489, 0.2099999999999999922 ) ) ;
#6816 = CARTESIAN_POINT ( 'NONE',  ( 0.4048335357300853476, -0.5705478621420710938, 0.2199999999999999734 ) ) ;
#6817 = AXIS2_PLACEMENT_3D ( 'NONE', #1677, #3106, #4686 ) ;
#6818 = CARTESIAN_POINT ( 'NONE',  ( 0.4244044978224565945, -0.5752023097996914469, 0.2199999999999999734 ) ) ;
#6819 = DIRECTION ( 'NONE',  ( -0.000000000000000000, -0.000000000000000000, -1.000000000000000000 ) ) ;
#6820 = VERTEX_POINT ( 'NONE', #1204 ) ;
#6821 = LINE ( 'NONE', #8539, #5226 ) ;
#6822 = EDGE_CURVE ( 'NONE', #2618, #263, #8994, .T. ) ;
#6823 = LINE ( 'NONE', #3057, #400 ) ;
#6824 = CARTESIAN_POINT ( 'NONE',  ( 0.5295628298750284513, -0.5135061206355617802, 0.2099999999999999922 ) ) ;
#6825 = VERTEX_POINT ( 'NONE', #4363 ) ;
#6826 = COLOUR_RGB ( '',0.6666666666666666297, 0.6666666666666666297, 0.6666666666666666297 ) ;
#6827 = FACE_OUTER_BOUND ( 'NONE', #4864, .T. ) ;
#6828 = ORIENTED_EDGE ( 'NONE', *, *, #8740, .F. ) ;
#6829 = ORIENTED_EDGE ( 'NONE', *, *, #7356, .T. ) ;
#6830 = ORIENTED_EDGE ( 'NONE', *, *, #2838, .F. ) ;
#6831 = ADVANCED_FACE ( 'NONE', ( #5892 ), #507, .F. ) ;
#6832 = PRESENTATION_LAYER_ASSIGNMENT (  '', '', ( #3829 ) ) ;
#6833 = UNCERTAINTY_MEASURE_WITH_UNIT (LENGTH_MEASURE( 1.000000000000000082E-05 ), #4866, 'distance_accuracy_value', 'NONE');
#6834 = CARTESIAN_POINT ( 'NONE',  ( 0.1316660199083858340, -0.4799755306923473852, 0.2199999999999999734 ) ) ;
#6835 = EDGE_CURVE ( 'NONE', #8073, #3614, #6586, .T. ) ;
#6836 = ADVANCED_FACE ( 'NONE', ( #5065 ), #2832, .F. ) ;
#6837 = PLANE ( 'NONE',  #7604 ) ;
#6838 = VERTEX_POINT ( 'NONE', #8032 ) ;
#6839 = CARTESIAN_POINT ( 'NONE',  ( 0.4230428243056580384, -0.5736673323807799374, 0.2199999999999999734 ) ) ;
#6840 = DIRECTION ( 'NONE',  ( -0.000000000000000000, -1.000000000000000000, -0.000000000000000000 ) ) ;
#6841 = CARTESIAN_POINT ( 'NONE',  ( 0.2211851434982788356, -0.4727451380969961980, 0.2099999999999999922 ) ) ;
#6842 = CARTESIAN_POINT ( 'NONE',  ( 0.4093641948861510005, -0.5631453097505708660, 0.2099999999999999922 ) ) ;
#6843 = CARTESIAN_POINT ( 'NONE',  ( 0.4347532165507171920, -0.6066198314889892362, 0.2099999999999999922 ) ) ;
#6844 = ORIENTED_EDGE ( 'NONE', *, *, #9230, .F. ) ;
#6845 = FACE_OUTER_BOUND ( 'NONE', #834, .T. ) ;
#6846 = EDGE_LOOP ( 'NONE', ( #6853, #7999, #5822, #3737 ) ) ;
#6847 = EDGE_CURVE ( 'NONE', #3951, #2535, #5015, .T. ) ;
#6848 = LINE ( 'NONE', #3969, #5873 ) ;
#6849 = CARTESIAN_POINT ( 'NONE',  ( -0.6203967675046135888, 0.5657689154935456877, 0.1899999999999999745 ) ) ;
#6850 = ORIENTED_EDGE ( 'NONE', *, *, #3025, .F. ) ;
#6851 = CARTESIAN_POINT ( 'NONE',  ( -0.5613595772881996293, 0.5657689154935456877, 0.2099999999999999922 ) ) ;
#6852 = LINE ( 'NONE', #7635, #1341 ) ;
#6853 = ORIENTED_EDGE ( 'NONE', *, *, #8038, .T. ) ;
#6854 = CIRCLE ( 'NONE', #3693, 0.07999999999999998779 ) ;
#6855 = CARTESIAN_POINT ( 'NONE',  ( 0.1574888393480909365, -0.5657073117214350688, 0.2199999999999999734 ) ) ;
#6856 = CARTESIAN_POINT ( 'NONE',  ( 0.3748272029584767129, -0.5761926178121495878, 0.2099999999999999922 ) ) ;
#6857 = CARTESIAN_POINT ( 'NONE',  ( 0.4342828202447677755, -0.6014207144245777847, 0.2199999999999999734 ) ) ;
#6858 = CARTESIAN_POINT ( 'NONE',  ( 0.5317786440525880121, -0.5880763139593236932, 0.2099999999999999922 ) ) ;
#6859 = VERTEX_POINT ( 'NONE', #8839 ) ;
#6860 = VECTOR ( 'NONE', #3090, 1000.000000000000000 ) ;
#6861 = CARTESIAN_POINT ( 'NONE',  ( 0.4322526888196110972, -0.4916945866655208497, 0.2199999999999999734 ) ) ;
#6862 = VECTOR ( 'NONE', #3759, 1000.000000000000000 ) ;
#6863 = DIRECTION ( 'NONE',  ( -1.000000000000000000, 1.983296656985684741E-16, 0.000000000000000000 ) ) ;
#6864 = CARTESIAN_POINT ( 'NONE',  ( 0.5902068167760066153, -0.5903292646869716664, 0.2199999999999999734 ) ) ;
#6865 = ORIENTED_EDGE ( 'NONE', *, *, #7560, .F. ) ;
#6866 = PRESENTATION_LAYER_ASSIGNMENT (  '', '', ( #9510 ) ) ;
#6867 =( NAMED_UNIT ( * ) PLANE_ANGLE_UNIT ( ) SI_UNIT ( $, .RADIAN. ) );
#6868 = CARTESIAN_POINT ( 'NONE',  ( 0.4438764291137137219, -0.5135061206355617802, 0.2199999999999999734 ) ) ;
#6869 = CARTESIAN_POINT ( 'NONE',  ( 0.2445978364508120950, -0.5157831814415871907, 0.2099999999999999922 ) ) ;
#6870 = ORIENTED_EDGE ( 'NONE', *, *, #5929, .T. ) ;
#6871 = CARTESIAN_POINT ( 'NONE',  ( 0.4565028562702310722, -0.5557427573587392367, 0.2199999999999999734 ) ) ;
#6872 = VECTOR ( 'NONE', #7565, 1000.000000000000000 ) ;
#6873 = DIRECTION ( 'NONE',  ( -0.000000000000000000, -0.000000000000000000, -1.000000000000000000 ) ) ;
#6874 = ORIENTED_EDGE ( 'NONE', *, *, #4101, .T. ) ;
#6875 = EDGE_LOOP ( 'NONE', ( #4498, #1040, #7087, #256 ) ) ;
#6876 = EDGE_CURVE ( 'NONE', #8846, #6477, #5252, .T. ) ;
#6877 = ORIENTED_EDGE ( 'NONE', *, *, #4455, .F. ) ;
#6878 = B_SPLINE_CURVE_WITH_KNOTS ( 'NONE', 3,
 ( #2594, #5260, #1398, #1447 ),
 .UNSPECIFIED., .F., .F.,
 ( 4, 4 ),
 ( 22.00000000000000000, 23.00000000000000000 ),
 .UNSPECIFIED. ) ;
#6879 = SURFACE_STYLE_USAGE ( .BOTH. , #7025 ) ;
#6880 = PRESENTATION_LAYER_ASSIGNMENT (  '', '', ( #9227 ) ) ;
#6881 = LINE ( 'NONE', #5498, #2558 ) ;
#6882 = ORIENTED_EDGE ( 'NONE', *, *, #1319, .T. ) ;
#6883 = EDGE_CURVE ( 'NONE', #294, #1737, #6539, .T. ) ;
#6884 = CARTESIAN_POINT ( 'NONE',  ( 0.4030757390083364311, -0.5828524391946376948, 0.2099999999999999922 ) ) ;
#6885 = CARTESIAN_POINT ( 'NONE',  ( 0.2445978364508120950, -0.5157831814415871907, 0.2099999999999999922 ) ) ;
#6886 =( LENGTH_UNIT ( ) NAMED_UNIT ( * ) SI_UNIT ( .MILLI., .METRE. ) );
#6887 = PLANE ( 'NONE',  #7239 ) ;
#6888 = EDGE_LOOP ( 'NONE', ( #9438, #8834, #4979, #5994 ) ) ;
#6889 = EDGE_CURVE ( 'NONE', #6221, #3897, #419, .T. ) ;
#6891 = EDGE_CURVE ( 'NONE', #5789, #3809, #2675, .T. ) ;
#6890 = AXIS2_PLACEMENT_3D ( 'NONE', #1992, #5563, #7279 ) ;
#6892 = ORIENTED_EDGE ( 'NONE', *, *, #8234, .T. ) ;
#6893 = CARTESIAN_POINT ( 'NONE',  ( 0.3352148824677828043, -0.5135061206355653329, 0.2199999999999999734 ) ) ;
#6894 = ORIENTED_EDGE ( 'NONE', *, *, #4060, .F. ) ;
#6895 = ORIENTED_EDGE ( 'NONE', *, *, #6095, .T. ) ;
#6896 = CARTESIAN_POINT ( 'NONE',  ( 0.1636863149628198510, -0.5863655725268676067, 0.2099999999999999922 ) ) ;
#6897 = EDGE_CURVE ( 'NONE', #5040, #9667, #8078, .T. ) ;
#6898 = CARTESIAN_POINT ( 'NONE',  ( 0.3917243334176417902, -0.4699078103957542996, 0.2099999999999999922 ) ) ;
#6899 = CARTESIAN_POINT ( 'NONE',  ( 0.5679744019005698030, -0.5495533322822021560, 0.2199999999999999734 ) ) ;
#6900 = LINE ( 'NONE', #6806, #5031 ) ;
#6901 = CARTESIAN_POINT ( 'NONE',  ( 0.5439470537532964389, -0.5583175581906659746, 0.2099999999999999922 ) ) ;
#6902 = EDGE_CURVE ( 'NONE', #2077, #7383, #3826, .T. ) ;
#6903 = ADVANCED_FACE ( 'NONE', ( #515 ), #5757, .F. ) ;
#6904 = VERTEX_POINT ( 'NONE', #5261 ) ;
#6905 = CIRCLE ( 'NONE', #440, 0.05903719021641397335 ) ;
#6906 = B_SPLINE_CURVE_WITH_KNOTS ( 'NONE', 3,
 ( #2548, #2447, #3981, #222 ),
 .UNSPECIFIED., .F., .F.,
 ( 4, 4 ),
 ( 3.000000000000000000, 4.000000000000000000 ),
 .UNSPECIFIED. ) ;
#6907 = CARTESIAN_POINT ( 'NONE',  ( 0.2318585729940072226, -0.5691503551888987822, 0.2199999999999999734 ) ) ;
#6908 = SURFACE_STYLE_FILL_AREA ( #6253 ) ;
#6909 = VECTOR ( 'NONE', #7126, 1000.000000000000000 ) ;
#6910 = B_SPLINE_CURVE_WITH_KNOTS ( 'NONE', 3,
 ( #6797, #2202, #6745, #7385 ),
 .UNSPECIFIED., .F., .F.,
 ( 4, 4 ),
 ( 1.000000000000000000, 2.000000000000000000 ),
 .UNSPECIFIED. ) ;
#6911 = DIRECTION ( 'NONE',  ( -0.8840949502478980815, -0.4673073067545236992, 0.000000000000000000 ) ) ;
#6912 = B_SPLINE_CURVE_WITH_KNOTS ( 'NONE', 3,
 ( #4062, #305, #3309, #3717 ),
 .UNSPECIFIED., .F., .F.,
 ( 4, 4 ),
 ( 9.000000000000000000, 10.00000000000000000 ),
 .UNSPECIFIED. ) ;
#6913 = ORIENTED_EDGE ( 'NONE', *, *, #4097, .F. ) ;
#6914 = AXIS2_PLACEMENT_3D ( 'NONE', #5626, #1168, #9403 ) ;
#6915 = PLANE ( 'NONE',  #3704 ) ;
#6916 = DIRECTION ( 'NONE',  ( -0.000000000000000000, -1.000000000000000000, -0.000000000000000000 ) ) ;
#6917 = FACE_OUTER_BOUND ( 'NONE', #5112, .T. ) ;
#6918 = CARTESIAN_POINT ( 'NONE',  ( 0.09792418341880346211, -0.5815453064186861809, 0.2199999999999999734 ) ) ;
#6919 = ORIENTED_EDGE ( 'NONE', *, *, #4469, .F. ) ;
#6920 = CARTESIAN_POINT ( 'NONE',  ( 0.4165810645255624833, -0.5707211660443477497, 0.2199999999999999734 ) ) ;
#6921 = AXIS2_PLACEMENT_3D ( 'NONE', #7532, #9038, #114 ) ;
#6922 = CARTESIAN_POINT ( 'NONE',  ( 0.4681142177140130145, -0.5063016298462925668, 0.2099999999999999922 ) ) ;
#6923 = VERTEX_POINT ( 'NONE', #7580 ) ;
#6924 = ORIENTED_EDGE ( 'NONE', *, *, #7503, .T. ) ;
#6925 = VERTEX_POINT ( 'NONE', #3676 ) ;
#6926 = UNCERTAINTY_MEASURE_WITH_UNIT (LENGTH_MEASURE( 1.000000000000000082E-05 ), #2480, 'distance_accuracy_value', 'NONE');
#6927 = VECTOR ( 'NONE', #7193, 1000.000000000000000 ) ;
#6928 = CARTESIAN_POINT ( 'NONE',  ( 0.3778600212460483943, -0.5744595787906805473, 0.2099999999999999922 ) ) ;
#6929 = ORIENTED_EDGE ( 'NONE', *, *, #6136, .T. ) ;
#6930 = ADVANCED_FACE ( 'NONE', ( #3726 ), #8767, .F. ) ;
#6931 = CARTESIAN_POINT ( 'NONE',  ( 0.3817841167446345829, -0.5598772933098575821, 0.2199999999999999734 ) ) ;
#6932 = DIRECTION ( 'NONE',  ( -0.000000000000000000, -0.000000000000000000, -1.000000000000000000 ) ) ;
#6933 = FILL_AREA_STYLE_COLOUR ( '', #9253 ) ;
#6934 = CARTESIAN_POINT ( 'NONE',  ( 0.4501277484412766761, -0.4706505414047669200, 0.2099999999999999922 ) ) ;
#6935 = ORIENTED_EDGE ( 'NONE', *, *, #5573, .F. ) ;
#6936 = LINE ( 'NONE', #6985, #3348 ) ;
#6937 = LINE ( 'NONE', #5512, #5116 ) ;
#6938 = ORIENTED_EDGE ( 'NONE', *, *, #6465, .T. ) ;
#6939 = EDGE_CURVE ( 'NONE', #9662, #3296, #9564, .T. ) ;
#6940 = CARTESIAN_POINT ( 'NONE',  ( 0.4225352914492895295, -0.5883981640632763854, 0.2199999999999999734 ) ) ;
#6941 = CARTESIAN_POINT ( 'NONE',  ( 0.1963952279048619132, -0.4727451380969961980, 0.2099999999999999922 ) ) ;
#6942 = VERTEX_POINT ( 'NONE', #2197 ) ;
#6943 = EDGE_CURVE ( 'NONE', #8421, #7318, #5595, .T. ) ;
#6944 = SURFACE_STYLE_USAGE ( .BOTH. , #80 ) ;
#6945 = DIRECTION ( 'NONE',  ( -0.000000000000000000, -0.000000000000000000, -1.000000000000000000 ) ) ;
#6946 = LINE ( 'NONE', #3087, #6102 ) ;
#6947 = DIRECTION ( 'NONE',  ( 0.000000000000000000, 1.000000000000000000, -0.000000000000000000 ) ) ;
#6948 = CARTESIAN_POINT ( 'NONE',  ( 0.4470949301535397935, -0.5955531394516611066, 0.2199999999999999734 ) ) ;
#6949 = ORIENTED_EDGE ( 'NONE', *, *, #715, .F. ) ;
#6950 = VECTOR ( 'NONE', #1084, 1000.000000000000000 ) ;
#6951 = EDGE_CURVE ( 'NONE', #7075, #952, #6082, .T. ) ;
#6952 = FACE_OUTER_BOUND ( 'NONE', #1307, .T. ) ;
#6953 = EDGE_CURVE ( 'NONE', #7507, #5493, #9333, .T. ) ;
#6954 = EDGE_CURVE ( 'NONE', #4557, #228, #5988, .T. ) ;
#6955 = DIRECTION ( 'NONE',  ( 0.000000000000000000, -0.000000000000000000, -1.000000000000000000 ) ) ;
#6956 = CARTESIAN_POINT ( 'NONE',  ( 0.4461541375419687538, -0.5845854782161064023, 0.2199999999999999734 ) ) ;
#6957 = VECTOR ( 'NONE', #3905, 1000.000000000000000 ) ;
#6958 = FACE_OUTER_BOUND ( 'NONE', #5895, .T. ) ;
#6959 = CARTESIAN_POINT ( 'NONE',  ( 0.2211851434982795017, -0.5798237846846273635, 0.2099999999999999922 ) ) ;
#6960 = VECTOR ( 'NONE', #8704, 1000.000000000000114 ) ;
#6961 = ORIENTED_EDGE ( 'NONE', *, *, #7799, .F. ) ;
#6962 = LINE ( 'NONE', #238, #9205 ) ;
#6963 = PLANE ( 'NONE',  #5382 ) ;
#6964 = LINE ( 'NONE', #2362, #8593 ) ;
#6965 = CARTESIAN_POINT ( 'NONE',  ( 0.2211851434982788356, -0.4727451380969961980, 0.2199999999999999734 ) ) ;
#6966 = ORIENTED_EDGE ( 'NONE', *, *, #2115, .T. ) ;
#6967 = STYLED_ITEM ( 'NONE', ( #6015 ), #9002 ) ;
#6968 = B_SPLINE_SURFACE_WITH_KNOTS ( 'NONE', 3, 1, ( 
 ( #9138, #4658 ),
 ( #7678, #5461 ),
 ( #9187, #7179 ),
 ( #1843, #3364 ) ),
 .UNSPECIFIED., .F., .F., .F.,
 ( 4, 4 ),
 ( 2, 2 ),
 ( 19.00000000000000000, 20.00000000000000000 ),
 ( 0.000000000000000000, 1.000000000000000000 ),
 .UNSPECIFIED. ) ;
#6969 = LINE ( 'NONE', #5540, #2690 ) ;
#6970 = ORIENTED_EDGE ( 'NONE', *, *, #8289, .T. ) ;
#6971 = ORIENTED_EDGE ( 'NONE', *, *, #8740, .T. ) ;
#6972 = VERTEX_POINT ( 'NONE', #753 ) ;
#6973 = CARTESIAN_POINT ( 'NONE',  ( -0.4550000000000002376, 0.5350000000000000311, -0.01000000000000000021 ) ) ;
#6974 = VECTOR ( 'NONE', #615, 1000.000000000000000 ) ;
#6975 = CARTESIAN_POINT ( 'NONE',  ( 0.4627913121478825498, -0.5557427573587392367, 0.2199999999999999734 ) ) ;
#6976 = ORIENTED_EDGE ( 'NONE', *, *, #7724, .F. ) ;
#6977 = CARTESIAN_POINT ( 'NONE',  ( 0.4431584558048148326, -0.5902549915861349250, 0.2199999999999999734 ) ) ;
#6978 = CARTESIAN_POINT ( 'NONE',  ( 0.4336267411867306132, -0.4650800588358516285, 0.2099999999999999922 ) ) ;
#6979 = CARTESIAN_POINT ( 'NONE',  ( 0.3732179524385628167, -0.5786931455429136228, 0.2099999999999999922 ) ) ;
#6980 = CARTESIAN_POINT ( 'NONE',  ( 0.4750092372494756909, -0.4995922930632486492, 0.2099999999999999922 ) ) ;
#6981 = CARTESIAN_POINT ( 'NONE',  ( 0.2318585729940072226, -0.5691503551888987822, 0.2199999999999999734 ) ) ;
#6982 = ORIENTED_EDGE ( 'NONE', *, *, #1130, .F. ) ;
#6983 = CARTESIAN_POINT ( 'NONE',  ( 0.5350000000000002531, -0.4550000000000000155, -0.01000000000000000021 ) ) ;
#6984 = ORIENTED_EDGE ( 'NONE', *, *, #7625, .F. ) ;
#6985 = CARTESIAN_POINT ( 'NONE',  ( 0.4404970030217488230, -0.5965434474641180262, 0.2099999999999999922 ) ) ;
#6986 = CARTESIAN_POINT ( 'NONE',  ( 0.1702281093719816563, -0.5484920746822141702, 0.2199999999999999734 ) ) ;
#6987 = ORIENTED_EDGE ( 'NONE', *, *, #424, .T. ) ;
#6988 = CARTESIAN_POINT ( 'NONE',  ( -0.3650000000000001577, 0.4550000000000000155, -0.01000000000000000021 ) ) ;
#6989 = CARTESIAN_POINT ( 'NONE',  ( 0.1850331870887744201, -0.5977276002089486617, 0.2099999999999999922 ) ) ;
#6990 =( NAMED_UNIT ( * ) PLANE_ANGLE_UNIT ( ) SI_UNIT ( $, .RADIAN. ) );
#6991 = ORIENTED_EDGE ( 'NONE', *, *, #4288, .F. ) ;
#6992 = CARTESIAN_POINT ( 'NONE',  ( 0.5287582046149901238, -0.5831247738980285256, 0.2099999999999999922 ) ) ;
#6993 = CARTESIAN_POINT ( 'NONE',  ( 0.3740473353987163740, -0.5036525559135289765, 0.2199999999999999734 ) ) ;
#6994 = CARTESIAN_POINT ( 'NONE',  ( 0.4759995452616020972, -0.4714923032152237847, 0.2199999999999999734 ) ) ;
#6995 = CARTESIAN_POINT ( 'NONE',  ( 0.2742080050182409967, -0.5426389178617498921, 0.2099999999999999922 ) ) ;
#6996 = CARTESIAN_POINT ( 'NONE',  ( 0.07588870653990240078, -0.5357528309264956157, 0.2199999999999999734 ) ) ;
#6997 = DIRECTION ( 'NONE',  ( 1.000000000000000000, 0.000000000000000000, 0.000000000000000000 ) ) ;
#6998 = VERTEX_POINT ( 'NONE', #3780 ) ;
#6999 = ADVANCED_FACE ( 'NONE', ( #846 ), #9314, .F. ) ;
#7000 =( GEOMETRIC_REPRESENTATION_CONTEXT ( 3 ) GLOBAL_UNCERTAINTY_ASSIGNED_CONTEXT ( ( #2371 ) ) GLOBAL_UNIT_ASSIGNED_CONTEXT ( ( #4721, #8479, #4821 ) ) REPRESENTATION_CONTEXT ( 'NONE', 'WORKASPACE' ) );
#7001 = CARTESIAN_POINT ( 'NONE',  ( 0.07588870653990240078, -0.5209477466431118309, 0.2199999999999999734 ) ) ;
#7002 =( LENGTH_UNIT ( ) NAMED_UNIT ( * ) SI_UNIT ( .MILLI., .METRE. ) );
#7003 = CARTESIAN_POINT ( 'NONE',  ( 0.1502584467527399437, -0.5657073117214350688, 0.2199999999999999734 ) ) ;
#7004 = EDGE_CURVE ( 'NONE', #6365, #3616, #8226, .T. ) ;
#7005 = AXIS2_PLACEMENT_3D ( 'NONE', #8516, #1752, #9190 ) ;
#7006 = FACE_OUTER_BOUND ( 'NONE', #7524, .T. ) ;
#7007 = EDGE_CURVE ( 'NONE', #4119, #33, #5943, .T. ) ;
#7008 = PRESENTATION_STYLE_ASSIGNMENT (( #8535 ) ) ;
#7009 = EDGE_CURVE ( 'NONE', #9714, #2487, #6290, .T. ) ;
#7010 = CARTESIAN_POINT ( 'NONE',  ( 0.4833030668519888162, -0.4886741472279218512, 0.2099999999999999922 ) ) ;
#7011 = EDGE_LOOP ( 'NONE', ( #446, #6982, #5831, #2615 ) ) ;
#7012 = DIRECTION ( 'NONE',  ( 0.3658589216694003166, -0.9306703226357352365, -0.000000000000000000 ) ) ;
#7013 = PRESENTATION_LAYER_ASSIGNMENT (  '', '', ( #8726 ) ) ;
#7014 = CARTESIAN_POINT ( 'NONE',  ( 0.4069998345069226753, -0.5576986156830463504, 0.2099999999999999922 ) ) ;
#7015 = VERTEX_POINT ( 'NONE', #4067 ) ;
#7016 = CYLINDRICAL_SURFACE ( 'NONE', #6688, 0.07999999999999998779 ) ;
#7017 = EDGE_CURVE ( 'NONE', #2173, #5864, #897, .T. ) ;
#7018 = B_SPLINE_CURVE_WITH_KNOTS ( 'NONE', 3,
 ( #3762, #5241, #8924, #1577 ),
 .UNSPECIFIED., .F., .F.,
 ( 4, 4 ),
 ( 1.000000000000000000, 2.000000000000000000 ),
 .UNSPECIFIED. ) ;
#7019 = CARTESIAN_POINT ( 'NONE',  ( 0.07588870653990240078, -0.5357528309264956157, 0.2199999999999999734 ) ) ;
#7020 = ORIENTED_EDGE ( 'NONE', *, *, #3873, .F. ) ;
#7021 = ORIENTED_EDGE ( 'NONE', *, *, #100, .T. ) ;
#7022 = AXIS2_PLACEMENT_3D ( 'NONE', #7244, #6492, #6305 ) ;
#7023 = VERTEX_POINT ( 'NONE', #1003 ) ;
#7024 = UNCERTAINTY_MEASURE_WITH_UNIT (LENGTH_MEASURE( 1.000000000000000082E-05 ), #2382, 'distance_accuracy_value', 'NONE');
#7025 = SURFACE_SIDE_STYLE ('',( #2525 ) ) ;
#7026 = CARTESIAN_POINT ( 'NONE',  ( 0.4202080676204789089, -0.5815155233779537580, 0.2099999999999999922 ) ) ;
#7027 = ORIENTED_EDGE ( 'NONE', *, *, #7799, .T. ) ;
#7028 = AXIS2_PLACEMENT_3D ( 'NONE', #2666, #7952, #4282 ) ;
#7029 = CARTESIAN_POINT ( 'NONE',  ( 0.1182381516983065928, -0.5667402090004740600, 0.2199999999999999734 ) ) ;
#7030 = CARTESIAN_POINT ( 'NONE',  ( 0.5044337640637158726, -0.4650800588358499077, 0.2199999999999999734 ) ) ;
#7031 = CARTESIAN_POINT ( 'NONE',  ( 0.4165810645255624833, -0.5549505109488411803, 0.2199999999999999734 ) ) ;
#7032 = DIRECTION ( 'NONE',  ( -0.000000000000000000, -0.000000000000000000, 1.000000000000000000 ) ) ;
#7033 = ORIENTED_EDGE ( 'NONE', *, *, #4708, .F. ) ;
#7034 = DIRECTION ( 'NONE',  ( -1.000000000000000000, 0.000000000000000000, 0.000000000000000000 ) ) ;
#7035 = ORIENTED_EDGE ( 'NONE', *, *, #7625, .T. ) ;
#7036 = CARTESIAN_POINT ( 'NONE',  ( 0.000000000000000000, 0.000000000000000000, 0.2199999999999999178 ) ) ;
#7037 = PRESENTATION_LAYER_ASSIGNMENT (  '', '', ( #5300 ) ) ;
#7038 = ORIENTED_EDGE ( 'NONE', *, *, #2842, .F. ) ;
#7039 = B_SPLINE_CURVE_WITH_KNOTS ( 'NONE', 3,
 ( #9395, #2649, #2794, #7336 ),
 .UNSPECIFIED., .F., .F.,
 ( 4, 4 ),
 ( 2.000000000000000000, 3.000000000000000000 ),
 .UNSPECIFIED. ) ;
#7040 = FACE_OUTER_BOUND ( 'NONE', #2150, .T. ) ;
#7041 = CARTESIAN_POINT ( 'NONE',  ( 0.4404970030217488230, -0.5965434474641180262, 0.2199999999999999734 ) ) ;
#7042 = VERTEX_POINT ( 'NONE', #3221 ) ;
#7043 = CARTESIAN_POINT ( 'NONE',  ( 0.1502584467527399437, -0.5925630612757669669, 0.2099999999999999922 ) ) ;
#7044 = CARTESIAN_POINT ( 'NONE',  ( 0.5366435321625796506, -0.5835456548030915069, 0.2199999999999999734 ) ) ;
#7045 = CARTESIAN_POINT ( 'NONE',  ( 0.3813632358394068445, -0.5087526421768254759, 0.2199999999999999734 ) ) ;
#7046 = CARTESIAN_POINT ( 'NONE',  ( 0.5902068167760066153, -0.5903292646869716664, 0.2199999999999999734 ) ) ;
#7047 = VECTOR ( 'NONE', #1473, 1000.000000000000000 ) ;
#7048 = CARTESIAN_POINT ( 'NONE',  ( 0.4030757390083364311, -0.5828524391946376948, 0.2199999999999999734 ) ) ;
#7049 = CARTESIAN_POINT ( 'NONE',  ( 0.3650000000000001577, -0.2849999999999999756, 0.000000000000000000 ) ) ;
#7050 = ORIENTED_EDGE ( 'NONE', *, *, #3804, .T. ) ;
#7051 = AXIS2_PLACEMENT_3D ( 'NONE', #9721, #8995, #2240 ) ;
#7052 = CARTESIAN_POINT ( 'NONE',  ( 0.2828156136870604298, -0.5750035185764428292, 0.2099999999999999922 ) ) ;
#7053 = DIRECTION ( 'NONE',  ( -1.000000000000000000, -0.000000000000000000, -0.000000000000000000 ) ) ;
#7054 = EDGE_CURVE ( 'NONE', #9015, #4249, #7876, .T. ) ;
#7055 =( NAMED_UNIT ( * ) SI_UNIT ( $, .STERADIAN. ) SOLID_ANGLE_UNIT ( ) );
#7056 = PLANE ( 'NONE',  #3434 ) ;
#7057 = MECHANICAL_DESIGN_GEOMETRIC_PRESENTATION_REPRESENTATION (  '', ( #9535 ), #2948 ) ;
#7058 = DIRECTION ( 'NONE',  ( -0.000000000000000000, 1.000000000000000000, -0.000000000000000000 ) ) ;
#7059 = CARTESIAN_POINT ( 'NONE',  ( 0.5177162702782722725, -0.5002607509714245282, 0.2199999999999999734 ) ) ;
#7060 = VERTEX_POINT ( 'NONE', #6282 ) ;
#7061 = EDGE_CURVE ( 'NONE', #215, #937, #1840, .T. ) ;
#7062 = CARTESIAN_POINT ( 'NONE',  ( 0.4755786643565521055, -0.5848082975186108534, 0.2099999999999999922 ) ) ;
#7063 = CARTESIAN_POINT ( 'NONE',  ( 0.3670656639122792941, -0.5810698847722819416, 0.2199999999999999734 ) ) ;
#7064 = CARTESIAN_POINT ( 'NONE',  ( 0.09792418341880346211, -0.5815453064186861809, 0.2099999999999999922 ) ) ;
#7065 = ORIENTED_EDGE ( 'NONE', *, *, #2300, .F. ) ;
#7066 = EDGE_CURVE ( 'NONE', #7597, #3951, #6038, .T. ) ;
#7067 = DIRECTION ( 'NONE',  ( -0.3409177962187317501, -0.9400931103999025096, -0.000000000000000000 ) ) ;
#7068 = ORIENTED_EDGE ( 'NONE', *, *, #1146, .F. ) ;
#7069 = VECTOR ( 'NONE', #624, 1000.000000000000000 ) ;
#7070 = ORIENTED_EDGE ( 'NONE', *, *, #6333, .T. ) ;
#7071 = EDGE_CURVE ( 'NONE', #2458, #5984, #395, .T. ) ;
#7072 = DIRECTION ( 'NONE',  ( -0.000000000000000000, 1.000000000000000000, -0.000000000000000000 ) ) ;
#7073 =( LENGTH_UNIT ( ) NAMED_UNIT ( * ) SI_UNIT ( .MILLI., .METRE. ) );
#7074 = DIRECTION ( 'NONE',  ( -0.9303007377811907119, 0.3667976789509063695, 0.000000000000000000 ) ) ;
#7075 = VERTEX_POINT ( 'NONE', #4654 ) ;
#7076 = CARTESIAN_POINT ( 'NONE',  ( 0.4633112238543882766, -0.5079851534672040758, 0.2199999999999999734 ) ) ;
#7077 = ADVANCED_FACE ( 'NONE', ( #951 ), #1286, .T. ) ;
#7078 = VECTOR ( 'NONE', #2346, 1000.000000000000000 ) ;
#7079 = VECTOR ( 'NONE', #2983, 1000.000000000000000 ) ;
#7080 = EDGE_CURVE ( 'NONE', #7318, #3589, #8628, .T. ) ;
#7081 = CARTESIAN_POINT ( 'NONE',  ( 0.3743815643529695425, -0.4752802313621141694, 0.2199999999999999734 ) ) ;
#7082 = CARTESIAN_POINT ( 'NONE',  ( 0.1368305851097446069, -0.4803198330689036899, 0.2199999999999999734 ) ) ;
#7083 = LINE ( 'NONE', #3269, #3588 ) ;
#7084 = CARTESIAN_POINT ( 'NONE',  ( 0.2339243938209161489, -0.5694946542819088187, 0.2199999999999999734 ) ) ;
#7085 = CARTESIAN_POINT ( 'NONE',  ( 0.5320633576057908209, -0.5520291023126873142, 0.2199999999999999734 ) ) ;
#7086 = CARTESIAN_POINT ( 'NONE',  ( 0.3887905459313502066, -0.5762916486132638738, 0.2199999999999999734 ) ) ;
#7087 = ORIENTED_EDGE ( 'NONE', *, *, #9343, .F. ) ;
#7088 = AXIS2_PLACEMENT_3D ( 'NONE', #2043, #1401, #8185 ) ;
#7089 = ORIENTED_EDGE ( 'NONE', *, *, #6780, .T. ) ;
#7090 = CARTESIAN_POINT ( 'NONE',  ( 0.4199481117672244634, -0.5902302338858604891, 0.2199999999999999734 ) ) ;
#7091 = FILL_AREA_STYLE ('',( #4532 ) ) ;
#7092 = CARTESIAN_POINT ( 'NONE',  ( 0.3704450900040795469, -0.5581690119886664192, 0.2199999999999999734 ) ) ;
#7093 = ORIENTED_EDGE ( 'NONE', *, *, #2169, .F. ) ;
#7094 = CARTESIAN_POINT ( 'NONE',  ( 0.4714193707048132675, -0.4752059582612774280, 0.2199999999999999734 ) ) ;
#7095 = CARTESIAN_POINT ( 'NONE',  ( 0.4165810645255624833, -0.5707211660443477497, 0.2099999999999999922 ) ) ;
#7096 = SURFACE_SIDE_STYLE ('',( #7741 ) ) ;
#7097 = CARTESIAN_POINT ( 'NONE',  ( 0.3906845100047932617, -0.5549505109488411803, 0.2099999999999999922 ) ) ;
#7098 = LINE ( 'NONE', #968, #7398 ) ;
#7099 = CARTESIAN_POINT ( 'NONE',  ( 0.07588870653990240078, -0.5495250047970038354, 0.2199999999999999734 ) ) ;
#7100 = ORIENTED_EDGE ( 'NONE', *, *, #9570, .F. ) ;
#7101 = CARTESIAN_POINT ( 'NONE',  ( 0.4759995452616020972, -0.4714923032152237847, 0.2199999999999999734 ) ) ;
#7102 = CARTESIAN_POINT ( 'NONE',  ( 0.4759995452616020972, -0.5067225107516847293, 0.2099999999999999922 ) ) ;
#7103 = LINE ( 'NONE', #331, #1842 ) ;
#7104 = CARTESIAN_POINT ( 'NONE',  ( 0.4347532165507171920, -0.6066198314889892362, 0.2099999999999999922 ) ) ;
#7105 = VECTOR ( 'NONE', #594, 1000.000000000000114 ) ;
#7106 = FILL_AREA_STYLE ('',( #4680 ) ) ;
#7107 = EDGE_CURVE ( 'NONE', #1530, #1349, #9374, .T. ) ;
#7108 = ORIENTED_EDGE ( 'NONE', *, *, #3747, .T. ) ;
#7109 = DIRECTION ( 'NONE',  ( -1.000000000000000000, -0.000000000000000000, -0.000000000000000000 ) ) ;
#7110 = LINE ( 'NONE', #4044, #808 ) ;
#7111 = VECTOR ( 'NONE', #2224, 1000.000000000000000 ) ;
#7112 = CARTESIAN_POINT ( 'NONE',  ( 0.4031128755587541357, -0.5620064555364439052, 0.2199999999999999734 ) ) ;
#7113 = EDGE_LOOP ( 'NONE', ( #6373, #1741, #5420, #8558 ) ) ;
#7114 = CARTESIAN_POINT ( 'NONE',  ( 0.4678790195607087643, -0.4721607611234009405, 0.2099999999999999922 ) ) ;
#7115 = EDGE_LOOP ( 'NONE', ( #5157, #1844, #5997, #6555 ) ) ;
#7116 = VECTOR ( 'NONE', #1131, 1000.000000000000000 ) ;
#7117 = EDGE_CURVE ( 'NONE', #5828, #7597, #9437, .T. ) ;
#7118 = UNCERTAINTY_MEASURE_WITH_UNIT (LENGTH_MEASURE( 1.000000000000000082E-05 ), #589, 'distance_accuracy_value', 'NONE');
#7119 = CARTESIAN_POINT ( 'NONE',  ( 0.5366435321625796506, -0.5483154472666327273, 0.2099999999999999922 ) ) ;
#7120 = CARTESIAN_POINT ( 'NONE',  ( 0.3748272029584767129, -0.5761926178121495878, 0.2099999999999999922 ) ) ;
#7121 = ORIENTED_EDGE ( 'NONE', *, *, #6697, .T. ) ;
#7122 = DIRECTION ( 'NONE',  ( -1.000000000000000000, -0.000000000000000000, -0.000000000000000000 ) ) ;
#7123 = COLOUR_RGB ( '',0.6666666666666666297, 0.6666666666666666297, 0.6666666666666666297 ) ;
#7124 = CARTESIAN_POINT ( 'NONE',  ( 0.4953724457515832347, -0.5848082975186108534, 0.2199999999999999734 ) ) ;
#7125 = CARTESIAN_POINT ( 'NONE',  ( 0.4247758633271273010, -0.5564854883680827591, 0.2199999999999999734 ) ) ;
#7126 = DIRECTION ( 'NONE',  ( -0.000000000000000000, -0.000000000000000000, -1.000000000000000000 ) ) ;
#7127 = CARTESIAN_POINT ( 'NONE',  ( 0.5688780579620514866, -0.5508159749977232789, 0.2199999999999999734 ) ) ;
#7128 = EDGE_CURVE ( 'NONE', #6, #4842, #9281, .T. ) ;
#7129 = ORIENTED_EDGE ( 'NONE', *, *, #1625, .T. ) ;
#7130 = CARTESIAN_POINT ( 'NONE',  ( 0.2742080050182409967, -0.5567553973923542454, 0.2199999999999999734 ) ) ;
#7131 = ORIENTED_EDGE ( 'NONE', *, *, #6779, .F. ) ;
#7132 = LINE ( 'NONE', #3366, #4293 ) ;
#7133 = VECTOR ( 'NONE', #9612, 1000.000000000000000 ) ;
#7134 = EDGE_CURVE ( 'NONE', #467, #4075, #5553, .T. ) ;
#7135 = B_SPLINE_SURFACE_WITH_KNOTS ( 'NONE', 3, 1, ( 
 ( #8714, #7102 ),
 ( #1956, #3485 ),
 ( #3438, #2749 ),
 ( #7895, #6495 ) ),
 .UNSPECIFIED., .F., .F., .F.,
 ( 4, 4 ),
 ( 2, 2 ),
 ( 4.000000000000000000, 5.000000000000000000 ),
 ( 0.000000000000000000, 1.000000000000000000 ),
 .UNSPECIFIED. ) ;
#7136 = EDGE_CURVE ( 'NONE', #7387, #8498, #9236, .T. ) ;
#7137 = ORIENTED_EDGE ( 'NONE', *, *, #5379, .F. ) ;
#7138 = CARTESIAN_POINT ( 'NONE',  ( 0.1695394914845377576, -0.6132212958128574476, 0.2099999999999999922 ) ) ;
#7139 = CARTESIAN_POINT ( 'NONE',  ( 0.5238561799542529318, -0.5474736854561763622, 0.2099999999999999922 ) ) ;
#7140 = ORIENTED_EDGE ( 'NONE', *, *, #837, .F. ) ;
#7141 = B_SPLINE_CURVE_WITH_KNOTS ( 'NONE', 3,
 ( #4410, #7428, #3674, #3173 ),
 .UNSPECIFIED., .F., .F.,
 ( 4, 4 ),
 ( 19.00000000000000000, 20.00000000000000000 ),
 .UNSPECIFIED. ) ;
#7142 = CARTESIAN_POINT ( 'NONE',  ( 0.4632121930529449205, -0.4706505414047669200, 0.2199999999999999734 ) ) ;
#7143 = CARTESIAN_POINT ( 'NONE',  ( 0.3875774186163857826, -0.4699078103957542996, 0.2199999999999999734 ) ) ;
#7144 = CARTESIAN_POINT ( 'NONE',  ( -0.4550000000000002376, 0.2849999999999999201, -0.01000000000000000021 ) ) ;
#7145 = MECHANICAL_DESIGN_GEOMETRIC_PRESENTATION_REPRESENTATION (  '', ( #2563 ), #346 ) ;
#7146 = DIRECTION ( 'NONE',  ( -0.000000000000000000, -0.000000000000000000, -1.000000000000000000 ) ) ;
#7147 = DIRECTION ( 'NONE',  ( -0.000000000000000000, 1.000000000000000000, -0.000000000000000000 ) ) ;
#7148 = EDGE_CURVE ( 'NONE', #3018, #9316, #4861, .T. ) ;
#7149 = ORIENTED_EDGE ( 'NONE', *, *, #5973, .F. ) ;
#7150 = DIRECTION ( 'NONE',  ( 0.000000000000000000, -1.000000000000000000, 0.000000000000000000 ) ) ;
#7151 = CARTESIAN_POINT ( 'NONE',  ( 0.4576912258849147874, -0.4650800588358516285, 0.2099999999999999922 ) ) ;
#7152 = CARTESIAN_POINT ( 'NONE',  ( 0.3879240264206146316, -0.5814907656776757694, 0.2099999999999999922 ) ) ;
#7153 = CARTESIAN_POINT ( 'NONE',  ( 0.4264346292475972300, -0.5809213385706111232, 0.2199999999999999734 ) ) ;
#7154 = DIRECTION ( 'NONE',  ( -0.000000000000000000, -0.000000000000000000, -1.000000000000000000 ) ) ;
#7155 = CARTESIAN_POINT ( 'NONE',  ( 0.3414662017951807238, -0.5629720058482915457, 0.2199999999999999734 ) ) ;
#7156 = VERTEX_POINT ( 'NONE', #2484 ) ;
#7157 = DIRECTION ( 'NONE',  ( 0.000000000000000000, 0.000000000000000000, 1.000000000000000000 ) ) ;
#7158 = DIRECTION ( 'NONE',  ( -0.000000000000000000, 1.000000000000000000, -0.000000000000000000 ) ) ;
#7159 = CARTESIAN_POINT ( 'NONE',  ( 0.3700365879491555043, -0.5884229217635547071, 0.2199999999999999734 ) ) ;
#7160 = FACE_OUTER_BOUND ( 'NONE', #9194, .T. ) ;
#7161 = ORIENTED_EDGE ( 'NONE', *, *, #5081, .T. ) ;
#7162 = STYLED_ITEM ( 'NONE', ( #2519 ), #1509 ) ;
#7163 = DIRECTION ( 'NONE',  ( -0.000000000000000000, -0.000000000000000000, -1.000000000000000000 ) ) ;
#7164 = ORIENTED_EDGE ( 'NONE', *, *, #7366, .T. ) ;
#7165 = VECTOR ( 'NONE', #712, 1000.000000000000000 ) ;
#7166 = DIRECTION ( 'NONE',  ( -1.000000000000000000, 0.000000000000000000, 0.000000000000000000 ) ) ;
#7167 = DIRECTION ( 'NONE',  ( 0.000000000000000000, 1.000000000000000000, 0.000000000000000000 ) ) ;
#7168 = ORIENTED_EDGE ( 'NONE', *, *, #1270, .T. ) ;
#7169 = DIRECTION ( 'NONE',  ( -0.000000000000000000, -0.000000000000000000, -1.000000000000000000 ) ) ;
#7170 = CARTESIAN_POINT ( 'NONE',  ( 0.5356532241504528002, -0.5764154371146568145, 0.2099999999999999922 ) ) ;
#7171 = CARTESIAN_POINT ( 'NONE',  ( 0.3627330663586046389, -0.4902091246471647068, 0.2199999999999999734 ) ) ;
#7172 = ADVANCED_FACE ( 'NONE', ( #5505 ), #8509, .F. ) ;
#7173 = AXIS2_PLACEMENT_3D ( 'NONE', #6851, #739, #5871 ) ;
#7174 = CARTESIAN_POINT ( 'NONE',  ( 0.4124589074245854636, -0.5911462687971523744, 0.2199999999999999734 ) ) ;
#7175 = SURFACE_SIDE_STYLE ('',( #4154 ) ) ;
#7176 = VECTOR ( 'NONE', #2727, 1000.000000000000000 ) ;
#7177 = ORIENTED_EDGE ( 'NONE', *, *, #7620, .T. ) ;
#7178 = ORIENTED_EDGE ( 'NONE', *, *, #9106, .T. ) ;
#7179 = CARTESIAN_POINT ( 'NONE',  ( 0.4088690408800886855, -0.5911462687971523744, 0.2099999999999999922 ) ) ;
#7180 = ORIENTED_EDGE ( 'NONE', *, *, #3149, .F. ) ;
#7181 = ORIENTED_EDGE ( 'NONE', *, *, #8409, .T. ) ;
#7182 = LINE ( 'NONE', #1891, #7588 ) ;
#7183 = VECTOR ( 'NONE', #5529, 1000.000000000000000 ) ;
#7184 = DIRECTION ( 'NONE',  ( 0.000000000000000000, -0.000000000000000000, -1.000000000000000000 ) ) ;
#7185 = ADVANCED_FACE ( 'NONE', ( #8734 ), #7292, .F. ) ;
#7186 = EDGE_LOOP ( 'NONE', ( #798, #1574, #3651, #3678 ) ) ;
#7187 = CARTESIAN_POINT ( 'NONE',  ( 0.3650602901874157036, -0.4761467508728471909, 0.2199999999999999734 ) ) ;
#7188 = CARTESIAN_POINT ( 'NONE',  ( 0.6999999999999997335, -0.6999999999999999556, 0.000000000000000000 ) ) ;
#7189 = DIRECTION ( 'NONE',  ( -1.000000000000000000, 0.000000000000000000, 0.000000000000000000 ) ) ;
#7190 = EDGE_CURVE ( 'NONE', #12, #7567, #3335, .T. ) ;
#7191 = CARTESIAN_POINT ( 'NONE',  ( 0.1764255849868762438, -0.5557224672775614716, 0.2199999999999999734 ) ) ;
#7192 = EDGE_CURVE ( 'NONE', #2388, #7540, #2681, .T. ) ;
#7193 = DIRECTION ( 'NONE',  ( -0.000000000000000000, -0.000000000000000000, -1.000000000000000000 ) ) ;
#7194 = CARTESIAN_POINT ( 'NONE',  ( 0.3886296208793751927, -0.5849816014208931714, 0.2199999999999999734 ) ) ;
#7195 = COLOUR_RGB ( '',0.2980392156862745057, 0.2980392156862745057, 0.2980392156862745057 ) ;
#7196 = ORIENTED_EDGE ( 'NONE', *, *, #7988, .T. ) ;
#7197 = ORIENTED_EDGE ( 'NONE', *, *, #9566, .T. ) ;
#7198 = EDGE_CURVE ( 'NONE', #4728, #7634, #2075, .T. ) ;
#7199 = AXIS2_PLACEMENT_3D ( 'NONE', #5479, #5375, #6955 ) ;
#7200 = CARTESIAN_POINT ( 'NONE',  ( 0.4715555380566762711, -0.5029345826047947332, 0.2199999999999999734 ) ) ;
#7201 = EDGE_CURVE ( 'NONE', #160, #2962, #8694, .T. ) ;
#7202 = CARTESIAN_POINT ( 'NONE',  ( 0.4031128755587541357, -0.5620064555364439052, 0.2099999999999999922 ) ) ;
#7203 = ADVANCED_FACE ( 'NONE', ( #1237 ), #7849, .F. ) ;
#7204 = CARTESIAN_POINT ( 'NONE',  ( 0.4470949301535397935, -0.5955531394516611066, 0.2099999999999999922 ) ) ;
#7205 = VERTEX_POINT ( 'NONE', #4247 ) ;
#7206 = VECTOR ( 'NONE', #2678, 1000.000000000000000 ) ;
#7207 = ORIENTED_EDGE ( 'NONE', *, *, #1524, .F. ) ;
#7208 = CARTESIAN_POINT ( 'NONE',  ( 0.5226554314894321651, -0.5135061206355822083, 0.2199999999999999734 ) ) ;
#7209 = CARTESIAN_POINT ( 'NONE',  ( 0.5366435321625796506, -0.5835456548030915069, 0.2199999999999999734 ) ) ;
#7210 = VERTEX_POINT ( 'NONE', #9511 ) ;
#7211 = VECTOR ( 'NONE', #5190, 1000.000000000000000 ) ;
#7212 = B_SPLINE_SURFACE_WITH_KNOTS ( 'NONE', 3, 1, ( 
 ( #602, #8265 ),
 ( #3619, #9717 ),
 ( #3772, #2191 ),
 ( #9610, #1440 ) ),
 .UNSPECIFIED., .F., .F., .F.,
 ( 4, 4 ),
 ( 2, 2 ),
 ( 12.00000000000000000, 13.00000000000000000 ),
 ( 0.000000000000000000, 1.000000000000000000 ),
 .UNSPECIFIED. ) ;
#7213 = CARTESIAN_POINT ( 'NONE',  ( 0.3823535438516988960, -0.5549505109488411803, 0.2199999999999999734 ) ) ;
#7214 = EDGE_LOOP ( 'NONE', ( #630, #3850, #2078, #4010, #7509, #6491, #8755, #8019 ) ) ;
#7215 =( GEOMETRIC_REPRESENTATION_CONTEXT ( 3 ) GLOBAL_UNCERTAINTY_ASSIGNED_CONTEXT ( ( #5732 ) ) GLOBAL_UNIT_ASSIGNED_CONTEXT ( ( #9250, #3283, #8378 ) ) REPRESENTATION_CONTEXT ( 'NONE', 'WORKASPACE' ) );
#7216 = UNCERTAINTY_MEASURE_WITH_UNIT (LENGTH_MEASURE( 1.000000000000000082E-05 ), #2747, 'distance_accuracy_value', 'NONE');
#7217 = DIRECTION ( 'NONE',  ( -0.000000000000000000, 1.000000000000000000, -0.000000000000000000 ) ) ;
#7218 = CYLINDRICAL_SURFACE ( 'NONE', #4130, 0.07999999999999998779 ) ;
#7219 = ORIENTED_EDGE ( 'NONE', *, *, #3883, .F. ) ;
#7220 = DIRECTION ( 'NONE',  ( -0.000000000000000000, -0.000000000000000000, -1.000000000000000000 ) ) ;
#7221 = LINE ( 'NONE', #9279, #8416 ) ;
#7222 = CARTESIAN_POINT ( 'NONE',  ( 0.5178400587799959487, -0.5903292646869716664, 0.2099999999999999922 ) ) ;
#7223 = AXIS2_PLACEMENT_3D ( 'NONE', #6405, #2607, #3341 ) ;
#7224 = FACE_OUTER_BOUND ( 'NONE', #9006, .T. ) ;
#7225 = ORIENTED_EDGE ( 'NONE', *, *, #4517, .F. ) ;
#7226 = ORIENTED_EDGE ( 'NONE', *, *, #1095, .F. ) ;
#7227 = ORIENTED_EDGE ( 'NONE', *, *, #8972, .F. ) ;
#7228 =( NAMED_UNIT ( * ) PLANE_ANGLE_UNIT ( ) SI_UNIT ( $, .RADIAN. ) );
#7229 = ORIENTED_EDGE ( 'NONE', *, *, #8401, .F. ) ;
#7230 = CARTESIAN_POINT ( 'NONE',  ( 0.3414662017951807238, -0.5629720058482915457, 0.2199999999999999734 ) ) ;
#7231 = EDGE_CURVE ( 'NONE', #1423, #6825, #6425, .T. ) ;
#7232 = CARTESIAN_POINT ( 'NONE',  ( -0.04500000000000075467, -0.5350000000000000311, -0.01000000000000000021 ) ) ;
#7233 = ORIENTED_EDGE ( 'NONE', *, *, #7807, .F. ) ;
#7234 = CARTESIAN_POINT ( 'NONE',  ( 0.4036823026658182267, -0.5690376424234344643, 0.2099999999999999922 ) ) ;
#7235 = CARTESIAN_POINT ( 'NONE',  ( 0.3352148824677821382, -0.4650800588358516285, 0.2099999999999999922 ) ) ;
#7236 = CARTESIAN_POINT ( 'NONE',  ( 0.5287582046149901238, -0.5831247738980285256, 0.2199999999999999734 ) ) ;
#7237 = CARTESIAN_POINT ( 'NONE',  ( 0.4576912258849147874, -0.4650800588358516285, 0.2099999999999999922 ) ) ;
#7238 = CARTESIAN_POINT ( 'NONE',  ( 0.2297927521670982964, -0.4586286597977606849, 0.2199999999999999734 ) ) ;
#7239 = AXIS2_PLACEMENT_3D ( 'NONE', #6083, #5306, #8998 ) ;
#7240 = EDGE_CURVE ( 'NONE', #954, #215, #1885, .T. ) ;
#7241 = ORIENTED_EDGE ( 'NONE', *, *, #7664, .T. ) ;
#7242 = ORIENTED_EDGE ( 'NONE', *, *, #3811, .F. ) ;
#7243 = ADVANCED_FACE ( 'NONE', ( #1186 ), #5785, .F. ) ;
#7244 = CARTESIAN_POINT ( 'NONE',  ( 0.4295912360367263871, -0.5557427573587392367, 0.2199999999999999734 ) ) ;
#7245 = B_SPLINE_CURVE_WITH_KNOTS ( 'NONE', 3,
 ( #3132, #6139, #858, #3233 ),
 .UNSPECIFIED., .F., .F.,
 ( 4, 4 ),
 ( 8.000000000000000000, 9.000000000000000000 ),
 .UNSPECIFIED. ) ;
#7246 = CARTESIAN_POINT ( 'NONE',  ( 0.4159868797182213473, -0.5598772933098575821, 0.2099999999999999922 ) ) ;
#7247 = CARTESIAN_POINT ( 'NONE',  ( 0.4130530922319272102, -0.5861947287358537650, 0.2199999999999999734 ) ) ;
#7248 = CARTESIAN_POINT ( 'NONE',  ( 0.1506027589800863487, -0.5440161208012131988, 0.2099999999999999922 ) ) ;
#7249 = ORIENTED_EDGE ( 'NONE', *, *, #2659, .T. ) ;
#7250 = ADVANCED_FACE ( 'NONE', ( #9555 ), #4285, .F. ) ;
#7251 = VERTEX_POINT ( 'NONE', #6620 ) ;
#7252 = ADVANCED_FACE ( 'NONE', ( #7224 ), #2867, .F. ) ;
#7253 = CARTESIAN_POINT ( 'NONE',  ( 0.3730941639370055074, -0.5121196894183219772, 0.2099999999999999922 ) ) ;
#7254 = CARTESIAN_POINT ( 'NONE',  ( 0.4714193707048132675, -0.4752059582612774280, 0.2099999999999999922 ) ) ;
#7255 = DIRECTION ( 'NONE',  ( -1.000000000000000000, -0.000000000000000000, -0.000000000000000000 ) ) ;
#7256 = ORIENTED_EDGE ( 'NONE', *, *, #6215, .F. ) ;
#7257 = B_SPLINE_CURVE_WITH_KNOTS ( 'NONE', 3,
 ( #2129, #8211, #6778, #5426 ),
 .UNSPECIFIED., .F., .F.,
 ( 4, 4 ),
 ( 2.000000000000000000, 3.000000000000000000 ),
 .UNSPECIFIED. ) ;
#7258 = DIRECTION ( 'NONE',  ( -0.000000000000000000, -0.000000000000000000, -1.000000000000000000 ) ) ;
#7259 = EDGE_CURVE ( 'NONE', #1793, #8841, #9091, .T. ) ;
#7260 = ORIENTED_EDGE ( 'NONE', *, *, #7868, .T. ) ;
#7261 = CARTESIAN_POINT ( 'NONE',  ( 0.4347532165507171920, -0.6066198314889892362, 0.2099999999999999922 ) ) ;
#7262 = STYLED_ITEM ( 'NONE', ( #2186 ), #7301 ) ;
#7263 = CARTESIAN_POINT ( 'NONE',  ( 0.3761393610747186811, -0.5856500593290721035, 0.2099999999999999922 ) ) ;
#7264 = FILL_AREA_STYLE ('',( #6470 ) ) ;
#7265 = ORIENTED_EDGE ( 'NONE', *, *, #4776, .T. ) ;
#7266 = B_SPLINE_CURVE_WITH_KNOTS ( 'NONE', 3,
 ( #8085, #8848, #3582, #5117 ),
 .UNSPECIFIED., .F., .F.,
 ( 4, 4 ),
 ( 3.000000000000000000, 4.000000000000000000 ),
 .UNSPECIFIED. ) ;
#7267 = CYLINDRICAL_SURFACE ( 'NONE', #425, 0.07999999999999998779 ) ;
#7268 = LINE ( 'NONE', #2772, #7948 ) ;
#7269 = FACE_OUTER_BOUND ( 'NONE', #6775, .T. ) ;
#7270 = AXIS2_PLACEMENT_3D ( 'NONE', #8218, #7471, #3022 ) ;
#7271 = CARTESIAN_POINT ( 'NONE',  ( 0.3746786567566419146, -0.5911462687971523744, 0.2099999999999999922 ) ) ;
#7272 = ORIENTED_EDGE ( 'NONE', *, *, #773, .T. ) ;
#7273 = ORIENTED_EDGE ( 'NONE', *, *, #7860, .F. ) ;
#7274 = LINE ( 'NONE', #1936, #1922 ) ;
#7275 = ORIENTED_EDGE ( 'NONE', *, *, #1242, .T. ) ;
#7276 = CARTESIAN_POINT ( 'NONE',  ( 0.4465935867222827760, -0.5834002033137510868, 0.2199999999999999734 ) ) ;
#7277 = SURFACE_STYLE_USAGE ( .BOTH. , #2688 ) ;
#7278 = ORIENTED_EDGE ( 'NONE', *, *, #5027, .F. ) ;
#7279 = DIRECTION ( 'NONE',  ( -1.791105255628191806E-14, 1.000000000000000000, 0.000000000000000000 ) ) ;
#7280 = LINE ( 'NONE', #513, #1173 ) ;
#7281 = DIRECTION ( 'NONE',  ( 0.000000000000000000, 1.000000000000000000, -0.000000000000000000 ) ) ;
#7282 = CARTESIAN_POINT ( 'NONE',  ( 0.3823535438516988960, -0.5549505109488411803, 0.2099999999999999922 ) ) ;
#7283 = CARTESIAN_POINT ( 'NONE',  ( 0.2955548771440311695, -0.5422946056345676613, 0.2099999999999999922 ) ) ;
#7284 = CARTESIAN_POINT ( 'NONE',  ( 0.1960509288116845938, -0.4520868772915670464, 0.2199999999999999734 ) ) ;
#7285 =( LENGTH_UNIT ( ) NAMED_UNIT ( * ) SI_UNIT ( .MILLI., .METRE. ) );
#7286 = VECTOR ( 'NONE', #6735, 1000.000000000000000 ) ;
#7287 = VERTEX_POINT ( 'NONE', #101 ) ;
#7288 = PLANE ( 'NONE',  #2871 ) ;
#7289 = ORIENTED_EDGE ( 'NONE', *, *, #1334, .F. ) ;
#7290 = CARTESIAN_POINT ( 'NONE',  ( 0.4574436488814716539, -0.4706505414047669200, 0.2199999999999999734 ) ) ;
#7291 = COLOUR_RGB ( '',0.6666666666666666297, 0.6666666666666666297, 0.6666666666666666297 ) ;
#7292 = B_SPLINE_SURFACE_WITH_KNOTS ( 'NONE', 3, 1, ( 
 ( #3514, #7362 ),
 ( #3413, #2729 ),
 ( #6523, #3466 ),
 ( #9470, #2820 ) ),
 .UNSPECIFIED., .F., .F., .F.,
 ( 4, 4 ),
 ( 2, 2 ),
 ( 5.000000000000000000, 6.000000000000000000 ),
 ( 0.000000000000000000, 1.000000000000000000 ),
 .UNSPECIFIED. ) ;
#7293 = CARTESIAN_POINT ( 'NONE',  ( 0.4331687237310837824, -0.6014207144245777847, 0.2099999999999999922 ) ) ;
#7294 = PLANE ( 'NONE',  #3098 ) ;
#7295 = EDGE_CURVE ( 'NONE', #3647, #943, #9136, .T. ) ;
#7296 = ORIENTED_EDGE ( 'NONE', *, *, #1571, .F. ) ;
#7297 =( NAMED_UNIT ( * ) SI_UNIT ( $, .STERADIAN. ) SOLID_ANGLE_UNIT ( ) );
#7298 = ORIENTED_EDGE ( 'NONE', *, *, #9106, .F. ) ;
#7299 = CARTESIAN_POINT ( 'NONE',  ( 0.2445978364508120950, -0.5157831814415871907, 0.2199999999999999734 ) ) ;
#7300 = CARTESIAN_POINT ( 'NONE',  ( 0.4094879833877083097, -0.5861947287358537650, 0.2099999999999999922 ) ) ;
#7301 = ADVANCED_FACE ( 'NONE', ( #8358 ), #5932, .T. ) ;
#7302 = EDGE_LOOP ( 'NONE', ( #3150, #2252, #6606, #3467 ) ) ;
#7303 = CARTESIAN_POINT ( 'NONE',  ( 0.4202080676204789089, -0.5815155233779537580, 0.2199999999999999734 ) ) ;
#7304 = EDGE_CURVE ( 'NONE', #1594, #9062, #833, .T. ) ;
#7305 = EDGE_CURVE ( 'NONE', #6579, #7907, #5231, .T. ) ;
#7306 = CARTESIAN_POINT ( 'NONE',  ( 0.1502584533198238481, -0.5057983369980462163, 0.2199999999999999734 ) ) ;
#7307 = ORIENTED_EDGE ( 'NONE', *, *, #7549, .T. ) ;
#7308 = CARTESIAN_POINT ( 'NONE',  ( 0.4122979823726110604, -0.5751280366988599235, 0.2199999999999999734 ) ) ;
#7309 = CARTESIAN_POINT ( 'NONE',  ( 0.3627330663586046389, -0.4902091246471647068, 0.2099999999999999922 ) ) ;
#7310 = VECTOR ( 'NONE', #170, 1000.000000000000000 ) ;
#7311 = CARTESIAN_POINT ( 'NONE',  ( 0.1502584533198238481, -0.5057983369980462163, 0.2099999999999999922 ) ) ;
#7312 = FACE_OUTER_BOUND ( 'NONE', #8687, .T. ) ;
#7313 = EDGE_CURVE ( 'NONE', #3630, #5673, #7466, .T. ) ;
#7314 = ORIENTED_EDGE ( 'NONE', *, *, #8342, .F. ) ;
#7315 = CARTESIAN_POINT ( 'NONE',  ( 0.09034948844706272575, -0.5732819968427144142, 0.2199999999999999734 ) ) ;
#7316 = DIRECTION ( 'NONE',  ( 0.000000000000000000, 0.000000000000000000, -1.000000000000000000 ) ) ;
#7317 = CARTESIAN_POINT ( 'NONE',  ( 0.3720172039735746838, -0.5902302338858604891, 0.2199999999999999734 ) ) ;
#7318 = VERTEX_POINT ( 'NONE', #5248 ) ;
#7319 = ORIENTED_EDGE ( 'NONE', *, *, #7417, .T. ) ;
#7320 = VECTOR ( 'NONE', #4662, 1000.000000000000000 ) ;
#7321 = ORIENTED_EDGE ( 'NONE', *, *, #6902, .F. ) ;
#7322 = ORIENTED_EDGE ( 'NONE', *, *, #6659, .T. ) ;
#7323 = DIRECTION ( 'NONE',  ( 0.3416038306902685062, -0.9398440417738116448, 0.000000000000000000 ) ) ;
#7324 = FACE_BOUND ( 'NONE', #2863, .T. ) ;
#7325 = ORIENTED_EDGE ( 'NONE', *, *, #4529, .F. ) ;
#7326 = VECTOR ( 'NONE', #635, 1000.000000000000000 ) ;
#7327 = VECTOR ( 'NONE', #500, 1000.000000000000000 ) ;
#7328 = CARTESIAN_POINT ( 'NONE',  ( 0.5077141593542358056, -0.4712694839123869883, 0.2199999999999999734 ) ) ;
#7329 = FACE_OUTER_BOUND ( 'NONE', #1339, .T. ) ;
#7330 = CARTESIAN_POINT ( 'NONE',  ( 0.1574888393480909365, -0.5657073117214350688, 0.2099999999999999922 ) ) ;
#7331 = CARTESIAN_POINT ( 'NONE',  ( -0.2850000000000001421, 0.4550000000000000155, -0.01000000000000000021 ) ) ;
#7332 = ORIENTED_EDGE ( 'NONE', *, *, #900, .F. ) ;
#7333 = CARTESIAN_POINT ( 'NONE',  ( 0.3948561825064956787, -0.5903292646869716664, 0.2199999999999999734 ) ) ;
#7334 = AXIS2_PLACEMENT_3D ( 'NONE', #4329, #7550, #8199 ) ;
#7335 = ORIENTED_EDGE ( 'NONE', *, *, #4031, .F. ) ;
#7336 = CARTESIAN_POINT ( 'NONE',  ( 0.4202080676204789089, -0.5815155233779537580, 0.2199999999999999734 ) ) ;
#7337 = CARTESIAN_POINT ( 'NONE',  ( 0.5045204160150206230, -0.5419032028872593498, 0.2199999999999999734 ) ) ;
#7338 = CARTESIAN_POINT ( 'NONE',  ( 0.4750092372494756909, -0.4995922930632486492, 0.2199999999999999734 ) ) ;
#7339 = CARTESIAN_POINT ( 'NONE',  ( 0.4942707280878861908, -0.5474736854561763622, 0.2199999999999999734 ) ) ;
#7340 = AXIS2_PLACEMENT_3D ( 'NONE', #1313, #2805, #1916 ) ;
#7341 = CARTESIAN_POINT ( 'NONE',  ( 0.4565028562702310722, -0.5557427573587392367, 0.2199999999999999734 ) ) ;
#7342 = DIRECTION ( 'NONE',  ( -1.000000000000000000, -0.000000000000000000, -0.000000000000000000 ) ) ;
#7343 = ORIENTED_EDGE ( 'NONE', *, *, #6344, .T. ) ;
#7344 = ORIENTED_EDGE ( 'NONE', *, *, #375, .F. ) ;
#7345 = FACE_BOUND ( 'NONE', #3731, .T. ) ;
#7346 = CARTESIAN_POINT ( 'NONE',  ( 0.4130530922319272102, -0.5861947287358537650, 0.2099999999999999922 ) ) ;
#7347 = ADVANCED_FACE ( 'NONE', ( #6827 ), #54, .T. ) ;
#7348 = FACE_OUTER_BOUND ( 'NONE', #8941, .T. ) ;
#7349 = FACE_OUTER_BOUND ( 'NONE', #7302, .T. ) ;
#7350 = MECHANICAL_DESIGN_GEOMETRIC_PRESENTATION_REPRESENTATION (  '', ( #5628 ), #2307 ) ;
#7351 = CARTESIAN_POINT ( 'NONE',  ( 0.1178938361874166119, -0.5898086028601592368, 0.2199999999999999734 ) ) ;
#7352 = CARTESIAN_POINT ( 'NONE',  ( 0.3785408580043647109, -0.5697803734324470293, 0.2199999999999999734 ) ) ;
#7353 = EDGE_CURVE ( 'NONE', #6480, #1457, #5492, .T. ) ;
#7354 = DIRECTION ( 'NONE',  ( 6.023345402697243021E-16, -1.000000000000000000, 0.000000000000000000 ) ) ;
#7355 = CARTESIAN_POINT ( 'NONE',  ( 0.4165810645255624833, -0.5707211660443477497, 0.2199999999999999734 ) ) ;
#7356 = EDGE_CURVE ( 'NONE', #5017, #5949, #1442, .T. ) ;
#7357 =( GEOMETRIC_REPRESENTATION_CONTEXT ( 3 ) GLOBAL_UNCERTAINTY_ASSIGNED_CONTEXT ( ( #2573 ) ) GLOBAL_UNIT_ASSIGNED_CONTEXT ( ( #2963, #3661, #2126 ) ) REPRESENTATION_CONTEXT ( 'NONE', 'WORKASPACE' ) );
#7358 = CARTESIAN_POINT ( 'NONE',  ( 0.3864880798028144659, -0.5087526421768254759, 0.2099999999999999922 ) ) ;
#7359 = VERTEX_POINT ( 'NONE', #7766 ) ;
#7360 =( NAMED_UNIT ( * ) PLANE_ANGLE_UNIT ( ) SI_UNIT ( $, .RADIAN. ) );
#7361 = PLANE ( 'NONE',  #1224 ) ;
#7362 = CARTESIAN_POINT ( 'NONE',  ( 0.1316660199083858340, -0.4799755306923473852, 0.2099999999999999922 ) ) ;
#7363 = EDGE_LOOP ( 'NONE', ( #4005, #9070, #6408, #8800, #7027, #2576, #6874, #9559, #4494, #8815, #8459, #7837 ) ) ;
#7364 = ORIENTED_EDGE ( 'NONE', *, *, #7009, .T. ) ;
#7365 = AXIS2_PLACEMENT_3D ( 'NONE', #3044, #9053, #1560 ) ;
#7366 = EDGE_CURVE ( 'NONE', #335, #2163, #8586, .T. ) ;
#7367 = B_SPLINE_SURFACE_WITH_KNOTS ( 'NONE', 3, 1, ( 
 ( #7352, #6719 ),
 ( #4338, #583 ),
 ( #9650, #8108 ),
 ( #5775, #3703 ) ),
 .UNSPECIFIED., .F., .F., .F.,
 ( 4, 4 ),
 ( 2, 2 ),
 ( 9.000000000000000000, 10.00000000000000000 ),
 ( 0.000000000000000000, 1.000000000000000000 ),
 .UNSPECIFIED. ) ;
#7368 = ORIENTED_EDGE ( 'NONE', *, *, #3423, .F. ) ;
#7369 = CARTESIAN_POINT ( 'NONE',  ( 0.5111183431464798588, -0.4650800588358499077, 0.2199999999999999734 ) ) ;
#7370 = EDGE_CURVE ( 'NONE', #2187, #9732, #3932, .T. ) ;
#7371 = EDGE_CURVE ( 'NONE', #5053, #1539, #8496, .T. ) ;
#7372 = ORIENTED_EDGE ( 'NONE', *, *, #4097, .T. ) ;
#7373 = VECTOR ( 'NONE', #9206, 1000.000000000000000 ) ;
#7374 = CARTESIAN_POINT ( 'NONE',  ( 0.4264346292475972300, -0.5809213385706111232, 0.2199999999999999734 ) ) ;
#7375 = CARTESIAN_POINT ( 'NONE',  ( 0.5350000000000001421, 0.2050000000000005984, 0.000000000000000000 ) ) ;
#7376 = DIRECTION ( 'NONE',  ( -0.9345104387438619709, -0.3559357243643222479, 0.000000000000000000 ) ) ;
#7377 = SURFACE_STYLE_FILL_AREA ( #1449 ) ;
#7378 = DIRECTION ( 'NONE',  ( 1.000000000000000000, 0.000000000000000000, 0.000000000000000000 ) ) ;
#7379 = CARTESIAN_POINT ( 'NONE',  ( 0.1502584467527399437, -0.5657073117214350688, 0.2099999999999999922 ) ) ;
#7380 = PLANE ( 'NONE',  #136 ) ;
#7381 = ORIENTED_EDGE ( 'NONE', *, *, #3928, .F. ) ;
#7382 = CARTESIAN_POINT ( 'NONE',  ( 0.4711346571512823878, -0.5112531699075868463, 0.2199999999999999734 ) ) ;
#7383 = VERTEX_POINT ( 'NONE', #4846 ) ;
#7384 = EDGE_CURVE ( 'NONE', #5773, #4814, #3301, .T. ) ;
#7385 = CARTESIAN_POINT ( 'NONE',  ( 0.5683581462555442609, -0.5480926279641260557, 0.2199999999999999734 ) ) ;
#7386 = CIRCLE ( 'NONE', #8345, 0.07999999999999993228 ) ;
#7387 = VERTEX_POINT ( 'NONE', #1735 ) ;
#7388 = CARTESIAN_POINT ( 'NONE',  ( 0.3601582655266780675, -0.5419032028872593498, 0.2199999999999999734 ) ) ;
#7389 = ORIENTED_EDGE ( 'NONE', *, *, #1871, .T. ) ;
#7390 = DIRECTION ( 'NONE',  ( -0.000000000000000000, 1.000000000000000000, -0.000000000000000000 ) ) ;
#7391 = CARTESIAN_POINT ( 'NONE',  ( 0.1320103255684831056, -0.5006337717965224643, 0.2099999999999999922 ) ) ;
#7392 = CARTESIAN_POINT ( 'NONE',  ( 0.2318585729940072226, -0.5691503551888987822, 0.2199999999999999734 ) ) ;
#7393 = STYLED_ITEM ( 'NONE', ( #7796 ), #490 ) ;
#7394 = B_SPLINE_CURVE_WITH_KNOTS ( 'NONE', 3,
 ( #8804, #9487, #5762, #9398 ),
 .UNSPECIFIED., .F., .F.,
 ( 4, 4 ),
 ( 11.00000000000000000, 12.00000000000000000 ),
 .UNSPECIFIED. ) ;
#7395 = CARTESIAN_POINT ( 'NONE',  ( 0.3861909873991450914, -0.5833475932005369735, 0.2099999999999999922 ) ) ;
#7396 = CARTESIAN_POINT ( 'NONE',  ( 0.3607524503341855149, -0.5135061206355653329, 0.2199999999999999734 ) ) ;
#7397 = ORIENTED_EDGE ( 'NONE', *, *, #2355, .T. ) ;
#7398 = VECTOR ( 'NONE', #7891, 1000.000000000000000 ) ;
#7399 = ORIENTED_EDGE ( 'NONE', *, *, #8227, .F. ) ;
#7400 = CARTESIAN_POINT ( 'NONE',  ( 0.2635345755223489350, -0.5684617438683720048, 0.2099999999999999922 ) ) ;
#7401 = DIRECTION ( 'NONE',  ( -0.000000000000000000, -0.000000000000000000, 1.000000000000000000 ) ) ;
#7402 = CARTESIAN_POINT ( 'NONE',  ( 0.3648003343341620908, -0.5033059481093045129, 0.2099999999999999922 ) ) ;
#7403 = ORIENTED_EDGE ( 'NONE', *, *, #7744, .T. ) ;
#7404 = CARTESIAN_POINT ( 'NONE',  ( 0.5683581462555442609, -0.5480926279641260557, 0.2099999999999999922 ) ) ;
#7405 = FILL_AREA_STYLE ('',( #633 ) ) ;
#7406 = CARTESIAN_POINT ( 'NONE',  ( 0.4363748459207713593, -0.5557427573587392367, 0.2099999999999999922 ) ) ;
#7407 = CARTESIAN_POINT ( 'NONE',  ( 0.1061874995618597578, -0.5612313381391825784, 0.2099999999999999922 ) ) ;
#7408 = CARTESIAN_POINT ( 'NONE',  ( 0.3785408580043647109, -0.5697803734324470293, 0.2199999999999999734 ) ) ;
#7409 = DIRECTION ( 'NONE',  ( -0.000000000000000000, -0.000000000000000000, -1.000000000000000000 ) ) ;
#7410 = ORIENTED_EDGE ( 'NONE', *, *, #9517, .F. ) ;
#7411 = SURFACE_STYLE_FILL_AREA ( #8873 ) ;
#7412 = DIRECTION ( 'NONE',  ( 1.000000000000000000, 0.000000000000000000, -0.000000000000000000 ) ) ;
#7413 = DIRECTION ( 'NONE',  ( 0.000000000000000000, 1.000000000000000000, -0.000000000000000000 ) ) ;
#7414 =( NAMED_UNIT ( * ) SI_UNIT ( $, .STERADIAN. ) SOLID_ANGLE_UNIT ( ) );
#7415 = VERTEX_POINT ( 'NONE', #1629 ) ;
#7416 = EDGE_LOOP ( 'NONE', ( #7953, #1233, #5302, #3728 ) ) ;
#7417 = EDGE_CURVE ( 'NONE', #3308, #8784, #2035, .T. ) ;
#7418 = AXIS2_PLACEMENT_3D ( 'NONE', #1385, #2273, #8982 ) ;
#7419 = ORIENTED_EDGE ( 'NONE', *, *, #4630, .T. ) ;
#7420 = DIRECTION ( 'NONE',  ( 1.000000000000000000, 0.000000000000000000, 0.000000000000000000 ) ) ;
#7421 = DIRECTION ( 'NONE',  ( 0.000000000000000000, 1.000000000000000000, -0.000000000000000000 ) ) ;
#7422 = CARTESIAN_POINT ( 'NONE',  ( 0.1547344072008220162, -0.4655147471435845952, 0.2199999999999999734 ) ) ;
#7423 = EDGE_LOOP ( 'NONE', ( #7562, #167, #534, #8601, #5383, #865 ) ) ;
#7424 = CARTESIAN_POINT ( 'NONE',  ( 0.4186483325011223222, -0.5782227492372935540, 0.2199999999999999734 ) ) ;
#7425 = CARTESIAN_POINT ( 'NONE',  ( 0.5077141593542358056, -0.4712694839123869883, 0.2099999999999999922 ) ) ;
#7426 = EDGE_CURVE ( 'NONE', #9188, #366, #6969, .T. ) ;
#7427 = CARTESIAN_POINT ( 'NONE',  ( 0.5177162702782722725, -0.5002607509714245282, 0.2199999999999999734 ) ) ;
#7428 = CARTESIAN_POINT ( 'NONE',  ( 0.4057495706413785097, -0.5904530531886920119, 0.2199999999999999734 ) ) ;
#7429 = CARTESIAN_POINT ( 'NONE',  ( 0.3864880798028144659, -0.5087526421768254759, 0.2099999999999999922 ) ) ;
#7430 = FACE_OUTER_BOUND ( 'NONE', #8484, .T. ) ;
#7431 = ORIENTED_EDGE ( 'NONE', *, *, #314, .F. ) ;
#7432 = EDGE_CURVE ( 'NONE', #7156, #1505, #3944, .T. ) ;
#7433 = ADVANCED_FACE ( 'NONE', ( #4095 ), #4845, .F. ) ;
#7434 =( NAMED_UNIT ( * ) PLANE_ANGLE_UNIT ( ) SI_UNIT ( $, .RADIAN. ) );
#7435 = ORIENTED_EDGE ( 'NONE', *, *, #8864, .T. ) ;
#7436 = CARTESIAN_POINT ( 'NONE',  ( 0.4391229506548112727, -0.5998114639044999086, 0.2199999999999999734 ) ) ;
#7437 = AXIS2_PLACEMENT_3D ( 'NONE', #3230, #8518, #7184 ) ;
#7438 = B_SPLINE_SURFACE_WITH_KNOTS ( 'NONE', 3, 1, ( 
 ( #7174, #7875 ),
 ( #950, #5048 ),
 ( #7090, #6291 ),
 ( #6940, #164 ) ),
 .UNSPECIFIED., .F., .F., .F.,
 ( 4, 4 ),
 ( 2, 2 ),
 ( 18.00000000000000000, 19.00000000000000000 ),
 ( 0.000000000000000000, 1.000000000000000000 ),
 .UNSPECIFIED. ) ;
#7439 = EDGE_LOOP ( 'NONE', ( #5356, #9229, #7823, #3280, #7140, #2065 ) ) ;
#7440 = FACE_OUTER_BOUND ( 'NONE', #437, .T. ) ;
#7441 = CARTESIAN_POINT ( 'NONE',  ( 0.3740473353987163740, -0.5036525559135289765, 0.2199999999999999734 ) ) ;
#7442 = EDGE_CURVE ( 'NONE', #5077, #2265, #3949, .T. ) ;
#7443 = CARTESIAN_POINT ( 'NONE',  ( 0.3627330663586046389, -0.4902091246471647068, 0.2099999999999999922 ) ) ;
#7444 = CARTESIAN_POINT ( 'NONE',  ( 0.4247758633271273010, -0.5564854883680827591, 0.2199999999999999734 ) ) ;
#7445 = FACE_OUTER_BOUND ( 'NONE', #8325, .T. ) ;
#7446 = EDGE_LOOP ( 'NONE', ( #8468, #3124, #1212, #1827 ) ) ;
#7447 = AXIS2_PLACEMENT_3D ( 'NONE', #7036, #2539, #5510 ) ;
#7448 = VERTEX_POINT ( 'NONE', #3207 ) ;
#7449 = B_SPLINE_CURVE_WITH_KNOTS ( 'NONE', 3,
 ( #6224, #8362, #7771, #2474 ),
 .UNSPECIFIED., .F., .F.,
 ( 4, 4 ),
 ( 15.00000000000000000, 16.00000000000000000 ),
 .UNSPECIFIED. ) ;
#7450 = FACE_OUTER_BOUND ( 'NONE', #2970, .T. ) ;
#7451 = CARTESIAN_POINT ( 'NONE',  ( 0.5366435321625796506, -0.5835456548030915069, 0.2099999999999999922 ) ) ;
#7452 = CARTESIAN_POINT ( 'NONE',  ( 0.1316660199083858340, -0.4799755306923473852, 0.2099999999999999922 ) ) ;
#7453 = EDGE_LOOP ( 'NONE', ( #661, #6289, #209, #5745 ) ) ;
#7454 = CARTESIAN_POINT ( 'NONE',  ( 0.3875774186163857826, -0.4699078103957542996, 0.2099999999999999922 ) ) ;
#7455 = LINE ( 'NONE', #2904, #3701 ) ;
#7456 = VECTOR ( 'NONE', #5358, 1000.000000000000341 ) ;
#7457 = SURFACE_STYLE_USAGE ( .BOTH. , #2908 ) ;
#7458 = PLANE ( 'NONE',  #4325 ) ;
#7459 = CARTESIAN_POINT ( 'NONE',  ( -0.7000000000000001776, 0.6999999999999999556, 0.2099999999999999922 ) ) ;
#7460 = DIRECTION ( 'NONE',  ( 1.000000000000000000, 0.000000000000000000, 0.000000000000000000 ) ) ;
#7461 = CARTESIAN_POINT ( 'NONE',  ( 0.3650000000000001577, -0.4550000000000000155, -0.01000000000000000021 ) ) ;
#7462 = EDGE_LOOP ( 'NONE', ( #2201, #6865, #2684, #785 ) ) ;
#7463 = DIRECTION ( 'NONE',  ( -0.000000000000000000, -0.000000000000000000, -1.000000000000000000 ) ) ;
#7464 = PLANE ( 'NONE',  #1948 ) ;
#7465 = CARTESIAN_POINT ( 'NONE',  ( 0.2473522685980794888, -0.5157831814415871907, 0.2199999999999999734 ) ) ;
#7466 = B_SPLINE_CURVE_WITH_KNOTS ( 'NONE', 3,
 ( #1436, #2968, #8876, #5978 ),
 .UNSPECIFIED., .F., .F.,
 ( 4, 4 ),
 ( 4.000000000000000000, 5.000000000000000000 ),
 .UNSPECIFIED. ) ;
#7467 = ORIENTED_EDGE ( 'NONE', *, *, #6897, .T. ) ;
#7468 = VERTEX_POINT ( 'NONE', #8403 ) ;
#7469 = ORIENTED_EDGE ( 'NONE', *, *, #4898, .T. ) ;
#7470 = PRESENTATION_LAYER_ASSIGNMENT (  '', '', ( #7162 ) ) ;
#7471 = DIRECTION ( 'NONE',  ( -1.000000000000000000, 0.000000000000000000, 0.000000000000000000 ) ) ;
#7472 = FACE_OUTER_BOUND ( 'NONE', #4488, .T. ) ;
#7473 = VERTEX_POINT ( 'NONE', #7019 ) ;
#7474 = EDGE_CURVE ( 'NONE', #2091, #835, #8543, .T. ) ;
#7475 = CARTESIAN_POINT ( 'NONE',  ( 0.5077141593542358056, -0.4712694839123869883, 0.2099999999999999922 ) ) ;
#7476 = SURFACE_STYLE_FILL_AREA ( #4311 ) ;
#7477 = VECTOR ( 'NONE', #1257, 1000.000000000000000 ) ;
#7478 = DIRECTION ( 'NONE',  ( 0.000000000000000000, 0.000000000000000000, 1.000000000000000000 ) ) ;
#7479 = LINE ( 'NONE', #2243, #2975 ) ;
#7480 = ORIENTED_EDGE ( 'NONE', *, *, #910, .T. ) ;
#7481 = DIRECTION ( 'NONE',  ( -0.000000000000000000, -0.000000000000000000, 1.000000000000000000 ) ) ;
#7482 = ORIENTED_EDGE ( 'NONE', *, *, #9116, .T. ) ;
#7483 = FILL_AREA_STYLE ('',( #664 ) ) ;
#7484 = CARTESIAN_POINT ( 'NONE',  ( 0.3796054391176585385, -0.5861699710355784410, 0.2099999999999999922 ) ) ;
#7485 = ORIENTED_EDGE ( 'NONE', *, *, #6591, .T. ) ;
#7486 = ADVANCED_FACE ( 'NONE', ( #883 ), #9543, .T. ) ;
#7487 = CIRCLE ( 'NONE', #7173, 0.05903719021641397335 ) ;
#7488 = CARTESIAN_POINT ( 'NONE',  ( 0.3732179524385628167, -0.5822334966866880013, 0.2099999999999999922 ) ) ;
#7489 = ORIENTED_EDGE ( 'NONE', *, *, #3295, .T. ) ;
#7490 = EDGE_CURVE ( 'NONE', #2699, #7631, #1094, .T. ) ;
#7491 = CARTESIAN_POINT ( 'NONE',  ( 0.3414662017951807238, -0.5079851534672040758, 0.2099999999999999922 ) ) ;
#7492 = CARTESIAN_POINT ( 'NONE',  ( 0.3627330663586046389, -0.4824104490505501941, 0.2099999999999999922 ) ) ;
#7493 = LINE ( 'NONE', #6000, #5522 ) ;
#7494 = SURFACE_STYLE_USAGE ( .BOTH. , #6002 ) ;
#7495 = VECTOR ( 'NONE', #5447, 1000.000000000000000 ) ;
#7496 = VECTOR ( 'NONE', #1235, 1000.000000000000000 ) ;
#7497 = ORIENTED_EDGE ( 'NONE', *, *, #6123, .T. ) ;
#7498 = EDGE_CURVE ( 'NONE', #4768, #2987, #863, .T. ) ;
#7499 = B_SPLINE_CURVE_WITH_KNOTS ( 'NONE', 3,
 ( #7084, #6281, #7726, #1138 ),
 .UNSPECIFIED., .F., .F.,
 ( 4, 4 ),
 ( 26.00000000000000000, 27.00000000000000000 ),
 .UNSPECIFIED. ) ;
#7500 = B_SPLINE_CURVE_WITH_KNOTS ( 'NONE', 3,
 ( #9617, #2879, #5037, #2713 ),
 .UNSPECIFIED., .F., .F.,
 ( 4, 4 ),
 ( 3.000000000000000000, 4.000000000000000000 ),
 .UNSPECIFIED. ) ;
#7501 = SURFACE_STYLE_FILL_AREA ( #4379 ) ;
#7502 = DIRECTION ( 'NONE',  ( -0.000000000000000000, 1.000000000000000000, -0.000000000000000000 ) ) ;
#7503 = EDGE_CURVE ( 'NONE', #7448, #8156, #7817, .T. ) ;
#7505 = EDGE_CURVE ( 'NONE', #3621, #7730, #4237, .T. ) ;
#7504 = VECTOR ( 'NONE', #5423, 1000.000000000000114 ) ;
#7506 = CARTESIAN_POINT ( 'NONE',  ( 0.5717623300477889803, -0.5419032028872593498, 0.2199999999999999734 ) ) ;
#7507 = VERTEX_POINT ( 'NONE', #2761 ) ;
#7508 = CARTESIAN_POINT ( 'NONE',  ( 0.3720172039735746838, -0.5902302338858604891, 0.2199999999999999734 ) ) ;
#7509 = ORIENTED_EDGE ( 'NONE', *, *, #2946, .T. ) ;
#7510 = FACE_OUTER_BOUND ( 'NONE', #2760, .T. ) ;
#7511 = VECTOR ( 'NONE', #7409, 1000.000000000000000 ) ;
#7512 = B_SPLINE_CURVE_WITH_KNOTS ( 'NONE', 3,
 ( #2353, #1723, #3241, #4620 ),
 .UNSPECIFIED., .F., .F.,
 ( 4, 4 ),
 ( 11.00000000000000000, 12.00000000000000000 ),
 .UNSPECIFIED. ) ;
#7513 = CARTESIAN_POINT ( 'NONE',  ( 0.2514839233860668988, -0.5904972141806824615, 0.2199999999999999734 ) ) ;
#7514 = FACE_OUTER_BOUND ( 'NONE', #3069, .T. ) ;
#7515 = CARTESIAN_POINT ( 'NONE',  ( 0.3855844237416622411, -0.5143231247457424882, 0.2099999999999999922 ) ) ;
#7516 = CARTESIAN_POINT ( 'NONE',  ( 0.3601582655266780675, -0.5474736854561776944, 0.2199999999999999734 ) ) ;
#7517 = ORIENTED_EDGE ( 'NONE', *, *, #7061, .T. ) ;
#7518 = MECHANICAL_DESIGN_GEOMETRIC_PRESENTATION_REPRESENTATION (  '', ( #9227 ), #4987 ) ;
#7519 = FILL_AREA_STYLE_COLOUR ( '', #6094 ) ;
#7520 = CARTESIAN_POINT ( 'NONE',  ( 0.4759995452616020972, -0.4714923032152237847, 0.2199999999999999734 ) ) ;
#7521 = CARTESIAN_POINT ( 'NONE',  ( 0.4632121930529449205, -0.4706505414047669200, 0.2199999999999999734 ) ) ;
#7522 = CARTESIAN_POINT ( 'NONE',  ( 0.5677144460476454269, -0.5506921864963311153, 0.2099999999999999922 ) ) ;
#7523 = VERTEX_POINT ( 'NONE', #8814 ) ;
#7524 = EDGE_LOOP ( 'NONE', ( #7482, #8106, #7229, #889 ) ) ;
#7525 = ORIENTED_EDGE ( 'NONE', *, *, #4173, .F. ) ;
#7526 = VECTOR ( 'NONE', #7577, 1000.000000000000000 ) ;
#7527 = FACE_OUTER_BOUND ( 'NONE', #3322, .T. ) ;
#7528 = PLANE ( 'NONE',  #5857 ) ;
#7529 = VERTEX_POINT ( 'NONE', #7306 ) ;
#7530 = SURFACE_STYLE_FILL_AREA ( #8224 ) ;
#7531 = CARTESIAN_POINT ( 'NONE',  ( 0.4755786643565521055, -0.5848082975186108534, 0.2199999999999999734 ) ) ;
#7532 = CARTESIAN_POINT ( 'NONE',  ( 0.4149346774552308270, -0.4706505414047669200, 0.2199999999999999734 ) ) ;
#7533 = ORIENTED_EDGE ( 'NONE', *, *, #8046, .T. ) ;
#7534 = ORIENTED_EDGE ( 'NONE', *, *, #9231, .T. ) ;
#7535 = DIRECTION ( 'NONE',  ( -0.000000000000000000, -0.000000000000000000, 1.000000000000000000 ) ) ;
#7536 = EDGE_CURVE ( 'NONE', #263, #2618, #9679, .T. ) ;
#7537 = EDGE_LOOP ( 'NONE', ( #7307, #6066, #8376, #5278 ) ) ;
#7538 =( GEOMETRIC_REPRESENTATION_CONTEXT ( 3 ) GLOBAL_UNCERTAINTY_ASSIGNED_CONTEXT ( ( #4240 ) ) GLOBAL_UNIT_ASSIGNED_CONTEXT ( ( #3429, #9387, #2642 ) ) REPRESENTATION_CONTEXT ( 'NONE', 'WORKASPACE' ) );
#7539 = DIRECTION ( 'NONE',  ( -1.000000000000000000, 0.000000000000000000, -0.000000000000000000 ) ) ;
#7540 = VERTEX_POINT ( 'NONE', #9498 ) ;
#7541 = CARTESIAN_POINT ( 'NONE',  ( 0.3864880798028144659, -0.5087526421768254759, 0.2099999999999999922 ) ) ;
#7542 = CARTESIAN_POINT ( 'NONE',  ( 0.3587842131597400730, -0.5685177307169276828, 0.2199999999999999734 ) ) ;
#7543 = FACE_OUTER_BOUND ( 'NONE', #1630, .T. ) ;
#7544 = FACE_OUTER_BOUND ( 'NONE', #156, .T. ) ;
#7545 = PLANE ( 'NONE',  #3211 ) ;
#7546 = CARTESIAN_POINT ( 'NONE',  ( 0.3352148824677821382, -0.4650800588358516285, 0.2099999999999999922 ) ) ;
#7547 = VECTOR ( 'NONE', #6566, 1000.000000000000000 ) ;
#7548 = EDGE_LOOP ( 'NONE', ( #6125, #4399, #9029, #4519 ) ) ;
#7549 = EDGE_CURVE ( 'NONE', #5297, #6436, #4148, .T. ) ;
#7550 = DIRECTION ( 'NONE',  ( 0.000000000000000000, -1.000000000000000000, 0.000000000000000000 ) ) ;
#7551 = PLANE ( 'NONE',  #7910 ) ;
#7552 = VECTOR ( 'NONE', #8467, 1000.000000000000000 ) ;
#7553 = LINE ( 'NONE', #6715, #3402 ) ;
#7554 = LINE ( 'NONE', #2263, #6698 ) ;
#7555 = EDGE_CURVE ( 'NONE', #3259, #486, #4098, .T. ) ;
#7556 = CARTESIAN_POINT ( 'NONE',  ( 0.4149346774552167827, -0.4916945866655208497, 0.2099999999999999922 ) ) ;
#7557 = ADVANCED_FACE ( 'NONE', ( #3455 ), #2016, .F. ) ;
#7558 = VECTOR ( 'NONE', #4080, 1000.000000000000000 ) ;
#7559 = PLANE ( 'NONE',  #5566 ) ;
#7560 = EDGE_CURVE ( 'NONE', #4893, #574, #2064, .T. ) ;
#7561 = DIRECTION ( 'NONE',  ( -0.000000000000000000, -0.000000000000000000, -1.000000000000000000 ) ) ;
#7562 = ORIENTED_EDGE ( 'NONE', *, *, #725, .T. ) ;
#7563 = CARTESIAN_POINT ( 'NONE',  ( -0.03499999999999982292, 0.4550000000000000155, 0.000000000000000000 ) ) ;
#7564 = DIRECTION ( 'NONE',  ( -1.000000000000000000, -0.000000000000000000, -0.000000000000000000 ) ) ;
#7565 = DIRECTION ( 'NONE',  ( -0.000000000000000000, -0.000000000000000000, -1.000000000000000000 ) ) ;
#7566 = FILL_AREA_STYLE ('',( #742 ) ) ;
#7567 = VERTEX_POINT ( 'NONE', #2717 ) ;
#7568 = CARTESIAN_POINT ( 'NONE',  ( 0.3795342607292131465, -0.5074745258984668661, 0.2199999999999999734 ) ) ;
#7569 = EDGE_CURVE ( 'NONE', #5387, #7980, #8743, .T. ) ;
#7570 = DIRECTION ( 'NONE',  ( -0.000000000000000000, -0.000000000000000000, 1.000000000000000000 ) ) ;
#7571 = ORIENTED_EDGE ( 'NONE', *, *, #8689, .T. ) ;
#7572 = ORIENTED_EDGE ( 'NONE', *, *, #2400, .T. ) ;
#7573 = ORIENTED_EDGE ( 'NONE', *, *, #3843, .F. ) ;
#7574 = CARTESIAN_POINT ( 'NONE',  ( 0.1547344072008220162, -0.4655147471435845952, 0.2199999999999999734 ) ) ;
#7575 = CARTESIAN_POINT ( 'NONE',  ( 0.4149346774552319372, -0.4861488617968817150, 0.2099999999999999922 ) ) ;
#7576 = VERTEX_POINT ( 'NONE', #1919 ) ;
#7577 = DIRECTION ( 'NONE',  ( 0.3667976789509064806, 0.9303007377811907119, -0.000000000000000000 ) ) ;
#7578 = LINE ( 'NONE', #946, #3705 ) ;
#7579 = SURFACE_STYLE_FILL_AREA ( #8413 ) ;
#7580 = CARTESIAN_POINT ( 'NONE',  ( -0.2850000000000001421, 0.3649999999999998801, -0.01000000000000000021 ) ) ;
#7581 = DIRECTION ( 'NONE',  ( -0.3559357243698842432, -0.9345104387417434433, -0.000000000000000000 ) ) ;
#7582 = ORIENTED_EDGE ( 'NONE', *, *, #6902, .T. ) ;
#7583 = LINE ( 'NONE', #8276, #9561 ) ;
#7584 = ORIENTED_EDGE ( 'NONE', *, *, #679, .F. ) ;
#7585 = DIRECTION ( 'NONE',  ( 1.000000000000000000, 1.343328941721107724E-14, -0.000000000000000000 ) ) ;
#7586 = FILL_AREA_STYLE ('',( #3824 ) ) ;
#7587 = ORIENTED_EDGE ( 'NONE', *, *, #6889, .F. ) ;
#7588 = VECTOR ( 'NONE', #4915, 1000.000000000000000 ) ;
#7589 = CARTESIAN_POINT ( 'NONE',  ( 0.1963952279048619132, -0.4727451380969961980, 0.2199999999999999734 ) ) ;
#7590 = ORIENTED_EDGE ( 'NONE', *, *, #5381, .F. ) ;
#7591 = CARTESIAN_POINT ( 'NONE',  ( 0.5044337640637158726, -0.4650800588358499077, 0.2099999999999999922 ) ) ;
#7592 = CARTESIAN_POINT ( 'NONE',  ( 0.2339243938209161489, -0.5694946542819088187, 0.2199999999999999734 ) ) ;
#7593 = CARTESIAN_POINT ( 'NONE',  ( 0.3887905459313502066, -0.5683444268146484735, 0.2199999999999999734 ) ) ;
#7594 = CARTESIAN_POINT ( 'NONE',  ( 0.3887905459313502066, -0.5849816014208931714, 0.2099999999999999922 ) ) ;
#7595 = SURFACE_STYLE_FILL_AREA ( #3091 ) ;
#7596 = PRESENTATION_LAYER_ASSIGNMENT (  '', '', ( #7752 ) ) ;
#7597 = VERTEX_POINT ( 'NONE', #1175 ) ;
#7598 = CARTESIAN_POINT ( 'NONE',  ( 0.4767298974208040718, -0.4888474511302015046, 0.2099999999999999922 ) ) ;
#7599 = VECTOR ( 'NONE', #628, 1000.000000000000000 ) ;
#7600 = B_SPLINE_SURFACE_WITH_KNOTS ( 'NONE', 3, 1, ( 
 ( #1602, #32 ),
 ( #4665, #1653 ),
 ( #3978, #3827 ),
 ( #7589, #6941 ) ),
 .UNSPECIFIED., .F., .F., .F.,
 ( 4, 4 ),
 ( 2, 2 ),
 ( 20.00000000000000000, 21.00000000000000000 ),
 ( 0.000000000000000000, 1.000000000000000000 ),
 .UNSPECIFIED. ) ;
#7601 =( NAMED_UNIT ( * ) PLANE_ANGLE_UNIT ( ) SI_UNIT ( $, .RADIAN. ) );
#7602 = EDGE_CURVE ( 'NONE', #6942, #5658, #1969, .T. ) ;
#7603 = CARTESIAN_POINT ( 'NONE',  ( 0.2339243938209161489, -0.5694946542819088187, 0.2099999999999999922 ) ) ;
#7604 = AXIS2_PLACEMENT_3D ( 'NONE', #748, #9033, #3775 ) ;
#7605 = DIRECTION ( 'NONE',  ( -0.000000000000000000, -0.000000000000000000, -1.000000000000000000 ) ) ;
#7606 = DIRECTION ( 'NONE',  ( 1.000000000000000000, -0.000000000000000000, -0.000000000000000000 ) ) ;
#7607 = EDGE_LOOP ( 'NONE', ( #8087, #7930, #8920, #1952 ) ) ;
#7608 = EDGE_CURVE ( 'NONE', #7943, #1539, #8722, .T. ) ;
#7609 = LINE ( 'NONE', #1380, #4663 ) ;
#7610 = CARTESIAN_POINT ( 'NONE',  ( 0.2745523172455880401, -0.5839554263384429955, 0.2099999999999999922 ) ) ;
#7611 = ORIENTED_EDGE ( 'NONE', *, *, #2966, .T. ) ;
#7612 = VECTOR ( 'NONE', #5896, 1000.000000000000000 ) ;
#7613 = EDGE_CURVE ( 'NONE', #1736, #2306, #8007, .T. ) ;
#7614 = EDGE_CURVE ( 'NONE', #7060, #2187, #1227, .T. ) ;
#7615 =( NAMED_UNIT ( * ) SI_UNIT ( $, .STERADIAN. ) SOLID_ANGLE_UNIT ( ) );
#7616 = ORIENTED_EDGE ( 'NONE', *, *, #7240, .F. ) ;
#7617 = ORIENTED_EDGE ( 'NONE', *, *, #7490, .T. ) ;
#7618 = ORIENTED_EDGE ( 'NONE', *, *, #2709, .F. ) ;
#7619 = PRODUCT_DEFINITION_FORMATION_WITH_SPECIFIED_SOURCE ( '�κ�', '', #1615, .NOT_KNOWN. ) ;
#7620 = EDGE_CURVE ( 'NONE', #5442, #8421, #1875, .T. ) ;
#7621 = UNCERTAINTY_MEASURE_WITH_UNIT (LENGTH_MEASURE( 1.000000000000000082E-05 ), #1429, 'distance_accuracy_value', 'NONE');
#7622 = FACE_OUTER_BOUND ( 'NONE', #6145, .T. ) ;
#7623 = ORIENTED_EDGE ( 'NONE', *, *, #184, .F. ) ;
#7624 = EDGE_CURVE ( 'NONE', #7042, #8652, #6508, .T. ) ;
#7625 = EDGE_CURVE ( 'NONE', #215, #6730, #2218, .T. ) ;
#7626 = CARTESIAN_POINT ( 'NONE',  ( 0.2332357956347252403, -0.5498692973229315495, 0.2099999999999999922 ) ) ;
#7627 = CARTESIAN_POINT ( 'NONE',  ( 0.4438764291137137219, -0.4650800588358516285, 0.2099999999999999922 ) ) ;
#7628 = DIRECTION ( 'NONE',  ( 0.3559357243643249680, 0.9345104387438607496, 0.000000000000000000 ) ) ;
#7629 = ORIENTED_EDGE ( 'NONE', *, *, #1865, .F. ) ;
#7630 = CARTESIAN_POINT ( 'NONE',  ( 0.5691132561146967639, -0.5514844329058991024, 0.2199999999999999734 ) ) ;
#7631 = VERTEX_POINT ( 'NONE', #8863 ) ;
#7632 = DIRECTION ( 'NONE',  ( 0.000000000000000000, 0.000000000000000000, -1.000000000000000000 ) ) ;
#7633 = LINE ( 'NONE', #6849, #7806 ) ;
#7634 = VERTEX_POINT ( 'NONE', #2113 ) ;
#7635 = CARTESIAN_POINT ( 'NONE',  ( 0.3414662017951807238, -0.4650800588358516285, 0.2099999999999999922 ) ) ;
#7636 = VERTEX_POINT ( 'NONE', #5136 ) ;
#7637 = VECTOR ( 'NONE', #3766, 1000.000000000000000 ) ;
#7638 = CARTESIAN_POINT ( 'NONE',  ( 0.1636863149628198510, -0.5791351864986014064, 0.2099999999999999922 ) ) ;
#7639 = LINE ( 'NONE', #5521, #210 ) ;
#7640 = DIRECTION ( 'NONE',  ( -0.000000000000000000, -0.000000000000000000, -1.000000000000000000 ) ) ;
#7641 = CARTESIAN_POINT ( 'NONE',  ( 0.1960509288116845938, -0.4520868772915670464, 0.2199999999999999734 ) ) ;
#7642 = ORIENTED_EDGE ( 'NONE', *, *, #5686, .T. ) ;
#7643 = VECTOR ( 'NONE', #8103, 1000.000000000000000 ) ;
#7644 = CARTESIAN_POINT ( 'NONE',  ( 0.3861909873991450914, -0.5833475932005369735, 0.2199999999999999734 ) ) ;
#7645 = AXIS2_PLACEMENT_3D ( 'NONE', #3972, #1049, #7420 ) ;
#7646 = VECTOR ( 'NONE', #6793, 1000.000000000000000 ) ;
#7647 = CARTESIAN_POINT ( 'NONE',  ( 0.2828156136870604298, -0.5750035185764428292, 0.2199999999999999734 ) ) ;
#7648 = CARTESIAN_POINT ( 'NONE',  ( 0.4257537924891154346, -0.5767372872186051769, 0.2199999999999999734 ) ) ;
#7649 = EDGE_CURVE ( 'NONE', #811, #3666, #8158, .T. ) ;
#7650 = ORIENTED_EDGE ( 'NONE', *, *, #6399, .F. ) ;
#7651 = COLOUR_RGB ( '',0.2980392156862745057, 0.2980392156862745057, 0.2980392156862745057 ) ;
#7652 = DIRECTION ( 'NONE',  ( 0.000000000000000000, 0.000000000000000000, -1.000000000000000000 ) ) ;
#7653 = CARTESIAN_POINT ( 'NONE',  ( 0.4431584558048148326, -0.5902549915861349250, 0.2199999999999999734 ) ) ;
#7654 = DIRECTION ( 'NONE',  ( -0.000000000000000000, 1.000000000000000000, -0.000000000000000000 ) ) ;
#7655 = CARTESIAN_POINT ( 'NONE',  ( 0.2828156136870604298, -0.5750035185764428292, 0.2099999999999999922 ) ) ;
#7656 = EDGE_LOOP ( 'NONE', ( #7121, #9328, #4429, #2058 ) ) ;
#7657 = CARTESIAN_POINT ( 'NONE',  ( 0.3862405027998652707, -0.5890913796717301976, 0.2099999999999999922 ) ) ;
#7658 = AXIS2_PLACEMENT_3D ( 'NONE', #4470, #1354, #3638 ) ;
#7659 = CARTESIAN_POINT ( 'NONE',  ( 0.5764291565555521579, -0.5716124432553577606, 0.2199999999999999734 ) ) ;
#7660 = EDGE_CURVE ( 'NONE', #2769, #8141, #4734, .T. ) ;
#7661 = ORIENTED_EDGE ( 'NONE', *, *, #3694, .T. ) ;
#7662 = EDGE_LOOP ( 'NONE', ( #3012, #4911, #2071, #8198 ) ) ;
#7663 = ORIENTED_EDGE ( 'NONE', *, *, #8107, .F. ) ;
#7664 = EDGE_CURVE ( 'NONE', #9483, #3102, #4305, .T. ) ;
#7665 =( NAMED_UNIT ( * ) PLANE_ANGLE_UNIT ( ) SI_UNIT ( $, .RADIAN. ) );
#7666 = AXIS2_PLACEMENT_3D ( 'NONE', #5282, #8299, #4533 ) ;
#7667 = CARTESIAN_POINT ( 'NONE',  ( 0.5073304149995918610, -0.4727301882304635328, 0.2199999999999999734 ) ) ;
#7668 = ORIENTED_EDGE ( 'NONE', *, *, #2247, .F. ) ;
#7669 = LINE ( 'NONE', #890, #5271 ) ;
#7670 = CARTESIAN_POINT ( 'NONE',  ( 0.5439470537532964389, -0.5654972912796583095, 0.2199999999999999734 ) ) ;
#7671 = DIRECTION ( 'NONE',  ( 0.000000000000000000, 0.000000000000000000, 1.000000000000000000 ) ) ;
#7672 = CARTESIAN_POINT ( 'NONE',  ( 0.3748272029584767129, -0.5761926178121495878, 0.2199999999999999734 ) ) ;
#7673 = DIRECTION ( 'NONE',  ( -0.000000000000000000, -0.000000000000000000, 1.000000000000000000 ) ) ;
#7674 = CARTESIAN_POINT ( 'NONE',  ( 0.4693273450289766058, -0.5419032028872593498, 0.2199999999999999734 ) ) ;
#7675 = EDGE_CURVE ( 'NONE', #9175, #6, #2687, .T. ) ;
#7676 = B_SPLINE_CURVE_WITH_KNOTS ( 'NONE', 3,
 ( #5656, #7934, #1892, #4917 ),
 .UNSPECIFIED., .F., .F.,
 ( 4, 4 ),
 ( 7.000000000000000000, 8.000000000000000000 ),
 .UNSPECIFIED. ) ;
#7677 =( GEOMETRIC_REPRESENTATION_CONTEXT ( 3 ) GLOBAL_UNCERTAINTY_ASSIGNED_CONTEXT ( ( #8407 ) ) GLOBAL_UNIT_ASSIGNED_CONTEXT ( ( #2827, #6581, #5108 ) ) REPRESENTATION_CONTEXT ( 'NONE', 'WORKASPACE' ) );
#7678 = CARTESIAN_POINT ( 'NONE',  ( 0.4057495706413785097, -0.5904530531886920119, 0.2199999999999999734 ) ) ;
#7679 = ORIENTED_EDGE ( 'NONE', *, *, #5968, .T. ) ;
#7680 = CARTESIAN_POINT ( 'NONE',  ( 0.4186483325011223222, -0.5782227492372935540, 0.2099999999999999922 ) ) ;
#7681 = ADVANCED_FACE ( 'NONE', ( #5832 ), #5698, .T. ) ;
#7682 = LINE ( 'NONE', #8392, #5899 ) ;
#7683 = ADVANCED_FACE ( 'NONE', ( #6433 ), #4957, .T. ) ;
#7684 = VERTEX_POINT ( 'NONE', #2735 ) ;
#7685 = PLANE ( 'NONE',  #9220 ) ;
#7686 = ORIENTED_EDGE ( 'NONE', *, *, #5981, .T. ) ;
#7687 = VECTOR ( 'NONE', #694, 1000.000000000000000 ) ;
#7688 = DIRECTION ( 'NONE',  ( -0.8863488427958782223, -0.4630180653866621809, 0.000000000000000000 ) ) ;
#7689 = CARTESIAN_POINT ( 'NONE',  ( 0.2504510129725300294, -0.5904972141806824615, 0.2199999999999999734 ) ) ;
#7690 = CARTESIAN_POINT ( 'NONE',  ( 0.5601757263042838053, -0.5716124432553577606, 0.2099999999999999922 ) ) ;
#7691 = CARTESIAN_POINT ( 'NONE',  ( 0.4031128755587541357, -0.5620064555364439052, 0.2099999999999999922 ) ) ;
#7692 = CARTESIAN_POINT ( 'NONE',  ( 0.4099831373939369916, -0.5620064555364439052, 0.2199999999999999734 ) ) ;
#7693 = EDGE_CURVE ( 'NONE', #8908, #3082, #2634, .T. ) ;
#7694 = CARTESIAN_POINT ( 'NONE',  ( 0.4186483325011223222, -0.5782227492372935540, 0.2099999999999999922 ) ) ;
#7695 = CARTESIAN_POINT ( 'NONE',  ( -0.4549999999999995159, -0.1250000000000000278, -0.01000000000000000021 ) ) ;
#7696 = ORIENTED_EDGE ( 'NONE', *, *, #3694, .F. ) ;
#7697 = CARTESIAN_POINT ( 'NONE',  ( 0.2211851434982795017, -0.5798237846846273635, 0.2199999999999999734 ) ) ;
#7698 = DIRECTION ( 'NONE',  ( -1.000000000000000000, 0.000000000000000000, 0.000000000000000000 ) ) ;
#7699 = CARTESIAN_POINT ( 'NONE',  ( 0.3887905459313502066, -0.5762916486132638738, 0.2199999999999999734 ) ) ;
#7700 = CARTESIAN_POINT ( 'NONE',  ( 0.1506027589800863487, -0.5440161208012131988, 0.2199999999999999734 ) ) ;
#7701 = CARTESIAN_POINT ( 'NONE',  ( 0.4130530922319272102, -0.5861947287358537650, 0.2199999999999999734 ) ) ;
#7702 = CARTESIAN_POINT ( 'NONE',  ( 0.3749757491603115112, -0.5846102359163863893, 0.2099999999999999922 ) ) ;
#7703 = LINE ( 'NONE', #1672, #6204 ) ;
#7704 = ORIENTED_EDGE ( 'NONE', *, *, #5774, .T. ) ;
#7705 = MECHANICAL_DESIGN_GEOMETRIC_PRESENTATION_REPRESENTATION (  '', ( #5343 ), #4226 ) ;
#7706 = FACE_OUTER_BOUND ( 'NONE', #9716, .T. ) ;
#7707 = PRESENTATION_STYLE_ASSIGNMENT (( #3999 ) ) ;
#7708 = LINE ( 'NONE', #9214, #1821 ) ;
#7709 = CARTESIAN_POINT ( 'NONE',  ( 0.09034948844706272575, -0.5732819968427144142, 0.2199999999999999734 ) ) ;
#7710 = ORIENTED_EDGE ( 'NONE', *, *, #2899, .T. ) ;
#7711 = VECTOR ( 'NONE', #6250, 1000.000000000000000 ) ;
#7712 = CARTESIAN_POINT ( 'NONE',  ( 0.4057495706413785097, -0.5904530531886920119, 0.2099999999999999922 ) ) ;
#7713 = ORIENTED_EDGE ( 'NONE', *, *, #8739, .T. ) ;
#7714 = ORIENTED_EDGE ( 'NONE', *, *, #478, .T. ) ;
#7715 = VERTEX_POINT ( 'NONE', #9516 ) ;
#7716 = UNCERTAINTY_MEASURE_WITH_UNIT (LENGTH_MEASURE( 1.000000000000000082E-05 ), #7285, 'distance_accuracy_value', 'NONE');
#7717 =( NAMED_UNIT ( * ) SI_UNIT ( $, .STERADIAN. ) SOLID_ANGLE_UNIT ( ) );
#7718 = B_SPLINE_CURVE_WITH_KNOTS ( 'NONE', 3,
 ( #638, #6772, #2269, #1481 ),
 .UNSPECIFIED., .F., .F.,
 ( 4, 4 ),
 ( 10.00000000000000000, 11.00000000000000000 ),
 .UNSPECIFIED. ) ;
#7719 = CARTESIAN_POINT ( 'NONE',  ( 0.4178189495409698750, -0.5861947287358537650, 0.2199999999999999734 ) ) ;
#7720 = ORIENTED_EDGE ( 'NONE', *, *, #6953, .T. ) ;
#7721 =( LENGTH_UNIT ( ) NAMED_UNIT ( * ) SI_UNIT ( .MILLI., .METRE. ) );
#7722 = CARTESIAN_POINT ( 'NONE',  ( 0.4264346292475972300, -0.5809213385706111232, 0.2199999999999999734 ) ) ;
#7723 = CARTESIAN_POINT ( 'NONE',  ( 0.4332306179817796421, -0.6066198314889892362, 0.2199999999999999734 ) ) ;
#7724 = EDGE_CURVE ( 'NONE', #4018, #4327, #7182, .T. ) ;
#7725 = CARTESIAN_POINT ( 'NONE',  ( 0.5107717353422533968, -0.5848082975186108534, 0.2099999999999999922 ) ) ;
#7726 = CARTESIAN_POINT ( 'NONE',  ( 0.2325471711801970209, -0.5691503551888987822, 0.2199999999999999734 ) ) ;
#7727 = CARTESIAN_POINT ( 'NONE',  ( 0.5350000000000001421, 0.2050000000000005984, -0.01000000000000000021 ) ) ;
#7728 = ORIENTED_EDGE ( 'NONE', *, *, #5917, .F. ) ;
#7729 = CARTESIAN_POINT ( 'NONE',  ( 0.1430280541575548736, -0.5925630612757669669, 0.2199999999999999734 ) ) ;
#7730 = VERTEX_POINT ( 'NONE', #2781 ) ;
#7731 = CARTESIAN_POINT ( 'NONE',  ( 0.2494180894249892755, -0.5694946542819088187, 0.2199999999999999734 ) ) ;
#7732 = CYLINDRICAL_SURFACE ( 'NONE', #7645, 0.07999999999999998779 ) ;
#7733 = PLANE ( 'NONE',  #384 ) ;
#7734 = ORIENTED_EDGE ( 'NONE', *, *, #5272, .T. ) ;
#7735 = FACE_OUTER_BOUND ( 'NONE', #7607, .T. ) ;
#7736 = EDGE_CURVE ( 'NONE', #8790, #4287, #5797, .T. ) ;
#7737 = CARTESIAN_POINT ( 'NONE',  ( 0.4461541375419688094, -0.5845854782161065133, 0.2099999999999999922 ) ) ;
#7738 = ORIENTED_EDGE ( 'NONE', *, *, #6619, .F. ) ;
#7739 = CARTESIAN_POINT ( 'NONE',  ( 0.4714193707048132675, -0.4752059582612774280, 0.2099999999999999922 ) ) ;
#7740 = CARTESIAN_POINT ( 'NONE',  ( -0.4549999999999995159, -0.5350000000000000311, -0.01000000000000000021 ) ) ;
#7741 = SURFACE_STYLE_FILL_AREA ( #4122 ) ;
#7742 = EDGE_CURVE ( 'NONE', #7854, #6436, #8786, .T. ) ;
#7743 = FACE_OUTER_BOUND ( 'NONE', #8229, .T. ) ;
#7744 = EDGE_CURVE ( 'NONE', #6384, #8035, #555, .T. ) ;
#7745 = CARTESIAN_POINT ( 'NONE',  ( 0.3414662017951807238, -0.4650800588358516285, 0.2199999999999999734 ) ) ;
#7746 = CARTESIAN_POINT ( 'NONE',  ( 0.08174188059888025382, -0.5068312671125105862, 0.2199999999999999734 ) ) ;
#7747 = CARTESIAN_POINT ( 'NONE',  ( 0.07588870653990240078, -0.5357528309264956157, 0.2199999999999999734 ) ) ;
#7748 = ORIENTED_EDGE ( 'NONE', *, *, #1581, .T. ) ;
#7749 = AXIS2_PLACEMENT_3D ( 'NONE', #1582, #7570, #6781 ) ;
#7750 = EDGE_CURVE ( 'NONE', #8069, #9222, #3088, .T. ) ;
#7751 = CARTESIAN_POINT ( 'NONE',  ( 0.08174188059888025382, -0.5068312671125105862, 0.2099999999999999922 ) ) ;
#7752 = STYLED_ITEM ( 'NONE', ( #5545 ), #7933 ) ;
#7753 = CARTESIAN_POINT ( 'NONE',  ( -0.3650000000000001577, 0.5350000000000000311, -0.01000000000000000021 ) ) ;
#7754 = FILL_AREA_STYLE ('',( #4733 ) ) ;
#7755 = CARTESIAN_POINT ( 'NONE',  ( 0.4086833581278346283, -0.5135061206355653329, 0.2199999999999999734 ) ) ;
#7756 = CARTESIAN_POINT ( 'NONE',  ( 0.3989907184577749510, -0.4727797036310223411, 0.2199999999999999734 ) ) ;
#7757 = CARTESIAN_POINT ( 'NONE',  ( 0.2311699748078178407, -0.5904972141806824615, 0.2099999999999999922 ) ) ;
#7758 = VECTOR ( 'NONE', #2492, 1000.000000000000000 ) ;
#7759 = ORIENTED_EDGE ( 'NONE', *, *, #2476, .F. ) ;
#7760 = CARTESIAN_POINT ( 'NONE',  ( 0.5084692692137189329, -0.4746612888544927689, 0.2199999999999999734 ) ) ;
#7761 = FILL_AREA_STYLE_COLOUR ( '', #4916 ) ;
#7762 = CARTESIAN_POINT ( 'NONE',  ( 0.4928966757207836058, -0.5629720058482915457, 0.2199999999999999734 ) ) ;
#7763 = ORIENTED_EDGE ( 'NONE', *, *, #1210, .T. ) ;
#7764 = FILL_AREA_STYLE ('',( #6265 ) ) ;
#7765 = VECTOR ( 'NONE', #3896, 1000.000000000000000 ) ;
#7766 = CARTESIAN_POINT ( 'NONE',  ( 0.1178938361874166119, -0.5898086028601592368, 0.2199999999999999734 ) ) ;
#7767 = VERTEX_POINT ( 'NONE', #4206 ) ;
#7768 = ORIENTED_EDGE ( 'NONE', *, *, #4412, .F. ) ;
#7769 = EDGE_LOOP ( 'NONE', ( #8384, #8410, #5459, #8280 ) ) ;
#7770 = LINE ( 'NONE', #2426, #7495 ) ;
#7771 = CARTESIAN_POINT ( 'NONE',  ( 0.1609318893828013408, -0.5440161208012131988, 0.2099999999999999922 ) ) ;
#7772 = MECHANICAL_DESIGN_GEOMETRIC_PRESENTATION_REPRESENTATION (  '', ( #8547 ), #2715 ) ;
#7773 = CARTESIAN_POINT ( 'NONE',  ( -0.2850000000000001421, 0.4550000000000000155, -0.01000000000000000021 ) ) ;
#7774 = ORIENTED_EDGE ( 'NONE', *, *, #7498, .T. ) ;
#7775 = CARTESIAN_POINT ( 'NONE',  ( 0.3587842131597400730, -0.5629720058482915457, 0.2199999999999999734 ) ) ;
#7776 = DIRECTION ( 'NONE',  ( -1.000000000000000000, -0.000000000000000000, -0.000000000000000000 ) ) ;
#7777 = CARTESIAN_POINT ( 'NONE',  ( 0.5178029222292470646, -0.5848082975186108534, 0.2199999999999999734 ) ) ;
#7778 = DIRECTION ( 'NONE',  ( 0.000000000000000000, 0.000000000000000000, 1.000000000000000000 ) ) ;
#7779 = ORIENTED_EDGE ( 'NONE', *, *, #3858, .T. ) ;
#7780 = CARTESIAN_POINT ( 'NONE',  ( 0.1368305785426596477, -0.5867098847540486162, 0.2199999999999999734 ) ) ;
#7781 = VERTEX_POINT ( 'NONE', #7230 ) ;
#7782 = DIRECTION ( 'NONE',  ( 0.000000000000000000, -1.000000000000000000, 0.000000000000000000 ) ) ;
#7783 = CARTESIAN_POINT ( 'NONE',  ( -0.3650000000000001577, 0.2849999999999999756, -0.01000000000000000021 ) ) ;
#7784 = EDGE_LOOP ( 'NONE', ( #3952, #8151, #8549, #6710 ) ) ;
#7785 = EDGE_CURVE ( 'NONE', #1263, #5653, #1148, .T. ) ;
#7786 =( NAMED_UNIT ( * ) PLANE_ANGLE_UNIT ( ) SI_UNIT ( $, .RADIAN. ) );
#7787 = CARTESIAN_POINT ( 'NONE',  ( 0.3989907184577749510, -0.5115007469107023530, 0.2099999999999999922 ) ) ;
#7788 = VERTEX_POINT ( 'NONE', #457 ) ;
#7789 = B_SPLINE_SURFACE_WITH_KNOTS ( 'NONE', 3, 1, ( 
 ( #2093, #8139 ),
 ( #8952, #8328 ),
 ( #2886, #565 ),
 ( #8896, #1352 ) ),
 .UNSPECIFIED., .F., .F., .F.,
 ( 4, 4 ),
 ( 2, 2 ),
 ( 5.000000000000000000, 6.000000000000000000 ),
 ( 0.000000000000000000, 1.000000000000000000 ),
 .UNSPECIFIED. ) ;
#7790 = CARTESIAN_POINT ( 'NONE',  ( 0.2225623661388329566, -0.5316211630046722147, 0.2199999999999999734 ) ) ;
#7791 = CARTESIAN_POINT ( 'NONE',  ( 0.3989907184577749510, -0.4727797036310223411, 0.2099999999999999922 ) ) ;
#7792 = FILL_AREA_STYLE_COLOUR ( '', #3363 ) ;
#7793 = CARTESIAN_POINT ( 'NONE',  ( 0.5674173536436449838, -0.5514844329058991024, 0.2099999999999999922 ) ) ;
#7794 = CARTESIAN_POINT ( 'NONE',  ( 0.4308414999022723291, -0.6061246774827573347, 0.2199999999999999734 ) ) ;
#7795 = LINE ( 'NONE', #5475, #8880 ) ;
#7796 = PRESENTATION_STYLE_ASSIGNMENT (( #7892 ) ) ;
#7797 = ADVANCED_FACE ( 'NONE', ( #3566 ), #4161, .F. ) ;
#7798 = VERTEX_POINT ( 'NONE', #17 ) ;
#7799 = EDGE_CURVE ( 'NONE', #4160, #3538, #1390, .T. ) ;
#7800 = AXIS2_PLACEMENT_3D ( 'NONE', #2418, #5440, #9219 ) ;
#7801 = LINE ( 'NONE', #6150, #8721 ) ;
#7802 = CARTESIAN_POINT ( 'NONE',  ( 0.08174188059888025382, -0.5068312671125105862, 0.2199999999999999734 ) ) ;
#7803 =( LENGTH_UNIT ( ) NAMED_UNIT ( * ) SI_UNIT ( .MILLI., .METRE. ) );
#7804 = CARTESIAN_POINT ( 'NONE',  ( 0.4264346292475972300, -0.5786436301423543149, 0.2099999999999999922 ) ) ;
#7805 = LINE ( 'NONE', #6358, #8339 ) ;
#7806 = VECTOR ( 'NONE', #9045, 1000.000000000000000 ) ;
#7807 = EDGE_CURVE ( 'NONE', #5195, #5058, #4036, .T. ) ;
#7808 = CARTESIAN_POINT ( 'NONE',  ( 0.5683581462555442609, -0.5480926279641260557, 0.2099999999999999922 ) ) ;
#7809 = CARTESIAN_POINT ( 'NONE',  ( 0.5783602571792501035, -0.5770838950231640396, 0.2199999999999999734 ) ) ;
#7810 = EDGE_CURVE ( 'NONE', #7907, #7854, #2148, .T. ) ;
#7811 = VERTEX_POINT ( 'NONE', #3067 ) ;
#7812 = EDGE_CURVE ( 'NONE', #8333, #46, #4554, .T. ) ;
#7813 = CARTESIAN_POINT ( 'NONE',  ( 0.3827001516559251360, -0.5911462687971523744, 0.2199999999999999734 ) ) ;
#7814 = AXIS2_PLACEMENT_3D ( 'NONE', #6551, #9537, #7157 ) ;
#7815 = DIRECTION ( 'NONE',  ( 0.3897582650654988212, 0.9209172030172594337, 0.000000000000000000 ) ) ;
#7816 = ORIENTED_EDGE ( 'NONE', *, *, #128, .F. ) ;
#7817 = LINE ( 'NONE', #2669, #8817 ) ;
#7818 = ORIENTED_EDGE ( 'NONE', *, *, #8388, .F. ) ;
#7819 = VECTOR ( 'NONE', #6448, 1000.000000000000000 ) ;
#7820 = ORIENTED_EDGE ( 'NONE', *, *, #977, .F. ) ;
#7821 = UNCERTAINTY_MEASURE_WITH_UNIT (LENGTH_MEASURE( 1.000000000000000082E-05 ), #7073, 'distance_accuracy_value', 'NONE');
#7822 = DIRECTION ( 'NONE',  ( 0.000000000000000000, 0.000000000000000000, -1.000000000000000000 ) ) ;
#7823 = ORIENTED_EDGE ( 'NONE', *, *, #5196, .F. ) ;
#7824 = CARTESIAN_POINT ( 'NONE',  ( 0.1440609711380097524, -0.4748109654908248545, 0.2199999999999999734 ) ) ;
#7825 = PRESENTATION_LAYER_ASSIGNMENT (  '', '', ( #3720 ) ) ;
#7826 = DIRECTION ( 'NONE',  ( -0.000000000000000000, -0.000000000000000000, -1.000000000000000000 ) ) ;
#7827 = CARTESIAN_POINT ( 'NONE',  ( 0.03499999999999982292, -0.2050000000000006817, -0.01000000000000000021 ) ) ;
#7828 = LINE ( 'NONE', #2433, #7856 ) ;
#7829 = CARTESIAN_POINT ( 'NONE',  ( 0.4140310213940805451, -0.5598772933098575821, 0.2099999999999999922 ) ) ;
#7830 = ORIENTED_EDGE ( 'NONE', *, *, #5379, .T. ) ;
#7831 = ORIENTED_EDGE ( 'NONE', *, *, #8217, .F. ) ;
#7832 = CARTESIAN_POINT ( 'NONE',  ( 0.1368305785426596477, -0.5715604882431516431, 0.2199999999999999734 ) ) ;
#7833 = ORIENTED_EDGE ( 'NONE', *, *, #1993, .T. ) ;
#7834 = ORIENTED_EDGE ( 'NONE', *, *, #111, .T. ) ;
#7835 = LINE ( 'NONE', #2261, #2857 ) ;
#7836 = CARTESIAN_POINT ( 'NONE',  ( 0.2225623661388329566, -0.5316211630046722147, 0.2199999999999999734 ) ) ;
#7837 = ORIENTED_EDGE ( 'NONE', *, *, #6144, .T. ) ;
#7838 = DIRECTION ( 'NONE',  ( 0.000000000000000000, 0.000000000000000000, -1.000000000000000000 ) ) ;
#7839 = CARTESIAN_POINT ( 'NONE',  ( -0.03499999999999982292, 0.4550000000000000155, -0.01000000000000000021 ) ) ;
#7840 = PLANE ( 'NONE',  #5427 ) ;
#7841 = CARTESIAN_POINT ( 'NONE',  ( 0.4048335357300853476, -0.5705478621420710938, 0.2099999999999999922 ) ) ;
#7842 = MECHANICAL_DESIGN_GEOMETRIC_PRESENTATION_REPRESENTATION (  '', ( #2620 ), #7677 ) ;
#7843 = CARTESIAN_POINT ( 'NONE',  ( 0.1850331870887744201, -0.5977276002089486617, 0.2099999999999999922 ) ) ;
#7844 =( NAMED_UNIT ( * ) SI_UNIT ( $, .STERADIAN. ) SOLID_ANGLE_UNIT ( ) );
#7845 = ADVANCED_FACE ( 'NONE', ( #8176 ), #7212, .F. ) ;
#7846 = ORIENTED_EDGE ( 'NONE', *, *, #8382, .F. ) ;
#7847 = STYLED_ITEM ( 'NONE', ( #9 ), #5377 ) ;
#7848 = CARTESIAN_POINT ( 'NONE',  ( 0.3749757491603115112, -0.5846102359163863893, 0.2199999999999999734 ) ) ;
#7849 = B_SPLINE_SURFACE_WITH_KNOTS ( 'NONE', 3, 1, ( 
 ( #8826, #5782 ),
 ( #7317, #8781 ),
 ( #5049, #7271 ),
 ( #8065, #5692 ) ),
 .UNSPECIFIED., .F., .F., .F.,
 ( 4, 4 ),
 ( 2, 2 ),
 ( 7.000000000000000000, 8.000000000000000000 ),
 ( 0.000000000000000000, 1.000000000000000000 ),
 .UNSPECIFIED. ) ;
#7850 = CARTESIAN_POINT ( 'NONE',  ( 0.4264346292475972300, -0.5786436301423543149, 0.2099999999999999922 ) ) ;
#7851 = EDGE_CURVE ( 'NONE', #2024, #8986, #4355, .T. ) ;
#7852 = PRESENTATION_LAYER_ASSIGNMENT (  '', '', ( #8771 ) ) ;
#7853 = CARTESIAN_POINT ( 'NONE',  ( 0.2211851434982795017, -0.5798237846846273635, 0.2199999999999999734 ) ) ;
#7854 = VERTEX_POINT ( 'NONE', #4500 ) ;
#7855 = CARTESIAN_POINT ( 'NONE',  ( 0.3989907184577749510, -0.5055093834363931782, 0.2199999999999999734 ) ) ;
#7856 = VECTOR ( 'NONE', #8596, 1000.000000000000114 ) ;
#7857 = LINE ( 'NONE', #4093, #3242 ) ;
#7858 = EDGE_CURVE ( 'NONE', #5984, #7387, #976, .T. ) ;
#7859 = ORIENTED_EDGE ( 'NONE', *, *, #1506, .T. ) ;
#7860 = EDGE_CURVE ( 'NONE', #9175, #3418, #649, .T. ) ;
#7861 = ADVANCED_FACE ( 'NONE', ( #7527 ), #8939, .F. ) ;
#7862 = DIRECTION ( 'NONE',  ( -0.000000000000000000, -0.000000000000000000, -1.000000000000000000 ) ) ;
#7863 = ORIENTED_EDGE ( 'NONE', *, *, #1879, .F. ) ;
#7864 = AXIS2_PLACEMENT_3D ( 'NONE', #8696, #9425, #1933 ) ;
#7865 = VERTEX_POINT ( 'NONE', #700 ) ;
#7866 = CARTESIAN_POINT ( 'NONE',  ( 0.3732179524385628167, -0.5805747307663839951, 0.2199999999999999734 ) ) ;
#7867 = DIRECTION ( 'NONE',  ( -0.000000000000000000, -0.000000000000000000, 1.000000000000000000 ) ) ;
#7868 = EDGE_CURVE ( 'NONE', #3510, #8034, #6734, .T. ) ;
#7869 = ORIENTED_EDGE ( 'NONE', *, *, #8457, .F. ) ;
#7870 = CARTESIAN_POINT ( 'NONE',  ( 0.1547344072008220162, -0.4655147471435845952, 0.2099999999999999922 ) ) ;
#7871 = B_SPLINE_CURVE_WITH_KNOTS ( 'NONE', 3,
 ( #7670, #8411, #9084, #1640 ),
 .UNSPECIFIED., .F., .F.,
 ( 4, 4 ),
 ( 3.000000000000000000, 4.000000000000000000 ),
 .UNSPECIFIED. ) ;
#7872 = PLANE ( 'NONE',  #6740 ) ;
#7873 = CARTESIAN_POINT ( 'NONE',  ( 0.4627913121478825498, -0.5557427573587392367, 0.2099999999999999922 ) ) ;
#7874 = CARTESIAN_POINT ( 'NONE',  ( 0.5373738843214531657, -0.5596297163067416314, 0.2099999999999999922 ) ) ;
#7875 = CARTESIAN_POINT ( 'NONE',  ( 0.4124589074245854636, -0.5911462687971523744, 0.2099999999999999922 ) ) ;
#7876 = LINE ( 'NONE', #4015, #4402 ) ;
#7877 = ORIENTED_EDGE ( 'NONE', *, *, #1140, .T. ) ;
#7878 = VERTEX_POINT ( 'NONE', #62 ) ;
#7879 = CARTESIAN_POINT ( 'NONE',  ( 0.3607524503341855149, -0.5135061206355653329, 0.2199999999999999734 ) ) ;
#7880 = ORIENTED_EDGE ( 'NONE', *, *, #3993, .F. ) ;
#7881 = VECTOR ( 'NONE', #1156, 1000.000000000000000 ) ;
#7882 = ORIENTED_EDGE ( 'NONE', *, *, #1984, .T. ) ;
#7883 = SURFACE_SIDE_STYLE ('',( #1755 ) ) ;
#7884 = DIRECTION ( 'NONE',  ( -0.000000000000000000, 1.000000000000000000, -0.000000000000000000 ) ) ;
#7885 = EDGE_LOOP ( 'NONE', ( #1789, #1277, #3770, #4006 ) ) ;
#7886 = FACE_OUTER_BOUND ( 'NONE', #6744, .T. ) ;
#7887 = CARTESIAN_POINT ( 'NONE',  ( 0.3954256096135573828, -0.5133823321341727253, 0.2099999999999999922 ) ) ;
#7888 = PLANE ( 'NONE',  #838 ) ;
#7889 = COLOUR_RGB ( '',0.6666666666666666297, 0.6666666666666666297, 0.6666666666666666297 ) ;
#7890 = CARTESIAN_POINT ( 'NONE',  ( 0.1506027524130015838, -0.6132212958128574476, 0.2199999999999999734 ) ) ;
#7891 = DIRECTION ( 'NONE',  ( -1.000000000000000000, -0.000000000000000000, -0.000000000000000000 ) ) ;
#7892 = SURFACE_STYLE_USAGE ( .BOTH. , #6302 ) ;
#7893 = ORIENTED_EDGE ( 'NONE', *, *, #7190, .T. ) ;
#7894 = FACE_OUTER_BOUND ( 'NONE', #4061, .T. ) ;
#7895 = CARTESIAN_POINT ( 'NONE',  ( 0.4833030668519888162, -0.4886741472279218512, 0.2199999999999999734 ) ) ;
#7896 = CARTESIAN_POINT ( 'NONE',  ( 0.4069998345069226753, -0.5576986156830463504, 0.2099999999999999922 ) ) ;
#7897 = CARTESIAN_POINT ( 'NONE',  ( 0.1636863149628198510, -0.5863655725268676067, 0.2199999999999999734 ) ) ;
#7898 = STYLED_ITEM ( 'NONE', ( #645 ), #7252 ) ;
#7899 = SURFACE_STYLE_FILL_AREA ( #435 ) ;
#7900 = FACE_OUTER_BOUND ( 'NONE', #2374, .T. ) ;
#7901 = ORIENTED_EDGE ( 'NONE', *, *, #3392, .T. ) ;
#7902 = CARTESIAN_POINT ( 'NONE',  ( 0.3786398888056436984, -0.5143231247457424882, 0.2199999999999999734 ) ) ;
#7903 = CARTESIAN_POINT ( 'NONE',  ( 0.4195272308619957813, -0.5549505109488411803, 0.2099999999999999922 ) ) ;
#7904 = ADVANCED_FACE ( 'NONE', ( #5982 ), #3339, .F. ) ;
#7905 = VECTOR ( 'NONE', #3657, 1000.000000000000000 ) ;
#7906 = CARTESIAN_POINT ( 'NONE',  ( -0.4550000000000002376, 0.3649999999999999356, -0.01000000000000000021 ) ) ;
#7907 = VERTEX_POINT ( 'NONE', #6834 ) ;
#7908 = CARTESIAN_POINT ( 'NONE',  ( 0.3778476423959102881, -0.5549505109488411803, 0.2199999999999999734 ) ) ;
#7909 = ORIENTED_EDGE ( 'NONE', *, *, #5897, .T. ) ;
#7910 = AXIS2_PLACEMENT_3D ( 'NONE', #6812, #5517, #4715 ) ;
#7911 = ADVANCED_FACE ( 'NONE', ( #2081 ), #5106, .T. ) ;
#7912 = CARTESIAN_POINT ( 'NONE',  ( 0.4336267411867306132, -0.4650800588358516285, 0.2199999999999999734 ) ) ;
#7913 = EDGE_CURVE ( 'NONE', #7923, #6478, #7449, .T. ) ;
#7914 = ADVANCED_FACE ( 'NONE', ( #1739 ), #1845, .F. ) ;
#7915 = CARTESIAN_POINT ( 'NONE',  ( 0.4466864280986146962, -0.5830009853963081801, 0.2199999999999999734 ) ) ;
#7916 = ORIENTED_EDGE ( 'NONE', *, *, #2529, .T. ) ;
#7917 = COLOUR_RGB ( '',0.6666666666666666297, 0.6666666666666666297, 0.6666666666666666297 ) ;
#7918 = CARTESIAN_POINT ( 'NONE',  ( 0.5783602571792501035, -0.5770838950231640396, 0.2099999999999999922 ) ) ;
#7919 = CARTESIAN_POINT ( 'NONE',  ( 0.3823535438516988960, -0.5549505109488411803, 0.2199999999999999734 ) ) ;
#7920 = LINE ( 'NONE', #2773, #1708 ) ;
#7921 = CARTESIAN_POINT ( 'NONE',  ( 0.1963952279048619132, -0.4727451380969961980, 0.2199999999999999734 ) ) ;
#7922 = FILL_AREA_STYLE ('',( #8648 ) ) ;
#7923 = VERTEX_POINT ( 'NONE', #6272 ) ;
#7924 = ORIENTED_EDGE ( 'NONE', *, *, #9570, .T. ) ;
#7925 = CARTESIAN_POINT ( 'NONE',  ( 0.4098098334916595031, -0.5669827532980157292, 0.2099999999999999922 ) ) ;
#7926 = VERTEX_POINT ( 'NONE', #6973 ) ;
#7927 = EDGE_CURVE ( 'NONE', #5539, #3350, #202, .T. ) ;
#7928 = VECTOR ( 'NONE', #6610, 1000.000000000000000 ) ;
#7929 = B_SPLINE_SURFACE_WITH_KNOTS ( 'NONE', 3, 1, ( 
 ( #2463, #96 ),
 ( #6965, #3849 ),
 ( #3946, #142 ),
 ( #8492, #6869 ) ),
 .UNSPECIFIED., .F., .F., .F.,
 ( 4, 4 ),
 ( 2, 2 ),
 ( 21.00000000000000000, 22.00000000000000000 ),
 ( 0.000000000000000000, 1.000000000000000000 ),
 .UNSPECIFIED. ) ;
#7930 = ORIENTED_EDGE ( 'NONE', *, *, #2471, .F. ) ;
#7931 = CARTESIAN_POINT ( 'NONE',  ( 0.3708783497594473899, -0.5002359932711484269, 0.2199999999999999734 ) ) ;
#7932 = ADVANCED_FACE ( 'NONE', ( #996 ), #4598, .T. ) ;
#7933 = ADVANCED_FACE ( 'NONE', ( #839 ), #9275, .F. ) ;
#7934 = CARTESIAN_POINT ( 'NONE',  ( 0.07588870653990240078, -0.5495250047970038354, 0.2199999999999999734 ) ) ;
#7935 = ORIENTED_EDGE ( 'NONE', *, *, #2724, .F. ) ;
#7936 = DIRECTION ( 'NONE',  ( -0.000000000000000000, 1.000000000000000000, -0.000000000000000000 ) ) ;
#7937 = CARTESIAN_POINT ( 'NONE',  ( 0.1764255849868762438, -0.5557224672775614716, 0.2199999999999999734 ) ) ;
#7938 = DIRECTION ( 'NONE',  ( 1.000000000000000000, 0.000000000000000000, -0.000000000000000000 ) ) ;
#7939 = CARTESIAN_POINT ( 'NONE',  ( 0.4759995452616020972, -0.4714923032152237847, 0.2099999999999999922 ) ) ;
#7940 = CARTESIAN_POINT ( 'NONE',  ( 0.3730941639370055074, -0.5121196894183219772, 0.2199999999999999734 ) ) ;
#7941 = DIRECTION ( 'NONE',  ( -0.000000000000000000, -0.000000000000000000, -1.000000000000000000 ) ) ;
#7942 = EDGE_LOOP ( 'NONE', ( #3191, #6101, #1063, #4083, #3752, #843, #1169, #7335, #7180, #4562, #3875, #2762 ) ) ;
#7943 = VERTEX_POINT ( 'NONE', #8772 ) ;
#7944 = DIRECTION ( 'NONE',  ( 0.000000000000000000, -1.000000000000000000, 0.000000000000000000 ) ) ;
#7945 = CARTESIAN_POINT ( 'NONE',  ( 0.5111183431464798588, -0.4650800588358499077, 0.2199999999999999734 ) ) ;
#7946 = CARTESIAN_POINT ( 'NONE',  ( 0.3414662017951822226, -0.5685177307169276828, 0.2199999999999999734 ) ) ;
#7947 = ORIENTED_EDGE ( 'NONE', *, *, #8283, .T. ) ;
#7948 = VECTOR ( 'NONE', #3711, 1000.000000000000000 ) ;
#7949 = VERTEX_POINT ( 'NONE', #4899 ) ;
#7950 = DIRECTION ( 'NONE',  ( 0.000000000000000000, -1.000000000000000000, 0.000000000000000000 ) ) ;
#7951 = CARTESIAN_POINT ( 'NONE',  ( 0.4767298974208040718, -0.4828065722553352423, 0.2099999999999999922 ) ) ;
#7952 = DIRECTION ( 'NONE',  ( -1.000000000000000000, 0.000000000000000000, 0.000000000000000000 ) ) ;
#7953 = ORIENTED_EDGE ( 'NONE', *, *, #3874, .T. ) ;
#7954 = AXIS2_PLACEMENT_3D ( 'NONE', #1153, #7281, #6487 ) ;
#7955 = CARTESIAN_POINT ( 'NONE',  ( 0.1168609323411295281, -0.4799755306923473852, 0.2099999999999999922 ) ) ;
#7956 = ORIENTED_EDGE ( 'NONE', *, *, #5007, .F. ) ;
#7957 = EDGE_CURVE ( 'NONE', #6411, #7287, #5776, .T. ) ;
#7958 = VECTOR ( 'NONE', #3141, 1000.000000000000000 ) ;
#7959 = CARTESIAN_POINT ( 'NONE',  ( 0.2211851434982795017, -0.5798237846846273635, 0.2099999999999999922 ) ) ;
#7960 = CARTESIAN_POINT ( 'NONE',  ( 0.1506027589800863487, -0.5440161208012131988, 0.2199999999999999734 ) ) ;
#7961 = VERTEX_POINT ( 'NONE', #8685 ) ;
#7962 = B_SPLINE_CURVE_WITH_KNOTS ( 'NONE', 3,
 ( #3945, #8540, #4000, #9120 ),
 .UNSPECIFIED., .F., .F.,
 ( 4, 4 ),
 ( 8.000000000000000000, 9.000000000000000000 ),
 .UNSPECIFIED. ) ;
#7963 = CARTESIAN_POINT ( 'NONE',  ( 0.1850331870887744201, -0.5753478176694564183, 0.2199999999999999734 ) ) ;
#7964 = EDGE_CURVE ( 'NONE', #1239, #9175, #6513, .T. ) ;
#7965 = CARTESIAN_POINT ( 'NONE',  ( 0.4347284588502749458, -0.5079851534672040758, 0.2099999999999999922 ) ) ;
#7966 = CARTESIAN_POINT ( 'NONE',  ( 0.3689472491355835770, -0.5077128187638136891, 0.2099999999999999922 ) ) ;
#7967 = STYLED_ITEM ( 'NONE', ( #9118 ), #3192 ) ;
#7968 = CARTESIAN_POINT ( 'NONE',  ( 0.4247758633271273010, -0.5564854883680827591, 0.2099999999999999922 ) ) ;
#7969 = AXIS2_PLACEMENT_3D ( 'NONE', #6127, #8320, #8366 ) ;
#7970 = ORIENTED_EDGE ( 'NONE', *, *, #1865, .T. ) ;
#7971 = VERTEX_POINT ( 'NONE', #3459 ) ;
#7972 = EDGE_CURVE ( 'NONE', #5602, #9556, #9313, .T. ) ;
#7973 = CARTESIAN_POINT ( 'NONE',  ( 0.3817841167446345829, -0.5598772933098575821, 0.2099999999999999922 ) ) ;
#7974 = ORIENTED_EDGE ( 'NONE', *, *, #3733, .T. ) ;
#7975 = APPLICATION_PROTOCOL_DEFINITION ( 'draft international standard', 'automotive_design', 1998, #505 ) ;
#7976 = VERTEX_POINT ( 'NONE', #2721 ) ;
#7977 = CARTESIAN_POINT ( 'NONE',  ( 0.3692938569399767945, -0.4898377591423283550, 0.2199999999999999734 ) ) ;
#7978 = AXIS2_PLACEMENT_3D ( 'NONE', #2848, #728, #1520 ) ;
#7979 = FACE_BOUND ( 'NONE', #5166, .T. ) ;
#7980 = VERTEX_POINT ( 'NONE', #1974 ) ;
#7981 = DIRECTION ( 'NONE',  ( 0.000000000000000000, 0.000000000000000000, 1.000000000000000000 ) ) ;
#7982 = EDGE_CURVE ( 'NONE', #4681, #6759, #8639, .T. ) ;
#7983 = CARTESIAN_POINT ( 'NONE',  ( 0.3989907184577749510, -0.4727797036310223411, 0.2199999999999999734 ) ) ;
#7984 = CARTESIAN_POINT ( 'NONE',  ( 0.3861909873991450914, -0.5833475932005369735, 0.2199999999999999734 ) ) ;
#7985 = LINE ( 'NONE', #6347, #3270 ) ;
#7986 = CARTESIAN_POINT ( 'NONE',  ( 0.4159868797182213473, -0.5598772933098575821, 0.2199999999999999734 ) ) ;
#7987 = CARTESIAN_POINT ( 'NONE',  ( 0.2742080050182409967, -0.5426389178617498921, 0.2099999999999999922 ) ) ;
#7988 = EDGE_CURVE ( 'NONE', #908, #441, #4144, .T. ) ;
#7990 = EDGE_CURVE ( 'NONE', #6041, #4471, #1310, .T. ) ;
#7989 = VECTOR ( 'NONE', #3010, 1000.000000000000000 ) ;
#7991 = EDGE_LOOP ( 'NONE', ( #2590, #5404, #2969, #3299 ) ) ;
#7992 = VERTEX_POINT ( 'NONE', #3405 ) ;
#7993 = CARTESIAN_POINT ( 'NONE',  ( 0.3743815643529695425, -0.4752802313621141694, 0.2199999999999999734 ) ) ;
#7994 = VECTOR ( 'NONE', #6403, 1000.000000000000000 ) ;
#7995 = FACE_OUTER_BOUND ( 'NONE', #9024, .T. ) ;
#7996 = EDGE_CURVE ( 'NONE', #1886, #8857, #4981, .T. ) ;
#7997 = CARTESIAN_POINT ( 'NONE',  ( 0.4759995452616020972, -0.5067225107516847293, 0.2099999999999999922 ) ) ;
#7998 = LINE ( 'NONE', #2751, #4693 ) ;
#7999 = ORIENTED_EDGE ( 'NONE', *, *, #4335, .F. ) ;
#8000 =( GEOMETRIC_REPRESENTATION_CONTEXT ( 3 ) GLOBAL_UNCERTAINTY_ASSIGNED_CONTEXT ( ( #1687 ) ) GLOBAL_UNIT_ASSIGNED_CONTEXT ( ( #7721, #2479, #109 ) ) REPRESENTATION_CONTEXT ( 'NONE', 'WORKASPACE' ) );
#8001 = ORIENTED_EDGE ( 'NONE', *, *, #7432, .F. ) ;
#8002 = CARTESIAN_POINT ( 'NONE',  ( 0.3700365879491555043, -0.5884229217635547071, 0.2099999999999999922 ) ) ;
#8003 = CARTESIAN_POINT ( 'NONE',  ( 0.2428763147170815428, -0.4699907043081231195, 0.2099999999999999922 ) ) ;
#8004 = PLANE ( 'NONE',  #9686 ) ;
#8005 = EDGE_LOOP ( 'NONE', ( #2259, #6317, #3344, #2833 ) ) ;
#8006 = MECHANICAL_DESIGN_GEOMETRIC_PRESENTATION_REPRESENTATION (  '', ( #5481 ), #7357 ) ;
#8007 = LINE ( 'NONE', #4141, #948 ) ;
#8008 = VERTEX_POINT ( 'NONE', #1877 ) ;
#8009 = MECHANICAL_DESIGN_GEOMETRIC_PRESENTATION_REPRESENTATION (  '', ( #5324 ), #2799 ) ;
#8010 = UNCERTAINTY_MEASURE_WITH_UNIT (LENGTH_MEASURE( 1.000000000000000082E-05 ), #1937, 'distance_accuracy_value', 'NONE');
#8011 = PLANE ( 'NONE',  #2850 ) ;
#8012 = LINE ( 'NONE', #2070, #6336 ) ;
#8013 = ORIENTED_EDGE ( 'NONE', *, *, #4284, .T. ) ;
#8014 = CARTESIAN_POINT ( 'NONE',  ( 0.3697271166951787147, -0.4713932724141087216, 0.2199999999999999734 ) ) ;
#8015 = CARTESIAN_POINT ( 'NONE',  ( 0.4247758633271273010, -0.5564854883680827591, 0.2199999999999999734 ) ) ;
#8016 = VECTOR ( 'NONE', #2728, 1000.000000000000000 ) ;
#8017 = DIRECTION ( 'NONE',  ( 0.000000000000000000, -1.000000000000000000, 0.000000000000000000 ) ) ;
#8018 = VERTEX_POINT ( 'NONE', #539 ) ;
#8019 = ORIENTED_EDGE ( 'NONE', *, *, #1810, .T. ) ;
#8020 = ORIENTED_EDGE ( 'NONE', *, *, #5560, .T. ) ;
#8021 = CARTESIAN_POINT ( 'NONE',  ( 0.3887905459313502066, -0.5729741167719957229, 0.2199999999999999734 ) ) ;
#8022 = ORIENTED_EDGE ( 'NONE', *, *, #841, .F. ) ;
#8023 = SURFACE_SIDE_STYLE ('',( #8070 ) ) ;
#8024 = VECTOR ( 'NONE', #6667, 1000.000000000000000 ) ;
#8025 = FACE_BOUND ( 'NONE', #2275, .T. ) ;
#8026 = VERTEX_POINT ( 'NONE', #9503 ) ;
#8027 = EDGE_CURVE ( 'NONE', #5653, #5884, #379, .T. ) ;
#8028 = CARTESIAN_POINT ( 'NONE',  ( 0.4322526888196110972, -0.4916945866655208497, 0.2099999999999999922 ) ) ;
#8029 = CARTESIAN_POINT ( 'NONE',  ( 0.2260053964722921194, -0.5691503551888987822, 0.2099999999999999922 ) ) ;
#8030 = CARTESIAN_POINT ( 'NONE',  ( 0.2952105780508541000, -0.5216363579633059855, 0.2099999999999999922 ) ) ;
#8031 = CARTESIAN_POINT ( 'NONE',  ( 0.3906845100047932617, -0.5549505109488411803, 0.2199999999999999734 ) ) ;
#8032 = CARTESIAN_POINT ( 'NONE',  ( 0.5783602571792501035, -0.5770838950231640396, 0.2099999999999999922 ) ) ;
#8033 = VECTOR ( 'NONE', #6196, 1000.000000000000000 ) ;
#8034 = VERTEX_POINT ( 'NONE', #4940 ) ;
#8035 = VERTEX_POINT ( 'NONE', #6469 ) ;
#8036 = ADVANCED_FACE ( 'NONE', ( #4853 ), #8011, .F. ) ;
#8037 = PRESENTATION_STYLE_ASSIGNMENT (( #9485 ) ) ;
#8038 = EDGE_CURVE ( 'NONE', #3518, #8371, #1274, .T. ) ;
#8039 = EDGE_CURVE ( 'NONE', #3215, #7865, #6322, .T. ) ;
#8040 = DIRECTION ( 'NONE',  ( -0.2524218971877542073, 0.9676172723862129788, -0.000000000000000000 ) ) ;
#8041 = CARTESIAN_POINT ( 'NONE',  ( 0.4030757390083364311, -0.5891161373720085193, 0.2199999999999999734 ) ) ;
#8042 = CARTESIAN_POINT ( 'NONE',  ( 0.4711346571512823878, -0.5112531699075868463, 0.2099999999999999922 ) ) ;
#8043 = LINE ( 'NONE', #525, #5018 ) ;
#8044 = VERTEX_POINT ( 'NONE', #7959 ) ;
#8045 =( NAMED_UNIT ( * ) PLANE_ANGLE_UNIT ( ) SI_UNIT ( $, .RADIAN. ) );
#8046 = EDGE_CURVE ( 'NONE', #8191, #5933, #3306, .T. ) ;
#8047 = ORIENTED_EDGE ( 'NONE', *, *, #9688, .T. ) ;
#8048 = CARTESIAN_POINT ( 'NONE',  ( -0.4549999999999995159, -0.5350000000000000311, -0.01000000000000000021 ) ) ;
#8049 = LINE ( 'NONE', #3648, #1272 ) ;
#8050 = DIRECTION ( 'NONE',  ( 1.000000000000000000, -0.000000000000000000, -0.000000000000000000 ) ) ;
#8051 = ORIENTED_EDGE ( 'NONE', *, *, #3149, .T. ) ;
#8052 = LINE ( 'NONE', #2854, #4480 ) ;
#8053 = DIRECTION ( 'NONE',  ( 0.000000000000000000, 1.000000000000000000, -0.000000000000000000 ) ) ;
#8054 = EDGE_LOOP ( 'NONE', ( #2826, #2989, #8119, #4948, #9093, #4456, #7431, #6919 ) ) ;
#8055 = CARTESIAN_POINT ( 'NONE',  ( 0.4501277484412766761, -0.5079851534672040758, 0.2199999999999999734 ) ) ;
#8056 = VECTOR ( 'NONE', #4895, 1000.000000000000000 ) ;
#8057 = DIRECTION ( 'NONE',  ( -0.000000000000000000, -0.000000000000000000, 1.000000000000000000 ) ) ;
#8058 = CARTESIAN_POINT ( 'NONE',  ( 0.5238561799542529318, -0.5474736854561763622, 0.2199999999999999734 ) ) ;
#8059 = CARTESIAN_POINT ( 'NONE',  ( 0.2514839233860668988, -0.5904972141806824615, 0.2099999999999999922 ) ) ;
#8060 = ORIENTED_EDGE ( 'NONE', *, *, #5186, .F. ) ;
#8061 = DIRECTION ( 'NONE',  ( 1.000000000000000000, -0.000000000000000000, -0.000000000000000000 ) ) ;
#8062 = PLANE ( 'NONE',  #8869 ) ;
#8063 = LINE ( 'NONE', #1280, #9095 ) ;
#8064 =( GEOMETRIC_REPRESENTATION_CONTEXT ( 3 ) GLOBAL_UNCERTAINTY_ASSIGNED_CONTEXT ( ( #5448 ) ) GLOBAL_UNIT_ASSIGNED_CONTEXT ( ( #941, #7665, #7717 ) ) REPRESENTATION_CONTEXT ( 'NONE', 'WORKASPACE' ) );
#8065 = CARTESIAN_POINT ( 'NONE',  ( 0.3780333251481621248, -0.5911462687971523744, 0.2199999999999999734 ) ) ;
#8066 = ORIENTED_EDGE ( 'NONE', *, *, #4701, .T. ) ;
#8067 = EDGE_LOOP ( 'NONE', ( #409, #9700, #7935, #7572 ) ) ;
#8068 = ORIENTED_EDGE ( 'NONE', *, *, #6455, .F. ) ;
#8069 = VERTEX_POINT ( 'NONE', #2674 ) ;
#8070 = SURFACE_STYLE_FILL_AREA ( #1989 ) ;
#8071 = VECTOR ( 'NONE', #7012, 1000.000000000000227 ) ;
#8072 = CARTESIAN_POINT ( 'NONE',  ( 0.09757989089287485984, -0.5161274674004320273, 0.2099999999999999922 ) ) ;
#8073 = VERTEX_POINT ( 'NONE', #5588 ) ;
#8074 = CARTESIAN_POINT ( 'NONE',  ( 0.4031128755587552459, -0.5650764103742687006, 0.2199999999999999734 ) ) ;
#8075 = CARTESIAN_POINT ( 'NONE',  ( 0.4319184598655385621, -0.6064465275867065852, 0.2099999999999999922 ) ) ;
#8076 = DIRECTION ( 'NONE',  ( -1.983296656985684988E-16, -1.000000000000000000, 0.000000000000000000 ) ) ;
#8077 = CARTESIAN_POINT ( 'NONE',  ( 0.5682096000535429292, -0.5480926279641260557, 0.2199999999999999734 ) ) ;
#8078 = LINE ( 'NONE', #9482, #3300 ) ;
#8079 = CARTESIAN_POINT ( 'NONE',  ( 0.5180876357827777223, -0.5474736854561763622, 0.2099999999999999922 ) ) ;
#8080 = VERTEX_POINT ( 'NONE', #8590 ) ;
#8081 = CARTESIAN_POINT ( 'NONE',  ( 0.2311699748078178407, -0.5904972141806824615, 0.2099999999999999922 ) ) ;
#8082 = EDGE_CURVE ( 'NONE', #4687, #423, #2498, .T. ) ;
#8083 = ORIENTED_EDGE ( 'NONE', *, *, #5315, .F. ) ;
#8084 = B_SPLINE_CURVE_WITH_KNOTS ( 'NONE', 3,
 ( #7261, #6558, #1373, #1273 ),
 .UNSPECIFIED., .F., .F.,
 ( 4, 4 ),
 ( 1.000000000000000000, 2.000000000000000000 ),
 .UNSPECIFIED. ) ;
#8085 = CARTESIAN_POINT ( 'NONE',  ( 0.4833030668519888162, -0.4886741472279218512, 0.2099999999999999922 ) ) ;
#8086 = FACE_OUTER_BOUND ( 'NONE', #6259, .T. ) ;
#8087 = ORIENTED_EDGE ( 'NONE', *, *, #6646, .T. ) ;
#8088 = AXIS2_PLACEMENT_3D ( 'NONE', #4785, #5627, #3529 ) ;
#8089 = B_SPLINE_SURFACE_WITH_KNOTS ( 'NONE', 3, 1, ( 
 ( #2588, #1709 ),
 ( #5604, #7138 ),
 ( #364, #6989 ),
 ( #9244, #8605 ) ),
 .UNSPECIFIED., .F., .F., .F.,
 ( 4, 4 ),
 ( 2, 2 ),
 ( 10.00000000000000000, 11.00000000000000000 ),
 ( 0.000000000000000000, 1.000000000000000000 ),
 .UNSPECIFIED. ) ;
#8090 = DIRECTION ( 'NONE',  ( -1.000000000000000000, -0.000000000000000000, -0.000000000000000000 ) ) ;
#8091 = B_SPLINE_CURVE_WITH_KNOTS ( 'NONE', 3,
 ( #9156, #1611, #922, #4777 ),
 .UNSPECIFIED., .F., .F.,
 ( 4, 4 ),
 ( 9.000000000000000000, 10.00000000000000000 ),
 .UNSPECIFIED. ) ;
#8092 = FACE_OUTER_BOUND ( 'NONE', #7885, .T. ) ;
#8093 = DIRECTION ( 'NONE',  ( -6.023345402697243021E-16, 1.000000000000000000, 0.000000000000000000 ) ) ;
#8094 = EDGE_CURVE ( 'NONE', #5881, #7923, #1833, .T. ) ;
#8095 = ORIENTED_EDGE ( 'NONE', *, *, #5212, .T. ) ;
#8096 = AXIS2_PLACEMENT_3D ( 'NONE', #3517, #9331, #2732 ) ;
#8097 = EDGE_CURVE ( 'NONE', #1934, #9356, #1377, .T. ) ;
#8098 = VERTEX_POINT ( 'NONE', #5819 ) ;
#8099 = FACE_OUTER_BOUND ( 'NONE', #8962, .T. ) ;
#8100 = DIRECTION ( 'NONE',  ( -0.3416038306902685062, 0.9398440417738116448, 0.000000000000000000 ) ) ;
#8101 = LINE ( 'NONE', #3542, #2764 ) ;
#8102 = VERTEX_POINT ( 'NONE', #740 ) ;
#8103 = DIRECTION ( 'NONE',  ( -0.000000000000000000, -0.000000000000000000, -1.000000000000000000 ) ) ;
#8104 = EDGE_CURVE ( 'NONE', #8341, #3844, #8110, .T. ) ;
#8105 = CARTESIAN_POINT ( 'NONE',  ( 0.4454114065326273963, -0.5817383426807887226, 0.2199999999999999734 ) ) ;
#8106 = ORIENTED_EDGE ( 'NONE', *, *, #6518, .F. ) ;
#8107 = EDGE_CURVE ( 'NONE', #7529, #2885, #4252, .T. ) ;
#8108 = CARTESIAN_POINT ( 'NONE',  ( 0.3670656639122792941, -0.5746081249923526979, 0.2099999999999999922 ) ) ;
#8109 = EDGE_CURVE ( 'NONE', #7205, #1934, #637, .T. ) ;
#8110 = LINE ( 'NONE', #7355, #7111 ) ;
#8111 = VECTOR ( 'NONE', #4445, 1000.000000000000000 ) ;
#8112 = CARTESIAN_POINT ( 'NONE',  ( 0.3912786948121361186, -0.5087526421768254759, 0.2199999999999999734 ) ) ;
#8113 = CARTESIAN_POINT ( 'NONE',  ( 0.3887905459313501511, -0.5683444268146483624, 0.2099999999999999922 ) ) ;
#8114 = ORIENTED_EDGE ( 'NONE', *, *, #768, .F. ) ;
#8115 = PLANE ( 'NONE',  #2910 ) ;
#8116 = EDGE_CURVE ( 'NONE', #5828, #6118, #9704, .T. ) ;
#8117 = LINE ( 'NONE', #4106, #6909 ) ;
#8118 = CARTESIAN_POINT ( 'NONE',  ( 0.3743939432031076486, -0.4666397939550415153, 0.2199999999999999734 ) ) ;
#8119 = ORIENTED_EDGE ( 'NONE', *, *, #8082, .F. ) ;
#8120 = ORIENTED_EDGE ( 'NONE', *, *, #4419, .F. ) ;
#8121 = VECTOR ( 'NONE', #475, 1000.000000000000000 ) ;
#8122 = ORIENTED_EDGE ( 'NONE', *, *, #4276, .F. ) ;
#8123 = ORIENTED_EDGE ( 'NONE', *, *, #1619, .F. ) ;
#8124 = FILL_AREA_STYLE_COLOUR ( '', #3006 ) ;
#8125 = FACE_BOUND ( 'NONE', #6724, .T. ) ;
#8126 = VERTEX_POINT ( 'NONE', #5872 ) ;
#8127 = VECTOR ( 'NONE', #2742, 1000.000000000000000 ) ;
#8128 = CARTESIAN_POINT ( 'NONE',  ( 0.4454114065326273963, -0.5817383426807887226, 0.2199999999999999734 ) ) ;
#8129 = COLOUR_RGB ( '',0.6666666666666666297, 0.6666666666666666297, 0.6666666666666666297 ) ;
#8130 = CARTESIAN_POINT ( 'NONE',  ( 0.5366435321625796506, -0.5483154472666327273, 0.2199999999999999734 ) ) ;
#8131 = CARTESIAN_POINT ( 'NONE',  ( 0.5717623300477889803, -0.5419032028872593498, 0.2199999999999999734 ) ) ;
#8132 = PLANE ( 'NONE',  #9548 ) ;
#8133 = DIRECTION ( 'NONE',  ( 0.000000000000000000, 1.000000000000000000, -0.000000000000000000 ) ) ;
#8134 = CARTESIAN_POINT ( 'NONE',  ( 0.4633112238543882766, -0.5079851534672040758, 0.2099999999999999922 ) ) ;
#8135 = SURFACE_SIDE_STYLE ('',( #8186 ) ) ;
#8136 = ORIENTED_EDGE ( 'NONE', *, *, #6767, .F. ) ;
#8137 = DIRECTION ( 'NONE',  ( -0.000000000000000000, -0.000000000000000000, -1.000000000000000000 ) ) ;
#8138 = ORIENTED_EDGE ( 'NONE', *, *, #3685, .T. ) ;
#8139 = CARTESIAN_POINT ( 'NONE',  ( 0.3861909873991450914, -0.5833475932005369735, 0.2099999999999999922 ) ) ;
#8140 = VECTOR ( 'NONE', #5478, 1000.000000000000114 ) ;
#8141 = VERTEX_POINT ( 'NONE', #3761 ) ;
#8142 = CARTESIAN_POINT ( 'NONE',  ( 0.3796054391176585385, -0.5861699710355784410, 0.2199999999999999734 ) ) ;
#8143 = LINE ( 'NONE', #5849, #2138 ) ;
#8144 = CARTESIAN_POINT ( 'NONE',  ( 0.3414662017951807238, -0.4650800588358516285, 0.2199999999999999734 ) ) ;
#8145 = CARTESIAN_POINT ( 'NONE',  ( 0.09757989089287485984, -0.5161274674004320273, 0.2099999999999999922 ) ) ;
#8146 = EDGE_CURVE ( 'NONE', #443, #8934, #5970, .T. ) ;
#8147 = DIRECTION ( 'NONE',  ( -0.000000000000000000, -0.000000000000000000, -1.000000000000000000 ) ) ;
#8148 = MECHANICAL_DESIGN_GEOMETRIC_PRESENTATION_REPRESENTATION (  '', ( #2611 ), #1037 ) ;
#8149 = DIRECTION ( 'NONE',  ( -0.000000000000000000, -1.000000000000000000, -0.000000000000000000 ) ) ;
#8150 = ORIENTED_EDGE ( 'NONE', *, *, #3261, .F. ) ;
#8151 = ORIENTED_EDGE ( 'NONE', *, *, #8615, .F. ) ;
#8152 = VECTOR ( 'NONE', #7390, 1000.000000000000000 ) ;
#8153 = FACE_BOUND ( 'NONE', #1336, .T. ) ;
#8154 = DIRECTION ( 'NONE',  ( 0.000000000000000000, -0.000000000000000000, -1.000000000000000000 ) ) ;
#8155 = LINE ( 'NONE', #6662, #4346 ) ;
#8156 = VERTEX_POINT ( 'NONE', #8974 ) ;
#8157 = ADVANCED_FACE ( 'NONE', ( #5240 ), #5635, .F. ) ;
#8158 = LINE ( 'NONE', #1371, #4257 ) ;
#8159 = ORIENTED_EDGE ( 'NONE', *, *, #8638, .F. ) ;
#8160 = PLANE ( 'NONE',  #1132 ) ;
#8161 = EDGE_CURVE ( 'NONE', #2846, #9662, #4389, .T. ) ;
#8162 = CARTESIAN_POINT ( 'NONE',  ( 0.4165810645255624833, -0.5707211660443477497, 0.2099999999999999922 ) ) ;
#8163 = DIRECTION ( 'NONE',  ( 0.000000000000000000, 1.000000000000000000, 0.000000000000000000 ) ) ;
#8164 = CARTESIAN_POINT ( 'NONE',  ( 0.3875774186163857826, -0.4699078103957542996, 0.2099999999999999922 ) ) ;
#8165 = EDGE_LOOP ( 'NONE', ( #1147, #2523, #619, #5152 ) ) ;
#8166 = EDGE_CURVE ( 'NONE', #9681, #8415, #8304, .T. ) ;
#8167 = ADVANCED_FACE ( 'NONE', ( #5185 ), #341, .F. ) ;
#8168 = DIRECTION ( 'NONE',  ( -0.000000000000000000, -0.000000000000000000, -1.000000000000000000 ) ) ;
#8169 = FILL_AREA_STYLE ('',( #3017 ) ) ;
#8170 = ORIENTED_EDGE ( 'NONE', *, *, #7620, .F. ) ;
#8171 = EDGE_LOOP ( 'NONE', ( #7748, #6335, #1382, #6251 ) ) ;
#8172 = VECTOR ( 'NONE', #9685, 1000.000000000000000 ) ;
#8173 = CARTESIAN_POINT ( 'NONE',  ( 0.3414662017951807238, -0.5474736854561776944, 0.2199999999999999734 ) ) ;
#8174 = B_SPLINE_SURFACE_WITH_KNOTS ( 'NONE', 3, 1, ( 
 ( #6202, #3768 ),
 ( #5977, #925 ),
 ( #7521, #1384 ),
 ( #5191, #1433 ) ),
 .UNSPECIFIED., .F., .F., .F.,
 ( 4, 4 ),
 ( 2, 2 ),
 ( 5.000000000000000000, 6.000000000000000000 ),
 ( 0.000000000000000000, 1.000000000000000000 ),
 .UNSPECIFIED. ) ;
#8175 = ADVANCED_FACE ( 'NONE', ( #7514 ), #4341, .T. ) ;
#8176 = FACE_OUTER_BOUND ( 'NONE', #9299, .T. ) ;
#8177 = DIRECTION ( 'NONE',  ( -0.000000000000000000, -0.000000000000000000, -1.000000000000000000 ) ) ;
#8178 = ORIENTED_EDGE ( 'NONE', *, *, #1638, .T. ) ;
#8179 = CARTESIAN_POINT ( 'NONE',  ( 0.4122979823726110604, -0.5751280366988599235, 0.2199999999999999734 ) ) ;
#8180 = VECTOR ( 'NONE', #431, 1000.000000000000000 ) ;
#8181 = CARTESIAN_POINT ( 'NONE',  ( 0.5082340710607428091, -0.4739928309463168898, 0.2099999999999999922 ) ) ;
#8182 = CARTESIAN_POINT ( 'NONE',  ( 0.3875774186163857826, -0.4699078103957542996, 0.2199999999999999734 ) ) ;
#8183 = CARTESIAN_POINT ( 'NONE',  ( 0.2318585729940072226, -0.5691503551888987822, 0.2199999999999999734 ) ) ;
#8184 = CARTESIAN_POINT ( 'NONE',  ( 0.2952105780508541000, -0.5216363579633059855, 0.2099999999999999922 ) ) ;
#8185 = DIRECTION ( 'NONE',  ( -2.238881569535239599E-14, 1.000000000000000000, 0.000000000000000000 ) ) ;
#8186 = SURFACE_STYLE_FILL_AREA ( #2146 ) ;
#8187 = ORIENTED_EDGE ( 'NONE', *, *, #6709, .T. ) ;
#8188 = ORIENTED_EDGE ( 'NONE', *, *, #8779, .T. ) ;
#8189 = LINE ( 'NONE', #9677, #2079 ) ;
#8190 = AXIS2_PLACEMENT_3D ( 'NONE', #6795, #7481, #756 ) ;
#8191 = VERTEX_POINT ( 'NONE', #50 ) ;
#8192 = CARTESIAN_POINT ( 'NONE',  ( 0.5373738843214531657, -0.5717114740564758213, 0.2099999999999999922 ) ) ;
#8193 = CARTESIAN_POINT ( 'NONE',  ( 0.5321995249576521037, -0.5797577266562032872, 0.2199999999999999734 ) ) ;
#8194 = CARTESIAN_POINT ( 'NONE',  ( 0.3948561825064956787, -0.5903292646869716664, 0.2099999999999999922 ) ) ;
#8195 = DIRECTION ( 'NONE',  ( -0.000000000000000000, -0.000000000000000000, -1.000000000000000000 ) ) ;
#8196 = ORIENTED_EDGE ( 'NONE', *, *, #5734, .T. ) ;
#8197 = B_SPLINE_CURVE_WITH_KNOTS ( 'NONE', 3,
 ( #3083, #3876, #5468, #121 ),
 .UNSPECIFIED., .F., .F.,
 ( 4, 4 ),
 ( 2.000000000000000000, 3.000000000000000000 ),
 .UNSPECIFIED. ) ;
#8198 = ORIENTED_EDGE ( 'NONE', *, *, #6351, .T. ) ;
#8199 = DIRECTION ( 'NONE',  ( 0.000000000000000000, -0.000000000000000000, -1.000000000000000000 ) ) ;
#8200 = CARTESIAN_POINT ( 'NONE',  ( 0.5439470537532964389, -0.5654972912796583095, 0.2199999999999999734 ) ) ;
#8201 = FACE_OUTER_BOUND ( 'NONE', #8215, .T. ) ;
#8202 = ORIENTED_EDGE ( 'NONE', *, *, #3936, .T. ) ;
#8203 = ORIENTED_EDGE ( 'NONE', *, *, #352, .F. ) ;
#8204 = LINE ( 'NONE', #2174, #506 ) ;
#8205 = ADVANCED_FACE ( 'NONE', ( #2515 ), #192, .F. ) ;
#8206 = B_SPLINE_CURVE_WITH_KNOTS ( 'NONE', 3,
 ( #3865, #6841, #5401, #6885 ),
 .UNSPECIFIED., .F., .F.,
 ( 4, 4 ),
 ( 21.00000000000000000, 22.00000000000000000 ),
 .UNSPECIFIED. ) ;
#8207 = FACE_OUTER_BOUND ( 'NONE', #8171, .T. ) ;
#8208 = ORIENTED_EDGE ( 'NONE', *, *, #7353, .F. ) ;
#8209 = PRESENTATION_STYLE_ASSIGNMENT (( #8979 ) ) ;
#8210 = LINE ( 'NONE', #3512, #6366 ) ;
#8211 = CARTESIAN_POINT ( 'NONE',  ( 0.3627330663586046389, -0.4974631308369949489, 0.2199999999999999734 ) ) ;
#8212 = B_SPLINE_CURVE_WITH_KNOTS ( 'NONE', 3,
 ( #7513, #3760, #5289, #49 ),
 .UNSPECIFIED., .F., .F.,
 ( 4, 4 ),
 ( 33.00000000000000000, 34.00000000000000000 ),
 .UNSPECIFIED. ) ;
#8213 = ADVANCED_FACE ( 'NONE', ( #3055 ), #782, .F. ) ;
#8214 = ORIENTED_EDGE ( 'NONE', *, *, #9504, .T. ) ;
#8215 = EDGE_LOOP ( 'NONE', ( #3454, #5585, #5695, #2895 ) ) ;
#8216 = VECTOR ( 'NONE', #6873, 1000.000000000000000 ) ;
#8217 = EDGE_CURVE ( 'NONE', #1298, #527, #2317, .T. ) ;
#8218 = CARTESIAN_POINT ( 'NONE',  ( 0.4953724457515832347, -0.5848082975186108534, 0.2199999999999999734 ) ) ;
#8219 = B_SPLINE_CURVE_WITH_KNOTS ( 'NONE', 3,
 ( #7896, #6497, #7202, #430 ),
 .UNSPECIFIED., .F., .F.,
 ( 4, 4 ),
 ( 6.000000000000000000, 7.000000000000000000 ),
 .UNSPECIFIED. ) ;
#8220 = CARTESIAN_POINT ( 'NONE',  ( 0.4124589074245854636, -0.5911462687971523744, 0.2099999999999999922 ) ) ;
#8221 = ORIENTED_EDGE ( 'NONE', *, *, #9558, .T. ) ;
#8222 = VECTOR ( 'NONE', #7166, 1000.000000000000000 ) ;
#8223 = SURFACE_STYLE_FILL_AREA ( #9669 ) ;
#8224 = FILL_AREA_STYLE ('',( #5204 ) ) ;
#8225 =( LENGTH_UNIT ( ) NAMED_UNIT ( * ) SI_UNIT ( .MILLI., .METRE. ) );
#8226 = LINE ( 'NONE', #4411, #4242 ) ;
#8227 = EDGE_CURVE ( 'NONE', #8841, #75, #6821, .T. ) ;
#8228 = CARTESIAN_POINT ( 'NONE',  ( 0.2339243938209161489, -0.5694946542819088187, 0.2199999999999999734 ) ) ;
#8229 = EDGE_LOOP ( 'NONE', ( #3646, #5215, #3222, #4328 ) ) ;
#8230 = PLANE ( 'NONE',  #5026 ) ;
#8231 = ORIENTED_EDGE ( 'NONE', *, *, #5439, .F. ) ;
#8232 = CARTESIAN_POINT ( 'NONE',  ( 0.4370556826792533767, -0.6014207144245777847, 0.2199999999999999734 ) ) ;
#8233 = AXIS2_PLACEMENT_3D ( 'NONE', #6552, #8154, #1472 ) ;
#8234 = EDGE_CURVE ( 'NONE', #2233, #8257, #498, .T. ) ;
#8235 = DIRECTION ( 'NONE',  ( -1.000000000000000000, 0.000000000000000000, -0.000000000000000000 ) ) ;
#8236 = ADVANCED_FACE ( 'NONE', ( #5337 ), #6963, .F. ) ;
#8237 = ORIENTED_EDGE ( 'NONE', *, *, #9566, .F. ) ;
#8238 = LINE ( 'NONE', #8284, #868 ) ;
#8239 = VERTEX_POINT ( 'NONE', #3252 ) ;
#8240 = CIRCLE ( 'NONE', #6650, 0.07999999999999998779 ) ;
#8241 = CARTESIAN_POINT ( 'NONE',  ( 0.3887905459313502066, -0.5762916486132638738, 0.2099999999999999922 ) ) ;
#8242 = CARTESIAN_POINT ( 'NONE',  ( 0.4112086435590397437, -0.5611646937259857637, 0.2199999999999999734 ) ) ;
#8243 = LINE ( 'NONE', #7396, #6052 ) ;
#8244 = CARTESIAN_POINT ( 'NONE',  ( 0.3612599831903885450, -0.5848082975186135180, 0.2199999999999999734 ) ) ;
#8245 = VERTEX_POINT ( 'NONE', #875 ) ;
#8246 = VECTOR ( 'NONE', #3147, 1000.000000000000000 ) ;
#8247 = PLANE ( 'NONE',  #5453 ) ;
#8248 = DIRECTION ( 'NONE',  ( -1.000000000000000000, 0.000000000000000000, 0.000000000000000000 ) ) ;
#8249 = CARTESIAN_POINT ( 'NONE',  ( 0.4084729176751383806, -0.5735930592799463046, 0.2099999999999999922 ) ) ;
#8250 = EDGE_LOOP ( 'NONE', ( #5650, #1991, #3754, #8359 ) ) ;
#8251 = ORIENTED_EDGE ( 'NONE', *, *, #5861, .F. ) ;
#8252 = CARTESIAN_POINT ( 'NONE',  ( 0.1850331870887744201, -0.5753478176694564183, 0.2199999999999999734 ) ) ;
#8253 = CARTESIAN_POINT ( 'NONE',  ( 0.4347284588502749458, -0.5079851534672040758, 0.2199999999999999734 ) ) ;
#8254 = FILL_AREA_STYLE_COLOUR ( '', #8282 ) ;
#8255 = CARTESIAN_POINT ( 'NONE',  ( 0.1506027589800863487, -0.5440161208012131988, 0.2199999999999999734 ) ) ;
#8256 = CARTESIAN_POINT ( 'NONE',  ( 0.2311699748078178407, -0.5904972141806824615, 0.2199999999999999734 ) ) ;
#8257 = VERTEX_POINT ( 'NONE', #239 ) ;
#8258 =( NAMED_UNIT ( * ) PLANE_ANGLE_UNIT ( ) SI_UNIT ( $, .RADIAN. ) );
#8259 = DIRECTION ( 'NONE',  ( -0.000000000000000000, 1.000000000000000000, -0.000000000000000000 ) ) ;
#8260 = LINE ( 'NONE', #592, #4376 ) ;
#8261 = EDGE_CURVE ( 'NONE', #6859, #1502, #931, .T. ) ;
#8262 = ORIENTED_EDGE ( 'NONE', *, *, #2955, .F. ) ;
#8263 = ORIENTED_EDGE ( 'NONE', *, *, #7107, .F. ) ;
#8264 = VECTOR ( 'NONE', #5273, 1000.000000000000000 ) ;
#8265 = CARTESIAN_POINT ( 'NONE',  ( 0.4470577936031209787, -0.5817878580813445888, 0.2099999999999999922 ) ) ;
#8266 = CARTESIAN_POINT ( 'NONE',  ( 0.4178189495409698750, -0.5861947287358537650, 0.2099999999999999922 ) ) ;
#8267 = EDGE_LOOP ( 'NONE', ( #2915, #9743, #1143, #1228 ) ) ;
#8268 = FACE_OUTER_BOUND ( 'NONE', #9277, .T. ) ;
#8269 = CARTESIAN_POINT ( 'NONE',  ( 0.4755786643565521055, -0.5848082975186108534, 0.2199999999999999734 ) ) ;
#8270 = EDGE_CURVE ( 'NONE', #7576, #6972, #9213, .T. ) ;
#8271 = SURFACE_STYLE_USAGE ( .BOTH. , #9618 ) ;
#8272 = AXIS2_PLACEMENT_3D ( 'NONE', #8485, #9107, #2352 ) ;
#8273 = CARTESIAN_POINT ( 'NONE',  ( 0.4759995452616020972, -0.5067225107516847293, 0.2099999999999999922 ) ) ;
#8274 = DIRECTION ( 'NONE',  ( 0.000000000000000000, -0.000000000000000000, -1.000000000000000000 ) ) ;
#8275 = EDGE_LOOP ( 'NONE', ( #3115, #4789, #2335, #343 ) ) ;
#8276 = CARTESIAN_POINT ( 'NONE',  ( 0.3607524503341855149, -0.5079851534672040758, 0.2099999999999999922 ) ) ;
#8277 = ORIENTED_EDGE ( 'NONE', *, *, #3873, .T. ) ;
#8278 =( NAMED_UNIT ( * ) SI_UNIT ( $, .STERADIAN. ) SOLID_ANGLE_UNIT ( ) );
#8279 = FACE_OUTER_BOUND ( 'NONE', #8855, .T. ) ;
#8280 = ORIENTED_EDGE ( 'NONE', *, *, #8917, .T. ) ;
#8281 = B_SPLINE_CURVE_WITH_KNOTS ( 'NONE', 3,
 ( #7454, #6898, #3282, #7791 ),
 .UNSPECIFIED., .F., .F.,
 ( 4, 4 ),
 ( 7.000000000000000000, 8.000000000000000000 ),
 .UNSPECIFIED. ) ;
#8282 = COLOUR_RGB ( '',0.6666666666666666297, 0.6666666666666666297, 0.6666666666666666297 ) ;
#8283 = EDGE_CURVE ( 'NONE', #8141, #5908, #6363, .T. ) ;
#8284 = CARTESIAN_POINT ( 'NONE',  ( 0.03499999999999982292, -0.4549999999999994049, 0.000000000000000000 ) ) ;
#8285 = ORIENTED_EDGE ( 'NONE', *, *, #7490, .F. ) ;
#8286 = CARTESIAN_POINT ( 'NONE',  ( 0.5178029222292470646, -0.5848082975186108534, 0.2199999999999999734 ) ) ;
#8287 = ADVANCED_FACE ( 'NONE', ( #2014 ), #9452, .T. ) ;
#8288 = CARTESIAN_POINT ( 'NONE',  ( 0.07588870653990240078, -0.5357528309264956157, 0.2099999999999999922 ) ) ;
#8289 = EDGE_CURVE ( 'NONE', #7251, #7730, #5722, .T. ) ;
#8290 = CARTESIAN_POINT ( 'NONE',  ( 0.1182381516983065928, -0.5667402090004740600, 0.2199999999999999734 ) ) ;
#8291 = CARTESIAN_POINT ( 'NONE',  ( 0.4549999999999995159, 0.5350000000000000311, 0.000000000000000000 ) ) ;
#8292 = CARTESIAN_POINT ( 'NONE',  ( 0.5415084202729018026, -0.5525985294197498510, 0.2099999999999999922 ) ) ;
#8293 = PRESENTATION_LAYER_ASSIGNMENT (  '', '', ( #3070 ) ) ;
#8294 = ORIENTED_EDGE ( 'NONE', *, *, #9035, .T. ) ;
#8295 = EDGE_CURVE ( 'NONE', #1022, #2367, #479, .T. ) ;
#8296 = FACE_BOUND ( 'NONE', #6283, .T. ) ;
#8297 = DIRECTION ( 'NONE',  ( 1.000000000000000000, -0.000000000000000000, -0.000000000000000000 ) ) ;
#8298 = VECTOR ( 'NONE', #7255, 1000.000000000000000 ) ;
#8299 = DIRECTION ( 'NONE',  ( 0.000000000000000000, -0.000000000000000000, -1.000000000000000000 ) ) ;
#8300 = ORIENTED_EDGE ( 'NONE', *, *, #7007, .T. ) ;
#8301 = CARTESIAN_POINT ( 'NONE',  ( 0.2494180894249892755, -0.5694946542819088187, 0.2199999999999999734 ) ) ;
#8302 = ORIENTED_EDGE ( 'NONE', *, *, #5144, .T. ) ;
#8303 =( NAMED_UNIT ( * ) PLANE_ANGLE_UNIT ( ) SI_UNIT ( $, .RADIAN. ) );
#8304 = LINE ( 'NONE', #1325, #9144 ) ;
#8305 = FACE_OUTER_BOUND ( 'NONE', #8267, .T. ) ;
#8306 = DIRECTION ( 'NONE',  ( 1.000000000000000000, 0.000000000000000000, 0.000000000000000000 ) ) ;
#8307 = EDGE_LOOP ( 'NONE', ( #8655, #57, #7616, #3457 ) ) ;
#8308 =( NAMED_UNIT ( * ) SI_UNIT ( $, .STERADIAN. ) SOLID_ANGLE_UNIT ( ) );
#8309 = B_SPLINE_SURFACE_WITH_KNOTS ( 'NONE', 3, 1, ( 
 ( #8486, #7052 ),
 ( #2309, #87 ),
 ( #2403, #4677 ),
 ( #179, #3937 ) ),
 .UNSPECIFIED., .F., .F., .F.,
 ( 4, 4 ),
 ( 2, 2 ),
 ( 34.00000000000000000, 35.00000000000000000 ),
 ( 0.000000000000000000, 1.000000000000000000 ),
 .UNSPECIFIED. ) ;
#8310 = CARTESIAN_POINT ( 'NONE',  ( 0.5682096000535429292, -0.5480926279641260557, 0.2099999999999999922 ) ) ;
#8311 = ORIENTED_EDGE ( 'NONE', *, *, #2725, .T. ) ;
#8312 = ORIENTED_EDGE ( 'NONE', *, *, #4898, .F. ) ;
#8313 = B_SPLINE_CURVE_WITH_KNOTS ( 'NONE', 3,
 ( #4170, #6348, #9197, #6995 ),
 .UNSPECIFIED., .F., .F.,
 ( 4, 4 ),
 ( 23.00000000000000000, 24.00000000000000000 ),
 .UNSPECIFIED. ) ;
#8314 = VECTOR ( 'NONE', #512, 1000.000000000000000 ) ;
#8315 = CARTESIAN_POINT ( 'NONE',  ( 0.1667850593374332058, -0.4569071380640309932, 0.2099999999999999922 ) ) ;
#8316 = DIRECTION ( 'NONE',  ( -0.000000000000000000, -0.000000000000000000, -1.000000000000000000 ) ) ;
#8317 = ORIENTED_EDGE ( 'NONE', *, *, #6465, .F. ) ;
#8318 = CARTESIAN_POINT ( 'NONE',  ( 0.3887905459313502066, -0.5626996711448994937, 0.2199999999999999734 ) ) ;
#8319 = DIRECTION ( 'NONE',  ( 0.3315284183576346355, 0.9434452330799520947, -0.000000000000000000 ) ) ;
#8320 = DIRECTION ( 'NONE',  ( 0.000000000000000000, 1.000000000000000000, -0.000000000000000000 ) ) ;
#8321 = CARTESIAN_POINT ( 'NONE',  ( -0.5613595772881996293, 0.5657689154935456877, 0.2099999999999999922 ) ) ;
#8322 = VECTOR ( 'NONE', #786, 1000.000000000000000 ) ;
#8323 = CARTESIAN_POINT ( 'NONE',  ( 0.3875774186163857826, -0.4699078103957542996, 0.2099999999999999922 ) ) ;
#8324 = FACE_OUTER_BOUND ( 'NONE', #3107, .T. ) ;
#8325 = EDGE_LOOP ( 'NONE', ( #2661, #8933, #2637, #1799 ) ) ;
#8326 = LINE ( 'NONE', #1552, #1230 ) ;
#8327 = EDGE_LOOP ( 'NONE', ( #3274, #1011, #9122, #4675 ) ) ;
#8328 = CARTESIAN_POINT ( 'NONE',  ( 0.3879240264206146316, -0.5814907656776757694, 0.2099999999999999922 ) ) ;
#8329 = CARTESIAN_POINT ( 'NONE',  ( 0.1320103255684831056, -0.5006337717965224643, 0.2199999999999999734 ) ) ;
#8330 = ORIENTED_EDGE ( 'NONE', *, *, #7972, .T. ) ;
#8331 = EDGE_CURVE ( 'NONE', #8822, #2898, #4361, .T. ) ;
#8332 = CARTESIAN_POINT ( 'NONE',  ( 0.2428763147170815428, -0.4699907043081231195, 0.2099999999999999922 ) ) ;
#8333 = VERTEX_POINT ( 'NONE', #1171 ) ;
#8334 = CARTESIAN_POINT ( 'NONE',  ( 0.1502584467527399437, -0.5925630612757669669, 0.2199999999999999734 ) ) ;
#8335 = CARTESIAN_POINT ( 'NONE',  ( 0.2850000000000001421, -0.3649999999999998801, -0.01000000000000000021 ) ) ;
#8336 = CARTESIAN_POINT ( 'NONE',  ( 0.1182381516983065928, -0.5667402090004740600, 0.2099999999999999922 ) ) ;
#8337 = DIRECTION ( 'NONE',  ( -0.000000000000000000, -0.000000000000000000, -1.000000000000000000 ) ) ;
#8338 = LINE ( 'NONE', #722, #6444 ) ;
#8339 = VECTOR ( 'NONE', #2562, 1000.000000000000000 ) ;
#8340 = EDGE_CURVE ( 'NONE', #4539, #7507, #1223, .T. ) ;
#8341 = VERTEX_POINT ( 'NONE', #1038 ) ;
#8342 = EDGE_CURVE ( 'NONE', #3401, #2187, #1294, .T. ) ;
#8343 = EDGE_CURVE ( 'NONE', #1102, #6016, #7110, .T. ) ;
#8344 = CARTESIAN_POINT ( 'NONE',  ( 0.3692938569399767945, -0.4837473648669045612, 0.2199999999999999734 ) ) ;
#8345 = AXIS2_PLACEMENT_3D ( 'NONE', #9305, #3099, #5378 ) ;
#8346 = CARTESIAN_POINT ( 'NONE',  ( 0.4247758633271273010, -0.5623778210409468015, 0.2199999999999999734 ) ) ;
#8347 = EDGE_CURVE ( 'NONE', #1988, #5437, #5316, .T. ) ;
#8348 = ORIENTED_EDGE ( 'NONE', *, *, #9703, .T. ) ;
#8349 = ADVANCED_FACE ( 'NONE', ( #5769 ), #4131, .F. ) ;
#8350 = EDGE_LOOP ( 'NONE', ( #6732, #9089, #3228, #7242, #1836, #289, #8262 ) ) ;
#8351 = ADVANCED_FACE ( 'NONE', ( #9408 ), #5713, .F. ) ;
#8352 = LINE ( 'NONE', #4541, #3383 ) ;
#8353 = FILL_AREA_STYLE ('',( #7761 ) ) ;
#8354 = CARTESIAN_POINT ( 'NONE',  ( 0.4928966757207836058, -0.5685177307169276828, 0.2199999999999999734 ) ) ;
#8355 = CARTESIAN_POINT ( 'NONE',  ( 0.2745523172455880401, -0.5839554263384429955, 0.2199999999999999734 ) ) ;
#8356 = ORIENTED_EDGE ( 'NONE', *, *, #3385, .T. ) ;
#8357 = PLANE ( 'NONE',  #9542 ) ;
#8358 = FACE_OUTER_BOUND ( 'NONE', #1483, .T. ) ;
#8359 = ORIENTED_EDGE ( 'NONE', *, *, #5573, .T. ) ;
#8360 = ORIENTED_EDGE ( 'NONE', *, *, #3436, .T. ) ;
#8361 = ORIENTED_EDGE ( 'NONE', *, *, #7371, .T. ) ;
#8362 = CARTESIAN_POINT ( 'NONE',  ( 0.1702281093719816563, -0.5484920746822141702, 0.2099999999999999922 ) ) ;
#8363 = DIRECTION ( 'NONE',  ( 1.000000000000000000, 6.023345402697242035E-16, -0.000000000000000000 ) ) ;
#8364 = VERTEX_POINT ( 'NONE', #1421 ) ;
#8365 = DIRECTION ( 'NONE',  ( 1.000000000000000000, -0.000000000000000000, -0.000000000000000000 ) ) ;
#8366 = DIRECTION ( 'NONE',  ( 0.000000000000000000, 0.000000000000000000, 1.000000000000000000 ) ) ;
#8367 = VECTOR ( 'NONE', #7862, 1000.000000000000000 ) ;
#8368 = CARTESIAN_POINT ( 'NONE',  ( 0.3954503673138350384, -0.5076633033632548253, 0.2099999999999999922 ) ) ;
#8369 = FACE_OUTER_BOUND ( 'NONE', #5102, .T. ) ;
#8370 = ORIENTED_EDGE ( 'NONE', *, *, #9546, .F. ) ;
#8371 = VERTEX_POINT ( 'NONE', #6713 ) ;
#8372 = PLANE ( 'NONE',  #3186 ) ;
#8373 = ORIENTED_EDGE ( 'NONE', *, *, #1673, .F. ) ;
#8374 = PRESENTATION_LAYER_ASSIGNMENT (  '', '', ( #3481 ) ) ;
#8375 = DIRECTION ( 'NONE',  ( 1.000000000000000000, 0.000000000000000000, 0.000000000000000000 ) ) ;
#8376 = ORIENTED_EDGE ( 'NONE', *, *, #7810, .F. ) ;
#8377 = CARTESIAN_POINT ( 'NONE',  ( 0.4693273450289766058, -0.5419032028872593498, 0.2099999999999999922 ) ) ;
#8378 =( NAMED_UNIT ( * ) SI_UNIT ( $, .STERADIAN. ) SOLID_ANGLE_UNIT ( ) );
#8379 = DIRECTION ( 'NONE',  ( 0.000000000000000000, 1.000000000000000000, -0.000000000000000000 ) ) ;
#8380 = DIRECTION ( 'NONE',  ( 0.000000000000000000, 1.000000000000000000, -0.000000000000000000 ) ) ;
#8381 = PLANE ( 'NONE',  #603 ) ;
#8382 = EDGE_CURVE ( 'NONE', #873, #3052, #2901, .T. ) ;
#8383 = VECTOR ( 'NONE', #8297, 1000.000000000000000 ) ;
#8384 = ORIENTED_EDGE ( 'NONE', *, *, #7134, .F. ) ;
#8385 = LINE ( 'NONE', #822, #7183 ) ;
#8386 = VECTOR ( 'NONE', #6340, 1000.000000000000000 ) ;
#8387 = PRESENTATION_STYLE_ASSIGNMENT (( #869 ) ) ;
#8388 = EDGE_CURVE ( 'NONE', #6499, #3621, #9642, .T. ) ;
#8389 = EDGE_CURVE ( 'NONE', #6820, #1263, #4487, .T. ) ;
#8390 =( GEOMETRIC_REPRESENTATION_CONTEXT ( 3 ) GLOBAL_UNCERTAINTY_ASSIGNED_CONTEXT ( ( #1088 ) ) GLOBAL_UNIT_ASSIGNED_CONTEXT ( ( #2270, #1534, #4391 ) ) REPRESENTATION_CONTEXT ( 'NONE', 'WORKASPACE' ) );
#8391 = CARTESIAN_POINT ( 'NONE',  ( 0.4264346292475972300, -0.5786436301423543149, 0.2199999999999999734 ) ) ;
#8392 = CARTESIAN_POINT ( 'NONE',  ( -0.2850000000000001421, 0.4550000000000000155, 0.000000000000000000 ) ) ;
#8393 = ORIENTED_EDGE ( 'NONE', *, *, #8097, .T. ) ;
#8394 = CARTESIAN_POINT ( 'NONE',  ( 0.4036823026658182267, -0.5690376424234344643, 0.2099999999999999922 ) ) ;
#8395 = DIRECTION ( 'NONE',  ( 0.000000000000000000, 0.000000000000000000, 1.000000000000000000 ) ) ;
#8396 = CARTESIAN_POINT ( 'NONE',  ( 0.3989907184577749510, -0.5115007469107023530, 0.2199999999999999734 ) ) ;
#8397 = CARTESIAN_POINT ( 'NONE',  ( 0.2514839233860668988, -0.5904972141806824615, 0.2099999999999999922 ) ) ;
#8398 = EDGE_CURVE ( 'NONE', #7415, #7971, #5084, .T. ) ;
#8399 = ORIENTED_EDGE ( 'NONE', *, *, #6780, .F. ) ;
#8400 = VECTOR ( 'NONE', #9594, 1000.000000000000000 ) ;
#8401 = EDGE_CURVE ( 'NONE', #9405, #4217, #8049, .T. ) ;
#8402 = EDGE_CURVE ( 'NONE', #1387, #4747, #2849, .T. ) ;
#8403 = CARTESIAN_POINT ( 'NONE',  ( 0.3748272029584767129, -0.5761926178121495878, 0.2099999999999999922 ) ) ;
#8404 = ORIENTED_EDGE ( 'NONE', *, *, #9172, .F. ) ;
#8405 = ORIENTED_EDGE ( 'NONE', *, *, #7996, .F. ) ;
#8406 = ORIENTED_EDGE ( 'NONE', *, *, #9109, .F. ) ;
#8407 = UNCERTAINTY_MEASURE_WITH_UNIT (LENGTH_MEASURE( 1.000000000000000082E-05 ), #2827, 'distance_accuracy_value', 'NONE');
#8408 = CARTESIAN_POINT ( 'NONE',  ( 0.3778600212460483943, -0.5744595787906805473, 0.2199999999999999734 ) ) ;
#8409 = EDGE_CURVE ( 'NONE', #4208, #1831, #4380, .T. ) ;
#8410 = ORIENTED_EDGE ( 'NONE', *, *, #5774, .F. ) ;
#8411 = CARTESIAN_POINT ( 'NONE',  ( 0.5439470537532964389, -0.5583175581906659746, 0.2199999999999999734 ) ) ;
#8412 = CARTESIAN_POINT ( 'NONE',  ( 0.5373738843214531657, -0.5596297163067416314, 0.2199999999999999734 ) ) ;
#8413 = FILL_AREA_STYLE ('',( #6933 ) ) ;
#8414 = CARTESIAN_POINT ( 'NONE',  ( 0.4093641948861510005, -0.5645317409674827092, 0.2099999999999999922 ) ) ;
#8415 = VERTEX_POINT ( 'NONE', #4330 ) ;
#8416 = VECTOR ( 'NONE', #4197, 1000.000000000000000 ) ;
#8417 = CARTESIAN_POINT ( 'NONE',  ( 0.4244044978224565945, -0.5752023097996914469, 0.2099999999999999922 ) ) ;
#8418 = VERTEX_POINT ( 'NONE', #5814 ) ;
#8419 = CARTESIAN_POINT ( 'NONE',  ( 0.3704450900040795469, -0.5640613446618621962, 0.2199999999999999734 ) ) ;
#8420 = CARTESIAN_POINT ( 'NONE',  ( 0.5373738843214531657, -0.5656705951816078937, 0.2199999999999999734 ) ) ;
#8421 = VERTEX_POINT ( 'NONE', #2950 ) ;
#8422 = CARTESIAN_POINT ( 'NONE',  ( 0.5107717353422533968, -0.5848082975186108534, 0.2199999999999999734 ) ) ;
#8423 = ORIENTED_EDGE ( 'NONE', *, *, #1698, .T. ) ;
#8424 = B_SPLINE_CURVE_WITH_KNOTS ( 'NONE', 3,
 ( #1528, #4536, #1372, #7404 ),
 .UNSPECIFIED., .F., .F.,
 ( 4, 4 ),
 ( 1.000000000000000000, 2.000000000000000000 ),
 .UNSPECIFIED. ) ;
#8425 =( GEOMETRIC_REPRESENTATION_CONTEXT ( 3 ) GLOBAL_UNCERTAINTY_ASSIGNED_CONTEXT ( ( #1973 ) ) GLOBAL_UNIT_ASSIGNED_CONTEXT ( ( #990, #8942, #5888 ) ) REPRESENTATION_CONTEXT ( 'NONE', 'WORKASPACE' ) );
#8426 = DIRECTION ( 'NONE',  ( -0.3559357243643250235, -0.9345104387438607496, -0.000000000000000000 ) ) ;
#8427 = CARTESIAN_POINT ( 'NONE',  ( 0.5321995249576521037, -0.5797577266562032872, 0.2099999999999999922 ) ) ;
#8428 = CARTESIAN_POINT ( 'NONE',  ( 0.5832994183907361796, -0.5903292646869716664, 0.2199999999999999734 ) ) ;
#8429 = CARTESIAN_POINT ( 'NONE',  ( 0.5679744019005698030, -0.5495533322822021560, 0.2099999999999999922 ) ) ;
#8430 = CARTESIAN_POINT ( 'NONE',  ( 0.2511396242928895517, -0.4775654009216349638, 0.2199999999999999734 ) ) ;
#8431 = CARTESIAN_POINT ( 'NONE',  ( 0.5674173536436449838, -0.5514844329058991024, 0.2199999999999999734 ) ) ;
#8432 = VERTEX_POINT ( 'NONE', #3696 ) ;
#8433 = CARTESIAN_POINT ( 'NONE',  ( 0.2260053964722921194, -0.5691503551888987822, 0.2199999999999999734 ) ) ;
#8434 = CARTESIAN_POINT ( 'NONE',  ( 0.04500000000000017181, 0.4550000000000000155, 0.000000000000000000 ) ) ;
#8435 = ADVANCED_FACE ( 'NONE', ( #1266 ), #1312, .F. ) ;
#8436 = CARTESIAN_POINT ( 'NONE',  ( 0.5183352127858924518, -0.5419032028872593498, 0.2099999999999999922 ) ) ;
#8437 = AXIS2_PLACEMENT_3D ( 'NONE', #3151, #9212, #4043 ) ;
#8438 = DIRECTION ( 'NONE',  ( -0.000000000000000000, -0.000000000000000000, -1.000000000000000000 ) ) ;
#8439 = VECTOR ( 'NONE', #707, 1000.000000000000000 ) ;
#8440 = LINE ( 'NONE', #778, #1285 ) ;
#8441 = ORIENTED_EDGE ( 'NONE', *, *, #4347, .F. ) ;
#8442 = AXIS2_PLACEMENT_3D ( 'NONE', #4829, #7150, #378 ) ;
#8443 = CARTESIAN_POINT ( 'NONE',  ( 0.09034948844706272575, -0.5732819968427144142, 0.2199999999999999734 ) ) ;
#8444 = EDGE_CURVE ( 'NONE', #7023, #6016, #2123, .T. ) ;
#8445 = DIRECTION ( 'NONE',  ( 0.9209172030172595447, -0.3897582650654988767, 0.000000000000000000 ) ) ;
#8446 = FACE_OUTER_BOUND ( 'NONE', #3316, .T. ) ;
#8447 = ORIENTED_EDGE ( 'NONE', *, *, #5425, .T. ) ;
#8448 = DIRECTION ( 'NONE',  ( -0.000000000000000000, -0.000000000000000000, 1.000000000000000000 ) ) ;
#8449 = VECTOR ( 'NONE', #6263, 1000.000000000000000 ) ;
#8450 = CARTESIAN_POINT ( 'NONE',  ( 0.1506027524130015838, -0.6132212958128574476, 0.2199999999999999734 ) ) ;
#8451 = ORIENTED_EDGE ( 'NONE', *, *, #8343, .T. ) ;
#8452 = EDGE_LOOP ( 'NONE', ( #3302, #6428, #760, #9311 ) ) ;
#8453 = EDGE_LOOP ( 'NONE', ( #7893, #4275, #9376, #2780 ) ) ;
#8454 = EDGE_CURVE ( 'NONE', #769, #7788, #6661, .T. ) ;
#8455 = EDGE_CURVE ( 'NONE', #939, #6041, #576, .T. ) ;
#8457 = EDGE_CURVE ( 'NONE', #5844, #8257, #5229, .T. ) ;
#8456 = VECTOR ( 'NONE', #8040, 1000.000000000000114 ) ;
#8458 = PLANE ( 'NONE',  #3970 ) ;
#8459 = ORIENTED_EDGE ( 'NONE', *, *, #8166, .T. ) ;
#8460 = FILL_AREA_STYLE ('',( #5399 ) ) ;
#8461 =( NAMED_UNIT ( * ) SI_UNIT ( $, .STERADIAN. ) SOLID_ANGLE_UNIT ( ) );
#8462 = CARTESIAN_POINT ( 'NONE',  ( 0.3737626218451842175, -0.5772324412248344139, 0.2199999999999999734 ) ) ;
#8463 = CARTESIAN_POINT ( 'NONE',  ( 0.04500000000000018568, 0.2050000000000000988, -0.01000000000000000021 ) ) ;
#8464 = CARTESIAN_POINT ( 'NONE',  ( 0.3875774186163857826, -0.4699078103957542996, 0.2199999999999999734 ) ) ;
#8465 = ORIENTED_EDGE ( 'NONE', *, *, #241, .T. ) ;
#8466 = AXIS2_PLACEMENT_3D ( 'NONE', #6977, #5304, #1742 ) ;
#8467 = DIRECTION ( 'NONE',  ( 0.000000000000000000, -1.000000000000000000, 0.000000000000000000 ) ) ;
#8468 = ORIENTED_EDGE ( 'NONE', *, *, #2536, .T. ) ;
#8469 = EDGE_CURVE ( 'NONE', #693, #7926, #6326, .T. ) ;
#8470 = FACE_OUTER_BOUND ( 'NONE', #9521, .T. ) ;
#8471 = DIRECTION ( 'NONE',  ( -0.000000000000000000, -0.000000000000000000, -1.000000000000000000 ) ) ;
#8472 = EDGE_LOOP ( 'NONE', ( #9572, #6700, #2754, #5765 ) ) ;
#8473 = LINE ( 'NONE', #4714, #4639 ) ;
#8474 = PRESENTATION_STYLE_ASSIGNMENT (( #4021 ) ) ;
#8475 = LINE ( 'NONE', #6801, #3081 ) ;
#8476 = EDGE_LOOP ( 'NONE', ( #6829, #5485, #9292, #2907 ) ) ;
#8477 = PRESENTATION_LAYER_ASSIGNMENT (  '', '', ( #5481 ) ) ;
#8478 = CARTESIAN_POINT ( 'NONE',  ( 0.1502584467527399437, -0.5657073117214350688, 0.2199999999999999734 ) ) ;
#8479 =( NAMED_UNIT ( * ) PLANE_ANGLE_UNIT ( ) SI_UNIT ( $, .RADIAN. ) );
#8480 = CARTESIAN_POINT ( 'NONE',  ( 0.4122979823726110604, -0.5751280366988599235, 0.2199999999999999734 ) ) ;
#8481 = CARTESIAN_POINT ( 'NONE',  ( 0.1506027524130015838, -0.6132212958128574476, 0.2099999999999999922 ) ) ;
#8482 = CARTESIAN_POINT ( 'NONE',  ( 0.4093641948861510005, -0.5645317409674827092, 0.2199999999999999734 ) ) ;
#8483 = CARTESIAN_POINT ( 'NONE',  ( 0.000000000000000000, 0.000000000000000000, 0.2099999999999999922 ) ) ;
#8484 = EDGE_LOOP ( 'NONE', ( #9552, #3276, #6003, #614 ) ) ;
#8485 = CARTESIAN_POINT ( 'NONE',  ( 0.000000000000000000, 0.000000000000000000, 0.2199999999999999734 ) ) ;
#8486 = CARTESIAN_POINT ( 'NONE',  ( 0.2828156136870604298, -0.5750035185764428292, 0.2199999999999999734 ) ) ;
#8487 = CARTESIAN_POINT ( 'NONE',  ( 0.3887905459313502066, -0.5762916486132638738, 0.2099999999999999922 ) ) ;
#8488 = LINE ( 'NONE', #4835, #5866 ) ;
#8489 = DIRECTION ( 'NONE',  ( 0.3493954794973115896, -0.9369753459439815746, -0.000000000000000000 ) ) ;
#8490 = VERTEX_POINT ( 'NONE', #3592 ) ;
#8491 = CARTESIAN_POINT ( 'NONE',  ( 0.4031128755587552459, -0.5650764103742687006, 0.2199999999999999734 ) ) ;
#8492 = CARTESIAN_POINT ( 'NONE',  ( 0.2445978364508120950, -0.5157831814415871907, 0.2199999999999999734 ) ) ;
#8493 = ORIENTED_EDGE ( 'NONE', *, *, #7913, .T. ) ;
#8494 = B_SPLINE_CURVE_WITH_KNOTS ( 'NONE', 3,
 ( #6076, #9080, #8266, #1588 ),
 .UNSPECIFIED., .F., .F.,
 ( 4, 4 ),
 ( 1.000000000000000000, 2.000000000000000000 ),
 .UNSPECIFIED. ) ;
#8495 = VECTOR ( 'NONE', #2304, 1000.000000000000000 ) ;
#8496 = LINE ( 'NONE', #296, #6950 ) ;
#8497 = ORIENTED_EDGE ( 'NONE', *, *, #7505, .T. ) ;
#8498 = VERTEX_POINT ( 'NONE', #1365 ) ;
#8499 = EDGE_CURVE ( 'NONE', #6645, #2306, #4483, .T. ) ;
#8500 = UNCERTAINTY_MEASURE_WITH_UNIT (LENGTH_MEASURE( 1.000000000000000082E-05 ), #4731, 'distance_accuracy_value', 'NONE');
#8501 = SURFACE_STYLE_FILL_AREA ( #3305 ) ;
#8502 = CARTESIAN_POINT ( 'NONE',  ( 0.4202080676204789089, -0.5846349936166626016, 0.2099999999999999922 ) ) ;
#8503 = ORIENTED_EDGE ( 'NONE', *, *, #4788, .F. ) ;
#8504 = CARTESIAN_POINT ( 'NONE',  ( 0.3817841167446345829, -0.5598772933098575821, 0.2099999999999999922 ) ) ;
#8505 = ADVANCED_FACE ( 'NONE', ( #6761 ), #9741, .F. ) ;
#8506 = PLANE ( 'NONE',  #7969 ) ;
#8507 = CARTESIAN_POINT ( 'NONE',  ( 0.5356037087495659765, -0.5550742994505619698, 0.2099999999999999922 ) ) ;
#8508 = CARTESIAN_POINT ( 'NONE',  ( 0.03499999999999982292, -0.4549999999999994049, -0.01000000000000000021 ) ) ;
#8509 = PLANE ( 'NONE',  #1576 ) ;
#8510 = ORIENTED_EDGE ( 'NONE', *, *, #5511, .T. ) ;
#8511 = EDGE_CURVE ( 'NONE', #7715, #4471, #1061, .T. ) ;
#8512 = AXIS2_PLACEMENT_3D ( 'NONE', #3121, #4561, #7478 ) ;
#8513 = CARTESIAN_POINT ( 'NONE',  ( 0.2332357956347252403, -0.5498692973229315495, 0.2099999999999999922 ) ) ;
#8514 = ORIENTED_EDGE ( 'NONE', *, *, #1924, .F. ) ;
#8515 = FACE_OUTER_BOUND ( 'NONE', #3470, .T. ) ;
#8516 = CARTESIAN_POINT ( 'NONE',  ( 0.5466332642361452221, -0.5903292646869716664, 0.2199999999999999734 ) ) ;
#8517 = VERTEX_POINT ( 'NONE', #165 ) ;
#8518 = DIRECTION ( 'NONE',  ( 0.000000000000000000, -1.000000000000000000, 0.000000000000000000 ) ) ;
#8519 = ORIENTED_EDGE ( 'NONE', *, *, #2419, .F. ) ;
#8520 = EDGE_CURVE ( 'NONE', #3082, #294, #4766, .T. ) ;
#8521 = DIRECTION ( 'NONE',  ( 1.000000000000000000, -0.000000000000000000, -0.000000000000000000 ) ) ;
#8522 = DIRECTION ( 'NONE',  ( -0.000000000000000000, -0.000000000000000000, -1.000000000000000000 ) ) ;
#8523 = CARTESIAN_POINT ( 'NONE',  ( 0.3414662017951807238, -0.4650800588358516285, 0.2099999999999999922 ) ) ;
#8524 = LINE ( 'NONE', #7794, #7881 ) ;
#8525 = CARTESIAN_POINT ( 'NONE',  ( 0.09207102003142031421, -0.4965021399933357005, 0.2199999999999999734 ) ) ;
#8526 = CARTESIAN_POINT ( 'NONE',  ( 0.5320633576057908209, -0.5520291023126873142, 0.2099999999999999922 ) ) ;
#8527 = ADVANCED_FACE ( 'NONE', ( #7040 ), #4117, .F. ) ;
#8528 = EDGE_CURVE ( 'NONE', #9028, #9662, #6388, .T. ) ;
#8529 = VERTEX_POINT ( 'NONE', #269 ) ;
#8530 = VECTOR ( 'NONE', #7258, 1000.000000000000000 ) ;
#8531 = DIRECTION ( 'NONE',  ( -1.000000000000000000, 0.000000000000000000, -0.000000000000000000 ) ) ;
#8532 = DIRECTION ( 'NONE',  ( 0.000000000000000000, -0.000000000000000000, -1.000000000000000000 ) ) ;
#8533 = CARTESIAN_POINT ( 'NONE',  ( 0.4470949301535397935, -0.5955531394516611066, 0.2199999999999999734 ) ) ;
#8534 = CARTESIAN_POINT ( 'NONE',  ( 0.3864880798028144659, -0.5087526421768254759, 0.2199999999999999734 ) ) ;
#8535 = SURFACE_STYLE_USAGE ( .BOTH. , #3343 ) ;
#8536 = VECTOR ( 'NONE', #9018, 1000.000000000000000 ) ;
#8537 = ORIENTED_EDGE ( 'NONE', *, *, #8679, .F. ) ;
#8538 = CARTESIAN_POINT ( 'NONE',  ( 0.5079864940576305221, -0.4728787344324648645, 0.2199999999999999734 ) ) ;
#8539 = CARTESIAN_POINT ( 'NONE',  ( 0.5674173536436449838, -0.5514844329058991024, 0.2099999999999999922 ) ) ;
#8540 = CARTESIAN_POINT ( 'NONE',  ( 0.3777857481450481170, -0.4716903648177822039, 0.2099999999999999922 ) ) ;
#8541 = ORIENTED_EDGE ( 'NONE', *, *, #6097, .T. ) ;
#8542 = VECTOR ( 'NONE', #52, 1000.000000000000000 ) ;
#8543 = LINE ( 'NONE', #7659, #5995 ) ;
#8544 = EDGE_LOOP ( 'NONE', ( #5965, #8203, #459, #5717 ) ) ;
#8545 = ORIENTED_EDGE ( 'NONE', *, *, #7868, .F. ) ;
#8546 = LINE ( 'NONE', #4056, #4014 ) ;
#8547 = STYLED_ITEM ( 'NONE', ( #7008 ), #9394 ) ;
#8548 = CARTESIAN_POINT ( 'NONE',  ( 0.4571589353282689006, -0.5079851534672040758, 0.2099999999999999922 ) ) ;
#8549 = ORIENTED_EDGE ( 'NONE', *, *, #374, .F. ) ;
#8550 = CARTESIAN_POINT ( 'NONE',  ( 0.4942707280878861908, -0.5474736854561763622, 0.2099999999999999922 ) ) ;
#8551 = EDGE_CURVE ( 'NONE', #9356, #6165, #7835, .T. ) ;
#8552 = CARTESIAN_POINT ( 'NONE',  ( 0.2850000000000001421, -0.4550000000000000155, -0.01000000000000000021 ) ) ;
#8553 = CARTESIAN_POINT ( 'NONE',  ( 0.1395850172570113623, -0.4806641387290009337, 0.2199999999999999734 ) ) ;
#8554 = CARTESIAN_POINT ( 'NONE',  ( 0.3796054391176585385, -0.5861699710355784410, 0.2099999999999999922 ) ) ;
#8555 = CARTESIAN_POINT ( 'NONE',  ( 0.2211851434982795017, -0.5798237846846273635, 0.2199999999999999734 ) ) ;
#8556 = VERTEX_POINT ( 'NONE', #4073 ) ;
#8557 = CARTESIAN_POINT ( 'NONE',  ( 0.1430280541575548736, -0.5657073117214350688, 0.2099999999999999922 ) ) ;
#8558 = ORIENTED_EDGE ( 'NONE', *, *, #9517, .T. ) ;
#8559 = ORIENTED_EDGE ( 'NONE', *, *, #5020, .F. ) ;
#8560 = LINE ( 'NONE', #3551, #5919 ) ;
#8561 = ORIENTED_EDGE ( 'NONE', *, *, #5303, .T. ) ;
#8562 = ADVANCED_FACE ( 'NONE', ( #5467 ), #8089, .F. ) ;
#8563 = LINE ( 'NONE', #1801, #6733 ) ;
#8564 = DIRECTION ( 'NONE',  ( 0.9903286039881394887, 0.1387416884822401664, 0.000000000000000000 ) ) ;
#8565 = CARTESIAN_POINT ( 'NONE',  ( 0.3697271166951787147, -0.4713932724141087216, 0.2099999999999999922 ) ) ;
#8566 = CARTESIAN_POINT ( 'NONE',  ( 0.4549999999999995159, 0.1250000000000000278, -0.01000000000000000021 ) ) ;
#8567 =( LENGTH_UNIT ( ) NAMED_UNIT ( * ) SI_UNIT ( .MILLI., .METRE. ) );
#8568 = ORIENTED_EDGE ( 'NONE', *, *, #917, .F. ) ;
#8569 = EDGE_CURVE ( 'NONE', #7781, #8878, #1847, .T. ) ;
#8570 = STYLED_ITEM ( 'NONE', ( #9294 ), #1807 ) ;
#8571 = FACE_OUTER_BOUND ( 'NONE', #4986, .T. ) ;
#8572 = EDGE_CURVE ( 'NONE', #7961, #4710, #5281, .T. ) ;
#8573 = ADVANCED_FACE ( 'NONE', ( #1521 ), #7551, .F. ) ;
#8574 = DIRECTION ( 'NONE',  ( 1.000000000000000000, -0.000000000000000000, 0.000000000000000000 ) ) ;
#8575 = CARTESIAN_POINT ( 'NONE',  ( 0.4264346292475972300, -0.5809213385706111232, 0.2099999999999999922 ) ) ;
#8576 = COLOUR_RGB ( '',0.6666666666666666297, 0.6666666666666666297, 0.6666666666666666297 ) ;
#8577 = CARTESIAN_POINT ( 'NONE',  ( 0.4648585801234404458, -0.5135061206355617802, 0.2199999999999999734 ) ) ;
#8578 =( NAMED_UNIT ( * ) PLANE_ANGLE_UNIT ( ) SI_UNIT ( $, .RADIAN. ) );
#8579 = ADVANCED_FACE ( 'NONE', ( #7735 ), #216, .F. ) ;
#8580 = ORIENTED_EDGE ( 'NONE', *, *, #7503, .F. ) ;
#8581 = CARTESIAN_POINT ( 'NONE',  ( 0.2810940919533290172, -0.5033882236450447634, 0.2199999999999999734 ) ) ;
#8582 = CARTESIAN_POINT ( 'NONE',  ( 0.5157851696542454789, -0.4947892992036243553, 0.2199999999999999734 ) ) ;
#8583 = CARTESIAN_POINT ( 'NONE',  ( 0.4404970030217488230, -0.5965434474641180262, 0.2199999999999999734 ) ) ;
#8584 = COLOUR_RGB ( '',0.6666666666666666297, 0.6666666666666666297, 0.6666666666666666297 ) ;
#8585 = ORIENTED_EDGE ( 'NONE', *, *, #1619, .T. ) ;
#8586 = LINE ( 'NONE', #4003, #2837 ) ;
#8587 = EDGE_LOOP ( 'NONE', ( #1008, #1795, #7584, #7714 ) ) ;
#8588 = EDGE_LOOP ( 'NONE', ( #1462, #6736, #9426, #7734 ) ) ;
#8589 = UNCERTAINTY_MEASURE_WITH_UNIT (LENGTH_MEASURE( 1.000000000000000082E-05 ), #4868, 'distance_accuracy_value', 'NONE');
#8590 = CARTESIAN_POINT ( 'NONE',  ( 0.03499999999999982292, -0.2050000000000006817, 0.000000000000000000 ) ) ;
#8591 = CARTESIAN_POINT ( 'NONE',  ( 0.2445978364508120950, -0.5157831814415871907, 0.2199999999999999734 ) ) ;
#8592 = VERTEX_POINT ( 'NONE', #3520 ) ;
#8593 = VECTOR ( 'NONE', #6313, 1000.000000000000000 ) ;
#8594 = PLANE ( 'NONE',  #1679 ) ;
#8595 = CARTESIAN_POINT ( 'NONE',  ( 0.4295912360367263871, -0.5557427573587392367, 0.2099999999999999922 ) ) ;
#8596 = DIRECTION ( 'NONE',  ( 0.3315284183505501914, 0.9434452330824415478, -0.000000000000000000 ) ) ;
#8597 = CARTESIAN_POINT ( 'NONE',  ( 0.3601582655266780675, -0.5474736854561776944, 0.2099999999999999922 ) ) ;
#8598 = CARTESIAN_POINT ( 'NONE',  ( 0.4322526888196110972, -0.4916945866655208497, 0.2099999999999999922 ) ) ;
#8599 = ORIENTED_EDGE ( 'NONE', *, *, #5835, .F. ) ;
#8600 = DIRECTION ( 'NONE',  ( -1.000000000000000000, 0.000000000000000000, 0.000000000000000000 ) ) ;
#8601 = ORIENTED_EDGE ( 'NONE', *, *, #1763, .T. ) ;
#8602 = LINE ( 'NONE', #3419, #9480 ) ;
#8603 = VECTOR ( 'NONE', #1463, 1000.000000000000000 ) ;
#8604 = EDGE_LOOP ( 'NONE', ( #6119, #9153, #7779, #7419, #4268, #6929, #1596 ) ) ;
#8605 = CARTESIAN_POINT ( 'NONE',  ( 0.1850331870887744201, -0.5787908611372496459, 0.2099999999999999922 ) ) ;
#8606 = DIRECTION ( 'NONE',  ( 0.8863488427958782223, 0.4630180653866621809, 0.000000000000000000 ) ) ;
#8607 = ORIENTED_EDGE ( 'NONE', *, *, #2117, .T. ) ;
#8608 = CARTESIAN_POINT ( 'NONE',  ( 0.4048335357300853476, -0.5705478621420710938, 0.2199999999999999734 ) ) ;
#8609 = PLANE ( 'NONE',  #856 ) ;
#8610 = CIRCLE ( 'NONE', #2788, 0.07999999999999997391 ) ;
#8611 = CARTESIAN_POINT ( 'NONE',  ( 0.4061704515466049714, -0.5850806322220077904, 0.2099999999999999922 ) ) ;
#8612 = CARTESIAN_POINT ( 'NONE',  ( 0.3864880798028144659, -0.5087526421768254759, 0.2199999999999999734 ) ) ;
#8613 = CARTESIAN_POINT ( 'NONE',  ( 0.07588870653990240078, -0.5495250047970038354, 0.2099999999999999922 ) ) ;
#8614 = ORIENTED_EDGE ( 'NONE', *, *, #3144, .F. ) ;
#8615 = EDGE_CURVE ( 'NONE', #6324, #3809, #4207, .T. ) ;
#8616 = FILL_AREA_STYLE ('',( #2601 ) ) ;
#8617 = B_SPLINE_SURFACE_WITH_KNOTS ( 'NONE', 3, 1, ( 
 ( #1443, #4556 ),
 ( #5936, #8883 ),
 ( #842, #3814 ),
 ( #5349, #8940 ) ),
 .UNSPECIFIED., .F., .F., .F.,
 ( 4, 4 ),
 ( 2, 2 ),
 ( 14.00000000000000000, 15.00000000000000000 ),
 ( 0.000000000000000000, 1.000000000000000000 ),
 .UNSPECIFIED. ) ;
#8618 = CARTESIAN_POINT ( 'NONE',  ( 0.4192672750089074252, -0.5598772933098575821, 0.2099999999999999922 ) ) ;
#8619 = CARTESIAN_POINT ( 'NONE',  ( 0.3875155243655242776, -0.4642630547256726969, 0.2099999999999999922 ) ) ;
#8620 = B_SPLINE_CURVE_WITH_KNOTS ( 'NONE', 3,
 ( #9523, #8029, #1065, #4259 ),
 .UNSPECIFIED., .F., .F.,
 ( 4, 4 ),
 ( 27.00000000000000000, 28.00000000000000000 ),
 .UNSPECIFIED. ) ;
#8621 = DIRECTION ( 'NONE',  ( 1.000000000000000000, -0.000000000000000000, -0.000000000000000000 ) ) ;
#8622 = EDGE_CURVE ( 'NONE', #5202, #2368, #1342, .T. ) ;
#8623 = AXIS2_PLACEMENT_3D ( 'NONE', #2831, #5840, #608 ) ;
#8624 = CARTESIAN_POINT ( 'NONE',  ( 0.4571960718786874378, -0.5135061206355617802, 0.2199999999999999734 ) ) ;
#8625 = ADVANCED_FACE ( 'NONE', ( #1243, #604, #9430, #3472, #8125, #8025, #1942, #5006, #4959, #9520, #7979, #3424, #7324, #8788, #8654 ), #6483, .F. ) ;
#8626 = EDGE_CURVE ( 'NONE', #2697, #4638, #6531, .T. ) ;
#8627 = ORIENTED_EDGE ( 'NONE', *, *, #9406, .F. ) ;
#8628 = B_SPLINE_CURVE_WITH_KNOTS ( 'NONE', 3,
 ( #355, #1788, #7829, #208 ),
 .UNSPECIFIED., .F., .F.,
 ( 4, 4 ),
 ( 11.00000000000000000, 12.00000000000000000 ),
 .UNSPECIFIED. ) ;
#8629 = CARTESIAN_POINT ( 'NONE',  ( 0.3780333251481621248, -0.5911462687971523744, 0.2099999999999999922 ) ) ;
#8630 =( LENGTH_UNIT ( ) NAMED_UNIT ( * ) SI_UNIT ( .MILLI., .METRE. ) );
#8631 = AXIS2_PLACEMENT_3D ( 'NONE', #6422, #7316, #4907 ) ;
#8632 = ORIENTED_EDGE ( 'NONE', *, *, #6943, .F. ) ;
#8633 = ADVANCED_FACE ( 'NONE', ( #2036 ), #4204, .F. ) ;
#8634 = CARTESIAN_POINT ( 'NONE',  ( 0.4714193707048132675, -0.4752059582612774280, 0.2199999999999999734 ) ) ;
#8635 = ORIENTED_EDGE ( 'NONE', *, *, #7602, .F. ) ;
#8636 = EDGE_CURVE ( 'NONE', #7473, #1298, #7676, .T. ) ;
#8637 = STYLED_ITEM ( 'NONE', ( #9000 ), #177 ) ;
#8638 = EDGE_CURVE ( 'NONE', #376, #517, #2635, .T. ) ;
#8639 = LINE ( 'NONE', #4099, #7116 ) ;
#8640 = CARTESIAN_POINT ( 'NONE',  ( 0.3817841167446345829, -0.5598772933098575821, 0.2099999999999999922 ) ) ;
#8641 = VERTEX_POINT ( 'NONE', #3026 ) ;
#8642 = CARTESIAN_POINT ( 'NONE',  ( 0.1395850172570113623, -0.4806641387290009337, 0.2199999999999999734 ) ) ;
#8643 = AXIS2_PLACEMENT_3D ( 'NONE', #8483, #4774, #4126 ) ;
#8644 = LINE ( 'NONE', #5688, #1046 ) ;
#8645 = DIRECTION ( 'NONE',  ( -0.000000000000000000, -0.000000000000000000, -1.000000000000000000 ) ) ;
#8646 = CARTESIAN_POINT ( 'NONE',  ( 0.2955548771440311695, -0.5422946056345676613, 0.2199999999999999734 ) ) ;
#8647 = LINE ( 'NONE', #6424, #3855 ) ;
#8648 = FILL_AREA_STYLE_COLOUR ( '', #5830 ) ;
#8649 = ORIENTED_EDGE ( 'NONE', *, *, #1673, .T. ) ;
#8650 = ORIENTED_EDGE ( 'NONE', *, *, #2404, .F. ) ;
#8651 = CARTESIAN_POINT ( 'NONE',  ( 0.3587842131597400730, -0.5685177307169276828, 0.2199999999999999734 ) ) ;
#8652 = VERTEX_POINT ( 'NONE', #7575 ) ;
#8653 = ORIENTED_EDGE ( 'NONE', *, *, #5431, .F. ) ;
#8654 = FACE_BOUND ( 'NONE', #7439, .T. ) ;
#8655 = ORIENTED_EDGE ( 'NONE', *, *, #3509, .T. ) ;
#8656 = LINE ( 'NONE', #3328, #8314 ) ;
#8657 = CARTESIAN_POINT ( 'NONE',  ( 0.4165810645255624833, -0.5549505109488411803, 0.2199999999999999734 ) ) ;
#8658 = CARTESIAN_POINT ( 'NONE',  ( 0.2614687546956039332, -0.4971907480299862514, 0.2099999999999999922 ) ) ;
#8659 = DIRECTION ( 'NONE',  ( 1.000000000000000000, 0.000000000000000000, -0.000000000000000000 ) ) ;
#8660 = CARTESIAN_POINT ( 'NONE',  ( 0.4061704515466049714, -0.5850806322220077904, 0.2199999999999999734 ) ) ;
#8661 = CARTESIAN_POINT ( 'NONE',  ( 0.4093641948861510005, -0.5659181721847256208, 0.2199999999999999734 ) ) ;
#8662 = ORIENTED_EDGE ( 'NONE', *, *, #4046, .T. ) ;
#8663 = EDGE_LOOP ( 'NONE', ( #5268, #6454, #9515, #4283 ) ) ;
#8664 = LINE ( 'NONE', #5574, #7819 ) ;
#8665 = CARTESIAN_POINT ( 'NONE',  ( 0.1430280541575548736, -0.5925630612757669669, 0.2199999999999999734 ) ) ;
#8666 = EDGE_CURVE ( 'NONE', #489, #8950, #2238, .T. ) ;
#8667 = CARTESIAN_POINT ( 'NONE',  ( 0.3959702790203422640, -0.4649315126338516291, 0.2099999999999999922 ) ) ;
#8668 = CARTESIAN_POINT ( 'NONE',  ( 0.4257537924891154346, -0.5767372872186051769, 0.2099999999999999922 ) ) ;
#8669 = MECHANICAL_DESIGN_GEOMETRIC_PRESENTATION_REPRESENTATION (  '', ( #7262 ), #631 ) ;
#8670 = ORIENTED_EDGE ( 'NONE', *, *, #2101, .F. ) ;
#8671 = SURFACE_STYLE_USAGE ( .BOTH. , #1405 ) ;
#8672 = ORIENTED_EDGE ( 'NONE', *, *, #4460, .F. ) ;
#8673 = ADVANCED_FACE ( 'NONE', ( #6788 ), #6837, .F. ) ;
#8674 = SURFACE_SIDE_STYLE ('',( #3398 ) ) ;
#8675 = CARTESIAN_POINT ( 'NONE',  ( 0.4749597218485881456, -0.4782511553988247344, 0.2099999999999999922 ) ) ;
#8676 = AXIS2_PLACEMENT_3D ( 'NONE', #9264, #827, #9119 ) ;
#8677 = FILL_AREA_STYLE ('',( #4985 ) ) ;
#8678 = ORIENTED_EDGE ( 'NONE', *, *, #4601, .F. ) ;
#8679 = EDGE_CURVE ( 'NONE', #1349, #4666, #3668, .T. ) ;
#8680 = CARTESIAN_POINT ( 'NONE',  ( 0.4995317394029773483, -0.4947892992036243553, 0.2099999999999999922 ) ) ;
#8681 = EDGE_LOOP ( 'NONE', ( #1459, #5066, #8150, #710 ) ) ;
#8682 =( GEOMETRIC_REPRESENTATION_CONTEXT ( 3 ) GLOBAL_UNCERTAINTY_ASSIGNED_CONTEXT ( ( #8589 ) ) GLOBAL_UNIT_ASSIGNED_CONTEXT ( ( #4868, #7786, #771 ) ) REPRESENTATION_CONTEXT ( 'NONE', 'WORKASPACE' ) );
#8683 = ADVANCED_FACE ( 'NONE', ( #7622 ), #2327, .T. ) ;
#8684 = UNCERTAINTY_MEASURE_WITH_UNIT (LENGTH_MEASURE( 1.000000000000000082E-05 ), #867, 'distance_accuracy_value', 'NONE');
#8685 = CARTESIAN_POINT ( 'NONE',  ( 0.4438764291137137219, -0.5135061206355617802, 0.2199999999999999734 ) ) ;
#8686 = LINE ( 'NONE', #2768, #3023 ) ;
#8687 = EDGE_LOOP ( 'NONE', ( #5990, #9380, #1490, #8936 ) ) ;
#8688 = VECTOR ( 'NONE', #8871, 1000.000000000000114 ) ;
#8689 = EDGE_CURVE ( 'NONE', #7992, #7798, #5886, .T. ) ;
#8690 = EDGE_CURVE ( 'NONE', #3418, #1387, #651, .T. ) ;
#8691 = LINE ( 'NONE', #7124, #568 ) ;
#8692 = CARTESIAN_POINT ( 'NONE',  ( 0.1316660199083858340, -0.4799755306923473852, 0.2099999999999999922 ) ) ;
#8693 = CARTESIAN_POINT ( 'NONE',  ( 0.3627330663586046389, -0.4902091246471647068, 0.2099999999999999922 ) ) ;
#8694 = LINE ( 'NONE', #5826, #4421 ) ;
#8695 = EDGE_LOOP ( 'NONE', ( #1329, #2686, #1055, #1857 ) ) ;
#8696 = CARTESIAN_POINT ( 'NONE',  ( 0.4336267411867306132, -0.4650800588358516285, 0.2199999999999999734 ) ) ;
#8697 = ORIENTED_EDGE ( 'NONE', *, *, #1145, .T. ) ;
#8698 = DIRECTION ( 'NONE',  ( 0.000000000000000000, -1.000000000000000000, 0.000000000000000000 ) ) ;
#8699 = AXIS2_PLACEMENT_3D ( 'NONE', #5483, #1034, #4040 ) ;
#8700 = B_SPLINE_SURFACE_WITH_KNOTS ( 'NONE', 3, 1, ( 
 ( #8290, #8336 ),
 ( #6048, #9054 ),
 ( #5320, #324 ),
 ( #4773, #1112 ) ),
 .UNSPECIFIED., .F., .F., .F.,
 ( 4, 4 ),
 ( 2, 2 ),
 ( 17.00000000000000000, 18.00000000000000000 ),
 ( 0.000000000000000000, 1.000000000000000000 ),
 .UNSPECIFIED. ) ;
#8701 = ORIENTED_EDGE ( 'NONE', *, *, #840, .T. ) ;
#8702 = EDGE_CURVE ( 'NONE', #1747, #4952, #63, .T. ) ;
#8703 = CARTESIAN_POINT ( 'NONE',  ( 0.5067733667426660427, -0.4746612888544927689, 0.2199999999999999734 ) ) ;
#8704 = DIRECTION ( 'NONE',  ( 0.3315284183576346355, 0.9434452330799520947, -0.000000000000000000 ) ) ;
#8705 = ORIENTED_EDGE ( 'NONE', *, *, #8161, .F. ) ;
#8706 = LINE ( 'NONE', #9477, #3095 ) ;
#8707 = CARTESIAN_POINT ( 'NONE',  ( 0.3785408580043647109, -0.5697803734324470293, 0.2199999999999999734 ) ) ;
#8708 = CARTESIAN_POINT ( 'NONE',  ( 0.3870373912784039749, -0.5619940766860971326, 0.2199999999999999734 ) ) ;
#8709 = CARTESIAN_POINT ( 'NONE',  ( 0.1578331384411029992, -0.5925630612757669669, 0.2099999999999999922 ) ) ;
#8710 = CARTESIAN_POINT ( 'NONE',  ( 0.4093641948861510005, -0.5645317409674827092, 0.2199999999999999734 ) ) ;
#8711 = ORIENTED_EDGE ( 'NONE', *, *, #8283, .F. ) ;
#8712 = ORIENTED_EDGE ( 'NONE', *, *, #3379, .T. ) ;
#8713 = DIRECTION ( 'NONE',  ( -0.000000000000000000, -0.000000000000000000, 1.000000000000000000 ) ) ;
#8714 = CARTESIAN_POINT ( 'NONE',  ( 0.4759995452616020972, -0.5067225107516847293, 0.2199999999999999734 ) ) ;
#8715 = CARTESIAN_POINT ( 'NONE',  ( 0.4571960718786874378, -0.5135061206355617802, 0.2099999999999999922 ) ) ;
#8716 = ORIENTED_EDGE ( 'NONE', *, *, #1464, .T. ) ;
#8717 = ORIENTED_EDGE ( 'NONE', *, *, #302, .F. ) ;
#8718 = CARTESIAN_POINT ( 'NONE',  ( 0.3786398888056436984, -0.5143231247457424882, 0.2099999999999999922 ) ) ;
#8719 = DIRECTION ( 'NONE',  ( 0.9369753459439814636, 0.3493954794973115341, -0.000000000000000000 ) ) ;
#8720 = ORIENTED_EDGE ( 'NONE', *, *, #6103, .F. ) ;
#8721 = VECTOR ( 'NONE', #3240, 1000.000000000000000 ) ;
#8722 = LINE ( 'NONE', #2808, #2532 ) ;
#8723 = ORIENTED_EDGE ( 'NONE', *, *, #6344, .F. ) ;
#8724 = FACE_OUTER_BOUND ( 'NONE', #9127, .T. ) ;
#8725 = ADVANCED_FACE ( 'NONE', ( #7472 ), #8617, .F. ) ;
#8726 = STYLED_ITEM ( 'NONE', ( #1478 ), #3086 ) ;
#8727 = DIRECTION ( 'NONE',  ( 1.000000000000000000, 0.000000000000000000, 0.000000000000000000 ) ) ;
#8728 = CARTESIAN_POINT ( 'NONE',  ( -0.5350000000000002531, 0.4550000000000000155, 0.000000000000000000 ) ) ;
#8729 = ORIENTED_EDGE ( 'NONE', *, *, #5917, .T. ) ;
#8730 = CARTESIAN_POINT ( 'NONE',  ( 0.4755786643565521055, -0.5685177307169276828, 0.2099999999999999922 ) ) ;
#8731 = CARTESIAN_POINT ( 'NONE',  ( 0.5373738843214531657, -0.5656705951816078937, 0.2199999999999999734 ) ) ;
#8732 = DIRECTION ( 'NONE',  ( -0.000000000000000000, 1.000000000000000000, -0.000000000000000000 ) ) ;
#8733 =( GEOMETRIC_REPRESENTATION_CONTEXT ( 3 ) GLOBAL_UNCERTAINTY_ASSIGNED_CONTEXT ( ( #6223 ) ) GLOBAL_UNIT_ASSIGNED_CONTEXT ( ( #438, #6502, #4933 ) ) REPRESENTATION_CONTEXT ( 'NONE', 'WORKASPACE' ) );
#8734 = FACE_OUTER_BOUND ( 'NONE', #7537, .T. ) ;
#8736 = ADVANCED_FACE ( 'NONE', ( #5301 ), #2279, .F. ) ;
#8735 = VECTOR ( 'NONE', #2930, 1000.000000000000000 ) ;
#8737 = ORIENTED_EDGE ( 'NONE', *, *, #1332, .F. ) ;
#8738 = ORIENTED_EDGE ( 'NONE', *, *, #8107, .T. ) ;
#8739 = EDGE_CURVE ( 'NONE', #7811, #7023, #8494, .T. ) ;
#8740 = EDGE_CURVE ( 'NONE', #9356, #6694, #2193, .T. ) ;
#8741 = EDGE_LOOP ( 'NONE', ( #5477, #9613, #7820, #6765 ) ) ;
#8742 = DIRECTION ( 'NONE',  ( 1.343328941721107409E-14, -1.000000000000000000, -0.000000000000000000 ) ) ;
#8743 = B_SPLINE_CURVE_WITH_KNOTS ( 'NONE', 3,
 ( #7213, #7908, #5727, #442 ),
 .UNSPECIFIED., .F., .F.,
 ( 4, 4 ),
 ( 0.000000000000000000, 1.000000000000000000 ),
 .UNSPECIFIED. ) ;
#8744 = CARTESIAN_POINT ( 'NONE',  ( 0.000000000000000000, 0.000000000000000000, 0.2099999999999999922 ) ) ;
#8745 = ORIENTED_EDGE ( 'NONE', *, *, #4833, .F. ) ;
#8746 = CARTESIAN_POINT ( 'NONE',  ( 0.1850331870887744201, -0.5777579507237123879, 0.2099999999999999922 ) ) ;
#8747 = FACE_OUTER_BOUND ( 'NONE', #1758, .T. ) ;
#8748 = PLANE ( 'NONE',  #6369 ) ;
#8749 = B_SPLINE_CURVE_WITH_KNOTS ( 'NONE', 3,
 ( #5714, #7293, #5669, #2650 ),
 .UNSPECIFIED., .F., .F.,
 ( 4, 4 ),
 ( 4.000000000000000000, 5.000000000000000000 ),
 .UNSPECIFIED. ) ;
#8750 = CARTESIAN_POINT ( 'NONE',  ( 0.4438764291137137219, -0.4650800588358516285, 0.2199999999999999734 ) ) ;
#8751 = EDGE_CURVE ( 'NONE', #3781, #5949, #5156, .T. ) ;
#8752 = CARTESIAN_POINT ( 'NONE',  ( 0.3780333251481621248, -0.5911462687971523744, 0.2199999999999999734 ) ) ;
#8753 = VECTOR ( 'NONE', #2462, 1000.000000000000000 ) ;
#8754 = VERTEX_POINT ( 'NONE', #1492 ) ;
#8755 = ORIENTED_EDGE ( 'NONE', *, *, #6040, .T. ) ;
#8756 = CARTESIAN_POINT ( 'NONE',  ( 0.3743815643529695425, -0.4752802313621141694, 0.2099999999999999922 ) ) ;
#8757 = DIRECTION ( 'NONE',  ( 0.000000000000000000, 0.000000000000000000, -1.000000000000000000 ) ) ;
#8758 = ORIENTED_EDGE ( 'NONE', *, *, #9456, .F. ) ;
#8759 = VECTOR ( 'NONE', #7826, 1000.000000000000000 ) ;
#8760 = CARTESIAN_POINT ( 'NONE',  ( 0.1502584533198238481, -0.5057983369980462163, 0.2099999999999999922 ) ) ;
#8761 = VERTEX_POINT ( 'NONE', #1394 ) ;
#8762 = DIRECTION ( 'NONE',  ( -0.000000000000000000, -0.000000000000000000, -1.000000000000000000 ) ) ;
#8763 = SURFACE_STYLE_USAGE ( .BOTH. , #5676 ) ;
#8764 = CARTESIAN_POINT ( 'NONE',  ( 0.3352148824677834149, -0.5419032028872593498, 0.2099999999999999922 ) ) ;
#8765 = ORIENTED_EDGE ( 'NONE', *, *, #5929, .F. ) ;
#8766 = MECHANICAL_DESIGN_GEOMETRIC_PRESENTATION_REPRESENTATION (  '', ( #7847 ), #4055 ) ;
#8767 = B_SPLINE_SURFACE_WITH_KNOTS ( 'NONE', 3, 1, ( 
 ( #3030, #3075 ),
 ( #6741, #6030 ),
 ( #802, #113 ),
 ( #5207, #8273 ) ),
 .UNSPECIFIED., .F., .F., .F.,
 ( 4, 4 ),
 ( 2, 2 ),
 ( 5.000000000000000000, 6.000000000000000000 ),
 ( 0.000000000000000000, 1.000000000000000000 ),
 .UNSPECIFIED. ) ;
#8768 = DIRECTION ( 'NONE',  ( -0.000000000000000000, 0.000000000000000000, -1.000000000000000000 ) ) ;
#8769 = ORIENTED_EDGE ( 'NONE', *, *, #8789, .F. ) ;
#8770 = CARTESIAN_POINT ( 'NONE',  ( 0.3709897594108650942, -0.4788948556070519169, 0.2099999999999999922 ) ) ;
#8771 = STYLED_ITEM ( 'NONE', ( #4461 ), #5798 ) ;
#8772 = CARTESIAN_POINT ( 'NONE',  ( 0.3704450900040795469, -0.5581690119886664192, 0.2099999999999999922 ) ) ;
#8773 = CARTESIAN_POINT ( 'NONE',  ( 0.5366435321625796506, -0.5483154472666327273, 0.2199999999999999734 ) ) ;
#8774 = DIRECTION ( 'NONE',  ( -0.000000000000000000, -0.000000000000000000, -1.000000000000000000 ) ) ;
#8775 = VERTEX_POINT ( 'NONE', #4502 ) ;
#8776 = CARTESIAN_POINT ( 'NONE',  ( 0.1963952279048619132, -0.4727451380969961980, 0.2099999999999999922 ) ) ;
#8777 = SURFACE_STYLE_FILL_AREA ( #5099 ) ;
#8778 = CARTESIAN_POINT ( 'NONE',  ( 0.2445978364508120950, -0.5157831814415871907, 0.2099999999999999922 ) ) ;
#8779 = EDGE_CURVE ( 'NONE', #1790, #5602, #4405, .T. ) ;
#8780 = PRESENTATION_LAYER_ASSIGNMENT (  '', '', ( #906 ) ) ;
#8781 = CARTESIAN_POINT ( 'NONE',  ( 0.3720172039735746838, -0.5902302338858604891, 0.2099999999999999922 ) ) ;
#8782 = ORIENTED_EDGE ( 'NONE', *, *, #8161, .T. ) ;
#8783 = ORIENTED_EDGE ( 'NONE', *, *, #1871, .F. ) ;
#8784 = VERTEX_POINT ( 'NONE', #8220 ) ;
#8785 = ORIENTED_EDGE ( 'NONE', *, *, #424, .F. ) ;
#8786 = LINE ( 'NONE', #6577, #4580 ) ;
#8787 = AXIS2_PLACEMENT_3D ( 'NONE', #3175, #7034, #2537 ) ;
#8788 = FACE_BOUND ( 'NONE', #1559, .T. ) ;
#8789 = EDGE_CURVE ( 'NONE', #3637, #6457, #4454, .T. ) ;
#8790 = VERTEX_POINT ( 'NONE', #2976 ) ;
#8791 = LINE ( 'NONE', #2039, #2465 ) ;
#8792 = CARTESIAN_POINT ( 'NONE',  ( 0.4247758633271273010, -0.5564854883680827591, 0.2199999999999999734 ) ) ;
#8793 = DIRECTION ( 'NONE',  ( 0.000000000000000000, 0.000000000000000000, -1.000000000000000000 ) ) ;
#8794 = ADVANCED_FACE ( 'NONE', ( #5983 ), #7528, .T. ) ;
#8795 = CARTESIAN_POINT ( 'NONE',  ( 0.04500000000000074080, 0.1250000000000001110, -0.01000000000000000021 ) ) ;
#8796 = CARTESIAN_POINT ( 'NONE',  ( 0.4124341497241401644, -0.5602981742152527422, 0.2099999999999999922 ) ) ;
#8797 = PRESENTATION_LAYER_ASSIGNMENT (  '', '', ( #447 ) ) ;
#8798 = ORIENTED_EDGE ( 'NONE', *, *, #1217, .T. ) ;
#8799 =( LENGTH_UNIT ( ) NAMED_UNIT ( * ) SI_UNIT ( .MILLI., .METRE. ) );
#8800 = ORIENTED_EDGE ( 'NONE', *, *, #6455, .T. ) ;
#8801 = EDGE_CURVE ( 'NONE', #1085, #8879, #1689, .T. ) ;
#8802 = CARTESIAN_POINT ( 'NONE',  ( 0.5356532241504528002, -0.5764154371146568145, 0.2099999999999999922 ) ) ;
#8803 = ADVANCED_FACE ( 'NONE', ( #2526 ), #8458, .F. ) ;
#8804 = CARTESIAN_POINT ( 'NONE',  ( 0.3864880798028144659, -0.5087526421768254759, 0.2099999999999999922 ) ) ;
#8805 = ADVANCED_FACE ( 'NONE', ( #4854 ), #2632, .F. ) ;
#8806 = DIRECTION ( 'NONE',  ( -0.000000000000000000, -0.000000000000000000, -1.000000000000000000 ) ) ;
#8807 = VERTEX_POINT ( 'NONE', #1047 ) ;
#8808 =( GEOMETRIC_REPRESENTATION_CONTEXT ( 3 ) GLOBAL_UNCERTAINTY_ASSIGNED_CONTEXT ( ( #9177 ) ) GLOBAL_UNIT_ASSIGNED_CONTEXT ( ( #6886, #3866, #2333 ) ) REPRESENTATION_CONTEXT ( 'NONE', 'WORKASPACE' ) );
#8809 = SURFACE_SIDE_STYLE ('',( #810 ) ) ;
#8810 = ORIENTED_EDGE ( 'NONE', *, *, #5081, .F. ) ;
#8811 = CARTESIAN_POINT ( 'NONE',  ( 0.2494180894249892755, -0.5694946542819088187, 0.2199999999999999734 ) ) ;
#8812 = CARTESIAN_POINT ( 'NONE',  ( 0.2494180894249892755, -0.5694946542819088187, 0.2199999999999999734 ) ) ;
#8813 = EDGE_LOOP ( 'NONE', ( #8614, #3958, #7768, #6991, #4609, #6087, #4691, #4023, #1238, #5519, #5925, #4888 ) ) ;
#8814 = CARTESIAN_POINT ( 'NONE',  ( 0.4347284588502749458, -0.5135061206355653329, 0.2199999999999999734 ) ) ;
#8815 = ORIENTED_EDGE ( 'NONE', *, *, #3867, .T. ) ;
#8816 = CARTESIAN_POINT ( 'NONE',  ( 0.4814756390981658751, -0.4988124255035698562, 0.2199999999999999734 ) ) ;
#8817 = VECTOR ( 'NONE', #4190, 1000.000000000000000 ) ;
#8818 = CARTESIAN_POINT ( 'NONE',  ( 0.2225623661388329566, -0.5316211630046722147, 0.2099999999999999922 ) ) ;
#8819 = B_SPLINE_CURVE_WITH_KNOTS ( 'NONE', 3,
 ( #6275, #254, #6173, #5589 ),
 .UNSPECIFIED., .F., .F.,
 ( 4, 4 ),
 ( 11.00000000000000000, 12.00000000000000000 ),
 .UNSPECIFIED. ) ;
#8820 = CARTESIAN_POINT ( 'NONE',  ( 0.3587842131597400730, -0.5685177307169276828, 0.2199999999999999734 ) ) ;
#8821 = CARTESIAN_POINT ( 'NONE',  ( 0.4549999999999995159, 0.5350000000000000311, -0.01000000000000000021 ) ) ;
#8822 = VERTEX_POINT ( 'NONE', #4750 ) ;
#8823 = CARTESIAN_POINT ( 'NONE',  ( 0.3887905459313502066, -0.5683444268146484735, 0.2199999999999999734 ) ) ;
#8824 = CARTESIAN_POINT ( 'NONE',  ( 0.5178400587799959487, -0.5903292646869716664, 0.2199999999999999734 ) ) ;
#8825 = VECTOR ( 'NONE', #7564, 1000.000000000000000 ) ;
#8826 = CARTESIAN_POINT ( 'NONE',  ( 0.3700365879491555043, -0.5884229217635547071, 0.2199999999999999734 ) ) ;
#8827 = ORIENTED_EDGE ( 'NONE', *, *, #1555, .T. ) ;
#8828 = ORIENTED_EDGE ( 'NONE', *, *, #474, .F. ) ;
#8829 = EDGE_LOOP ( 'NONE', ( #2491, #5957, #7738, #2953 ) ) ;
#8830 = DIRECTION ( 'NONE',  ( 0.000000000000000000, 0.000000000000000000, 1.000000000000000000 ) ) ;
#8831 = EDGE_CURVE ( 'NONE', #1831, #1636, #3263, .T. ) ;
#8832 = VECTOR ( 'NONE', #2107, 1000.000000000000000 ) ;
#8833 = CARTESIAN_POINT ( 'NONE',  ( 0.09757989089287485984, -0.5350642064721328195, 0.2199999999999999734 ) ) ;
#8834 = ORIENTED_EDGE ( 'NONE', *, *, #543, .F. ) ;
#8835 = CARTESIAN_POINT ( 'NONE',  ( 0.4251348499814950888, -0.5865908519406414223, 0.2199999999999999734 ) ) ;
#8836 = LINE ( 'NONE', #3673, #4145 ) ;
#8837 = LINE ( 'NONE', #2086, #2583 ) ;
#8838 = PLANE ( 'NONE',  #6571 ) ;
#8839 = CARTESIAN_POINT ( 'NONE',  ( 0.4295912360367263871, -0.5557427573587392367, 0.2199999999999999734 ) ) ;
#8840 = DIRECTION ( 'NONE',  ( -0.000000000000000000, 0.000000000000000000, 1.000000000000000000 ) ) ;
#8841 = VERTEX_POINT ( 'NONE', #998 ) ;
#8842 = VECTOR ( 'NONE', #1381, 1000.000000000000000 ) ;
#8843 = PRESENTATION_STYLE_ASSIGNMENT (( #8671 ) ) ;
#8844 = ORIENTED_EDGE ( 'NONE', *, *, #901, .T. ) ;
#8845 = CARTESIAN_POINT ( 'NONE',  ( 0.04500000000000018568, 0.2050000000000000988, 0.000000000000000000 ) ) ;
#8846 = VERTEX_POINT ( 'NONE', #8548 ) ;
#8847 = ADVANCED_FACE ( 'NONE', ( #4059 ), #3957, .F. ) ;
#8848 = CARTESIAN_POINT ( 'NONE',  ( 0.4833030668519888162, -0.4814944141392570320, 0.2099999999999999922 ) ) ;
#8849 = CARTESIAN_POINT ( 'NONE',  ( 0.5373738843214531657, -0.5656705951816078937, 0.2099999999999999922 ) ) ;
#8850 = B_SPLINE_SURFACE_WITH_KNOTS ( 'NONE', 3, 1, ( 
 ( #7709, #878 ),
 ( #6918, #3155 ),
 ( #6164, #9169 ),
 ( #7351, #5093 ) ),
 .UNSPECIFIED., .F., .F., .F.,
 ( 4, 4 ),
 ( 2, 2 ),
 ( 8.000000000000000000, 9.000000000000000000 ),
 ( 0.000000000000000000, 1.000000000000000000 ),
 .UNSPECIFIED. ) ;
#8851 = PLANE ( 'NONE',  #726 ) ;
#8852 = CARTESIAN_POINT ( 'NONE',  ( 0.2339243938209161489, -0.5694946542819088187, 0.2099999999999999922 ) ) ;
#8853 =( NAMED_UNIT ( * ) SI_UNIT ( $, .STERADIAN. ) SOLID_ANGLE_UNIT ( ) );
#8854 = EDGE_CURVE ( 'NONE', #9015, #5105, #8819, .T. ) ;
#8855 = EDGE_LOOP ( 'NONE', ( #2585, #2017, #5451, #7924 ) ) ;
#8856 = ADVANCED_FACE ( 'NONE', ( #9178 ), #3584, .T. ) ;
#8857 = VERTEX_POINT ( 'NONE', #3307 ) ;
#8858 = EDGE_CURVE ( 'NONE', #9646, #2723, #6881, .T. ) ;
#8859 = DIRECTION ( 'NONE',  ( 1.000000000000000000, 8.602582885162327898E-14, -0.000000000000000000 ) ) ;
#8860 = CARTESIAN_POINT ( 'NONE',  ( 0.1695394914845377576, -0.6132212958128574476, 0.2199999999999999734 ) ) ;
#8861 = ORIENTED_EDGE ( 'NONE', *, *, #3623, .F. ) ;
#8862 = CARTESIAN_POINT ( 'NONE',  ( 0.3732179524385628167, -0.5805747307663839951, 0.2199999999999999734 ) ) ;
#8863 = CARTESIAN_POINT ( 'NONE',  ( 0.3692938569399767945, -0.4898377591423283550, 0.2099999999999999922 ) ) ;
#8864 = EDGE_CURVE ( 'NONE', #2885, #3303, #3246, .T. ) ;
#8865 = VERTEX_POINT ( 'NONE', #6225 ) ;
#8866 = LINE ( 'NONE', #8055, #7928 ) ;
#8867 = CARTESIAN_POINT ( 'NONE',  ( 0.3954256096135573828, -0.5133823321341727253, 0.2199999999999999734 ) ) ;
#8868 = CARTESIAN_POINT ( 'NONE',  ( 0.1357976681292871468, -0.5440161208012131988, 0.2199999999999999734 ) ) ;
#8869 = AXIS2_PLACEMENT_3D ( 'NONE', #4394, #3662, #7412 ) ;
#8870 = LINE ( 'NONE', #829, #7511 ) ;
#8871 = DIRECTION ( 'NONE',  ( 0.8840949502478980815, 0.4673073067545236992, 0.000000000000000000 ) ) ;
#8872 = EDGE_LOOP ( 'NONE', ( #1685, #8503, #5555, #2289 ) ) ;
#8873 = FILL_AREA_STYLE ('',( #2816 ) ) ;
#8874 = CARTESIAN_POINT ( 'NONE',  ( 0.3806947779310642099, -0.5740634555855693710, 0.2199999999999999734 ) ) ;
#8875 = PLANE ( 'NONE',  #2647 ) ;
#8876 = CARTESIAN_POINT ( 'NONE',  ( 0.5356037087495659765, -0.5550742994505619698, 0.2099999999999999922 ) ) ;
#8877 = B_SPLINE_CURVE_WITH_KNOTS ( 'NONE', 3,
 ( #2266, #8971, #5429, #7702 ),
 .UNSPECIFIED., .F., .F.,
 ( 4, 4 ),
 ( 2.000000000000000000, 3.000000000000000000 ),
 .UNSPECIFIED. ) ;
#8878 = VERTEX_POINT ( 'NONE', #6323 ) ;
#8879 = VERTEX_POINT ( 'NONE', #3906 ) ;
#8880 = VECTOR ( 'NONE', #1765, 1000.000000000000000 ) ;
#8881 = ORIENTED_EDGE ( 'NONE', *, *, #4387, .F. ) ;
#8882 = CARTESIAN_POINT ( 'NONE',  ( -0.5350000000000002531, 0.4550000000000000155, -0.01000000000000000021 ) ) ;
#8883 = CARTESIAN_POINT ( 'NONE',  ( 0.4135358673878523073, -0.5695327964296650336, 0.2099999999999999922 ) ) ;
#8884 = ORIENTED_EDGE ( 'NONE', *, *, #6201, .F. ) ;
#8885 = CARTESIAN_POINT ( 'NONE',  ( 0.4550000000000001266, 0.2050000000000000155, -0.01000000000000000021 ) ) ;
#8886 = VECTOR ( 'NONE', #260, 1000.000000000000000 ) ;
#8887 = PLANE ( 'NONE',  #9699 ) ;
#8888 = VECTOR ( 'NONE', #5158, 1000.000000000000000 ) ;
#8889 = CARTESIAN_POINT ( 'NONE',  ( 0.5079864940576305221, -0.4728787344324648645, 0.2199999999999999734 ) ) ;
#8890 = DIRECTION ( 'NONE',  ( -0.000000000000000000, -0.000000000000000000, -1.000000000000000000 ) ) ;
#8891 = FILL_AREA_STYLE_COLOUR ( '', #896 ) ;
#8892 = CARTESIAN_POINT ( 'NONE',  ( 0.4715555380566762711, -0.5029345826047947332, 0.2099999999999999922 ) ) ;
#8893 = ORIENTED_EDGE ( 'NONE', *, *, #2577, .T. ) ;
#8894 = SURFACE_SIDE_STYLE ('',( #5894 ) ) ;
#8895 = VERTEX_POINT ( 'NONE', #107 ) ;
#8896 = CARTESIAN_POINT ( 'NONE',  ( 0.3887905459313502066, -0.5762916486132638738, 0.2199999999999999734 ) ) ;
#8897 = PRESENTATION_LAYER_ASSIGNMENT (  '', '', ( #9365 ) ) ;
#8898 = EDGE_LOOP ( 'NONE', ( #6169, #6490, #1300, #9528 ) ) ;
#8899 = CARTESIAN_POINT ( 'NONE',  ( 0.5466332642361452221, -0.5903292646869716664, 0.2099999999999999922 ) ) ;
#8900 = ORIENTED_EDGE ( 'NONE', *, *, #2702, .F. ) ;
#8901 = CARTESIAN_POINT ( 'NONE',  ( 0.4928966757207836058, -0.5629720058482915457, 0.2099999999999999922 ) ) ;
#8902 = LINE ( 'NONE', #8335, #5487 ) ;
#8903 = VECTOR ( 'NONE', #6293, 1000.000000000000114 ) ;
#8904 = CARTESIAN_POINT ( 'NONE',  ( 0.5107717353422533968, -0.5848082975186108534, 0.2199999999999999734 ) ) ;
#8905 = CARTESIAN_POINT ( 'NONE',  ( 0.5317786440525880121, -0.5880763139593236932, 0.2199999999999999734 ) ) ;
#8906 = ADVANCED_FACE ( 'NONE', ( #149 ), #1127, .T. ) ;
#8907 = ORIENTED_EDGE ( 'NONE', *, *, #8679, .T. ) ;
#8908 = VERTEX_POINT ( 'NONE', #5097 ) ;
#8909 = VECTOR ( 'NONE', #3650, 1000.000000000000000 ) ;
#8910 = FILL_AREA_STYLE ('',( #1311 ) ) ;
#8911 = CARTESIAN_POINT ( 'NONE',  ( 0.5415084202729018026, -0.5790149956468618742, 0.2199999999999999734 ) ) ;
#8912 = B_SPLINE_SURFACE_WITH_KNOTS ( 'NONE', 3, 1, ( 
 ( #6907, #5422 ),
 ( #8433, #1664 ),
 ( #4676, #921 ),
 ( #7697, #3935 ) ),
 .UNSPECIFIED., .F., .F., .F.,
 ( 4, 4 ),
 ( 2, 2 ),
 ( 27.00000000000000000, 28.00000000000000000 ),
 ( 0.000000000000000000, 1.000000000000000000 ),
 .UNSPECIFIED. ) ;
#8913 = B_SPLINE_CURVE_WITH_KNOTS ( 'NONE', 3,
 ( #3777, #6078, #6790, #5501 ),
 .UNSPECIFIED., .F., .F.,
 ( 4, 4 ),
 ( 1.000000000000000000, 2.000000000000000000 ),
 .UNSPECIFIED. ) ;
#8914 = DIRECTION ( 'NONE',  ( -1.000000000000000000, 0.000000000000000000, 0.000000000000000000 ) ) ;
#8915 = EDGE_CURVE ( 'NONE', #3666, #9028, #5616, .T. ) ;
#8916 = ORIENTED_EDGE ( 'NONE', *, *, #8402, .T. ) ;
#8917 = EDGE_CURVE ( 'NONE', #2962, #4075, #5044, .T. ) ;
#8919 = EDGE_CURVE ( 'NONE', #8126, #8641, #6563, .T. ) ;
#8918 = COLOUR_RGB ( '',0.2980392156862745057, 0.2980392156862745057, 0.2980392156862745057 ) ;
#8920 = ORIENTED_EDGE ( 'NONE', *, *, #5264, .F. ) ;
#8921 = CARTESIAN_POINT ( 'NONE',  ( 0.3414662017951807238, -0.5079851534672040758, 0.2199999999999999734 ) ) ;
#8922 = DIRECTION ( 'NONE',  ( -0.000000000000000000, -0.000000000000000000, -1.000000000000000000 ) ) ;
#8923 = VECTOR ( 'NONE', #9444, 1000.000000000000000 ) ;
#8924 = CARTESIAN_POINT ( 'NONE',  ( 0.3732179524385628167, -0.5786931455429136228, 0.2199999999999999734 ) ) ;
#8925 = SURFACE_STYLE_USAGE ( .BOTH. , #9023 ) ;
#8926 = EDGE_CURVE ( 'NONE', #3336, #2203, #2896, .T. ) ;
#8927 = ORIENTED_EDGE ( 'NONE', *, *, #4412, .T. ) ;
#8928 = CARTESIAN_POINT ( 'NONE',  ( 0.4928966757207836058, -0.5685177307169276828, 0.2099999999999999922 ) ) ;
#8929 = CARTESIAN_POINT ( 'NONE',  ( 0.5832994183907361796, -0.5903292646869716664, 0.2199999999999999734 ) ) ;
#8930 = EDGE_CURVE ( 'NONE', #8761, #836, #9551, .T. ) ;
#8931 = EDGE_CURVE ( 'NONE', #1457, #3825, #6426, .T. ) ;
#8932 = CARTESIAN_POINT ( 'NONE',  ( 0.1368305851097446069, -0.4803198330689036899, 0.2199999999999999734 ) ) ;
#8933 = ORIENTED_EDGE ( 'NONE', *, *, #2190, .F. ) ;
#8934 = VERTEX_POINT ( 'NONE', #4900 ) ;
#8935 = AXIS2_PLACEMENT_3D ( 'NONE', #1202, #4123, #5662 ) ;
#8936 = ORIENTED_EDGE ( 'NONE', *, *, #3843, .T. ) ;
#8937 = DIRECTION ( 'NONE',  ( -0.000000000000000000, 1.000000000000000000, -0.000000000000000000 ) ) ;
#8938 = B_SPLINE_SURFACE_WITH_KNOTS ( 'NONE', 3, 1, ( 
 ( #82, #7841 ),
 ( #2497, #4027 ),
 ( #1018, #9196 ),
 ( #8480, #2549 ) ),
 .UNSPECIFIED., .F., .F., .F.,
 ( 4, 4 ),
 ( 2, 2 ),
 ( 4.000000000000000000, 5.000000000000000000 ),
 ( 0.000000000000000000, 1.000000000000000000 ),
 .UNSPECIFIED. ) ;
#8939 = PLANE ( 'NONE',  #7270 ) ;
#8940 = CARTESIAN_POINT ( 'NONE',  ( 0.4106887318525338504, -0.5677502420073075040, 0.2099999999999999922 ) ) ;
#8941 = EDGE_LOOP ( 'NONE', ( #146, #3079, #3915, #8196 ) ) ;
#8942 =( NAMED_UNIT ( * ) PLANE_ANGLE_UNIT ( ) SI_UNIT ( $, .RADIAN. ) );
#8943 = VECTOR ( 'NONE', #5854, 1000.000000000000227 ) ;
#8944 = CARTESIAN_POINT ( 'NONE',  ( 0.3627330663586046389, -0.4902091246471647068, 0.2199999999999999734 ) ) ;
#8945 = LINE ( 'NONE', #3724, #9048 ) ;
#8946 = DIRECTION ( 'NONE',  ( -1.000000000000000000, 0.000000000000000000, -0.000000000000000000 ) ) ;
#8947 = FACE_OUTER_BOUND ( 'NONE', #3950, .T. ) ;
#8948 = CARTESIAN_POINT ( 'NONE',  ( 0.4122979823726110604, -0.5751280366988599235, 0.2199999999999999734 ) ) ;
#8949 = CARTESIAN_POINT ( 'NONE',  ( 0.4565028562702310722, -0.5557427573587392367, 0.2199999999999999734 ) ) ;
#8950 = VERTEX_POINT ( 'NONE', #1878 ) ;
#8951 = VERTEX_POINT ( 'NONE', #4102 ) ;
#8952 = CARTESIAN_POINT ( 'NONE',  ( 0.3879240264206146316, -0.5814907656776757694, 0.2199999999999999734 ) ) ;
#8953 =( GEOMETRIC_REPRESENTATION_CONTEXT ( 3 ) GLOBAL_UNCERTAINTY_ASSIGNED_CONTEXT ( ( #7024 ) ) GLOBAL_UNIT_ASSIGNED_CONTEXT ( ( #2382, #71, #5210 ) ) REPRESENTATION_CONTEXT ( 'NONE', 'WORKASPACE' ) );
#8954 = ORIENTED_EDGE ( 'NONE', *, *, #8919, .F. ) ;
#8955 = CARTESIAN_POINT ( 'NONE',  ( 0.4466864280986146962, -0.5830009853963081801, 0.2099999999999999922 ) ) ;
#8956 = ORIENTED_EDGE ( 'NONE', *, *, #8972, .T. ) ;
#8957 = CARTESIAN_POINT ( 'NONE',  ( 0.000000000000000000, 0.000000000000000000, 0.2099999999999999922 ) ) ;
#8958 = CARTESIAN_POINT ( 'NONE',  ( 0.3817841167446345829, -0.5598772933098575821, 0.2199999999999999734 ) ) ;
#8959 = CARTESIAN_POINT ( 'NONE',  ( 0.3627330663586046389, -0.4902091246471647068, 0.2199999999999999734 ) ) ;
#8960 = CARTESIAN_POINT ( 'NONE',  ( 0.4347284588502749458, -0.5135061206355653329, 0.2199999999999999734 ) ) ;
#8961 = CARTESIAN_POINT ( 'NONE',  ( 0.4571589353282689006, -0.5079851534672040758, 0.2199999999999999734 ) ) ;
#8962 = EDGE_LOOP ( 'NONE', ( #8785, #2109, #4090, #8672 ) ) ;
#8963 = VECTOR ( 'NONE', #6395, 1000.000000000000000 ) ;
#8964 = CARTESIAN_POINT ( 'NONE',  ( 0.2494180894249892755, -0.5694946542819088187, 0.2099999999999999922 ) ) ;
#8965 = DIRECTION ( 'NONE',  ( 0.000000000000000000, -0.000000000000000000, -1.000000000000000000 ) ) ;
#8966 = EDGE_CURVE ( 'NONE', #5697, #2296, #8012, .T. ) ;
#8967 = CARTESIAN_POINT ( 'NONE',  ( 0.4574436488814716539, -0.4706505414047669200, 0.2199999999999999734 ) ) ;
#8968 = ORIENTED_EDGE ( 'NONE', *, *, #9678, .T. ) ;
#8969 = CARTESIAN_POINT ( 'NONE',  ( 0.3700365879491555043, -0.5884229217635547071, 0.2199999999999999734 ) ) ;
#8970 = VERTEX_POINT ( 'NONE', #2676 ) ;
#8971 = CARTESIAN_POINT ( 'NONE',  ( 0.3732179524385628167, -0.5822334966866880013, 0.2099999999999999922 ) ) ;
#8972 = EDGE_CURVE ( 'NONE', #6227, #1711, #8686, .T. ) ;
#8973 = FACE_OUTER_BOUND ( 'NONE', #1187, .T. ) ;
#8974 = CARTESIAN_POINT ( 'NONE',  ( 0.4031128755587552459, -0.5650764103742687006, 0.2099999999999999922 ) ) ;
#8975 = ADVANCED_FACE ( 'NONE', ( #7312 ), #1090, .F. ) ;
#8976 = CARTESIAN_POINT ( 'NONE',  ( 0.4336267411867306132, -0.4706505414047669200, 0.2099999999999999922 ) ) ;
#8977 = CARTESIAN_POINT ( 'NONE',  ( 0.04500000000000017181, 0.4550000000000000155, -0.01000000000000000021 ) ) ;
#8978 = ORIENTED_EDGE ( 'NONE', *, *, #3997, .T. ) ;
#8979 = SURFACE_STYLE_USAGE ( .BOTH. , #5147 ) ;
#8980 = DIRECTION ( 'NONE',  ( 0.000000000000000000, 0.000000000000000000, 1.000000000000000000 ) ) ;
#8981 = CARTESIAN_POINT ( 'NONE',  ( 0.2955548771440311695, -0.5422946056345676613, 0.2199999999999999734 ) ) ;
#8982 = DIRECTION ( 'NONE',  ( -1.000000000000000000, 0.000000000000000000, 0.000000000000000000 ) ) ;
#8983 = ORIENTED_EDGE ( 'NONE', *, *, #7, .F. ) ;
#8984 = VERTEX_POINT ( 'NONE', #8821 ) ;
#8985 = AXIS2_PLACEMENT_3D ( 'NONE', #1042, #936, #5441 ) ;
#8986 = VERTEX_POINT ( 'NONE', #8728 ) ;
#8987 = EDGE_CURVE ( 'NONE', #4140, #3518, #3508, .T. ) ;
#8988 = CARTESIAN_POINT ( 'NONE',  ( 0.5180876357827777223, -0.5474736854561763622, 0.2199999999999999734 ) ) ;
#8989 = EDGE_CURVE ( 'NONE', #6528, #5855, #3461, .T. ) ;
#8990 = ADVANCED_FACE ( 'NONE', ( #1232 ), #9396, .F. ) ;
#8991 = CARTESIAN_POINT ( 'NONE',  ( 0.4264346292475972300, -0.5809213385706111232, 0.2199999999999999734 ) ) ;
#8992 = ORIENTED_EDGE ( 'NONE', *, *, #9401, .T. ) ;
#8993 =( GEOMETRIC_REPRESENTATION_CONTEXT ( 3 ) GLOBAL_UNCERTAINTY_ASSIGNED_CONTEXT ( ( #6833 ) ) GLOBAL_UNIT_ASSIGNED_CONTEXT ( ( #4866, #363, #5654 ) ) REPRESENTATION_CONTEXT ( 'NONE', 'WORKASPACE' ) );
#8994 = B_SPLINE_CURVE_WITH_KNOTS ( 'NONE', 3,
 ( #3628, #8709, #9568, #3577, #1295, #7330, #7379 ),
 .UNSPECIFIED., .F., .F.,
 ( 4, 3, 4 ),
 ( 0.000000000000000000, 1.000000000000000000, 2.000000000000000000 ),
 .UNSPECIFIED. ) ;
#8995 = DIRECTION ( 'NONE',  ( 0.000000000000000000, 0.000000000000000000, 1.000000000000000000 ) ) ;
#8996 = CARTESIAN_POINT ( 'NONE',  ( 0.4165810645255624833, -0.5549505109488411803, 0.2199999999999999734 ) ) ;
#8997 = CARTESIAN_POINT ( 'NONE',  ( 0.2857422052315230498, -0.5143198873112007075, 0.2199999999999999734 ) ) ;
#8998 = DIRECTION ( 'NONE',  ( 0.000000000000000000, 0.000000000000000000, 1.000000000000000000 ) ) ;
#8999 = EDGE_LOOP ( 'NONE', ( #3128, #5257, #5312, #1551 ) ) ;
#9000 = PRESENTATION_STYLE_ASSIGNMENT (( #3821 ) ) ;
#9001 = VERTEX_POINT ( 'NONE', #4243 ) ;
#9002 = ADVANCED_FACE ( 'NONE', ( #9505 ), #7218, .T. ) ;
#9003 =( NAMED_UNIT ( * ) PLANE_ANGLE_UNIT ( ) SI_UNIT ( $, .RADIAN. ) );
#9004 = PRESENTATION_LAYER_ASSIGNMENT (  '', '', ( #3486 ) ) ;
#9005 = CARTESIAN_POINT ( 'NONE',  ( 0.3822668919005590693, -0.5861699710355784410, 0.2099999999999999922 ) ) ;
#9006 = EDGE_LOOP ( 'NONE', ( #6987, #86, #5847, #3327 ) ) ;
#9007 = CARTESIAN_POINT ( 'NONE',  ( 0.5373738843214531657, -0.5717114740564758213, 0.2199999999999999734 ) ) ;
#9008 = ORIENTED_EDGE ( 'NONE', *, *, #6286, .T. ) ;
#9009 = FACE_OUTER_BOUND ( 'NONE', #4200, .T. ) ;
#9010 = CARTESIAN_POINT ( 'NONE',  ( 0.4095993930391267357, -0.5558665458601321774, 0.2199999999999999734 ) ) ;
#9011 = VECTOR ( 'NONE', #5685, 1000.000000000000000 ) ;
#9012 = CARTESIAN_POINT ( 'NONE',  ( 0.4391229506548112727, -0.5998114639044999086, 0.2099999999999999922 ) ) ;
#9013 = DIRECTION ( 'NONE',  ( 0.000000000000000000, 0.000000000000000000, 1.000000000000000000 ) ) ;
#9014 = CARTESIAN_POINT ( 'NONE',  ( 0.3612599831903885450, -0.5903292646869716664, 0.2199999999999999734 ) ) ;
#9015 = VERTEX_POINT ( 'NONE', #5242 ) ;
#9016 = MECHANICAL_DESIGN_GEOMETRIC_PRESENTATION_REPRESENTATION (  '', ( #3820 ), #821 ) ;
#9017 = CARTESIAN_POINT ( 'NONE',  ( 0.1547344072008220162, -0.4655147471435845952, 0.2099999999999999922 ) ) ;
#9018 = DIRECTION ( 'NONE',  ( -0.000000000000000000, -0.000000000000000000, -1.000000000000000000 ) ) ;
#9019 = DIRECTION ( 'NONE',  ( 0.000000000000000000, 1.000000000000000000, 0.000000000000000000 ) ) ;
#9020 = ORIENTED_EDGE ( 'NONE', *, *, #8116, .T. ) ;
#9021 = CARTESIAN_POINT ( 'NONE',  ( 0.3352148824677828043, -0.5135061206355653329, 0.2199999999999999734 ) ) ;
#9022 = DIRECTION ( 'NONE',  ( -0.000000000000000000, -0.000000000000000000, -1.000000000000000000 ) ) ;
#9023 = SURFACE_SIDE_STYLE ('',( #2914 ) ) ;
#9024 = EDGE_LOOP ( 'NONE', ( #2527, #8399, #4826, #58 ) ) ;
#9025 = CARTESIAN_POINT ( 'NONE',  ( 0.4650318840257194886, -0.4650800588358516285, 0.2199999999999999734 ) ) ;
#9026 = CARTESIAN_POINT ( 'NONE',  ( -0.7000000000000001776, 0.6999999999999999556, 0.000000000000000000 ) ) ;
#9027 = CARTESIAN_POINT ( 'NONE',  ( 0.6999999999999997335, -0.6999999999999999556, 0.2099999999999999922 ) ) ;
#9028 = VERTEX_POINT ( 'NONE', #8113 ) ;
#9029 = ORIENTED_EDGE ( 'NONE', *, *, #59, .F. ) ;
#9030 = EDGE_CURVE ( 'NONE', #4250, #3901, #6773, .T. ) ;
#9031 = ORIENTED_EDGE ( 'NONE', *, *, #9688, .F. ) ;
#9032 = CARTESIAN_POINT ( 'NONE',  ( 0.1809015388678730796, -0.4520868772915670464, 0.2199999999999999734 ) ) ;
#9033 = DIRECTION ( 'NONE',  ( -1.000000000000000000, 0.000000000000000000, 0.000000000000000000 ) ) ;
#9034 = ORIENTED_EDGE ( 'NONE', *, *, #6216, .F. ) ;
#9035 = EDGE_CURVE ( 'NONE', #399, #5887, #5, .T. ) ;
#9036 = PRESENTATION_LAYER_ASSIGNMENT (  '', '', ( #9353 ) ) ;
#9037 = CARTESIAN_POINT ( 'NONE',  ( 0.3875774186163857826, -0.4699078103957542996, 0.2199999999999999734 ) ) ;
#9038 = DIRECTION ( 'NONE',  ( -1.000000000000000000, -6.995610782682754331E-14, 0.000000000000000000 ) ) ;
#9039 = EDGE_LOOP ( 'NONE', ( #6219, #5287, #7273, #5098 ) ) ;
#9040 = EDGE_CURVE ( 'NONE', #1830, #1438, #5143, .T. ) ;
#9041 = EDGE_CURVE ( 'NONE', #550, #5539, #4343, .T. ) ;
#9042 = CARTESIAN_POINT ( 'NONE',  ( 0.000000000000000000, 0.000000000000000000, 0.2199999999999999734 ) ) ;
#9043 = EDGE_LOOP ( 'NONE', ( #1517, #4655, #2136, #8649 ) ) ;
#9044 =( LENGTH_UNIT ( ) NAMED_UNIT ( * ) SI_UNIT ( .MILLI., .METRE. ) );
#9045 = DIRECTION ( 'NONE',  ( -0.000000000000000000, -0.000000000000000000, 1.000000000000000000 ) ) ;
#9046 = ORIENTED_EDGE ( 'NONE', *, *, #5506, .T. ) ;
#9047 = VECTOR ( 'NONE', #4340, 1000.000000000000000 ) ;
#9048 = VECTOR ( 'NONE', #6738, 1000.000000000000000 ) ;
#9049 = FACE_OUTER_BOUND ( 'NONE', #820, .T. ) ;
#9050 = EDGE_LOOP ( 'NONE', ( #879, #2823, #1360, #4221, #6548, #9272, #3783 ) ) ;
#9051 = PRESENTATION_STYLE_ASSIGNMENT (( #6944 ) ) ;
#9052 = EDGE_CURVE ( 'NONE', #937, #1778, #8240, .T. ) ;
#9053 = DIRECTION ( 'NONE',  ( 0.000000000000000000, 0.000000000000000000, 1.000000000000000000 ) ) ;
#9054 = CARTESIAN_POINT ( 'NONE',  ( 0.1061874995618597578, -0.5612313381391825784, 0.2099999999999999922 ) ) ;
#9055 = DIRECTION ( 'NONE',  ( -0.000000000000000000, -0.000000000000000000, -1.000000000000000000 ) ) ;
#9056 = DIRECTION ( 'NONE',  ( -0.000000000000000000, -0.000000000000000000, 1.000000000000000000 ) ) ;
#9057 = PRESENTATION_LAYER_ASSIGNMENT (  '', '', ( #1029 ) ) ;
#9058 = ORIENTED_EDGE ( 'NONE', *, *, #4708, .T. ) ;
#9059 = CARTESIAN_POINT ( 'NONE',  ( 0.3692938569399767945, -0.4898377591423283550, 0.2199999999999999734 ) ) ;
#9060 = VECTOR ( 'NONE', #8375, 1000.000000000000000 ) ;
#9061 = CARTESIAN_POINT ( 'NONE',  ( 0.3692938569399767945, -0.4898377591423283550, 0.2199999999999999734 ) ) ;
#9062 = VERTEX_POINT ( 'NONE', #6824 ) ;
#9063 = FACE_OUTER_BOUND ( 'NONE', #6743, .T. ) ;
#9064 = PRESENTATION_LAYER_ASSIGNMENT (  '', '', ( #1987 ) ) ;
#9065 = CARTESIAN_POINT ( 'NONE',  ( 0.3948561825064956787, -0.5903292646869716664, 0.2199999999999999734 ) ) ;
#9066 = ORIENTED_EDGE ( 'NONE', *, *, #6286, .F. ) ;
#9067 = CARTESIAN_POINT ( 'NONE',  ( 0.4165810645255624833, -0.5911462687971523744, 0.2099999999999999922 ) ) ;
#9068 = LINE ( 'NONE', #2516, #6069 ) ;
#9069 = DIRECTION ( 'NONE',  ( 1.000000000000000000, 0.000000000000000000, 0.000000000000000000 ) ) ;
#9070 = ORIENTED_EDGE ( 'NONE', *, *, #4642, .T. ) ;
#9071 = AXIS2_PLACEMENT_3D ( 'NONE', #5644, #4196, #9278 ) ;
#9072 = CARTESIAN_POINT ( 'NONE',  ( 0.4264346292475972300, -0.5809213385706111232, 0.2099999999999999922 ) ) ;
#9073 = LINE ( 'NONE', #6871, #685 ) ;
#9074 = B_SPLINE_SURFACE_WITH_KNOTS ( 'NONE', 3, 1, ( 
 ( #1823, #2612 ),
 ( #4233, #7253 ),
 ( #7902, #8718 ),
 ( #482, #9538 ) ),
 .UNSPECIFIED., .F., .F., .F.,
 ( 4, 4 ),
 ( 2, 2 ),
 ( 1.000000000000000000, 2.000000000000000000 ),
 ( 0.000000000000000000, 1.000000000000000000 ),
 .UNSPECIFIED. ) ;
#9075 = ORIENTED_EDGE ( 'NONE', *, *, #4339, .F. ) ;
#9076 = EDGE_LOOP ( 'NONE', ( #1953, #7816, #794, #7177 ) ) ;
#9077 = ORIENTED_EDGE ( 'NONE', *, *, #2249, .F. ) ;
#9078 = CIRCLE ( 'NONE', #4843, 0.07999999999999998779 ) ;
#9079 = CARTESIAN_POINT ( 'NONE',  ( 0.5317786440525880121, -0.5440323651138447847, 0.2099999999999999922 ) ) ;
#9080 = CARTESIAN_POINT ( 'NONE',  ( 0.4202080676204789089, -0.5846349936166626016, 0.2099999999999999922 ) ) ;
#9081 = ORIENTED_EDGE ( 'NONE', *, *, #9351, .T. ) ;
#9082 = ADVANCED_FACE ( 'NONE', ( #3058 ), #4442, .T. ) ;
#9083 = B_SPLINE_CURVE_WITH_KNOTS ( 'NONE', 3,
 ( #7095, #415, #369, #5608 ),
 .UNSPECIFIED., .F., .F.,
 ( 4, 4 ),
 ( 14.00000000000000000, 15.00000000000000000 ),
 .UNSPECIFIED. ) ;
#9084 = CARTESIAN_POINT ( 'NONE',  ( 0.5415084202729018026, -0.5525985294197498510, 0.2199999999999999734 ) ) ;
#9085 = CARTESIAN_POINT ( 'NONE',  ( 0.3738740314966013112, -0.5560150920621330650, 0.2099999999999999922 ) ) ;
#9086 = SURFACE_STYLE_USAGE ( .BOTH. , #5305 ) ;
#9087 = PLANE ( 'NONE',  #6921 ) ;
#9088 = DIRECTION ( 'NONE',  ( -1.000000000000000000, 0.000000000000000000, 0.000000000000000000 ) ) ;
#9089 = ORIENTED_EDGE ( 'NONE', *, *, #5496, .F. ) ;
#9090 = DIRECTION ( 'NONE',  ( -0.3897582650654988767, -0.9209172030172594337, -0.000000000000000000 ) ) ;
#9091 = B_SPLINE_CURVE_WITH_KNOTS ( 'NONE', 3,
 ( #8310, #6729, #7522, #5344 ),
 .UNSPECIFIED., .F., .F.,
 ( 4, 4 ),
 ( 3.000000000000000000, 4.000000000000000000 ),
 .UNSPECIFIED. ) ;
#9092 = CARTESIAN_POINT ( 'NONE',  ( 0.1385521068436401659, -0.5006337717965224643, 0.2199999999999999734 ) ) ;
#9093 = ORIENTED_EDGE ( 'NONE', *, *, #1270, .F. ) ;
#9094 = EDGE_CURVE ( 'NONE', #8775, #573, #3709, .T. ) ;
#9095 = VECTOR ( 'NONE', #3557, 1000.000000000000000 ) ;
#9096 = LINE ( 'NONE', #2340, #3547 ) ;
#9097 = ORIENTED_EDGE ( 'NONE', *, *, #1215, .T. ) ;
#9098 = EDGE_CURVE ( 'NONE', #5105, #9188, #5875, .T. ) ;
#9099 = B_SPLINE_CURVE_WITH_KNOTS ( 'NONE', 3,
 ( #7143, #2692, #461, #7983 ),
 .UNSPECIFIED., .F., .F.,
 ( 4, 4 ),
 ( 7.000000000000000000, 8.000000000000000000 ),
 .UNSPECIFIED. ) ;
#9100 = LINE ( 'NONE', #7790, #6401 ) ;
#9101 = PLANE ( 'NONE',  #4950 ) ;
#9102 = PLANE ( 'NONE',  #3894 ) ;
#9103 = CARTESIAN_POINT ( 'NONE',  ( 0.5077141593542358056, -0.4712694839123869883, 0.2199999999999999734 ) ) ;
#9104 = FACE_OUTER_BOUND ( 'NONE', #8327, .T. ) ;
#9105 = ORIENTED_EDGE ( 'NONE', *, *, #7066, .T. ) ;
#9106 = EDGE_CURVE ( 'NONE', #9474, #1831, #9707, .T. ) ;
#9107 = DIRECTION ( 'NONE',  ( 0.000000000000000000, 0.000000000000000000, -1.000000000000000000 ) ) ;
#9108 =( NAMED_UNIT ( * ) PLANE_ANGLE_UNIT ( ) SI_UNIT ( $, .RADIAN. ) );
#9109 = EDGE_CURVE ( 'NONE', #8807, #2368, #2363, .T. ) ;
#9110 = VECTOR ( 'NONE', #3677, 1000.000000000000000 ) ;
#9111 = EDGE_CURVE ( 'NONE', #477, #9624, #4633, .T. ) ;
#9112 = DIRECTION ( 'NONE',  ( 0.000000000000000000, 0.000000000000000000, -1.000000000000000000 ) ) ;
#9113 = CARTESIAN_POINT ( 'NONE',  ( 0.4225352914492895295, -0.5883981640632763854, 0.2199999999999999734 ) ) ;
#9114 = VECTOR ( 'NONE', #4124, 1000.000000000000000 ) ;
#9115 = CARTESIAN_POINT ( 'NONE',  ( 0.4975511233783935783, -0.5002607509714263045, 0.2199999999999999734 ) ) ;
#9116 = EDGE_CURVE ( 'NONE', #3771, #1585, #933, .T. ) ;
#9117 = ORIENTED_EDGE ( 'NONE', *, *, #246, .T. ) ;
#9118 = PRESENTATION_STYLE_ASSIGNMENT (( #3251 ) ) ;
#9119 = DIRECTION ( 'NONE',  ( 1.000000000000000000, 0.000000000000000000, 0.000000000000000000 ) ) ;
#9120 = CARTESIAN_POINT ( 'NONE',  ( 0.3875774186163857826, -0.4699078103957542996, 0.2099999999999999922 ) ) ;
#9121 = FACE_OUTER_BOUND ( 'NONE', #1488, .T. ) ;
#9122 = ORIENTED_EDGE ( 'NONE', *, *, #538, .F. ) ;
#9123 = VECTOR ( 'NONE', #4807, 1000.000000000000000 ) ;
#9124 = CARTESIAN_POINT ( 'NONE',  ( 0.3748272029584767129, -0.5761926178121495878, 0.2099999999999999922 ) ) ;
#9125 = CARTESIAN_POINT ( 'NONE',  ( 0.4714193707048132675, -0.4752059582612774280, 0.2099999999999999922 ) ) ;
#9126 = ORIENTED_EDGE ( 'NONE', *, *, #9225, .F. ) ;
#9127 = EDGE_LOOP ( 'NONE', ( #4378, #8022, #4054, #8300 ) ) ;
#9128 = B_SPLINE_CURVE_WITH_KNOTS ( 'NONE', 3,
 ( #9547, #3506, #2858, #2810 ),
 .UNSPECIFIED., .F., .F.,
 ( 4, 4 ),
 ( 4.000000000000000000, 5.000000000000000000 ),
 .UNSPECIFIED. ) ;
#9129 = B_SPLINE_CURVE_WITH_KNOTS ( 'NONE', 3,
 ( #2042, #4874, #9342, #2694 ),
 .UNSPECIFIED., .F., .F.,
 ( 4, 4 ),
 ( 34.00000000000000000, 35.00000000000000000 ),
 .UNSPECIFIED. ) ;
#9130 = CARTESIAN_POINT ( 'NONE',  ( 0.3887905459313502066, -0.5729741167719957229, 0.2199999999999999734 ) ) ;
#9131 = ORIENTED_EDGE ( 'NONE', *, *, #6587, .F. ) ;
#9132 = B_SPLINE_CURVE_WITH_KNOTS ( 'NONE', 3,
 ( #5643, #7076, #3355, #349 ),
 .UNSPECIFIED., .F., .F.,
 ( 4, 4 ),
 ( 2.000000000000000000, 3.000000000000000000 ),
 .UNSPECIFIED. ) ;
#9133 = CARTESIAN_POINT ( 'NONE',  ( 0.3738616526464632051, -0.5612884822273783714, 0.2199999999999999734 ) ) ;
#9134 = CARTESIAN_POINT ( 'NONE',  ( 0.000000000000000000, 0.000000000000000000, 0.2199999999999999734 ) ) ;
#9135 = DIRECTION ( 'NONE',  ( -0.3559357243699015627, 0.9345104387417368930, -0.000000000000000000 ) ) ;
#9136 = CIRCLE ( 'NONE', #7418, 0.07999999999999998779 ) ;
#9137 = CARTESIAN_POINT ( 'NONE',  ( 0.5683581462555442609, -0.5480926279641260557, 0.2099999999999999922 ) ) ;
#9138 = CARTESIAN_POINT ( 'NONE',  ( 0.4030757390083364311, -0.5891161373720085193, 0.2199999999999999734 ) ) ;
#9139 = ORIENTED_EDGE ( 'NONE', *, *, #246, .F. ) ;
#9140 = CARTESIAN_POINT ( 'NONE',  ( 0.4196881559141360518, -0.5790892687480261314, 0.2099999999999999922 ) ) ;
#9141 = CARTESIAN_POINT ( 'NONE',  ( 0.1320103255684831056, -0.5006337717965224643, 0.2199999999999999734 ) ) ;
#9142 = B_SPLINE_CURVE_WITH_KNOTS ( 'NONE', 3,
 ( #6254, #979, #284, #9255 ),
 .UNSPECIFIED., .F., .F.,
 ( 4, 4 ),
 ( 5.000000000000000000, 6.000000000000000000 ),
 .UNSPECIFIED. ) ;
#9143 = ORIENTED_EDGE ( 'NONE', *, *, #2654, .T. ) ;
#9144 = VECTOR ( 'NONE', #6670, 1000.000000000000000 ) ;
#9145 = CARTESIAN_POINT ( 'NONE',  ( 0.000000000000000000, 0.000000000000000000, 0.2099999999999999922 ) ) ;
#9146 = ORIENTED_EDGE ( 'NONE', *, *, #3261, .T. ) ;
#9147 = CARTESIAN_POINT ( 'NONE',  ( 0.1636863149628198510, -0.5715604882431516431, 0.2099999999999999922 ) ) ;
#9148 = CARTESIAN_POINT ( 'NONE',  ( 0.4044126548248562769, -0.5595554432059079986, 0.2199999999999999734 ) ) ;
#9149 = PLANE ( 'NONE',  #9268 ) ;
#9150 = CARTESIAN_POINT ( 'NONE',  ( 0.4202080676204789089, -0.5815155233779537580, 0.2099999999999999922 ) ) ;
#9151 = CARTESIAN_POINT ( 'NONE',  ( 0.5439470537532964389, -0.5654972912796583095, 0.2199999999999999734 ) ) ;
#9152 = VECTOR ( 'NONE', #458, 1000.000000000000000 ) ;
#9153 = ORIENTED_EDGE ( 'NONE', *, *, #4997, .T. ) ;
#9154 = ADVANCED_FACE ( 'NONE', ( #8446 ), #7929, .F. ) ;
#9155 = DIRECTION ( 'NONE',  ( -0.000000000000000000, -0.000000000000000000, -1.000000000000000000 ) ) ;
#9156 = CARTESIAN_POINT ( 'NONE',  ( 0.3785408580043647109, -0.5697803734324470293, 0.2199999999999999734 ) ) ;
#9157 = PRESENTATION_LAYER_ASSIGNMENT (  '', '', ( #3653 ) ) ;
#9158 = B_SPLINE_SURFACE_WITH_KNOTS ( 'NONE', 3, 1, ( 
 ( #4876, #6442 ),
 ( #4125, #3381 ),
 ( #8661, #1900 ),
 ( #8710, #4171 ) ),
 .UNSPECIFIED., .F., .F., .F.,
 ( 4, 4 ),
 ( 2, 2 ),
 ( 13.00000000000000000, 14.00000000000000000 ),
 ( 0.000000000000000000, 1.000000000000000000 ),
 .UNSPECIFIED. ) ;
#9159 = SURFACE_SIDE_STYLE ('',( #2507 ) ) ;
#9160 = ADVANCED_FACE ( 'NONE', ( #194 ), #5436, .F. ) ;
#9161 = AXIS2_PLACEMENT_3D ( 'NONE', #4514, #7535, #758 ) ;
#9162 = ADVANCED_FACE ( 'NONE', ( #9121 ), #2716, .F. ) ;
#9163 = FACE_OUTER_BOUND ( 'NONE', #7784, .T. ) ;
#9164 = ADVANCED_FACE ( 'NONE', ( #830 ), #8850, .F. ) ;
#9165 = EDGE_LOOP ( 'NONE', ( #5876, #9506, #5701, #5125, #1678, #1251 ) ) ;
#9166 = LINE ( 'NONE', #7062, #76 ) ;
#9167 = CARTESIAN_POINT ( 'NONE',  ( 0.5366435321625796506, -0.5835456548030915069, 0.2099999999999999922 ) ) ;
#9168 = CARTESIAN_POINT ( 'NONE',  ( 0.3989907184577749510, -0.5115007469107023530, 0.2099999999999999922 ) ) ;
#9169 = CARTESIAN_POINT ( 'NONE',  ( 0.1072204034081461754, -0.5870541707128917874, 0.2099999999999999922 ) ) ;
#9170 = ORIENTED_EDGE ( 'NONE', *, *, #8702, .T. ) ;
#9171 = CARTESIAN_POINT ( 'NONE',  ( 0.4550000000000002376, -0.5350000000000000311, -0.01000000000000000021 ) ) ;
#9172 = EDGE_CURVE ( 'NONE', #5649, #1711, #8084, .T. ) ;
#9173 = CARTESIAN_POINT ( 'NONE',  ( 0.4632121930529449205, -0.4706505414047669200, 0.2099999999999999922 ) ) ;
#9174 = ORIENTED_EDGE ( 'NONE', *, *, #5569, .F. ) ;
#9175 = VERTEX_POINT ( 'NONE', #4386 ) ;
#9176 = DIRECTION ( 'NONE',  ( 1.000000000000000000, -0.000000000000000000, -0.000000000000000000 ) ) ;
#9177 = UNCERTAINTY_MEASURE_WITH_UNIT (LENGTH_MEASURE( 1.000000000000000082E-05 ), #6886, 'distance_accuracy_value', 'NONE');
#9178 = FACE_OUTER_BOUND ( 'NONE', #683, .T. ) ;
#9179 = ORIENTED_EDGE ( 'NONE', *, *, #3140, .T. ) ;
#9180 = CARTESIAN_POINT ( 'NONE',  ( 0.3738616526464632051, -0.5612884822273783714, 0.2099999999999999922 ) ) ;
#9181 = DIRECTION ( 'NONE',  ( -0.000000000000000000, -1.000000000000000000, -0.000000000000000000 ) ) ;
#9182 = PRESENTATION_STYLE_ASSIGNMENT (( #9086 ) ) ;
#9183 = CARTESIAN_POINT ( 'NONE',  ( 0.5683581462555442609, -0.5480926279641260557, 0.2199999999999999734 ) ) ;
#9184 = ORIENTED_EDGE ( 'NONE', *, *, #2646, .T. ) ;
#9185 = VERTEX_POINT ( 'NONE', #1322 ) ;
#9186 = VECTOR ( 'NONE', #6742, 1000.000000000000000 ) ;
#9187 = CARTESIAN_POINT ( 'NONE',  ( 0.4088690408800886855, -0.5911462687971523744, 0.2199999999999999734 ) ) ;
#9188 = VERTEX_POINT ( 'NONE', #4439 ) ;
#9189 = CARTESIAN_POINT ( 'NONE',  ( 0.4693273450289774384, -0.5903292646869716664, 0.2199999999999999734 ) ) ;
#9190 = DIRECTION ( 'NONE',  ( 0.3559357243698841877, 0.9345104387417434433, 0.000000000000000000 ) ) ;
#9191 = ORIENTED_EDGE ( 'NONE', *, *, #9052, .T. ) ;
#9192 = CARTESIAN_POINT ( 'NONE',  ( 0.4165810645255624833, -0.5549505109488411803, 0.2099999999999999922 ) ) ;
#9193 = LINE ( 'NONE', #8422, #9060 ) ;
#9194 = EDGE_LOOP ( 'NONE', ( #7818, #9476, #7947, #9683 ) ) ;
#9195 = VECTOR ( 'NONE', #5793, 1000.000000000000000 ) ;
#9196 = CARTESIAN_POINT ( 'NONE',  ( 0.4084729176751383806, -0.5735930592799463046, 0.2099999999999999922 ) ) ;
#9197 = CARTESIAN_POINT ( 'NONE',  ( 0.2742080050182409967, -0.5278338335780365931, 0.2099999999999999922 ) ) ;
#9198 = CARTESIAN_POINT ( 'NONE',  ( 0.4098098334916595031, -0.5669827532980157292, 0.2199999999999999734 ) ) ;
#9199 = CARTESIAN_POINT ( 'NONE',  ( 0.3601582655266780675, -0.5474736854561776944, 0.2199999999999999734 ) ) ;
#9200 = ORIENTED_EDGE ( 'NONE', *, *, #5730, .F. ) ;
#9201 = CIRCLE ( 'NONE', #1643, 0.07999999999999998779 ) ;
#9202 =( NAMED_UNIT ( * ) SI_UNIT ( $, .STERADIAN. ) SOLID_ANGLE_UNIT ( ) );
#9203 = ADVANCED_FACE ( 'NONE', ( #5918 ), #7367, .F. ) ;
#9204 = B_SPLINE_CURVE_WITH_KNOTS ( 'NONE', 3,
 ( #2381, #25, #660, #3031 ),
 .UNSPECIFIED., .F., .F.,
 ( 4, 4 ),
 ( 3.000000000000000000, 4.000000000000000000 ),
 .UNSPECIFIED. ) ;
#9205 = VECTOR ( 'NONE', #1575, 1000.000000000000000 ) ;
#9206 = DIRECTION ( 'NONE',  ( 1.000000000000000000, 0.000000000000000000, 0.000000000000000000 ) ) ;
#9207 = AXIS2_PLACEMENT_3D ( 'NONE', #9134, #2432, #3960 ) ;
#9208 = CARTESIAN_POINT ( 'NONE',  ( 0.6999999999999997335, -0.6999999999999999556, 0.2099999999999999922 ) ) ;
#9209 = ORIENTED_EDGE ( 'NONE', *, *, #6203, .T. ) ;
#9210 = VECTOR ( 'NONE', #1955, 1000.000000000000000 ) ;
#9211 = ADVANCED_FACE ( 'NONE', ( #8724 ), #5413, .F. ) ;
#9212 = DIRECTION ( 'NONE',  ( -0.000000000000000000, 0.000000000000000000, -1.000000000000000000 ) ) ;
#9213 = LINE ( 'NONE', #3893, #9460 ) ;
#9214 = CARTESIAN_POINT ( 'NONE',  ( 0.3887905459313502066, -0.5903292646869716664, 0.2199999999999999734 ) ) ;
#9215 = DIRECTION ( 'NONE',  ( -0.000000000000000000, 1.000000000000000000, -0.000000000000000000 ) ) ;
#9216 = ORIENTED_EDGE ( 'NONE', *, *, #5974, .T. ) ;
#9217 = EDGE_CURVE ( 'NONE', #7631, #8895, #5827, .T. ) ;
#9218 = B_SPLINE_CURVE_WITH_KNOTS ( 'NONE', 3,
 ( #7094, #5659, #7142, #1944 ),
 .UNSPECIFIED., .F., .F.,
 ( 4, 4 ),
 ( 5.000000000000000000, 6.000000000000000000 ),
 .UNSPECIFIED. ) ;
#9219 = DIRECTION ( 'NONE',  ( -1.000000000000000000, 0.000000000000000000, 0.000000000000000000 ) ) ;
#9220 = AXIS2_PLACEMENT_3D ( 'NONE', #9145, #4518, #7539 ) ;
#9221 = CARTESIAN_POINT ( 'NONE',  ( 0.4571589353282689006, -0.5079851534672040758, 0.2199999999999999734 ) ) ;
#9222 = VERTEX_POINT ( 'NONE', #491 ) ;
#9223 = ORIENTED_EDGE ( 'NONE', *, *, #8931, .T. ) ;
#9224 = ORIENTED_EDGE ( 'NONE', *, *, #2790, .F. ) ;
#9225 = EDGE_CURVE ( 'NONE', #2962, #2165, #8866, .T. ) ;
#9226 = DIRECTION ( 'NONE',  ( 1.000000000000000000, 0.000000000000000000, -0.000000000000000000 ) ) ;
#9227 = STYLED_ITEM ( 'NONE', ( #9532 ), #4581 ) ;
#9228 = DIRECTION ( 'NONE',  ( 0.9910683662997412657, 0.1333547648941047215, 0.000000000000000000 ) ) ;
#9229 = ORIENTED_EDGE ( 'NONE', *, *, #244, .F. ) ;
#9230 = EDGE_CURVE ( 'NONE', #1737, #2697, #5729, .T. ) ;
#9231 = EDGE_CURVE ( 'NONE', #6925, #7060, #9128, .T. ) ;
#9232 = FACE_OUTER_BOUND ( 'NONE', #8999, .T. ) ;
#9233 = CARTESIAN_POINT ( 'NONE',  ( -0.4549999999999995159, -0.5350000000000000311, 0.000000000000000000 ) ) ;
#9234 = ADVANCED_BREP_SHAPE_REPRESENTATION ( 'LGA-4_L1.4-W1.4-P0.66-TL', ( #5050, #8096 ), #5718 ) ;
#9235 = DIRECTION ( 'NONE',  ( 0.000000000000000000, -0.000000000000000000, 1.000000000000000000 ) ) ;
#9236 = LINE ( 'NONE', #5458, #4563 ) ;
#9237 = ORIENTED_EDGE ( 'NONE', *, *, #5920, .T. ) ;
#9238 = CARTESIAN_POINT ( 'NONE',  ( 0.5107717353422533968, -0.5474736854561763622, 0.2199999999999999734 ) ) ;
#9239 = EDGE_LOOP ( 'NONE', ( #678, #8159, #7168, #6656 ) ) ;
#9240 = LINE ( 'NONE', #903, #7456 ) ;
#9241 = B_SPLINE_SURFACE_WITH_KNOTS ( 'NONE', 3, 1, ( 
 ( #420, #3431 ),
 ( #6443, #1951 ),
 ( #9436, #4967 ),
 ( #2696, #7987 ) ),
 .UNSPECIFIED., .F., .F., .F.,
 ( 4, 4 ),
 ( 2, 2 ),
 ( 23.00000000000000000, 24.00000000000000000 ),
 ( 0.000000000000000000, 1.000000000000000000 ),
 .UNSPECIFIED. ) ;
#9242 = DIRECTION ( 'NONE',  ( 0.9409537876826915559, -0.3385350342957081371, 0.000000000000000000 ) ) ;
#9243 = ORIENTED_EDGE ( 'NONE', *, *, #7295, .F. ) ;
#9244 = CARTESIAN_POINT ( 'NONE',  ( 0.1850331870887744201, -0.5787908611372496459, 0.2199999999999999734 ) ) ;
#9245 = SURFACE_STYLE_USAGE ( .BOTH. , #6242 ) ;
#9246 = ORIENTED_EDGE ( 'NONE', *, *, #4143, .F. ) ;
#9247 = VECTOR ( 'NONE', #351, 1000.000000000000000 ) ;
#9248 = CARTESIAN_POINT ( 'NONE',  ( 0.1502584467527399437, -0.5657073117214350688, 0.2099999999999999922 ) ) ;
#9249 = CARTESIAN_POINT ( 'NONE',  ( 0.4069998345069226753, -0.5576986156830463504, 0.2199999999999999734 ) ) ;
#9250 =( LENGTH_UNIT ( ) NAMED_UNIT ( * ) SI_UNIT ( .MILLI., .METRE. ) );
#9251 = LINE ( 'NONE', #7745, #1404 ) ;
#9252 = ORIENTED_EDGE ( 'NONE', *, *, #7785, .T. ) ;
#9253 = COLOUR_RGB ( '',0.6666666666666666297, 0.6666666666666666297, 0.6666666666666666297 ) ;
#9254 = LINE ( 'NONE', #1665, #1495 ) ;
#9255 = CARTESIAN_POINT ( 'NONE',  ( 0.5366435321625796506, -0.5835456548030915069, 0.2199999999999999734 ) ) ;
#9256 = VECTOR ( 'NONE', #8621, 1000.000000000000000 ) ;
#9257 = FACE_OUTER_BOUND ( 'NONE', #3404, .T. ) ;
#9258 = LINE ( 'NONE', #9113, #4381 ) ;
#9259 = CARTESIAN_POINT ( 'NONE',  ( 0.3414662017951822226, -0.5848082975186135180, 0.2199999999999999734 ) ) ;
#9260 = ADVANCED_FACE ( 'NONE', ( #6510, #3546 ), #5818, .T. ) ;
#9261 = ORIENTED_EDGE ( 'NONE', *, *, #538, .T. ) ;
#9262 = AXIS2_PLACEMENT_3D ( 'NONE', #27, #3123, #2200 ) ;
#9263 = CARTESIAN_POINT ( 'NONE',  ( -0.5350000000000001421, -0.4549999999999994049, -0.01000000000000000021 ) ) ;
#9264 = CARTESIAN_POINT ( 'NONE',  ( 0.4550000000000001266, 0.4550000000000000155, -0.01000000000000000021 ) ) ;
#9265 = CARTESIAN_POINT ( 'NONE',  ( 0.3909568447081847031, -0.5143231247457424882, 0.2099999999999999922 ) ) ;
#9266 = ORIENTED_EDGE ( 'NONE', *, *, #1716, .T. ) ;
#9267 = SURFACE_STYLE_FILL_AREA ( #7764 ) ;
#9268 = AXIS2_PLACEMENT_3D ( 'NONE', #3743, #8379, #3882 ) ;
#9269 =( GEOMETRIC_REPRESENTATION_CONTEXT ( 3 ) GLOBAL_UNCERTAINTY_ASSIGNED_CONTEXT ( ( #5348 ) ) GLOBAL_UNIT_ASSIGNED_CONTEXT ( ( #1469, #6100, #5419 ) ) REPRESENTATION_CONTEXT ( 'NONE', 'WORKASPACE' ) );
#9270 = CARTESIAN_POINT ( 'NONE',  ( 0.4715555380566762711, -0.5029345826047947332, 0.2099999999999999922 ) ) ;
#9271 = ORIENTED_EDGE ( 'NONE', *, *, #4397, .F. ) ;
#9272 = ORIENTED_EDGE ( 'NONE', *, *, #7990, .F. ) ;
#9273 = EDGE_CURVE ( 'NONE', #6859, #7878, #8204, .T. ) ;
#9274 = UNCERTAINTY_MEASURE_WITH_UNIT (LENGTH_MEASURE( 1.000000000000000082E-05 ), #168, 'distance_accuracy_value', 'NONE');
#9275 = CYLINDRICAL_SURFACE ( 'NONE', #9595, 0.05903719021641397335 ) ;
#9276 = CARTESIAN_POINT ( 'NONE',  ( 0.5073304149995918610, -0.4727301882304635328, 0.2099999999999999922 ) ) ;
#9277 = EDGE_LOOP ( 'NONE', ( #6382, #2627, #929, #8361 ) ) ;
#9278 = DIRECTION ( 'NONE',  ( 1.000000000000000000, 0.000000000000000000, 0.000000000000000000 ) ) ;
#9279 = CARTESIAN_POINT ( 'NONE',  ( 0.5535406626217471704, -0.5903292646869716664, 0.2199999999999999734 ) ) ;
#9280 = DIRECTION ( 'NONE',  ( -0.000000000000000000, -0.000000000000000000, -1.000000000000000000 ) ) ;
#9281 = LINE ( 'NONE', #8598, #1411 ) ;
#9282 = EDGE_CURVE ( 'NONE', #5815, #4557, #1972, .T. ) ;
#9283 = ORIENTED_EDGE ( 'NONE', *, *, #317, .T. ) ;
#9284 = FACE_OUTER_BOUND ( 'NONE', #4238, .T. ) ;
#9285 = ORIENTED_EDGE ( 'NONE', *, *, #8528, .F. ) ;
#9286 = CARTESIAN_POINT ( 'NONE',  ( 0.3748272029584767129, -0.5761926178121495878, 0.2199999999999999734 ) ) ;
#9287 = ADVANCED_FACE ( 'NONE', ( #5138 ), #8160, .F. ) ;
#9288 = EDGE_CURVE ( 'NONE', #2677, #8191, #8877, .T. ) ;
#9289 = VERTEX_POINT ( 'NONE', #4625 ) ;
#9290 = DIRECTION ( 'NONE',  ( -0.000000000000000000, -0.000000000000000000, -1.000000000000000000 ) ) ;
#9291 = LINE ( 'NONE', #4869, #2924 ) ;
#9292 = ORIENTED_EDGE ( 'NONE', *, *, #1087, .F. ) ;
#9293 = CARTESIAN_POINT ( 'NONE',  ( 0.4322526888196110972, -0.4861488617968817150, 0.2099999999999999922 ) ) ;
#9294 = PRESENTATION_STYLE_ASSIGNMENT (( #4026 ) ) ;
#9295 = SURFACE_STYLE_USAGE ( .BOTH. , #275 ) ;
#9296 = CARTESIAN_POINT ( 'NONE',  ( 0.3776867173437700176, -0.5861699710355784410, 0.2199999999999999734 ) ) ;
#9297 = ADVANCED_FACE ( 'NONE', ( #7510 ), #737, .F. ) ;
#9298 = LINE ( 'NONE', #1806, #1868 ) ;
#9299 = EDGE_LOOP ( 'NONE', ( #4901, #5137, #204, #854 ) ) ;
#9300 = VECTOR ( 'NONE', #7163, 1000.000000000000000 ) ;
#9301 =( NAMED_UNIT ( * ) PLANE_ANGLE_UNIT ( ) SI_UNIT ( $, .RADIAN. ) );
#9302 = COLOUR_RGB ( '',0.4980392156862745168, 0.4980392156862745168, 0.4980392156862745168 ) ;
#9303 = LINE ( 'NONE', #1028, #2002 ) ;
#9304 = CARTESIAN_POINT ( 'NONE',  ( 0.4244044978224565945, -0.5752023097996914469, 0.2199999999999999734 ) ) ;
#9305 = CARTESIAN_POINT ( 'NONE',  ( -0.3650000000000001577, 0.3649999999999999356, 0.000000000000000000 ) ) ;
#9306 = VECTOR ( 'NONE', #3540, 1000.000000000000000 ) ;
#9307 = EDGE_LOOP ( 'NONE', ( #3521, #898, #8798, #8992 ) ) ;
#9308 = CARTESIAN_POINT ( 'NONE',  ( 0.2621573528817939258, -0.5157831814415871907, 0.2199999999999999734 ) ) ;
#9309 = CARTESIAN_POINT ( 'NONE',  ( 0.3670656639122792941, -0.5841645973107146839, 0.2199999999999999734 ) ) ;
#9310 = LINE ( 'NONE', #2567, #5139 ) ;
#9311 = ORIENTED_EDGE ( 'NONE', *, *, #8511, .T. ) ;
#9312 = EDGE_CURVE ( 'NONE', #3722, #12, #6059, .T. ) ;
#9313 = B_SPLINE_CURVE_WITH_KNOTS ( 'NONE', 3,
 ( #3507, #1921, #2021, #2619 ),
 .UNSPECIFIED., .F., .F.,
 ( 4, 4 ),
 ( 3.000000000000000000, 4.000000000000000000 ),
 .UNSPECIFIED. ) ;
#9314 = B_SPLINE_SURFACE_WITH_KNOTS ( 'NONE', 3, 1, ( 
 ( #9673, #2380 ),
 ( #2929, #24 ),
 ( #1549, #68 ),
 ( #9037, #8323 ) ),
 .UNSPECIFIED., .F., .F., .F.,
 ( 4, 4 ),
 ( 2, 2 ),
 ( 8.000000000000000000, 9.000000000000000000 ),
 ( 0.000000000000000000, 1.000000000000000000 ),
 .UNSPECIFIED. ) ;
#9315 = CARTESIAN_POINT ( 'NONE',  ( 0.3959702790203422640, -0.4649315126338516291, 0.2099999999999999922 ) ) ;
#9316 = VERTEX_POINT ( 'NONE', #6010 ) ;
#9317 = ORIENTED_EDGE ( 'NONE', *, *, #7982, .T. ) ;
#9318 = CARTESIAN_POINT ( 'NONE',  ( 0.4149346774552167827, -0.5079851534672040758, 0.2099999999999999922 ) ) ;
#9319 = DIRECTION ( 'NONE',  ( -1.000000000000000000, 0.000000000000000000, 0.000000000000000000 ) ) ;
#9320 = CARTESIAN_POINT ( 'NONE',  ( 0.2211851434982788356, -0.4727451380969961980, 0.2199999999999999734 ) ) ;
#9321 = ORIENTED_EDGE ( 'NONE', *, *, #8551, .T. ) ;
#9322 = FACE_OUTER_BOUND ( 'NONE', #4942, .T. ) ;
#9323 = LINE ( 'NONE', #7775, #8759 ) ;
#9324 = DIRECTION ( 'NONE',  ( -1.000000000000000000, 0.000000000000000000, 0.000000000000000000 ) ) ;
#9325 = PLANE ( 'NONE',  #2324 ) ;
#9326 = EDGE_CURVE ( 'NONE', #7415, #7567, #2356, .T. ) ;
#9327 = CARTESIAN_POINT ( 'NONE',  ( 0.2256610973791124131, -0.5901529150876688723, 0.2199999999999999734 ) ) ;
#9328 = ORIENTED_EDGE ( 'NONE', *, *, #9312, .F. ) ;
#9329 = CARTESIAN_POINT ( 'NONE',  ( 0.1368305785426596477, -0.5791351864986014064, 0.2199999999999999734 ) ) ;
#9330 = ORIENTED_EDGE ( 'NONE', *, *, #7964, .T. ) ;
#9331 = DIRECTION ( 'NONE',  ( 0.000000000000000000, 0.000000000000000000, 1.000000000000000000 ) ) ;
#9332 = EDGE_LOOP ( 'NONE', ( #2494, #4818, #4159, #4698 ) ) ;
#9333 = B_SPLINE_CURVE_WITH_KNOTS ( 'NONE', 3,
 ( #5402, #8368, #4605, #7429 ),
 .UNSPECIFIED., .F., .F.,
 ( 4, 4 ),
 ( 12.00000000000000000, 13.00000000000000000 ),
 .UNSPECIFIED. ) ;
#9334 = CARTESIAN_POINT ( 'NONE',  ( 0.3785408580043647109, -0.5697803734324470293, 0.2099999999999999922 ) ) ;
#9335 = EDGE_CURVE ( 'NONE', #3781, #198, #5369, .T. ) ;
#9336 = FACE_OUTER_BOUND ( 'NONE', #189, .T. ) ;
#9337 = ORIENTED_EDGE ( 'NONE', *, *, #5569, .T. ) ;
#9338 = CARTESIAN_POINT ( 'NONE',  ( 0.3414662017951822226, -0.5685177307169276828, 0.2099999999999999922 ) ) ;
#9339 = CARTESIAN_POINT ( 'NONE',  ( 0.3817841167446345829, -0.5598772933098575821, 0.2199999999999999734 ) ) ;
#9340 = CARTESIAN_POINT ( 'NONE',  ( 0.5682096000535429292, -0.5480926279641260557, 0.2099999999999999922 ) ) ;
#9341 = EDGE_CURVE ( 'NONE', #1282, #2846, #3100, .T. ) ;
#9342 = CARTESIAN_POINT ( 'NONE',  ( 0.2955548771440311695, -0.5543452577710136220, 0.2099999999999999922 ) ) ;
#9343 = EDGE_CURVE ( 'NONE', #6730, #5743, #4537, .T. ) ;
#9344 = CARTESIAN_POINT ( 'NONE',  ( 0.3803234124265557070, -0.4642630547256726969, 0.2099999999999999922 ) ) ;
#9345 = EDGE_LOOP ( 'NONE', ( #1351, #1748, #4183, #456 ) ) ;
#9346 = MECHANICAL_DESIGN_GEOMETRIC_PRESENTATION_REPRESENTATION (  '', ( #7162 ), #8425 ) ;
#9347 = ADVANCED_FACE ( 'NONE', ( #9063 ), #6156, .F. ) ;
#9348 = CARTESIAN_POINT ( 'NONE',  ( 0.4833030668519888162, -0.4886741472279218512, 0.2099999999999999922 ) ) ;
#9349 = ADVANCED_FACE ( 'NONE', ( #5238 ), #7559, .F. ) ;
#9350 = DIRECTION ( 'NONE',  ( 0.000000000000000000, 0.000000000000000000, -1.000000000000000000 ) ) ;
#9351 = EDGE_CURVE ( 'NONE', #3897, #1353, #8440, .T. ) ;
#9352 = B_SPLINE_CURVE_WITH_KNOTS ( 'NONE', 3,
 ( #2314, #3841, #89, #1670 ),
 .UNSPECIFIED., .F., .F.,
 ( 4, 4 ),
 ( 7.000000000000000000, 8.000000000000000000 ),
 .UNSPECIFIED. ) ;
#9353 = STYLED_ITEM ( 'NONE', ( #5214 ), #2609 ) ;
#9354 = CARTESIAN_POINT ( 'NONE',  ( 0.2256610973791124131, -0.5901529150876688723, 0.2099999999999999922 ) ) ;
#9355 = B_SPLINE_CURVE_WITH_KNOTS ( 'NONE', 3,
 ( #3326, #5820, #5561, #7311 ),
 .UNSPECIFIED., .F., .F.,
 ( 4, 4 ),
 ( 19.00000000000000000, 20.00000000000000000 ),
 .UNSPECIFIED. ) ;
#9356 = VERTEX_POINT ( 'NONE', #6108 ) ;
#9357 = CYLINDRICAL_SURFACE ( 'NONE', #7978, 0.07999999999999998779 ) ;
#9358 = CARTESIAN_POINT ( 'NONE',  ( 0.4550000000000002376, -0.4550000000000000155, -0.01000000000000000021 ) ) ;
#9359 = MECHANICAL_DESIGN_GEOMETRIC_PRESENTATION_REPRESENTATION (  '', ( #6220 ), #3064 ) ;
#9360 = PLANE ( 'NONE',  #5464 ) ;
#9361 = VECTOR ( 'NONE', #4121, 1000.000000000000000 ) ;
#9362 = EDGE_LOOP ( 'NONE', ( #1699, #7642, #6696, #7833, #605, #4613, #2188 ) ) ;
#9363 = CARTESIAN_POINT ( 'NONE',  ( 0.1368305785426596477, -0.5715604882431516431, 0.2099999999999999922 ) ) ;
#9364 = ORIENTED_EDGE ( 'NONE', *, *, #9744, .F. ) ;
#9365 = STYLED_ITEM ( 'NONE', ( #6603 ), #3377 ) ;
#9366 = UNCERTAINTY_MEASURE_WITH_UNIT (LENGTH_MEASURE( 1.000000000000000082E-05 ), #9044, 'distance_accuracy_value', 'NONE');
#9367 = CARTESIAN_POINT ( 'NONE',  ( 0.4149346774552167827, -0.4916945866655208497, 0.2199999999999999734 ) ) ;
#9368 = CARTESIAN_POINT ( 'NONE',  ( 0.4086833581278346283, -0.4650800588358516285, 0.2099999999999999922 ) ) ;
#9369 = ORIENTED_EDGE ( 'NONE', *, *, #5856, .T. ) ;
#9370 = CARTESIAN_POINT ( 'NONE',  ( 0.1547344072008220162, -0.4655147471435845952, 0.2199999999999999734 ) ) ;
#9371 = LINE ( 'NONE', #7918, #5001 ) ;
#9372 = LINE ( 'NONE', #7827, #7176 ) ;
#9373 = CARTESIAN_POINT ( 'NONE',  ( 0.2910789232630332513, -0.5660516108144468816, 0.2199999999999999734 ) ) ;
#9374 = LINE ( 'NONE', #7674, #3293 ) ;
#9375 = ORIENTED_EDGE ( 'NONE', *, *, #3995, .T. ) ;
#9376 = ORIENTED_EDGE ( 'NONE', *, *, #358, .F. ) ;
#9377 = ORIENTED_EDGE ( 'NONE', *, *, #6040, .F. ) ;
#9378 =( NAMED_UNIT ( * ) PLANE_ANGLE_UNIT ( ) SI_UNIT ( $, .RADIAN. ) );
#9379 = VECTOR ( 'NONE', #8426, 1000.000000000000114 ) ;
#9380 = ORIENTED_EDGE ( 'NONE', *, *, #5122, .F. ) ;
#9381 = EDGE_CURVE ( 'NONE', #5040, #3518, #44, .T. ) ;
#9382 = LINE ( 'NONE', #4767, #4825 ) ;
#9383 = ORIENTED_EDGE ( 'NONE', *, *, #7858, .F. ) ;
#9384 = FACE_OUTER_BOUND ( 'NONE', #262, .T. ) ;
#9385 = LINE ( 'NONE', #7937, #9361 ) ;
#9386 = DIRECTION ( 'NONE',  ( 1.000000000000000000, 0.000000000000000000, 0.000000000000000000 ) ) ;
#9387 =( NAMED_UNIT ( * ) PLANE_ANGLE_UNIT ( ) SI_UNIT ( $, .RADIAN. ) );
#9388 = VECTOR ( 'NONE', #3463, 1000.000000000000000 ) ;
#9389 = CARTESIAN_POINT ( 'NONE',  ( 0.1850331870887744201, -0.5787908611372496459, 0.2099999999999999922 ) ) ;
#9390 = CARTESIAN_POINT ( 'NONE',  ( 0.09034948844706272575, -0.5732819968427144142, 0.2199999999999999734 ) ) ;
#9391 = EDGE_CURVE ( 'NONE', #2898, #1159, #9352, .T. ) ;
#9392 = ORIENTED_EDGE ( 'NONE', *, *, #4579, .F. ) ;
#9393 = VERTEX_POINT ( 'NONE', #9115 ) ;
#9394 = ADVANCED_FACE ( 'NONE', ( #9163 ), #2409, .T. ) ;
#9395 = CARTESIAN_POINT ( 'NONE',  ( 0.4186483325011223222, -0.5782227492372935540, 0.2199999999999999734 ) ) ;
#9396 = B_SPLINE_SURFACE_WITH_KNOTS ( 'NONE', 3, 1, ( 
 ( #6516, #3552 ),
 ( #2814, #4194 ),
 ( #398, #3407 ),
 ( #7960, #495 ) ),
 .UNSPECIFIED., .F., .F., .F.,
 ( 4, 4 ),
 ( 2, 2 ),
 ( 15.00000000000000000, 16.00000000000000000 ),
 ( 0.000000000000000000, 1.000000000000000000 ),
 .UNSPECIFIED. ) ;
#9397 = CARTESIAN_POINT ( 'NONE',  ( 0.3989907184577749510, -0.5055093834363931782, 0.2199999999999999734 ) ) ;
#9398 = CARTESIAN_POINT ( 'NONE',  ( 0.3740473353987163740, -0.5036525559135289765, 0.2099999999999999922 ) ) ;
#9399 = DIRECTION ( 'NONE',  ( -1.000000000000000000, 0.000000000000000000, 0.000000000000000000 ) ) ;
#9400 = AXIS2_PLACEMENT_3D ( 'NONE', #1248, #5063, #8659 ) ;
#9401 = EDGE_CURVE ( 'NONE', #2458, #3630, #4735, .T. ) ;
#9402 = ORIENTED_EDGE ( 'NONE', *, *, #9098, .T. ) ;
#9403 = DIRECTION ( 'NONE',  ( 0.000000000000000000, 0.000000000000000000, -1.000000000000000000 ) ) ;
#9404 = ADVANCED_FACE ( 'NONE', ( #1076 ), #5577, .F. ) ;
#9405 = VERTEX_POINT ( 'NONE', #7756 ) ;
#9406 = EDGE_CURVE ( 'NONE', #4479, #6641, #8488, .T. ) ;
#9407 = LINE ( 'NONE', #4839, #1813 ) ;
#9408 = FACE_OUTER_BOUND ( 'NONE', #1321, .T. ) ;
#9409 = VECTOR ( 'NONE', #2229, 1000.000000000000000 ) ;
#9410 = DIRECTION ( 'NONE',  ( -1.000000000000000000, 0.000000000000000000, 0.000000000000000000 ) ) ;
#9411 = ORIENTED_EDGE ( 'NONE', *, *, #723, .T. ) ;
#9412 = CARTESIAN_POINT ( 'NONE',  ( 0.3650000000000001577, -0.3649999999999999356, 0.000000000000000000 ) ) ;
#9413 = ADVANCED_FACE ( 'NONE', ( #333 ), #3904, .F. ) ;
#9414 = ORIENTED_EDGE ( 'NONE', *, *, #134, .T. ) ;
#9415 = DIRECTION ( 'NONE',  ( 0.000000000000000000, 0.000000000000000000, -1.000000000000000000 ) ) ;
#9416 = CARTESIAN_POINT ( 'NONE',  ( 0.4086833581278346283, -0.5135061206355653329, 0.2099999999999999922 ) ) ;
#9417 = CARTESIAN_POINT ( 'NONE',  ( 0.2828156136870604298, -0.5750035185764428292, 0.2099999999999999922 ) ) ;
#9418 = ORIENTED_EDGE ( 'NONE', *, *, #5272, .F. ) ;
#9419 = MECHANICAL_DESIGN_GEOMETRIC_PRESENTATION_REPRESENTATION (  '', ( #131 ), #9269 ) ;
#9420 = CARTESIAN_POINT ( 'NONE',  ( 0.3989907184577749510, -0.5055093834363931782, 0.2099999999999999922 ) ) ;
#9421 = CARTESIAN_POINT ( 'NONE',  ( 0.1344204520556538662, -0.4799755306923473852, 0.2099999999999999922 ) ) ;
#9422 = CARTESIAN_POINT ( 'NONE',  ( -0.7000000000000001776, -0.6999999999999999556, 0.2099999999999999922 ) ) ;
#9423 = CARTESIAN_POINT ( 'NONE',  ( 0.2742080050182409967, -0.5567553973923542454, 0.2099999999999999922 ) ) ;
#9424 = ORIENTED_EDGE ( 'NONE', *, *, #584, .F. ) ;
#9425 = DIRECTION ( 'NONE',  ( -1.000000000000000000, 0.000000000000000000, 0.000000000000000000 ) ) ;
#9426 = ORIENTED_EDGE ( 'NONE', *, *, #5686, .F. ) ;
#9427 =( NAMED_UNIT ( * ) SI_UNIT ( $, .STERADIAN. ) SOLID_ANGLE_UNIT ( ) );
#9428 = ORIENTED_EDGE ( 'NONE', *, *, #3623, .T. ) ;
#9429 = CARTESIAN_POINT ( 'NONE',  ( 0.3414662017951822226, -0.5685177307169276828, 0.2199999999999999734 ) ) ;
#9430 = FACE_BOUND ( 'NONE', #8350, .T. ) ;
#9431 = ORIENTED_EDGE ( 'NONE', *, *, #7136, .F. ) ;
#9432 = DIRECTION ( 'NONE',  ( -0.000000000000000000, -0.000000000000000000, -1.000000000000000000 ) ) ;
#9433 = LINE ( 'NONE', #3427, #1155 ) ;
#9434 = FACE_BOUND ( 'NONE', #8054, .T. ) ;
#9435 = DIRECTION ( 'NONE',  ( -0.000000000000000000, -1.000000000000000000, -0.000000000000000000 ) ) ;
#9436 = CARTESIAN_POINT ( 'NONE',  ( 0.2742080050182409967, -0.5278338335780365931, 0.2199999999999999734 ) ) ;
#9437 = B_SPLINE_CURVE_WITH_KNOTS ( 'NONE', 3,
 ( #6981, #3271, #6380, #3314 ),
 .UNSPECIFIED., .F., .F.,
 ( 4, 4 ),
 ( 27.00000000000000000, 28.00000000000000000 ),
 .UNSPECIFIED. ) ;
#9438 = ORIENTED_EDGE ( 'NONE', *, *, #2602, .F. ) ;
#9439 = ORIENTED_EDGE ( 'NONE', *, *, #1682, .T. ) ;
#9440 = VECTOR ( 'NONE', #6233, 1000.000000000000000 ) ;
#9441 = CARTESIAN_POINT ( 'NONE',  ( 0.4833030668519888162, -0.4814944141392570320, 0.2099999999999999922 ) ) ;
#9442 = FACE_OUTER_BOUND ( 'NONE', #7113, .T. ) ;
#9443 = DIRECTION ( 'NONE',  ( -0.8631877589412105811, -0.5048830486499330528, 0.000000000000000000 ) ) ;
#9444 = DIRECTION ( 'NONE',  ( -1.000000000000000000, 0.000000000000000000, 0.000000000000000000 ) ) ;
#9445 = CARTESIAN_POINT ( 'NONE',  ( 0.4347532165507171920, -0.6066198314889892362, 0.2199999999999999734 ) ) ;
#9446 = EDGE_CURVE ( 'NONE', #5069, #5786, #4887, .T. ) ;
#9447 = VECTOR ( 'NONE', #5390, 1000.000000000000000 ) ;
#9448 = ORIENTED_EDGE ( 'NONE', *, *, #1196, .F. ) ;
#9449 =( NAMED_UNIT ( * ) SI_UNIT ( $, .STERADIAN. ) SOLID_ANGLE_UNIT ( ) );
#9450 = ORIENTED_EDGE ( 'NONE', *, *, #8569, .T. ) ;
#9451 = DIRECTION ( 'NONE',  ( 0.000000000000000000, -0.000000000000000000, -1.000000000000000000 ) ) ;
#9452 = CYLINDRICAL_SURFACE ( 'NONE', #6482, 0.07999999999999998779 ) ;
#9453 = LINE ( 'NONE', #9061, #2292 ) ;
#9454 = ADVANCED_FACE ( 'NONE', ( #7900 ), #7288, .F. ) ;
#9455 = ORIENTED_EDGE ( 'NONE', *, *, #5024, .F. ) ;
#9456 = EDGE_CURVE ( 'NONE', #4855, #6838, #2511, .T. ) ;
#9457 = EDGE_CURVE ( 'NONE', #7205, #836, #187, .T. ) ;
#9458 = CARTESIAN_POINT ( 'NONE',  ( 0.1502584467527399437, -0.5925630612757669669, 0.2099999999999999922 ) ) ;
#9459 = EDGE_LOOP ( 'NONE', ( #963, #7573, #6569, #7403 ) ) ;
#9460 = VECTOR ( 'NONE', #6916, 1000.000000000000000 ) ;
#9461 = UNCERTAINTY_MEASURE_WITH_UNIT (LENGTH_MEASURE( 1.000000000000000082E-05 ), #4935, 'distance_accuracy_value', 'NONE');
#9462 = CARTESIAN_POINT ( 'NONE',  ( 0.5256758709266978746, -0.5419032028872593498, 0.2099999999999999922 ) ) ;
#9463 = CARTESIAN_POINT ( 'NONE',  ( 0.3864509432523987043, -0.5598772933098575821, 0.2099999999999999922 ) ) ;
#9464 = ADVANCED_FACE ( 'NONE', ( #1727 ), #2456, .T. ) ;
#9465 = EDGE_LOOP ( 'NONE', ( #4174, #1437, #5751, #3408 ) ) ;
#9466 = VECTOR ( 'NONE', #1133, 1000.000000000000000 ) ;
#9467 = LINE ( 'NONE', #2726, #1208 ) ;
#9468 = CARTESIAN_POINT ( 'NONE',  ( 0.1368305851097446069, -0.4803198330689036899, 0.2099999999999999922 ) ) ;
#9469 = LINE ( 'NONE', #9422, #4072 ) ;
#9470 = CARTESIAN_POINT ( 'NONE',  ( 0.09207102003142031421, -0.4965021399933357005, 0.2199999999999999734 ) ) ;
#9471 = ORIENTED_EDGE ( 'NONE', *, *, #1810, .F. ) ;
#9472 = ORIENTED_EDGE ( 'NONE', *, *, #1873, .T. ) ;
#9473 = VECTOR ( 'NONE', #3198, 1000.000000000000000 ) ;
#9474 = VERTEX_POINT ( 'NONE', #7059 ) ;
#9475 = CARTESIAN_POINT ( 'NONE',  ( 0.3697271166951787147, -0.4713932724141087216, 0.2199999999999999734 ) ) ;
#9476 = ORIENTED_EDGE ( 'NONE', *, *, #671, .F. ) ;
#9477 = CARTESIAN_POINT ( 'NONE',  ( 0.4767298974208040718, -0.4888474511302015046, 0.2199999999999999734 ) ) ;
#9478 = DIRECTION ( 'NONE',  ( -0.000000000000000000, -0.000000000000000000, -1.000000000000000000 ) ) ;
#9479 = CARTESIAN_POINT ( 'NONE',  ( 0.4030757390083364311, -0.5891161373720085193, 0.2099999999999999922 ) ) ;
#9480 = VECTOR ( 'NONE', #455, 1000.000000000000000 ) ;
#9481 = FACE_OUTER_BOUND ( 'NONE', #7011, .T. ) ;
#9482 = CARTESIAN_POINT ( 'NONE',  ( 0.4086833581278346283, -0.5135061206355653329, 0.2199999999999999734 ) ) ;
#9483 = VERTEX_POINT ( 'NONE', #288 ) ;
#9484 = ORIENTED_EDGE ( 'NONE', *, *, #1639, .T. ) ;
#9485 = SURFACE_STYLE_USAGE ( .BOTH. , #4926 ) ;
#9486 = FILL_AREA_STYLE_COLOUR ( '', #3729 ) ;
#9487 = CARTESIAN_POINT ( 'NONE',  ( 0.3813632358394068445, -0.5087526421768254759, 0.2099999999999999922 ) ) ;
#9488 = LINE ( 'NONE', #2798, #285 ) ;
#9489 = ORIENTED_EDGE ( 'NONE', *, *, #2350, .T. ) ;
#9490 = VECTOR ( 'NONE', #8448, 1000.000000000000000 ) ;
#9491 = ORIENTED_EDGE ( 'NONE', *, *, #8966, .T. ) ;
#9492 = CARTESIAN_POINT ( 'NONE',  ( 0.5180876357827777223, -0.5474736854561763622, 0.2099999999999999922 ) ) ;
#9493 = CARTESIAN_POINT ( 'NONE',  ( 0.4202080676204789089, -0.5815155233779537580, 0.2199999999999999734 ) ) ;
#9494 = EDGE_CURVE ( 'NONE', #4931, #4208, #3294, .T. ) ;
#9495 = PLANE ( 'NONE',  #7028 ) ;
#9496 = ORIENTED_EDGE ( 'NONE', *, *, #6709, .F. ) ;
#9497 = VECTOR ( 'NONE', #8890, 1000.000000000000000 ) ;
#9498 = CARTESIAN_POINT ( 'NONE',  ( 0.5075656131525657644, -0.4712694839123869883, 0.2099999999999999922 ) ) ;
#9499 = ORIENTED_EDGE ( 'NONE', *, *, #6203, .F. ) ;
#9500 = CARTESIAN_POINT ( 'NONE',  ( 0.4154917257121573115, -0.5763164063135421955, 0.2099999999999999922 ) ) ;
#9501 = EDGE_CURVE ( 'NONE', #503, #5600, #3732, .T. ) ;
#9502 = PRESENTATION_LAYER_ASSIGNMENT (  '', '', ( #6220 ) ) ;
#9503 = CARTESIAN_POINT ( 'NONE',  ( 0.2955548771440311695, -0.5422946056345676613, 0.2099999999999999922 ) ) ;
#9504 = EDGE_CURVE ( 'NONE', #503, #1830, #8189, .T. ) ;
#9505 = FACE_OUTER_BOUND ( 'NONE', #6716, .T. ) ;
#9506 = ORIENTED_EDGE ( 'NONE', *, *, #7988, .F. ) ;
#9507 = CARTESIAN_POINT ( 'NONE',  ( 0.1747040566858937549, -0.4727451380969961980, 0.2099999999999999922 ) ) ;
#9508 = LINE ( 'NONE', #5824, #7327 ) ;
#9509 = CARTESIAN_POINT ( 'NONE',  ( 0.5683581462555442609, -0.5480926279641260557, 0.2199999999999999734 ) ) ;
#9510 = STYLED_ITEM ( 'NONE', ( #3749 ), #3315 ) ;
#9511 = CARTESIAN_POINT ( 'NONE',  ( 0.4347284588502749458, -0.5135061206355653329, 0.2099999999999999922 ) ) ;
#9512 = ORIENTED_EDGE ( 'NONE', *, *, #2702, .T. ) ;
#9513 = ORIENTED_EDGE ( 'NONE', *, *, #5178, .F. ) ;
#9514 = ADVANCED_FACE ( 'NONE', ( #4368 ), #7789, .T. ) ;
#9515 = ORIENTED_EDGE ( 'NONE', *, *, #314, .T. ) ;
#9516 = CARTESIAN_POINT ( 'NONE',  ( 0.5183352127858924518, -0.5419032028872593498, 0.2199999999999999734 ) ) ;
#9517 = EDGE_CURVE ( 'NONE', #831, #3589, #1408, .T. ) ;
#9519 = EDGE_CURVE ( 'NONE', #835, #908, #6910, .T. ) ;
#9518 = PRESENTATION_LAYER_ASSIGNMENT (  '', '', ( #2611 ) ) ;
#9520 = FACE_BOUND ( 'NONE', #3886, .T. ) ;
#9521 = EDGE_LOOP ( 'NONE', ( #1960, #2802, #3468, #1781 ) ) ;
#9522 = CARTESIAN_POINT ( 'NONE',  ( 0.4149346774552308270, -0.4706505414047669200, 0.2199999999999999734 ) ) ;
#9523 = CARTESIAN_POINT ( 'NONE',  ( 0.2318585729940072226, -0.5691503551888987822, 0.2099999999999999922 ) ) ;
#9524 = CARTESIAN_POINT ( 'NONE',  ( 0.2810940919533290172, -0.5033882236450447634, 0.2099999999999999922 ) ) ;
#9525 = PLANE ( 'NONE',  #7088 ) ;
#9526 = CARTESIAN_POINT ( 'NONE',  ( 0.4755786643565544924, -0.5629720058482915457, 0.2099999999999999922 ) ) ;
#9527 = VECTOR ( 'NONE', #577, 1000.000000000000000 ) ;
#9528 = ORIENTED_EDGE ( 'NONE', *, *, #727, .T. ) ;
#9529 = ORIENTED_EDGE ( 'NONE', *, *, #3753, .T. ) ;
#9530 = CARTESIAN_POINT ( 'NONE',  ( 0.5321995249576521037, -0.5797577266562032872, 0.2099999999999999922 ) ) ;
#9531 = MECHANICAL_DESIGN_GEOMETRIC_PRESENTATION_REPRESENTATION (  '', ( #1203 ), #8000 ) ;
#9532 = PRESENTATION_STYLE_ASSIGNMENT (( #5761 ) ) ;
#9533 = DIRECTION ( 'NONE',  ( -0.000000000000000000, -0.000000000000000000, -1.000000000000000000 ) ) ;
#9534 = ORIENTED_EDGE ( 'NONE', *, *, #1518, .T. ) ;
#9535 = STYLED_ITEM ( 'NONE', ( #9657 ), #5265 ) ;
#9536 = VERTEX_POINT ( 'NONE', #2151 ) ;
#9537 = DIRECTION ( 'NONE',  ( -1.000000000000000000, 0.000000000000000000, 0.000000000000000000 ) ) ;
#9538 = CARTESIAN_POINT ( 'NONE',  ( 0.3855844237416622411, -0.5143231247457424882, 0.2099999999999999922 ) ) ;
#9539 = CARTESIAN_POINT ( 'NONE',  ( 0.3607524503341855149, -0.5079851534672040758, 0.2199999999999999734 ) ) ;
#9540 = ORIENTED_EDGE ( 'NONE', *, *, #6876, .F. ) ;
#9541 = LINE ( 'NONE', #2807, #5587 ) ;
#9542 = AXIS2_PLACEMENT_3D ( 'NONE', #1725, #8574, #8757 ) ;
#9543 = B_SPLINE_SURFACE_WITH_KNOTS ( 'NONE', 3, 1, ( 
 ( #9221, #3899 ),
 ( #2467, #247 ),
 ( #3256, #6922 ),
 ( #6266, #9270 ) ),
 .UNSPECIFIED., .F., .F., .F.,
 ( 4, 4 ),
 ( 2, 2 ),
 ( 2.000000000000000000, 3.000000000000000000 ),
 ( 0.000000000000000000, 1.000000000000000000 ),
 .UNSPECIFIED. ) ;
#9544 = DIRECTION ( 'NONE',  ( -0.000000000000000000, -0.000000000000000000, -1.000000000000000000 ) ) ;
#9545 = ORIENTED_EDGE ( 'NONE', *, *, #4779, .F. ) ;
#9546 = EDGE_CURVE ( 'NONE', #198, #4244, #4417, .T. ) ;
#9547 = CARTESIAN_POINT ( 'NONE',  ( 0.4767298974208040718, -0.4888474511302015046, 0.2199999999999999734 ) ) ;
#9548 = AXIS2_PLACEMENT_3D ( 'NONE', #3575, #1347, #8946 ) ;
#9549 = CARTESIAN_POINT ( 'NONE',  ( 0.1230584112395674695, -0.5536566398834067426, 0.2199999999999999734 ) ) ;
#9550 = DIRECTION ( 'NONE',  ( -0.000000000000000000, -0.000000000000000000, -1.000000000000000000 ) ) ;
#9551 = LINE ( 'NONE', #2722, #1441 ) ;
#9552 = ORIENTED_EDGE ( 'NONE', *, *, #3883, .T. ) ;
#9553 =( LENGTH_UNIT ( ) NAMED_UNIT ( * ) SI_UNIT ( .MILLI., .METRE. ) );
#9554 = CARTESIAN_POINT ( 'NONE',  ( 0.1506027589800863487, -0.5440161208012131988, 0.2199999999999999734 ) ) ;
#9555 = FACE_OUTER_BOUND ( 'NONE', #122, .T. ) ;
#9556 = VERTEX_POINT ( 'NONE', #5165 ) ;
#9557 = EDGE_LOOP ( 'NONE', ( #7050, #3979, #6213, #8607 ) ) ;
#9558 = EDGE_CURVE ( 'NONE', #489, #6532, #3725, .T. ) ;
#9559 = ORIENTED_EDGE ( 'NONE', *, *, #3206, .T. ) ;
#9560 = ORIENTED_EDGE ( 'NONE', *, *, #6774, .T. ) ;
#9561 = VECTOR ( 'NONE', #1501, 1000.000000000000000 ) ;
#9562 = CARTESIAN_POINT ( 'NONE',  ( 0.1130735864969480003, -0.5006337717965224643, 0.2199999999999999734 ) ) ;
#9563 = ORIENTED_EDGE ( 'NONE', *, *, #1087, .T. ) ;
#9564 = B_SPLINE_CURVE_WITH_KNOTS ( 'NONE', 3,
 ( #9724, #1498, #5354, #659 ),
 .UNSPECIFIED., .F., .F.,
 ( 4, 4 ),
 ( 9.000000000000000000, 10.00000000000000000 ),
 .UNSPECIFIED. ) ;
#9565 = CARTESIAN_POINT ( 'NONE',  ( -0.7000000000000001776, -0.6999999999999999556, 0.2099999999999999922 ) ) ;
#9566 = EDGE_CURVE ( 'NONE', #315, #3336, #5845, .T. ) ;
#9567 = CARTESIAN_POINT ( 'NONE',  ( 0.5178029222292470646, -0.5848082975186108534, 0.2199999999999999734 ) ) ;
#9568 = CARTESIAN_POINT ( 'NONE',  ( 0.1636863149628198510, -0.5863655725268676067, 0.2099999999999999922 ) ) ;
#9569 = ORIENTED_EDGE ( 'NONE', *, *, #7192, .T. ) ;
#9570 = EDGE_CURVE ( 'NONE', #8102, #8245, #3579, .T. ) ;
#9571 = ADVANCED_FACE ( 'NONE', ( #9728 ), #2835, .T. ) ;
#9572 = ORIENTED_EDGE ( 'NONE', *, *, #7990, .T. ) ;
#9573 = ORIENTED_EDGE ( 'NONE', *, *, #6274, .T. ) ;
#9574 = CARTESIAN_POINT ( 'NONE',  ( 0.5373738843214531657, -0.5656705951816078937, 0.2199999999999999734 ) ) ;
#9575 = AXIS2_PLACEMENT_3D ( 'NONE', #6489, #1348, #6441 ) ;
#9576 = B_SPLINE_CURVE_WITH_KNOTS ( 'NONE', 3,
 ( #3428, #8075, #1292, #4310 ),
 .UNSPECIFIED., .F., .F.,
 ( 4, 4 ),
 ( 2.000000000000000000, 3.000000000000000000 ),
 .UNSPECIFIED. ) ;
#9577 =( NAMED_UNIT ( * ) SI_UNIT ( $, .STERADIAN. ) SOLID_ANGLE_UNIT ( ) );
#9578 = EDGE_CURVE ( 'NONE', #1645, #2163, #6657, .T. ) ;
#9579 = CARTESIAN_POINT ( 'NONE',  ( 0.2332357956347252403, -0.5498692973229315495, 0.2199999999999999734 ) ) ;
#9580 = CARTESIAN_POINT ( 'NONE',  ( 0.07588870653990240078, -0.5495250047970038354, 0.2099999999999999922 ) ) ;
#9581 = DIRECTION ( 'NONE',  ( -0.000000000000000000, -0.000000000000000000, -1.000000000000000000 ) ) ;
#9582 = ORIENTED_EDGE ( 'NONE', *, *, #6757, .T. ) ;
#9583 = ORIENTED_EDGE ( 'NONE', *, *, #5551, .F. ) ;
#9584 = CARTESIAN_POINT ( 'NONE',  ( 0.4186483325011223222, -0.5782227492372935540, 0.2199999999999999734 ) ) ;
#9585 = DIRECTION ( 'NONE',  ( -0.000000000000000000, -0.000000000000000000, -1.000000000000000000 ) ) ;
#9586 = CARTESIAN_POINT ( 'NONE',  ( 0.3803234124265557070, -0.4642630547256726969, 0.2199999999999999734 ) ) ;
#9587 = B_SPLINE_CURVE_WITH_KNOTS ( 'NONE', 3,
 ( #5921, #5969, #4388, #3656 ),
 .UNSPECIFIED., .F., .F.,
 ( 4, 4 ),
 ( 12.00000000000000000, 13.00000000000000000 ),
 .UNSPECIFIED. ) ;
#9588 = FACE_OUTER_BOUND ( 'NONE', #3822, .T. ) ;
#9589 = VERTEX_POINT ( 'NONE', #2384 ) ;
#9590 = LINE ( 'NONE', #9647, #2746 ) ;
#9591 = VECTOR ( 'NONE', #9544, 1000.000000000000000 ) ;
#9592 = CARTESIAN_POINT ( 'NONE',  ( 0.5070704591463386368, -0.4738690424445899940, 0.2199999999999999734 ) ) ;
#9593 = ORIENTED_EDGE ( 'NONE', *, *, #5614, .F. ) ;
#9594 = DIRECTION ( 'NONE',  ( -1.000000000000000000, -0.000000000000000000, -0.000000000000000000 ) ) ;
#9595 = AXIS2_PLACEMENT_3D ( 'NONE', #5449, #8057, #8727 ) ;
#9596 = CARTESIAN_POINT ( 'NONE',  ( 0.3855844237416622411, -0.5143231247457424882, 0.2199999999999999734 ) ) ;
#9597 = SURFACE_STYLE_USAGE ( .BOTH. , #587 ) ;
#9598 = CARTESIAN_POINT ( 'NONE',  ( 0.4693273450289774384, -0.5903292646869716664, 0.2199999999999999734 ) ) ;
#9599 = DIRECTION ( 'NONE',  ( 1.000000000000000000, -0.000000000000000000, -0.000000000000000000 ) ) ;
#9600 = VERTEX_POINT ( 'NONE', #9286 ) ;
#9601 = DIRECTION ( 'NONE',  ( 0.000000000000000000, 0.000000000000000000, -1.000000000000000000 ) ) ;
#9602 = CARTESIAN_POINT ( 'NONE',  ( 0.3778600212460483943, -0.5744595787906805473, 0.2199999999999999734 ) ) ;
#9603 = LINE ( 'NONE', #2866, #1545 ) ;
#9604 = PRESENTATION_LAYER_ASSIGNMENT (  '', '', ( #971 ) ) ;
#9605 = CARTESIAN_POINT ( 'NONE',  ( 0.4165810645255624833, -0.5549505109488411803, 0.2099999999999999922 ) ) ;
#9606 = ORIENTED_EDGE ( 'NONE', *, *, #3199, .T. ) ;
#9607 = ORIENTED_EDGE ( 'NONE', *, *, #428, .T. ) ;
#9608 = FILL_AREA_STYLE_COLOUR ( '', #2276 ) ;
#9609 = ORIENTED_EDGE ( 'NONE', *, *, #2536, .F. ) ;
#9610 = CARTESIAN_POINT ( 'NONE',  ( 0.4463150625937793992, -0.5845854782161064023, 0.2199999999999999734 ) ) ;
#9611 = VECTOR ( 'NONE', #8316, 1000.000000000000000 ) ;
#9612 = DIRECTION ( 'NONE',  ( -0.000000000000000000, -1.000000000000000000, -0.000000000000000000 ) ) ;
#9613 = ORIENTED_EDGE ( 'NONE', *, *, #886, .F. ) ;
#9614 = ADVANCED_FACE ( 'NONE', ( #852 ), #4566, .F. ) ;
#9615 = CARTESIAN_POINT ( 'NONE',  ( 0.4550000000000002376, -0.2849999999999999201, -0.01000000000000000021 ) ) ;
#9616 = DIRECTION ( 'NONE',  ( -0.000000000000000000, -0.000000000000000000, -1.000000000000000000 ) ) ;
#9617 = CARTESIAN_POINT ( 'NONE',  ( 0.1547344072008220162, -0.4655147471435845952, 0.2199999999999999734 ) ) ;
#9618 = SURFACE_SIDE_STYLE ('',( #7476 ) ) ;
#9619 = DIRECTION ( 'NONE',  ( -0.9434452330824416588, 0.3315284183505501914, 0.000000000000000000 ) ) ;
#9620 = FACE_OUTER_BOUND ( 'NONE', #7656, .T. ) ;
#9621 = VERTEX_POINT ( 'NONE', #2489 ) ;
#9622 = VECTOR ( 'NONE', #541, 1000.000000000000000 ) ;
#9623 = LINE ( 'NONE', #7155, #593 ) ;
#9624 = VERTEX_POINT ( 'NONE', #5408 ) ;
#9625 = DIRECTION ( 'NONE',  ( -0.000000000000000000, 1.000000000000000000, -0.000000000000000000 ) ) ;
#9626 = ORIENTED_EDGE ( 'NONE', *, *, #735, .T. ) ;
#9627 = ADVANCED_FACE ( 'NONE', ( #807 ), #117, .F. ) ;
#9628 = LINE ( 'NONE', #7388, #2130 ) ;
#9629 = ORIENTED_EDGE ( 'NONE', *, *, #2591, .T. ) ;
#9630 = VECTOR ( 'NONE', #6695, 1000.000000000000000 ) ;
#9631 = ADVANCED_FACE ( 'NONE', ( #3917, #3125 ), #3823, .F. ) ;
#9632 = B_SPLINE_SURFACE_WITH_KNOTS ( 'NONE', 3, 1, ( 
 ( #473, #5808 ),
 ( #9687, #2892 ),
 ( #1958, #3488 ),
 ( #2053, #7395 ) ),
 .UNSPECIFIED., .F., .F., .F.,
 ( 4, 4 ),
 ( 2, 2 ),
 ( 4.000000000000000000, 5.000000000000000000 ),
 ( 0.000000000000000000, 1.000000000000000000 ),
 .UNSPECIFIED. ) ;
#9633 = ADVANCED_FACE ( 'NONE', ( #4661 ), #4783, .F. ) ;
#9634 = FACE_OUTER_BOUND ( 'NONE', #1368, .T. ) ;
#9635 = FACE_OUTER_BOUND ( 'NONE', #5234, .T. ) ;
#9636 =( LENGTH_UNIT ( ) NAMED_UNIT ( * ) SI_UNIT ( .MILLI., .METRE. ) );
#9637 = CARTESIAN_POINT ( 'NONE',  ( 0.5717623300477889803, -0.5419032028872593498, 0.2199999999999999734 ) ) ;
#9638 = ORIENTED_EDGE ( 'NONE', *, *, #4267, .F. ) ;
#9639 = ADVANCED_FACE ( 'NONE', ( #8515 ), #8372, .F. ) ;
#9640 = ORIENTED_EDGE ( 'NONE', *, *, #4403, .F. ) ;
#9641 = LINE ( 'NONE', #5911, #2281 ) ;
#9642 = LINE ( 'NONE', #2999, #5073 ) ;
#9643 = EDGE_CURVE ( 'NONE', #9188, #2538, #9240, .T. ) ;
#9644 = EDGE_CURVE ( 'NONE', #2423, #8950, #6936, .T. ) ;
#9645 = PLANE ( 'NONE',  #1519 ) ;
#9646 = VERTEX_POINT ( 'NONE', #5556 ) ;
#9647 = CARTESIAN_POINT ( 'NONE',  ( -0.5350000000000001421, -0.2050000000000005984, -0.01000000000000000021 ) ) ;
#9648 = VECTOR ( 'NONE', #9710, 1000.000000000000000 ) ;
#9649 = FACE_OUTER_BOUND ( 'NONE', #6846, .T. ) ;
#9650 = CARTESIAN_POINT ( 'NONE',  ( 0.3670656639122792941, -0.5746081249923526979, 0.2199999999999999734 ) ) ;
#9651 = CARTESIAN_POINT ( 'NONE',  ( 0.4124589074245854636, -0.5911462687971523744, 0.2099999999999999922 ) ) ;
#9652 = CARTESIAN_POINT ( 'NONE',  ( 0.1223697933519574677, -0.6035807767306674565, 0.2099999999999999922 ) ) ;
#9653 = VECTOR ( 'NONE', #350, 1000.000000000000000 ) ;
#9654 = CARTESIAN_POINT ( 'NONE',  ( 0.2473522685980794888, -0.5157831814415871907, 0.2199999999999999734 ) ) ;
#9655 = DIRECTION ( 'NONE',  ( -0.000000000000000000, -0.000000000000000000, 1.000000000000000000 ) ) ;
#9656 = ORIENTED_EDGE ( 'NONE', *, *, #492, .F. ) ;
#9657 = PRESENTATION_STYLE_ASSIGNMENT (( #5927 ) ) ;
#9658 = LINE ( 'NONE', #2917, #8111 ) ;
#9659 = LINE ( 'NONE', #5148, #5174 ) ;
#9660 = CARTESIAN_POINT ( 'NONE',  ( 0.5601757263042838053, -0.5716124432553577606, 0.2199999999999999734 ) ) ;
#9661 = ORIENTED_EDGE ( 'NONE', *, *, #2775, .T. ) ;
#9662 = VERTEX_POINT ( 'NONE', #158 ) ;
#9663 = VECTOR ( 'NONE', #6819, 1000.000000000000000 ) ;
#9664 = EDGE_LOOP ( 'NONE', ( #7710, #362, #4004, #4195 ) ) ;
#9665 = CARTESIAN_POINT ( 'NONE',  ( 0.09207102003142031421, -0.4965021399933357005, 0.2199999999999999734 ) ) ;
#9666 = DIRECTION ( 'NONE',  ( -0.000000000000000000, -0.000000000000000000, -1.000000000000000000 ) ) ;
#9667 = VERTEX_POINT ( 'NONE', #213 ) ;
#9668 = CARTESIAN_POINT ( 'NONE',  ( 0.3864509432523987043, -0.5598772933098575821, 0.2199999999999999734 ) ) ;
#9669 = FILL_AREA_STYLE ('',( #1397 ) ) ;
#9670 = VECTOR ( 'NONE', #2738, 1000.000000000000000 ) ;
#9671 = CARTESIAN_POINT ( 'NONE',  ( 0.4048335357300853476, -0.5705478621420710938, 0.2199999999999999734 ) ) ;
#9672 = DIRECTION ( 'NONE',  ( 1.000000000000000000, -1.983296656985684988E-16, 0.000000000000000000 ) ) ;
#9673 = CARTESIAN_POINT ( 'NONE',  ( 0.3743815643529695425, -0.4752802313621141694, 0.2199999999999999734 ) ) ;
#9674 = LINE ( 'NONE', #9137, #8735 ) ;
#9675 = ORIENTED_EDGE ( 'NONE', *, *, #4894, .T. ) ;
#9676 = ORIENTED_EDGE ( 'NONE', *, *, #9052, .F. ) ;
#9677 = CARTESIAN_POINT ( 'NONE',  ( 0.3948561825064956787, -0.5680720921115868238, 0.2199999999999999734 ) ) ;
#9678 = EDGE_CURVE ( 'NONE', #6436, #2056, #4291, .T. ) ;
#9679 = B_SPLINE_CURVE_WITH_KNOTS ( 'NONE', 3,
 ( #3349, #5682, #9363, #5090, #533, #2617, #9458 ),
 .UNSPECIFIED., .F., .F.,
 ( 4, 3, 4 ),
 ( 2.000000000000000000, 3.000000000000000000, 4.000000000000000000 ),
 .UNSPECIFIED. ) ;
#9680 = MECHANICAL_DESIGN_GEOMETRIC_PRESENTATION_REPRESENTATION (  '', ( #9365 ), #6541 ) ;
#9681 = VERTEX_POINT ( 'NONE', #9189 ) ;
#9682 = CARTESIAN_POINT ( 'NONE',  ( 0.3737997583957675674, -0.5835704125033737144, 0.2099999999999999922 ) ) ;
#9683 = ORIENTED_EDGE ( 'NONE', *, *, #4601, .T. ) ;
#9684 = LINE ( 'NONE', #5470, #3881 ) ;
#9685 = DIRECTION ( 'NONE',  ( 1.000000000000000000, 0.000000000000000000, 0.000000000000000000 ) ) ;
#9686 = AXIS2_PLACEMENT_3D ( 'NONE', #2062, #8719, #3496 ) ;
#9687 = CARTESIAN_POINT ( 'NONE',  ( 0.3822668919005590693, -0.5861699710355784410, 0.2199999999999999734 ) ) ;
#9688 = EDGE_CURVE ( 'NONE', #6264, #6478, #267, .T. ) ;
#9689 = CARTESIAN_POINT ( 'NONE',  ( 0.5178400587799959487, -0.5903292646869716664, 0.2199999999999999734 ) ) ;
#9690 = DIRECTION ( 'NONE',  ( 0.000000000000000000, -1.000000000000000000, 0.000000000000000000 ) ) ;
#9691 = VERTEX_POINT ( 'NONE', #5463 ) ;
#9692 = EDGE_CURVE ( 'NONE', #6035, #4503, #6848, .T. ) ;
#9693 = CIRCLE ( 'NONE', #7666, 0.07999999999999998779 ) ;
#9694 = FACE_OUTER_BOUND ( 'NONE', #8453, .T. ) ;
#9695 = CARTESIAN_POINT ( 'NONE',  ( 0.5366435321625796506, -0.5483154472666327273, 0.2199999999999999734 ) ) ;
#9696 = LINE ( 'NONE', #3792, #1350 ) ;
#9697 = VERTEX_POINT ( 'NONE', #4711 ) ;
#9698 = ADVANCED_FACE ( 'NONE', ( #8470 ), #1703, .F. ) ;
#9699 = AXIS2_PLACEMENT_3D ( 'NONE', #9565, #2142, #3522 ) ;
#9700 = ORIENTED_EDGE ( 'NONE', *, *, #7366, .F. ) ;
#9701 = EDGE_CURVE ( 'NONE', #1934, #2556, #1554, .T. ) ;
#9702 = DIRECTION ( 'NONE',  ( -0.9903286039881392666, -0.1387416884822401386, -0.000000000000000000 ) ) ;
#9703 = EDGE_CURVE ( 'NONE', #4952, #9536, #361, .T. ) ;
#9704 = LINE ( 'NONE', #2860, #5376 ) ;
#9705 = PRESENTATION_LAYER_ASSIGNMENT (  '', '', ( #9535 ) ) ;
#9706 = DIRECTION ( 'NONE',  ( -0.000000000000000000, -0.000000000000000000, -1.000000000000000000 ) ) ;
#9707 = LINE ( 'NONE', #1578, #6009 ) ;
#9708 = EDGE_LOOP ( 'NONE', ( #885, #199, #3716, #5817, #6276, #7381, #5578, #2168 ) ) ;
#9709 = PLANE ( 'NONE',  #3748 ) ;
#9710 = DIRECTION ( 'NONE',  ( -0.000000000000000000, -0.000000000000000000, 1.000000000000000000 ) ) ;
#9711 = EDGE_CURVE ( 'NONE', #1085, #6923, #7132, .T. ) ;
#9712 = CARTESIAN_POINT ( 'NONE',  ( 0.4030757390083364311, -0.5891161373720085193, 0.2199999999999999734 ) ) ;
#9713 = ORIENTED_EDGE ( 'NONE', *, *, #8401, .T. ) ;
#9714 = VERTEX_POINT ( 'NONE', #6385 ) ;
#9715 = VECTOR ( 'NONE', #323, 1000.000000000000000 ) ;
#9716 = EDGE_LOOP ( 'NONE', ( #3019, #6794, #9424, #9008 ) ) ;
#9717 = CARTESIAN_POINT ( 'NONE',  ( 0.4466864280986146962, -0.5830009853963081801, 0.2099999999999999922 ) ) ;
#9718 = DIRECTION ( 'NONE',  ( -0.000000000000000000, 1.000000000000000000, -0.000000000000000000 ) ) ;
#9719 = ORIENTED_EDGE ( 'NONE', *, *, #6271, .F. ) ;
#9720 = VECTOR ( 'NONE', #5671, 1000.000000000000000 ) ;
#9721 = CARTESIAN_POINT ( 'NONE',  ( 0.5421196259993088518, -0.5756355695551422791, 0.2199999999999999734 ) ) ;
#9722 = DIRECTION ( 'NONE',  ( 0.000000000000000000, -0.000000000000000000, -1.000000000000000000 ) ) ;
#9723 =( NAMED_UNIT ( * ) PLANE_ANGLE_UNIT ( ) SI_UNIT ( $, .RADIAN. ) );
#9724 = CARTESIAN_POINT ( 'NONE',  ( 0.3785408580043647109, -0.5697803734324470293, 0.2099999999999999922 ) ) ;
#9725 = CARTESIAN_POINT ( 'NONE',  ( 0.4332306179817796421, -0.6066198314889892362, 0.2199999999999999734 ) ) ;
#9726 = ORIENTED_EDGE ( 'NONE', *, *, #5862, .T. ) ;
#9727 = ORIENTED_EDGE ( 'NONE', *, *, #7810, .T. ) ;
#9728 = FACE_OUTER_BOUND ( 'NONE', #8250, .T. ) ;
#9729 = B_SPLINE_CURVE_WITH_KNOTS ( 'NONE', 3,
 ( #1957, #8667, #4322, #8619 ),
 .UNSPECIFIED., .F., .F.,
 ( 4, 4 ),
 ( 5.000000000000000000, 6.000000000000000000 ),
 .UNSPECIFIED. ) ;
#9730 = ORIENTED_EDGE ( 'NONE', *, *, #3503, .T. ) ;
#9731 = FACE_OUTER_BOUND ( 'NONE', #8829, .T. ) ;
#9732 = VERTEX_POINT ( 'NONE', #1144 ) ;
#9733 =( NAMED_UNIT ( * ) PLANE_ANGLE_UNIT ( ) SI_UNIT ( $, .RADIAN. ) );
#9734 = EDGE_CURVE ( 'NONE', #7576, #4765, #8602, .T. ) ;
#9735 = CARTESIAN_POINT ( 'NONE',  ( 0.1502584467527399437, -0.5657073117214350688, 0.2199999999999999734 ) ) ;
#9736 = CARTESIAN_POINT ( 'NONE',  ( 0.4571960718786874378, -0.5135061206355617802, 0.2099999999999999922 ) ) ;
#9737 = LINE ( 'NONE', #6001, #6525 ) ;
#9738 = CARTESIAN_POINT ( 'NONE',  ( 0.5439470537532964389, -0.5583175581906659746, 0.2199999999999999734 ) ) ;
#9739 = EDGE_LOOP ( 'NONE', ( #3425, #3808, #3272, #2313 ) ) ;
#9740 = CARTESIAN_POINT ( 'NONE',  ( 0.2742080050182409967, -0.5567553973923542454, 0.2099999999999999922 ) ) ;
#9741 = PLANE ( 'NONE',  #6814 ) ;
#9742 = CARTESIAN_POINT ( 'NONE',  ( 0.4069998345069226753, -0.5576986156830463504, 0.2199999999999999734 ) ) ;
#9743 = ORIENTED_EDGE ( 'NONE', *, *, #4051, .F. ) ;
#9744 = EDGE_CURVE ( 'NONE', #486, #9536, #7274, .T. ) ;
#9745 = VERTEX_POINT ( 'NONE', #8021 ) ;
#9746 = DIRECTION ( 'NONE',  ( -1.000000000000000000, 0.000000000000000000, -0.000000000000000000 ) ) ;
ENDSEC;
END-ISO-10303-21;
