ISO-10303-21;
HEADER;
FILE_DESCRIPTION (( 'STEP AP214' ),
    '1' );
FILE_NAME ('SMD_YZP0120-16020-01.STEP',
    '2025-11-04T08:50:28',
    ( '' ),
    ( '' ),
    'SwSTEP 2.0',
    'SolidWorks 2020',
    '' );
FILE_SCHEMA (( 'AUTOMOTIVE_DESIGN' ));
ENDSEC;

DATA;
#1 = COLOUR_RGB ( '',0.000000000000000000, 0.000000000000000000, 0.000000000000000000 ) ;
#2 = CARTESIAN_POINT ( 'NONE',  ( 1.108360157762519060, 0.2433757787940240558, -0.01719775937616187939 ) ) ;
#3 = MECHANICAL_DESIGN_GEOMETRIC_PRESENTATION_REPRESENTATION (  '', ( #1675 ), #754 ) ;
#4 = SURFACE_STYLE_USAGE ( .BOTH. , #9477 ) ;
#5 = CARTESIAN_POINT ( 'NONE',  ( 1.132089691219147820, 0.1483364425235647877, -0.03298788878239430900 ) ) ;
#6 = STYLED_ITEM ( 'NONE', ( #4772 ), #5217 ) ;
#7 = CARTESIAN_POINT ( 'NONE',  ( 1.130799795854324996, 0.1551002635678930264, -0.02729514596498417572 ) ) ;
#8 = PRESENTATION_LAYER_ASSIGNMENT (  '', '', ( #569 ) ) ;
#9 = PRESENTATION_LAYER_ASSIGNMENT (  '', '', ( #4936 ) ) ;
#10 = PLANE ( 'NONE',  #1722 ) ;
#11 = DIRECTION ( 'NONE',  ( 3.491481338843133750E-15, 0.000000000000000000, 1.000000000000000000 ) ) ;
#12 = MECHANICAL_DESIGN_GEOMETRIC_PRESENTATION_REPRESENTATION (  '', ( #9862 ), #10068 ) ;
#13 =( NAMED_UNIT ( * ) PLANE_ANGLE_UNIT ( ) SI_UNIT ( $, .RADIAN. ) );
#14 = EDGE_LOOP ( 'NONE', ( #7370, #9331, #6317, #6115 ) ) ;
#15 = COLOUR_RGB ( '',0.000000000000000000, 0.000000000000000000, 0.000000000000000000 ) ;
#16 = B_SPLINE_CURVE_WITH_KNOTS ( 'NONE', 3,
 ( #2866, #1233, #7333, #2188 ),
 .UNSPECIFIED., .F., .F.,
 ( 4, 4 ),
 ( 0.000000000000000000, 1.000000000000000000 ),
 .UNSPECIFIED. ) ;
#17 = CARTESIAN_POINT ( 'NONE',  ( 1.145032021059530836, 0.03497999013688925934, 0.03564162355583488928 ) ) ;
#18 = CARTESIAN_POINT ( 'NONE',  ( 1.107461245603743150, 0.2109974199949253004, -0.0006271292766393669373 ) ) ;
#19 = VERTEX_POINT ( 'NONE', #2271 ) ;
#20 = B_SPLINE_SURFACE_WITH_KNOTS ( 'NONE', 1, 3, ( 
 ( #5740, #641, #2287, #11028 ),
 ( #1444, #7433, #6795, #10900 ) ),
 .UNSPECIFIED., .F., .F., .F.,
 ( 2, 2 ),
 ( 4, 4 ),
 ( 0.000000000000000000, 1.000000000000000000 ),
 ( 0.000000000000000000, 1.000000000000000000 ),
 .UNSPECIFIED. ) ;
#21 = DIRECTION ( 'NONE',  ( 3.491481338843133355E-15, -0.000000000000000000, 1.000000000000000000 ) ) ;
#22 = COLOUR_RGB ( '',0.000000000000000000, 0.000000000000000000, 0.000000000000000000 ) ;
#23 = VECTOR ( 'NONE', #5148, 1000.000000000000000 ) ;
#24 = UNCERTAINTY_MEASURE_WITH_UNIT (LENGTH_MEASURE( 1.000000000000000082E-05 ), #625, 'distance_accuracy_value', 'NONE');
#25 = CARTESIAN_POINT ( 'NONE',  ( 1.128964771772203335, 0.1042599137697623191, -0.02177399018123951646 ) ) ;
#26 = LINE ( 'NONE', #3509, #2792 ) ;
#27 = CARTESIAN_POINT ( 'NONE',  ( 1.127298811079987306, 0.1162330957695818789, 0.02431068657451380954 ) ) ;
#28 = CARTESIAN_POINT ( 'NONE',  ( 1.138781850988788147, 0.1063070807396127582, -0.01447278435478919004 ) ) ;
#29 = CARTESIAN_POINT ( 'NONE',  ( 1.118745108017201506, 0.2075516057612452614, 0.02485103320822999728 ) ) ;
#30 = ORIENTED_EDGE ( 'NONE', *, *, #2725, .T. ) ;
#31 =( GEOMETRIC_REPRESENTATION_CONTEXT ( 3 ) GLOBAL_UNCERTAINTY_ASSIGNED_CONTEXT ( ( #10319 ) ) GLOBAL_UNIT_ASSIGNED_CONTEXT ( ( #11139, #7756, #5131 ) ) REPRESENTATION_CONTEXT ( 'NONE', 'WORKASPACE' ) );
#32 =( NAMED_UNIT ( * ) PLANE_ANGLE_UNIT ( ) SI_UNIT ( $, .RADIAN. ) );
#33 = CARTESIAN_POINT ( 'NONE',  ( 1.145490092083413680, -0.02195466043896960109, -0.003069660892609702395 ) ) ;
#34 = SURFACE_STYLE_USAGE ( .BOTH. , #8809 ) ;
#35 = CARTESIAN_POINT ( 'NONE',  ( 1.118683467919205698, 0.2078105956513181807, 0.002239777458633946880 ) ) ;
#36 = ORIENTED_EDGE ( 'NONE', *, *, #9895, .F. ) ;
#37 = ORIENTED_EDGE ( 'NONE', *, *, #8620, .F. ) ;
#38 =( GEOMETRIC_REPRESENTATION_CONTEXT ( 3 ) GLOBAL_UNCERTAINTY_ASSIGNED_CONTEXT ( ( #8364 ) ) GLOBAL_UNIT_ASSIGNED_CONTEXT ( ( #4679, #1337, #338 ) ) REPRESENTATION_CONTEXT ( 'NONE', 'WORKASPACE' ) );
#39 = CARTESIAN_POINT ( 'NONE',  ( 1.116337361627032454, 0.1753346017093294906, 0.03776540677490592551 ) ) ;
#40 = CARTESIAN_POINT ( 'NONE',  ( 1.139241174452703786, 0.1027742579303637799, 0.04475485328540027702 ) ) ;
#41 = VECTOR ( 'NONE', #4882, 1000.000000000000114 ) ;
#42 = SURFACE_STYLE_FILL_AREA ( #3570 ) ;
#43 = ADVANCED_FACE ( 'NONE', ( #5723 ), #5007, .T. ) ;
#44 = VERTEX_POINT ( 'NONE', #4097 ) ;
#45 = VERTEX_POINT ( 'NONE', #2493 ) ;
#46 = SURFACE_STYLE_USAGE ( .BOTH. , #3577 ) ;
#47 = PRESENTATION_LAYER_ASSIGNMENT (  '', '', ( #6046 ) ) ;
#48 = SURFACE_STYLE_FILL_AREA ( #3401 ) ;
#49 = SURFACE_STYLE_FILL_AREA ( #2794 ) ;
#50 = EDGE_CURVE ( 'NONE', #3855, #5551, #5346, .T. ) ;
#51 = SURFACE_STYLE_USAGE ( .BOTH. , #919 ) ;
#52 = FILL_AREA_STYLE_COLOUR ( '', #6844 ) ;
#53 = CARTESIAN_POINT ( 'NONE',  ( 1.139603271804537910, 0.09990244039556832323, -0.01153230679267332193 ) ) ;
#54 = SURFACE_STYLE_FILL_AREA ( #7881 ) ;
#55 =( NAMED_UNIT ( * ) SI_UNIT ( $, .STERADIAN. ) SOLID_ANGLE_UNIT ( ) );
#56 =( GEOMETRIC_REPRESENTATION_CONTEXT ( 3 ) GLOBAL_UNCERTAINTY_ASSIGNED_CONTEXT ( ( #8033 ) ) GLOBAL_UNIT_ASSIGNED_CONTEXT ( ( #9655, #9766, #6224 ) ) REPRESENTATION_CONTEXT ( 'NONE', 'WORKASPACE' ) );
#57 = EDGE_CURVE ( 'NONE', #10587, #5852, #5144, .T. ) ;
#58 = SURFACE_STYLE_USAGE ( .BOTH. , #10739 ) ;
#59 = LINE ( 'NONE', #6850, #8585 ) ;
#60 = ORIENTED_EDGE ( 'NONE', *, *, #9453, .T. ) ;
#61 = EDGE_CURVE ( 'NONE', #4363, #5404, #2291, .T. ) ;
#62 = CARTESIAN_POINT ( 'NONE',  ( 1.135839162738410568, 0.1265607687162106088, 0.03013988056217904374 ) ) ;
#63 = PRESENTATION_STYLE_ASSIGNMENT (( #7774 ) ) ;
#64 = EDGE_CURVE ( 'NONE', #8903, #9494, #6782, .T. ) ;
#65 = CARTESIAN_POINT ( 'NONE',  ( 1.097834359750225142, 0.2434848269176995150, -0.02595792449772773083 ) ) ;
#66 = AXIS2_PLACEMENT_3D ( 'NONE', #1144, #4612, #8088 ) ;
#67 = SURFACE_STYLE_USAGE ( .BOTH. , #4353 ) ;
#68 = CARTESIAN_POINT ( 'NONE',  ( 1.132229647680669027, 0.1475811482284539455, -0.03283506347181482099 ) ) ;
#69 = CARTESIAN_POINT ( 'NONE',  ( 1.134675677722610798, 0.1337088542777726263, -0.009605616270513780627 ) ) ;
#70 = CARTESIAN_POINT ( 'NONE',  ( 1.134633177656892311, 0.04296363669943129709, 0.005583310175039112727 ) ) ;
#71 = B_SPLINE_CURVE_WITH_KNOTS ( 'NONE', 3,
 ( #10174, #810, #5960, #3346 ),
 .UNSPECIFIED., .F., .F.,
 ( 4, 4 ),
 ( 0.0001232051929062092461, 1.000000000000000000 ),
 .UNSPECIFIED. ) ;
#72 = CARTESIAN_POINT ( 'NONE',  ( 1.134158670044206119, -0.05102710514088796417, 0.03336449143510916010 ) ) ;
#73 = PRESENTATION_LAYER_ASSIGNMENT (  '', '', ( #8451 ) ) ;
#74 = CARTESIAN_POINT ( 'NONE',  ( 1.128287767350910409, 0.1092868460907755884, -0.02217549806215562969 ) ) ;
#75 = ORIENTED_EDGE ( 'NONE', *, *, #2016, .F. ) ;
#76 = EDGE_CURVE ( 'NONE', #3578, #9064, #1213, .T. ) ;
#77 = CARTESIAN_POINT ( 'NONE',  ( 1.122397030820489139, 0.1457591587441520453, -0.03283506347181482099 ) ) ;
#78 = CARTESIAN_POINT ( 'NONE',  ( 1.145733722496323104, -0.01079577183796904052, -0.01323161513075135458 ) ) ;
#79 = VERTEX_POINT ( 'NONE', #789 ) ;
#80 = CARTESIAN_POINT ( 'NONE',  ( 1.145792207741163304, -1.541303978752700535E-05, 0.06457984270910359370 ) ) ;
#81 = STYLED_ITEM ( 'NONE', ( #5678 ), #2238 ) ;
#82 = CARTESIAN_POINT ( 'NONE',  ( 1.107461245603743150, 0.2109974199949253004, -0.0006271292766393669373 ) ) ;
#83 = CARTESIAN_POINT ( 'NONE',  ( 1.136429874838001286, 0.1227730142400494939, -0.004575201755335767118 ) ) ;
#84 = CARTESIAN_POINT ( 'NONE',  ( 0.3357876820061014844, 0.000000000000000000, 0.3101939685163953020 ) ) ;
#85 = CARTESIAN_POINT ( 'NONE',  ( 1.131546203041997600, 0.1512229354256866554, -0.003083250338844025808 ) ) ;
#86 =( NAMED_UNIT ( * ) PLANE_ANGLE_UNIT ( ) SI_UNIT ( $, .RADIAN. ) );
#87 = ORIENTED_EDGE ( 'NONE', *, *, #7618, .F. ) ;
#88 = EDGE_CURVE ( 'NONE', #11049, #5665, #1618, .T. ) ;
#89 = MECHANICAL_DESIGN_GEOMETRIC_PRESENTATION_REPRESENTATION (  '', ( #8461 ), #7928 ) ;
#90 = CARTESIAN_POINT ( 'NONE',  ( 1.135627812543076098, -0.01599267277829009848, -0.01832670521881009373 ) ) ;
#91 = CARTESIAN_POINT ( 'NONE',  ( 1.124546030598792434, 0.1336288533439257409, -0.009331040303425210819 ) ) ;
#92 = FILL_AREA_STYLE_COLOUR ( '', #5793 ) ;
#93 = LINE ( 'NONE', #2556, #757 ) ;
#94 = UNCERTAINTY_MEASURE_WITH_UNIT (LENGTH_MEASURE( 1.000000000000000082E-05 ), #8337, 'distance_accuracy_value', 'NONE');
#95 = ORIENTED_EDGE ( 'NONE', *, *, #696, .F. ) ;
#96 = ORIENTED_EDGE ( 'NONE', *, *, #6408, .T. ) ;
#97 = EDGE_CURVE ( 'NONE', #4582, #4968, #5273, .T. ) ;
#98 = B_SPLINE_CURVE_WITH_KNOTS ( 'NONE', 3,
 ( #590, #9062, #9182, #521 ),
 .UNSPECIFIED., .F., .F.,
 ( 4, 4 ),
 ( 0.000000000000000000, 0.9998346472302432897 ),
 .UNSPECIFIED. ) ;
#99 =( LENGTH_UNIT ( ) NAMED_UNIT ( * ) SI_UNIT ( .MILLI., .METRE. ) );
#100 = FACE_OUTER_BOUND ( 'NONE', #319, .T. ) ;
#101 = CARTESIAN_POINT ( 'NONE',  ( 1.127606449508173903, 0.1141185323753213104, -0.002559277845524488091 ) ) ;
#102 = CARTESIAN_POINT ( 'NONE',  ( 1.116292633144263746, 0.2165918309835656586, -0.02147141002426292827 ) ) ;
#103 = ORIENTED_EDGE ( 'NONE', *, *, #4056, .T. ) ;
#104 = ORIENTED_EDGE ( 'NONE', *, *, #10697, .F. ) ;
#105 = CARTESIAN_POINT ( 'NONE',  ( 1.141879598730533463, -0.07947214475229522068, -0.01468052549281049536 ) ) ;
#106 = CARTESIAN_POINT ( 'NONE',  ( 1.130799795854325218, 0.1551002635678929986, -0.02729514596498418613 ) ) ;
#107 = CARTESIAN_POINT ( 'NONE',  ( 1.107359943222026688, 0.2465283872541707555, -0.02595792449772778288 ) ) ;
#108 = B_SPLINE_CURVE_WITH_KNOTS ( 'NONE', 3,
 ( #2175, #5639, #4906, #1674 ),
 .UNSPECIFIED., .F., .F.,
 ( 4, 4 ),
 ( 0.000000000000000000, 0.7503794405842290072 ),
 .UNSPECIFIED. ) ;
#109 = B_SPLINE_CURVE_WITH_KNOTS ( 'NONE', 1,
 ( #5615, #10941 ),
 .UNSPECIFIED., .F., .F.,
 ( 2, 2 ),
 ( 0.000000000000000000, 1.000000000000000000 ),
 .UNSPECIFIED. ) ;
#110 = ORIENTED_EDGE ( 'NONE', *, *, #129, .F. ) ;
#111 = SURFACE_SIDE_STYLE ('',( #985 ) ) ;
#112 = CARTESIAN_POINT ( 'NONE',  ( 1.135740301461795942, -0.008706700062117166822, 0.06547222589606033205 ) ) ;
#113 = DIRECTION ( 'NONE',  ( -3.491481338843133355E-15, 0.000000000000000000, -1.000000000000000000 ) ) ;
#114 = EDGE_CURVE ( 'NONE', #7813, #11046, #10341, .T. ) ;
#115 = CARTESIAN_POINT ( 'NONE',  ( 1.126227926855293271, 0.1769299842388172561, -0.007864499339870129058 ) ) ;
#116 = PLANE ( 'NONE',  #10932 ) ;
#117 = SURFACE_SIDE_STYLE ('',( #9706 ) ) ;
#118 = FILL_AREA_STYLE_COLOUR ( '', #8777 ) ;
#119 = ORIENTED_EDGE ( 'NONE', *, *, #10480, .T. ) ;
#120 = SURFACE_SIDE_STYLE ('',( #7024 ) ) ;
#121 = B_SPLINE_CURVE_WITH_KNOTS ( 'NONE', 1,
 ( #5921, #7766 ),
 .UNSPECIFIED., .F., .F.,
 ( 2, 2 ),
 ( 0.000000000000000000, 1.000000000000000000 ),
 .UNSPECIFIED. ) ;
#122 = EDGE_CURVE ( 'NONE', #9774, #10995, #6807, .T. ) ;
#123 = DIRECTION ( 'NONE',  ( 1.000000000000000000, 0.000000000000000000, -3.491658038126059717E-15 ) ) ;
#124 = CIRCLE ( 'NONE', #2855, 0.8100000000000000533 ) ;
#125 = FACE_OUTER_BOUND ( 'NONE', #8000, .T. ) ;
#126 = EDGE_CURVE ( 'NONE', #1580, #5883, #3928, .T. ) ;
#127 = UNCERTAINTY_MEASURE_WITH_UNIT (LENGTH_MEASURE( 1.000000000000000082E-05 ), #8053, 'distance_accuracy_value', 'NONE');
#128 =( NAMED_UNIT ( * ) PLANE_ANGLE_UNIT ( ) SI_UNIT ( $, .RADIAN. ) );
#129 = EDGE_CURVE ( 'NONE', #3894, #2182, #251, .T. ) ;
#130 = COLOUR_RGB ( '',0.000000000000000000, 0.000000000000000000, 0.000000000000000000 ) ;
#131 = ADVANCED_FACE ( 'NONE', ( #8068 ), #1758, .T. ) ;
#132 = DIRECTION ( 'NONE',  ( -1.000000000000000000, 0.000000000000000000, 3.491481338843133355E-15 ) ) ;
#133 = CYLINDRICAL_SURFACE ( 'NONE', #5477, 0.8099999999999999423 ) ;
#134 = CARTESIAN_POINT ( 'NONE',  ( 0.3357876820061025391, 0.000000000000000000, 0.6101939685163952909 ) ) ;
#135 = ORIENTED_EDGE ( 'NONE', *, *, #2723, .T. ) ;
#136 = VECTOR ( 'NONE', #5650, 1000.000000000000227 ) ;
#137 = ORIENTED_EDGE ( 'NONE', *, *, #8377, .T. ) ;
#138 =( NAMED_UNIT ( * ) PLANE_ANGLE_UNIT ( ) SI_UNIT ( $, .RADIAN. ) );
#139 = CARTESIAN_POINT ( 'NONE',  ( 1.134983890654777339, 0.1318537829627218216, -0.004378210225517093282 ) ) ;
#140 = FACE_OUTER_BOUND ( 'NONE', #7475, .T. ) ;
#141 =( NAMED_UNIT ( * ) PLANE_ANGLE_UNIT ( ) SI_UNIT ( $, .RADIAN. ) );
#142 = CARTESIAN_POINT ( 'NONE',  ( 1.131887714259100841, 0.1494146533870493732, 0.05319467026563504813 ) ) ;
#143 = CARTESIAN_POINT ( 'NONE',  ( 1.137935526560697630, 0.1125427362400361619, -0.006028080668364448752 ) ) ;
#144 = ORIENTED_EDGE ( 'NONE', *, *, #9259, .T. ) ;
#145 = SURFACE_SIDE_STYLE ('',( #1821 ) ) ;
#146 = CARTESIAN_POINT ( 'NONE',  ( 1.138207601216812748, 0.1105543904776014469, -0.01660829032125834062 ) ) ;
#147 = SURFACE_STYLE_FILL_AREA ( #7052 ) ;
#148 = CARTESIAN_POINT ( 'NONE',  ( 1.145748025500087586, 0.008015108676899971793, -0.01900985571310601085 ) ) ;
#149 = ORIENTED_EDGE ( 'NONE', *, *, #8985, .T. ) ;
#150 = VERTEX_POINT ( 'NONE', #3660 ) ;
#151 =( LENGTH_UNIT ( ) NAMED_UNIT ( * ) SI_UNIT ( .MILLI., .METRE. ) );
#152 = CARTESIAN_POINT ( 'NONE',  ( 1.132444684181229455, -0.07324853437872767825, -0.01994233357252258448 ) ) ;
#153 = FILL_AREA_STYLE ('',( #4279 ) ) ;
#154 = FACE_OUTER_BOUND ( 'NONE', #8359, .T. ) ;
#155 = CARTESIAN_POINT ( 'NONE',  ( 1.126670533888383341, 0.1206124430235155920, -0.003390892484159200963 ) ) ;
#156 = VERTEX_POINT ( 'NONE', #253 ) ;
#157 = EDGE_LOOP ( 'NONE', ( #5594, #8877, #9804, #2110, #7150, #3024, #10771, #6710, #6243, #10002, #1411, #10506 ) ) ;
#158 = FACE_OUTER_BOUND ( 'NONE', #4669, .T. ) ;
#159 = UNCERTAINTY_MEASURE_WITH_UNIT (LENGTH_MEASURE( 1.000000000000000082E-05 ), #1448, 'distance_accuracy_value', 'NONE');
#160 = ORIENTED_EDGE ( 'NONE', *, *, #5611, .T. ) ;
#161 = DIRECTION ( 'NONE',  ( -1.000000000000000000, 0.000000000000000000, 3.491481338843133355E-15 ) ) ;
#162 = ADVANCED_FACE ( 'NONE', ( #6287 ), #8896, .T. ) ;
#163 = CARTESIAN_POINT ( 'NONE',  ( 1.124305097161523825, 0.1350638588439739551, -0.01658645813400471195 ) ) ;
#164 = DIRECTION ( 'NONE',  ( 0.9676342604086182186, 0.2523567674612002265, -3.379661459544658353E-15 ) ) ;
#165 = DIRECTION ( 'NONE',  ( -3.491481338843133355E-15, 0.000000000000000000, -1.000000000000000000 ) ) ;
#166 = AXIS2_PLACEMENT_3D ( 'NONE', #2488, #9426, #5109 ) ;
#167 = PRESENTATION_STYLE_ASSIGNMENT (( #1852 ) ) ;
#168 = COLOUR_RGB ( '',0.000000000000000000, 0.000000000000000000, 0.000000000000000000 ) ;
#169 = ORIENTED_EDGE ( 'NONE', *, *, #6118, .F. ) ;
#170 = CARTESIAN_POINT ( 'NONE',  ( 0.3357876820061005962, 0.000000000000000000, 0.05687885185883619077 ) ) ;
#171 =( GEOMETRIC_REPRESENTATION_CONTEXT ( 3 ) GLOBAL_UNCERTAINTY_ASSIGNED_CONTEXT ( ( #10081 ) ) GLOBAL_UNIT_ASSIGNED_CONTEXT ( ( #4098, #1594, #9327 ) ) REPRESENTATION_CONTEXT ( 'NONE', 'WORKASPACE' ) );
#172 = CARTESIAN_POINT ( 'NONE',  ( 1.130685613852037585, 0.1556832616148957349, -0.02590880207654016470 ) ) ;
#173 = PRESENTATION_LAYER_ASSIGNMENT (  '', '', ( #7483 ) ) ;
#174 = STYLED_ITEM ( 'NONE', ( #6247 ), #7205 ) ;
#175 = CARTESIAN_POINT ( 'NONE',  ( 1.113505489076544341, 0.1874967001457347460, -0.02230649118532043035 ) ) ;
#176 = AXIS2_PLACEMENT_3D ( 'NONE', #7900, #7037, #6114 ) ;
#177 = CIRCLE ( 'NONE', #4557, 0.8000000000000001554 ) ;
#178 = CARTESIAN_POINT ( 'NONE',  ( 1.127211755934392823, 0.1168243776219023006, 0.02799486816771251316 ) ) ;
#179 = CARTESIAN_POINT ( 'NONE',  ( 1.135403215462710724, 0.1292864983472779561, -0.009256301275038954918 ) ) ;
#180 = EDGE_CURVE ( 'NONE', #10660, #11015, #10236, .T. ) ;
#181 = DIRECTION ( 'NONE',  ( 1.000000000000000000, 0.000000000000000000, -3.480155121558408744E-15 ) ) ;
#182 = VERTEX_POINT ( 'NONE', #7508 ) ;
#183 = PRESENTATION_LAYER_ASSIGNMENT (  '', '', ( #7661 ) ) ;
#184 = AXIS2_PLACEMENT_3D ( 'NONE', #3529, #8928, #8773 ) ;
#185 = MECHANICAL_DESIGN_GEOMETRIC_PRESENTATION_REPRESENTATION (  '', ( #7112 ), #1117 ) ;
#186 = CARTESIAN_POINT ( 'NONE',  ( 1.126349337283130581, 0.1763998085141040284, 0.03465977947294032746 ) ) ;
#187 =( NAMED_UNIT ( * ) SI_UNIT ( $, .STERADIAN. ) SOLID_ANGLE_UNIT ( ) );
#188 = AXIS2_PLACEMENT_3D ( 'NONE', #3100, #2309, #1416 ) ;
#189 = VERTEX_POINT ( 'NONE', #3901 ) ;
#190 = ADVANCED_FACE ( 'NONE', ( #6466 ), #7842, .F. ) ;
#191 =( NAMED_UNIT ( * ) PLANE_ANGLE_UNIT ( ) SI_UNIT ( $, .RADIAN. ) );
#192 = EDGE_CURVE ( 'NONE', #2041, #2050, #7876, .T. ) ;
#193 = STYLED_ITEM ( 'NONE', ( #5747 ), #11171 ) ;
#194 = MECHANICAL_DESIGN_GEOMETRIC_PRESENTATION_REPRESENTATION (  '', ( #8206 ), #2386 ) ;
#195 = EDGE_CURVE ( 'NONE', #2863, #11185, #1365, .T. ) ;
#196 = MECHANICAL_DESIGN_GEOMETRIC_PRESENTATION_REPRESENTATION (  '', ( #6197 ), #9484 ) ;
#197 = PRESENTATION_STYLE_ASSIGNMENT (( #4592 ) ) ;
#198 = CARTESIAN_POINT ( 'NONE',  ( 1.130174755980359436, 0.1582693169967411828, -0.02941286812516781535 ) ) ;
#199 = SURFACE_STYLE_FILL_AREA ( #8005 ) ;
#200 = CARTESIAN_POINT ( 'NONE',  ( 1.130174755980359436, 0.1582693169967411828, -0.02941286812516781535 ) ) ;
#201 = COLOUR_RGB ( '',0.000000000000000000, 0.000000000000000000, 0.000000000000000000 ) ;
#202 = CARTESIAN_POINT ( 'NONE',  ( 1.134730686746963091, 0.1333958842196980854, -0.02605071129340233438 ) ) ;
#203 = ORIENTED_EDGE ( 'NONE', *, *, #6178, .F. ) ;
#204 = B_SPLINE_SURFACE_WITH_KNOTS ( 'NONE', 1, 3, ( 
 ( #6503, #4164, #5917, #3175 ),
 ( #1611, #5070, #8490, #513 ) ),
 .UNSPECIFIED., .F., .F., .F.,
 ( 2, 2 ),
 ( 4, 4 ),
 ( 0.000000000000000000, 1.000000000000000000 ),
 ( 0.000000000000000000, 1.000000000000000000 ),
 .UNSPECIFIED. ) ;
#205 = EDGE_CURVE ( 'NONE', #6954, #6372, #4921, .T. ) ;
#206 = CARTESIAN_POINT ( 'NONE',  ( 1.117107165148713666, 0.2136348877448618622, -0.0006271292766393669373 ) ) ;
#207 =( NAMED_UNIT ( * ) PLANE_ANGLE_UNIT ( ) SI_UNIT ( $, .RADIAN. ) );
#208 = COLOUR_RGB ( '',0.000000000000000000, 0.000000000000000000, 0.000000000000000000 ) ;
#209 = CARTESIAN_POINT ( 'NONE',  ( 1.113190967483567384, 0.2274733648778247408, -0.02595792449772778288 ) ) ;
#210 = ADVANCED_FACE ( 'NONE', ( #3779 ), #11319, .T. ) ;
#211 = AXIS2_PLACEMENT_3D ( 'NONE', #9486, #2603, #9658 ) ;
#212 = ORIENTED_EDGE ( 'NONE', *, *, #7613, .F. ) ;
#213 = ADVANCED_FACE ( 'NONE', ( #4184 ), #10189, .T. ) ;
#214 = VERTEX_POINT ( 'NONE', #7777 ) ;
#215 = AXIS2_PLACEMENT_3D ( 'NONE', #1345, #1162, #10641 ) ;
#216 = PLANE ( 'NONE',  #11299 ) ;
#217 =( LENGTH_UNIT ( ) NAMED_UNIT ( * ) SI_UNIT ( .MILLI., .METRE. ) );
#218 = CARTESIAN_POINT ( 'NONE',  ( 1.134626819849680945, 0.1340004450050175100, -0.01031516235513145301 ) ) ;
#219 = CARTESIAN_POINT ( 'NONE',  ( 1.123647969513853484, 0.1388386378793766140, -0.02012873051028123486 ) ) ;
#220 = ORIENTED_EDGE ( 'NONE', *, *, #3533, .T. ) ;
#221 = EDGE_CURVE ( 'NONE', #3041, #3864, #7304, .T. ) ;
#222 = CARTESIAN_POINT ( 'NONE',  ( 1.122059318799187189, 0.1475700280365919992, 0.05319467026563504813 ) ) ;
#223 = DIRECTION ( 'NONE',  ( 3.491481338843133355E-15, -0.000000000000000000, 1.000000000000000000 ) ) ;
#224 = VERTEX_POINT ( 'NONE', #4241 ) ;
#225 = AXIS2_PLACEMENT_3D ( 'NONE', #4794, #5735, #283 ) ;
#226 = ORIENTED_EDGE ( 'NONE', *, *, #6102, .T. ) ;
#227 = CIRCLE ( 'NONE', #7339, 0.8100000000000000533 ) ;
#228 = CARTESIAN_POINT ( 'NONE',  ( 0.3357876820061011514, 0.000000000000000000, 0.2101939685163952964 ) ) ;
#229 = CARTESIAN_POINT ( 'NONE',  ( 1.133508810410889245, -0.06034071011009248253, -0.02561357143766559291 ) ) ;
#230 = FILL_AREA_STYLE_COLOUR ( '', #4399 ) ;
#231 = DIRECTION ( 'NONE',  ( -1.000000000000000000, 0.000000000000000000, 3.491481338843133355E-15 ) ) ;
#232 = CARTESIAN_POINT ( 'NONE',  ( 1.135738983417690751, 0.008826968330258200268, 0.01287018508051515284 ) ) ;
#233 = PRESENTATION_LAYER_ASSIGNMENT (  '', '', ( #3130 ) ) ;
#234 = SURFACE_SIDE_STYLE ('',( #340 ) ) ;
#235 = ORIENTED_EDGE ( 'NONE', *, *, #5822, .F. ) ;
#236 = DIRECTION ( 'NONE',  ( 1.000000000000000000, 0.000000000000000000, -3.491658038126059717E-15 ) ) ;
#237 = SURFACE_STYLE_FILL_AREA ( #8149 ) ;
#238 = CARTESIAN_POINT ( 'NONE',  ( 0.3357876820061003742, 0.000000000000000000, -0.003083250338841261092 ) ) ;
#239 = ADVANCED_FACE ( 'NONE', ( #3360 ), #9577, .F. ) ;
#240 = B_SPLINE_CURVE_WITH_KNOTS ( 'NONE', 1,
 ( #9076, #8120 ),
 .UNSPECIFIED., .F., .F.,
 ( 2, 2 ),
 ( 0.000000000000000000, 1.000000000000000000 ),
 .UNSPECIFIED. ) ;
#241 = SURFACE_STYLE_USAGE ( .BOTH. , #6977 ) ;
#242 = VECTOR ( 'NONE', #6123, 1000.000000000000000 ) ;
#243 =( LENGTH_UNIT ( ) NAMED_UNIT ( * ) SI_UNIT ( .MILLI., .METRE. ) );
#244 = CARTESIAN_POINT ( 'NONE',  ( 1.136264440660504693, 0.1238723824591929784, 0.02883305182720666965 ) ) ;
#245 = CARTESIAN_POINT ( 'NONE',  ( 1.110685144326871931, 0.1988396502010899569, 0.04241502782618791767 ) ) ;
#246 = CARTESIAN_POINT ( 'NONE',  ( 1.144836915664353416, -0.03923439201763697509, 0.004672461670102373912 ) ) ;
#247 = VERTEX_POINT ( 'NONE', #2353 ) ;
#248 = EDGE_LOOP ( 'NONE', ( #685, #10855 ) ) ;
#249 = AXIS2_PLACEMENT_3D ( 'NONE', #3418, #5094, #4246 ) ;
#250 = DIRECTION ( 'NONE',  ( 3.491481338843133355E-15, -0.000000000000000000, 1.000000000000000000 ) ) ;
#251 = B_SPLINE_CURVE_WITH_KNOTS ( 'NONE', 3,
 ( #1964, #6119, #1810, #4590 ),
 .UNSPECIFIED., .F., .F.,
 ( 4, 4 ),
 ( 0.000000000000000000, 1.000000000000000000 ),
 .UNSPECIFIED. ) ;
#252 = EDGE_LOOP ( 'NONE', ( #5359, #4022, #3279, #7108 ) ) ;
#253 = CARTESIAN_POINT ( 'NONE',  ( 1.124245763469084336, 0.1354025619244731693, 0.02850246652063670449 ) ) ;
#254 = FACE_OUTER_BOUND ( 'NONE', #9606, .T. ) ;
#255 = CARTESIAN_POINT ( 'NONE',  ( 1.145637000818259699, 0.01560970345644753857, -0.01202446129206988235 ) ) ;
#256 = EDGE_CURVE ( 'NONE', #4085, #5607, #3776, .T. ) ;
#257 = SURFACE_STYLE_USAGE ( .BOTH. , #7342 ) ;
#258 = PRESENTATION_STYLE_ASSIGNMENT (( #8850 ) ) ;
#259 = SURFACE_SIDE_STYLE ('',( #370 ) ) ;
#260 = EDGE_LOOP ( 'NONE', ( #1491, #3599, #1258, #486 ) ) ;
#261 = CARTESIAN_POINT ( 'NONE',  ( 1.138278833981932747, 0.1100361349762070395, 0.03136921950282883786 ) ) ;
#262 = UNCERTAINTY_MEASURE_WITH_UNIT (LENGTH_MEASURE( 1.000000000000000082E-05 ), #3223, 'distance_accuracy_value', 'NONE');
#263 = ORIENTED_EDGE ( 'NONE', *, *, #9005, .F. ) ;
#264 = VERTEX_POINT ( 'NONE', #4129 ) ;
#265 = B_SPLINE_SURFACE_WITH_KNOTS ( 'NONE', 1, 3, ( 
 ( #4991, #244, #3706, #1166 ),
 ( #3592, #7202, #10585, #178 ) ),
 .UNSPECIFIED., .F., .F., .F.,
 ( 2, 2 ),
 ( 4, 4 ),
 ( 0.000000000000000000, 1.000000000000000000 ),
 ( 0.000000000000000000, 1.000000000000000000 ),
 .UNSPECIFIED. ) ;
#266 = FILL_AREA_STYLE ('',( #8085 ) ) ;
#267 = EDGE_CURVE ( 'NONE', #3026, #5949, #508, .T. ) ;
#268 = CIRCLE ( 'NONE', #2087, 0.8100000000000001643 ) ;
#269 = FILL_AREA_STYLE ('',( #4664 ) ) ;
#270 = CARTESIAN_POINT ( 'NONE',  ( 1.122239907659134506, 0.1466070954961332662, -0.03651378701836058976 ) ) ;
#271 = FILL_AREA_STYLE ('',( #4666 ) ) ;
#272 = VERTEX_POINT ( 'NONE', #1521 ) ;
#273 = SURFACE_STYLE_USAGE ( .BOTH. , #9092 ) ;
#274 = ORIENTED_EDGE ( 'NONE', *, *, #4544, .T. ) ;
#275 = SURFACE_STYLE_FILL_AREA ( #447 ) ;
#276 = DIRECTION ( 'NONE',  ( 3.491481338843133355E-15, 0.000000000000000000, 1.000000000000000000 ) ) ;
#277 = DIRECTION ( 'NONE',  ( -1.224646799147353207E-16, 1.000000000000000000, 4.275831445896958607E-31 ) ) ;
#278 = VERTEX_POINT ( 'NONE', #5872 ) ;
#279 = VERTEX_POINT ( 'NONE', #9360 ) ;
#280 = B_SPLINE_CURVE_WITH_KNOTS ( 'NONE', 1,
 ( #10244, #5030 ),
 .UNSPECIFIED., .F., .F.,
 ( 2, 2 ),
 ( 0.000000000000000000, 1.000000000000000000 ),
 .UNSPECIFIED. ) ;
#281 = CARTESIAN_POINT ( 'NONE',  ( 1.143819008261957482, 0.05645447855682192428, 0.02053748517335905743 ) ) ;
#282 = CARTESIAN_POINT ( 'NONE',  ( 1.128985489904669404, 0.1041020535095472099, -0.01983399598272112679 ) ) ;
#283 = DIRECTION ( 'NONE',  ( -3.491481338843133355E-15, 0.000000000000000000, -1.000000000000000000 ) ) ;
#284 = B_SPLINE_CURVE_WITH_KNOTS ( 'NONE', 3,
 ( #2801, #9992, #6274, #5373 ),
 .UNSPECIFIED., .F., .F.,
 ( 4, 4 ),
 ( 0.000000000000000000, 1.000000000000000000 ),
 .UNSPECIFIED. ) ;
#285 = APPLICATION_PROTOCOL_DEFINITION ( 'draft international standard', 'automotive_design', 1998, #388 ) ;
#286 = ORIENTED_EDGE ( 'NONE', *, *, #10740, .T. ) ;
#287 = CARTESIAN_POINT ( 'NONE',  ( 1.115337583976614866, 0.1797274334590070188, 0.04127429604397193919 ) ) ;
#288 =( NAMED_UNIT ( * ) PLANE_ANGLE_UNIT ( ) SI_UNIT ( $, .RADIAN. ) );
#289 = FACE_OUTER_BOUND ( 'NONE', #3967, .T. ) ;
#290 = CIRCLE ( 'NONE', #6669, 0.009999999999999998473 ) ;
#291 = CARTESIAN_POINT ( 'NONE',  ( 1.137661881051640567, 0.1144454844241282465, -0.01520011424547613316 ) ) ;
#292 = FACE_OUTER_BOUND ( 'NONE', #8234, .T. ) ;
#293 = ADVANCED_FACE ( 'NONE', ( #5038 ), #8506, .T. ) ;
#294 = CARTESIAN_POINT ( 'NONE',  ( 1.125787682006100798, 9.735942053221457393E-17, 0.1101939685163924321 ) ) ;
#295 = MECHANICAL_DESIGN_GEOMETRIC_PRESENTATION_REPRESENTATION (  '', ( #3746 ), #3738 ) ;
#296 = SURFACE_SIDE_STYLE ('',( #2698 ) ) ;
#297 = SURFACE_STYLE_FILL_AREA ( #1005 ) ;
#298 = DIRECTION ( 'NONE',  ( 0.9921629215550940017, 0.1249509387370111302, -3.464118325701694416E-15 ) ) ;
#299 = FILL_AREA_STYLE ('',( #1169 ) ) ;
#300 = ORIENTED_EDGE ( 'NONE', *, *, #4890, .T. ) ;
#301 = ORIENTED_EDGE ( 'NONE', *, *, #5356, .T. ) ;
#302 = B_SPLINE_CURVE_WITH_KNOTS ( 'NONE', 1,
 ( #5837, #9319 ),
 .UNSPECIFIED., .F., .F.,
 ( 2, 2 ),
 ( 0.000000000000000000, 1.000000000000000000 ),
 .UNSPECIFIED. ) ;
#303 = CARTESIAN_POINT ( 'NONE',  ( 1.119586074144408139, 0.2043528333089706106, 0.03361119833001464247 ) ) ;
#304 = CARTESIAN_POINT ( 'NONE',  ( 1.121921548956863468, 0.1483022023876921502, -0.03673210889059547180 ) ) ;
#305 = VERTEX_POINT ( 'NONE', #940 ) ;
#306 = CARTESIAN_POINT ( 'NONE',  ( 1.105351097265167226, 0.2185684101026524051, -0.009534661662203604282 ) ) ;
#307 =( NAMED_UNIT ( * ) PLANE_ANGLE_UNIT ( ) SI_UNIT ( $, .RADIAN. ) );
#308 = VECTOR ( 'NONE', #7743, 1000.000000000000000 ) ;
#309 = DIRECTION ( 'NONE',  ( 3.491481338843133355E-15, -0.000000000000000000, 1.000000000000000000 ) ) ;
#310 = CARTESIAN_POINT ( 'NONE',  ( 1.121096970373710144, 0.1526095208937585102, -0.02868148985342823878 ) ) ;
#311 = SURFACE_STYLE_FILL_AREA ( #4483 ) ;
#312 = CARTESIAN_POINT ( 'NONE',  ( 1.130778212498744661, 0.1552978544105683978, -0.03521960470895443840 ) ) ;
#313 = MECHANICAL_DESIGN_GEOMETRIC_PRESENTATION_REPRESENTATION (  '', ( #683 ), #9302 ) ;
#314 = ORIENTED_EDGE ( 'NONE', *, *, #6328, .T. ) ;
#315 = B_SPLINE_CURVE_WITH_KNOTS ( 'NONE', 3,
 ( #7627, #10324, #11112, #5216 ),
 .UNSPECIFIED., .F., .F.,
 ( 4, 4 ),
 ( 0.000000000000000000, 1.000000000000000000 ),
 .UNSPECIFIED. ) ;
#316 =( NAMED_UNIT ( * ) PLANE_ANGLE_UNIT ( ) SI_UNIT ( $, .RADIAN. ) );
#317 = CARTESIAN_POINT ( 'NONE',  ( 1.145340345021797823, 0.02691627396562468535, -0.01217842026157467741 ) ) ;
#318 = SURFACE_STYLE_USAGE ( .BOTH. , #10611 ) ;
#319 = EDGE_LOOP ( 'NONE', ( #9556, #7949, #8114, #7572 ) ) ;
#320 = ORIENTED_EDGE ( 'NONE', *, *, #1757, .F. ) ;
#321 = PRESENTATION_STYLE_ASSIGNMENT (( #3731 ) ) ;
#322 = DIRECTION ( 'NONE',  ( 3.491481338843133355E-15, -0.000000000000000000, 1.000000000000000000 ) ) ;
#323 = SURFACE_STYLE_FILL_AREA ( #7463 ) ;
#324 = B_SPLINE_CURVE_WITH_KNOTS ( 'NONE', 3,
 ( #5302, #106, #3576, #7063 ),
 .UNSPECIFIED., .F., .F.,
 ( 4, 4 ),
 ( 0.000000000000000000, 1.000000000000000000 ),
 .UNSPECIFIED. ) ;
#325 =( NAMED_UNIT ( * ) PLANE_ANGLE_UNIT ( ) SI_UNIT ( $, .RADIAN. ) );
#326 = ORIENTED_EDGE ( 'NONE', *, *, #61, .T. ) ;
#327 = EDGE_CURVE ( 'NONE', #2162, #3149, #9917, .T. ) ;
#328 = EDGE_LOOP ( 'NONE', ( #2485, #5957, #7371, #5831 ) ) ;
#329 = CARTESIAN_POINT ( 'NONE',  ( 1.125117018546059056, 0.1302274874110244118, -0.004376807431639181782 ) ) ;
#330 = LINE ( 'NONE', #4503, #2749 ) ;
#331 = ORIENTED_EDGE ( 'NONE', *, *, #1200, .T. ) ;
#332 = ORIENTED_EDGE ( 'NONE', *, *, #7471, .T. ) ;
#333 = ADVANCED_FACE ( 'NONE', ( #125 ), #6098, .T. ) ;
#334 =( LENGTH_UNIT ( ) NAMED_UNIT ( * ) SI_UNIT ( .MILLI., .METRE. ) );
#335 = CARTESIAN_POINT ( 'NONE',  ( 1.135738983417690751, 0.008826968330258200268, 0.01287018508051515284 ) ) ;
#336 =( NAMED_UNIT ( * ) SI_UNIT ( $, .STERADIAN. ) SOLID_ANGLE_UNIT ( ) );
#337 = EDGE_CURVE ( 'NONE', #9353, #6588, #5192, .T. ) ;
#338 =( NAMED_UNIT ( * ) SI_UNIT ( $, .STERADIAN. ) SOLID_ANGLE_UNIT ( ) );
#339 = EDGE_CURVE ( 'NONE', #10996, #2670, #5669, .T. ) ;
#340 = SURFACE_STYLE_FILL_AREA ( #10691 ) ;
#341 = ORIENTED_EDGE ( 'NONE', *, *, #4832, .T. ) ;
#342 = CARTESIAN_POINT ( 'NONE',  ( 1.143752103287359212, 0.05739021586511061646, -0.002187718110510305288 ) ) ;
#343 = CARTESIAN_POINT ( 'NONE',  ( 1.130785639997008429, 0.1551847783773399048, -0.01454514862898875251 ) ) ;
#344 = COLOUR_RGB ( '',0.000000000000000000, 0.000000000000000000, 0.000000000000000000 ) ;
#345 = CARTESIAN_POINT ( 'NONE',  ( 1.128022733032706171, 0.1112301223996088329, -0.002738536148024482177 ) ) ;
#346 = CARTESIAN_POINT ( 'NONE',  ( 1.122547269834443640, 0.1449460277488681392, -0.003083250338844134228 ) ) ;
#347 = SURFACE_SIDE_STYLE ('',( #2242 ) ) ;
#348 = CARTESIAN_POINT ( 'NONE',  ( 1.130685613852037585, 0.1556832616148957349, -0.02590880207654016470 ) ) ;
#349 = FILL_AREA_STYLE_COLOUR ( '', #8083 ) ;
#350 =( NAMED_UNIT ( * ) PLANE_ANGLE_UNIT ( ) SI_UNIT ( $, .RADIAN. ) );
#351 = CARTESIAN_POINT ( 'NONE',  ( 1.133565926203818464, 0.1401915298345625949, -0.02577292508507636470 ) ) ;
#352 = STYLED_ITEM ( 'NONE', ( #6544 ), #1375 ) ;
#353 = CARTESIAN_POINT ( 'NONE',  ( 1.134848653520424300, -0.03875001680754269762, 0.004672461670102427689 ) ) ;
#354 = EDGE_LOOP ( 'NONE', ( #87, #1572, #9628, #10332 ) ) ;
#355 = ORIENTED_EDGE ( 'NONE', *, *, #5550, .F. ) ;
#356 = EDGE_CURVE ( 'NONE', #9659, #3722, #1070, .T. ) ;
#357 =( LENGTH_UNIT ( ) NAMED_UNIT ( * ) SI_UNIT ( .MILLI., .METRE. ) );
#358 = ORIENTED_EDGE ( 'NONE', *, *, #468, .T. ) ;
#359 = PRESENTATION_LAYER_ASSIGNMENT (  '', '', ( #914 ) ) ;
#360 = PRESENTATION_STYLE_ASSIGNMENT (( #9137 ) ) ;
#361 = VERTEX_POINT ( 'NONE', #8838 ) ;
#362 = FACE_OUTER_BOUND ( 'NONE', #2920, .T. ) ;
#363 = UNCERTAINTY_MEASURE_WITH_UNIT (LENGTH_MEASURE( 1.000000000000000082E-05 ), #1918, 'distance_accuracy_value', 'NONE');
#364 = FILL_AREA_STYLE_COLOUR ( '', #7845 ) ;
#365 = PRESENTATION_LAYER_ASSIGNMENT (  '', '', ( #6930 ) ) ;
#366 = CARTESIAN_POINT ( 'NONE',  ( 1.142857730117018189, -0.06935754763982114601, -0.005564439092363166611 ) ) ;
#367 = CARTESIAN_POINT ( 'NONE',  ( 1.128830457771395457, 0.1648731506536953717, 0.02850246652063670449 ) ) ;
#368 =( GEOMETRIC_REPRESENTATION_CONTEXT ( 3 ) GLOBAL_UNCERTAINTY_ASSIGNED_CONTEXT ( ( #9712 ) ) GLOBAL_UNIT_ASSIGNED_CONTEXT ( ( #988, #4341, #10407 ) ) REPRESENTATION_CONTEXT ( 'NONE', 'WORKASPACE' ) );
#369 = VECTOR ( 'NONE', #5718, 1000.000000000000114 ) ;
#370 = SURFACE_STYLE_FILL_AREA ( #429 ) ;
#371 = ORIENTED_EDGE ( 'NONE', *, *, #3541, .F. ) ;
#372 = PRESENTATION_LAYER_ASSIGNMENT (  '', '', ( #4394 ) ) ;
#373 = PRESENTATION_STYLE_ASSIGNMENT (( #3672 ) ) ;
#374 = CARTESIAN_POINT ( 'NONE',  ( 1.135023309582118056, 0.03628545764023829306, -0.01052198755473502528 ) ) ;
#375 = ORIENTED_EDGE ( 'NONE', *, *, #10685, .T. ) ;
#376 = VERTEX_POINT ( 'NONE', #175 ) ;
#377 = CARTESIAN_POINT ( 'NONE',  ( 1.135787679384126836, 5.554695229173148510E-09, -0.007595724534329247393 ) ) ;
#378 =( GEOMETRIC_REPRESENTATION_CONTEXT ( 3 ) GLOBAL_UNCERTAINTY_ASSIGNED_CONTEXT ( ( #5112 ) ) GLOBAL_UNIT_ASSIGNED_CONTEXT ( ( #10918, #10137, #6586 ) ) REPRESENTATION_CONTEXT ( 'NONE', 'WORKASPACE' ) );
#379 = STYLED_ITEM ( 'NONE', ( #5570 ), #7562 ) ;
#380 = CIRCLE ( 'NONE', #2388, 0.7999999999999998224 ) ;
#381 = STYLED_ITEM ( 'NONE', ( #8681 ), #2932 ) ;
#382 = CARTESIAN_POINT ( 'NONE',  ( 1.118615044337925468, 0.2080761485046696557, -0.02208130661497344910 ) ) ;
#383 = DIRECTION ( 'NONE',  ( -3.491481338843133355E-15, 0.000000000000000000, -1.000000000000000000 ) ) ;
#384 = CARTESIAN_POINT ( 'NONE',  ( 1.122547269834443417, 0.1449460277488679727, -0.003083250338844025808 ) ) ;
#385 = B_SPLINE_CURVE_WITH_KNOTS ( 'NONE', 3,
 ( #3767, #2762, #7258, #10749 ),
 .UNSPECIFIED., .F., .F.,
 ( 4, 4 ),
 ( 0.000000000000000000, 1.000000000000000000 ),
 .UNSPECIFIED. ) ;
#386 = VERTEX_POINT ( 'NONE', #7142 ) ;
#387 = COLOUR_RGB ( '',1.000000000000000000, 0.8431372549019607865, 0.3725490196078431460 ) ;
#388 = APPLICATION_CONTEXT ( 'automotive_design' ) ;
#389 = VECTOR ( 'NONE', #4589, 1000.000000000000000 ) ;
#390 = PRESENTATION_LAYER_ASSIGNMENT (  '', '', ( #5307 ) ) ;
#391 = SURFACE_SIDE_STYLE ('',( #3395 ) ) ;
#392 = SURFACE_SIDE_STYLE ('',( #7470 ) ) ;
#393 = ORIENTED_EDGE ( 'NONE', *, *, #3055, .F. ) ;
#394 = CARTESIAN_POINT ( 'NONE',  ( 1.134398433539429263, 0.1353545992398177966, -0.01590420228336721087 ) ) ;
#395 = FACE_OUTER_BOUND ( 'NONE', #6818, .T. ) ;
#396 = CARTESIAN_POINT ( 'NONE',  ( 1.128822595057868750, 0.1053357806302039484, 0.02868258206520829523 ) ) ;
#397 = ORIENTED_EDGE ( 'NONE', *, *, #10334, .T. ) ;
#398 = VERTEX_POINT ( 'NONE', #10973 ) ;
#399 = SURFACE_STYLE_USAGE ( .BOTH. , #1154 ) ;
#400 = CARTESIAN_POINT ( 'NONE',  ( 1.143497696487699722, -0.06086487087092641579, -0.01035630102885841050 ) ) ;
#401 = CIRCLE ( 'NONE', #211, 0.8100000000000001643 ) ;
#402 = CARTESIAN_POINT ( 'NONE',  ( 1.121391383942028197, 0.1510885496697871033, -0.03192394953971313537 ) ) ;
#403 = ADVANCED_FACE ( 'NONE', ( #10901 ), #2664, .T. ) ;
#404 = ORIENTED_EDGE ( 'NONE', *, *, #861, .F. ) ;
#405 = CARTESIAN_POINT ( 'NONE',  ( 1.144288847086290639, 0.04925308177134522097, -0.01582396203677764734 ) ) ;
#406 = MECHANICAL_DESIGN_GEOMETRIC_PRESENTATION_REPRESENTATION (  '', ( #4053 ), #6025 ) ;
#407 = CYLINDRICAL_SURFACE ( 'NONE', #6349, 0.8099999999999999423 ) ;
#408 = CARTESIAN_POINT ( 'NONE',  ( 1.138248277003929720, 0.1102587569117755850, 0.05013270600813106437 ) ) ;
#409 = STYLED_ITEM ( 'NONE', ( #6718 ), #3451 ) ;
#410 =( NAMED_UNIT ( * ) PLANE_ANGLE_UNIT ( ) SI_UNIT ( $, .RADIAN. ) );
#411 = LINE ( 'NONE', #3886, #10428 ) ;
#412 = MECHANICAL_DESIGN_GEOMETRIC_PRESENTATION_REPRESENTATION (  '', ( #9323 ), #4430 ) ;
#413 = CARTESIAN_POINT ( 'NONE',  ( 1.120443983761350903, 0.1559303978996560702, -0.02071828101250875603 ) ) ;
#414 = FACE_OUTER_BOUND ( 'NONE', #5988, .T. ) ;
#415 = ORIENTED_EDGE ( 'NONE', *, *, #5497, .T. ) ;
#416 = ORIENTED_EDGE ( 'NONE', *, *, #5343, .F. ) ;
#417 = VERTEX_POINT ( 'NONE', #10120 ) ;
#418 = DIRECTION ( 'NONE',  ( 3.491481338843133355E-15, -0.000000000000000000, 1.000000000000000000 ) ) ;
#419 = CIRCLE ( 'NONE', #9334, 0.8099999999999999423 ) ;
#420 = VERTEX_POINT ( 'NONE', #291 ) ;
#421 = SURFACE_SIDE_STYLE ('',( #9069 ) ) ;
#422 = CARTESIAN_POINT ( 'NONE',  ( 1.134837590969379972, -0.03897746766754539571, -0.02743530319401906933 ) ) ;
#423 = CARTESIAN_POINT ( 'NONE',  ( 1.144966209257504142, -0.03647068734270817597, 0.05659135959181659653 ) ) ;
#424 = EDGE_CURVE ( 'NONE', #11046, #2997, #9202, .T. ) ;
#425 = FILL_AREA_STYLE ('',( #8237 ) ) ;
#426 = PRESENTATION_STYLE_ASSIGNMENT (( #3034 ) ) ;
#427 = PRESENTATION_LAYER_ASSIGNMENT (  '', '', ( #8965 ) ) ;
#428 = B_SPLINE_CURVE_WITH_KNOTS ( 'NONE', 3,
 ( #2978, #3028, #6462, #1174 ),
 .UNSPECIFIED., .F., .F.,
 ( 4, 4 ),
 ( 0.000000000000000000, 0.9993641741165163461 ),
 .UNSPECIFIED. ) ;
#429 = FILL_AREA_STYLE ('',( #9021 ) ) ;
#430 = ORIENTED_EDGE ( 'NONE', *, *, #3818, .T. ) ;
#431 = AXIS2_PLACEMENT_3D ( 'NONE', #1593, #8584, #724 ) ;
#432 = CARTESIAN_POINT ( 'NONE',  ( 1.108747717297428714, 0.2421420736725210243, -0.01357907434454592652 ) ) ;
#433 = SURFACE_STYLE_FILL_AREA ( #7350 ) ;
#434 = ORIENTED_EDGE ( 'NONE', *, *, #327, .T. ) ;
#435 = ORIENTED_EDGE ( 'NONE', *, *, #7109, .T. ) ;
#436 = PRESENTATION_LAYER_ASSIGNMENT (  '', '', ( #5701 ) ) ;
#437 = CARTESIAN_POINT ( 'NONE',  ( 1.122569528271899486, 0.1925469459289888552, 0.03722988336162972450 ) ) ;
#438 = CARTESIAN_POINT ( 'NONE',  ( 1.137846933261776661, 0.1131488968520512339, -0.01566950627074391658 ) ) ;
#439 = STYLED_ITEM ( 'NONE', ( #321 ), #984 ) ;
#440 = ADVANCED_FACE ( 'NONE', ( #3937 ), #4397, .T. ) ;
#441 = FACE_OUTER_BOUND ( 'NONE', #4309, .T. ) ;
#442 = ORIENTED_EDGE ( 'NONE', *, *, #2909, .F. ) ;
#443 = CARTESIAN_POINT ( 'NONE',  ( 1.133676825082067685, 0.1395453881771035742, -0.01795096983524133508 ) ) ;
#444 = CARTESIAN_POINT ( 'NONE',  ( 1.121782753829933199, 0.1957338679652763924, 0.05687885185883380379 ) ) ;
#445 = ORIENTED_EDGE ( 'NONE', *, *, #8443, .T. ) ;
#446 = EDGE_CURVE ( 'NONE', #1877, #6370, #108, .T. ) ;
#447 = FILL_AREA_STYLE ('',( #8314 ) ) ;
#448 = DIRECTION ( 'NONE',  ( 3.491481338843133355E-15, 0.000000000000000000, 1.000000000000000000 ) ) ;
#449 = VERTEX_POINT ( 'NONE', #3018 ) ;
#450 = EDGE_LOOP ( 'NONE', ( #7703, #10017, #2980, #3452 ) ) ;
#451 = DIRECTION ( 'NONE',  ( 0.000000000000000000, 0.000000000000000000, -1.000000000000000000 ) ) ;
#452 = COLOUR_RGB ( '',0.000000000000000000, 0.000000000000000000, 0.000000000000000000 ) ;
#453 = CARTESIAN_POINT ( 'NONE',  ( 1.135299299796363348, 0.02794947259603342352, -0.02606900220520719236 ) ) ;
#454 = SURFACE_STYLE_FILL_AREA ( #6496 ) ;
#455 = LINE ( 'NONE', #2167, #6597 ) ;
#456 = SURFACE_STYLE_USAGE ( .BOTH. , #4057 ) ;
#457 = EDGE_LOOP ( 'NONE', ( #4274, #4622, #2366, #732, #1650, #6608, #8244, #8958 ) ) ;
#458 = STYLED_ITEM ( 'NONE', ( #9560 ), #2709 ) ;
#459 = SURFACE_STYLE_USAGE ( .BOTH. , #512 ) ;
#460 = UNCERTAINTY_MEASURE_WITH_UNIT (LENGTH_MEASURE( 1.000000000000000082E-05 ), #9937, 'distance_accuracy_value', 'NONE');
#461 = CARTESIAN_POINT ( 'NONE',  ( 1.145675289124339358, 0.01370182327993134559, 0.004824270478301872361 ) ) ;
#462 = CARTESIAN_POINT ( 'NONE',  ( 1.132793607983835216, 0.1445046200013228865, -0.02163910463813866619 ) ) ;
#463 = CARTESIAN_POINT ( 'NONE',  ( -0.06421231799389837125, 4.898587196589413075E-17, 0.3561756190388923327 ) ) ;
#464 = DIRECTION ( 'NONE',  ( 0.9723603232753110781, 0.2334853351282100975, -3.394977923347224953E-15 ) ) ;
#465 = CARTESIAN_POINT ( 'NONE',  ( 1.133581283357303127, 0.1193167245367954543, -0.01667378688284187546 ) ) ;
#466 = VERTEX_POINT ( 'NONE', #11197 ) ;
#467 = CYLINDRICAL_SURFACE ( 'NONE', #7967, 0.8099999999999999423 ) ;
#468 = EDGE_CURVE ( 'NONE', #3953, #10142, #3593, .T. ) ;
#469 = ORIENTED_EDGE ( 'NONE', *, *, #2016, .T. ) ;
#470 = CARTESIAN_POINT ( 'NONE',  ( 1.145511091235622780, -0.02533227349280170806, -0.03990294591382527456 ) ) ;
#471 = EDGE_CURVE ( 'NONE', #10595, #9719, #6116, .T. ) ;
#472 = CARTESIAN_POINT ( 'NONE',  ( 1.124455434015714905, 0.1341759178843247580, -0.02322344304857634767 ) ) ;
#473 = EDGE_CURVE ( 'NONE', #4955, #4307, #1586, .T. ) ;
#474 = ADVANCED_FACE ( 'NONE', ( #6678, #6796 ), #6843, .F. ) ;
#475 =( LENGTH_UNIT ( ) NAMED_UNIT ( * ) SI_UNIT ( .MILLI., .METRE. ) );
#476 = DIRECTION ( 'NONE',  ( 3.491481338843133355E-15, -0.000000000000000000, 1.000000000000000000 ) ) ;
#477 = PRESENTATION_STYLE_ASSIGNMENT (( #2419 ) ) ;
#478 = CARTESIAN_POINT ( 'NONE',  ( 1.136711272856777200, 0.1209643794719321153, 0.02442796445875400346 ) ) ;
#479 = EDGE_LOOP ( 'NONE', ( #4273, #4606 ) ) ;
#480 = EDGE_CURVE ( 'NONE', #2091, #6643, #7421, .T. ) ;
#481 = UNCERTAINTY_MEASURE_WITH_UNIT (LENGTH_MEASURE( 1.000000000000000082E-05 ), #11052, 'distance_accuracy_value', 'NONE');
#482 = SURFACE_STYLE_FILL_AREA ( #7402 ) ;
#483 = FACE_OUTER_BOUND ( 'NONE', #5542, .T. ) ;
#484 = CARTESIAN_POINT ( 'NONE',  ( 1.135839162738410568, 0.1265607687162099426, 0.05178649419006951804 ) ) ;
#485 = EDGE_LOOP ( 'NONE', ( #3384, #10677, #9053, #1712 ) ) ;
#486 = ORIENTED_EDGE ( 'NONE', *, *, #7484, .F. ) ;
#487 = SURFACE_STYLE_FILL_AREA ( #7978 ) ;
#488 = DIRECTION ( 'NONE',  ( 1.000000000000000000, 0.000000000000000000, -3.490612318438092200E-15 ) ) ;
#489 = B_SPLINE_CURVE_WITH_KNOTS ( 'NONE', 3,
 ( #8555, #9233, #4861, #1451 ),
 .UNSPECIFIED., .F., .F.,
 ( 4, 4 ),
 ( 0.000000000000000000, 0.9998080092680141640 ),
 .UNSPECIFIED. ) ;
#490 = CARTESIAN_POINT ( 'NONE',  ( 1.145293195018741494, 0.02829884100348383988, -0.02606900220520724787 ) ) ;
#491 = PRESENTATION_LAYER_ASSIGNMENT (  '', '', ( #8851 ) ) ;
#492 = CARTESIAN_POINT ( 'NONE',  ( 1.113343647553880489, 0.2269882612175827541, -0.01528198494523086252 ) ) ;
#493 = CARTESIAN_POINT ( 'NONE',  ( 1.132116569140904749, 0.1287300067030019424, -0.02515559161746127453 ) ) ;
#494 = DIRECTION ( 'NONE',  ( 3.491481338843133355E-15, -0.000000000000000000, 1.000000000000000000 ) ) ;
#495 = LINE ( 'NONE', #2322, #2447 ) ;
#496 = ORIENTED_EDGE ( 'NONE', *, *, #10116, .F. ) ;
#497 = SURFACE_STYLE_FILL_AREA ( #6708 ) ;
#498 = CARTESIAN_POINT ( 'NONE',  ( 1.134362111125400752, -0.04776954062783794752, 0.04672373024447077500 ) ) ;
#499 = ORIENTED_EDGE ( 'NONE', *, *, #5155, .T. ) ;
#500 = EDGE_CURVE ( 'NONE', #4997, #1988, #71, .T. ) ;
#501 = CARTESIAN_POINT ( 'NONE',  ( 1.132056929051206362, 0.1485102225781844698, 0.3561756190388881693 ) ) ;
#502 = CARTESIAN_POINT ( 'NONE',  ( 1.142340451086743647, -0.07465005484490092047, 0.01059303993007697058 ) ) ;
#503 =( NAMED_UNIT ( * ) SI_UNIT ( $, .STERADIAN. ) SOLID_ANGLE_UNIT ( ) );
#504 = ORIENTED_EDGE ( 'NONE', *, *, #921, .T. ) ;
#505 = EDGE_LOOP ( 'NONE', ( #2367, #4058, #2311, #5124 ) ) ;
#506 = DIRECTION ( 'NONE',  ( 1.000000000000000000, 0.000000000000000000, -3.307735441481201539E-15 ) ) ;
#507 = FILL_AREA_STYLE ('',( #7306 ) ) ;
#508 = B_SPLINE_CURVE_WITH_KNOTS ( 'NONE', 3,
 ( #11100, #8619, #3241, #6745 ),
 .UNSPECIFIED., .F., .F.,
 ( 4, 4 ),
 ( 0.000000000000000000, 1.000000000000000000 ),
 .UNSPECIFIED. ) ;
#509 = DIRECTION ( 'NONE',  ( 1.000000000000000000, 0.000000000000000000, -3.492703757814028417E-15 ) ) ;
#510 = B_SPLINE_CURVE_WITH_KNOTS ( 'NONE', 1,
 ( #2882, #6360 ),
 .UNSPECIFIED., .F., .F.,
 ( 2, 2 ),
 ( 0.000000000000000000, 1.000000000000000000 ),
 .UNSPECIFIED. ) ;
#511 = ORIENTED_EDGE ( 'NONE', *, *, #4732, .F. ) ;
#512 = SURFACE_SIDE_STYLE ('',( #3817 ) ) ;
#513 = CARTESIAN_POINT ( 'NONE',  ( 1.134633177656892311, 0.04296363669943129709, 0.005583310175039112727 ) ) ;
#514 = ADVANCED_FACE ( 'NONE', ( #9401 ), #8383, .T. ) ;
#515 = UNCERTAINTY_MEASURE_WITH_UNIT (LENGTH_MEASURE( 1.000000000000000082E-05 ), #6612, 'distance_accuracy_value', 'NONE');
#516 = LINE ( 'NONE', #3986, #5108 ) ;
#517 = B_SPLINE_CURVE_WITH_KNOTS ( 'NONE', 3,
 ( #1543, #6706, #6771, #4034 ),
 .UNSPECIFIED., .F., .F.,
 ( 4, 4 ),
 ( 0.000000000000000000, 1.000000000000000000 ),
 .UNSPECIFIED. ) ;
#518 = CARTESIAN_POINT ( 'NONE',  ( 1.138602848732804818, 0.1076466816654080144, -0.008584961518158237131 ) ) ;
#519 = CARTESIAN_POINT ( 'NONE',  ( 1.119965510991920432, 0.1583334085742073571, -0.01456698081610686285 ) ) ;
#520 = CARTESIAN_POINT ( 'NONE',  ( 1.112079110967910678, 0.1933174004595320516, 0.05687885185883385930 ) ) ;
#521 = CARTESIAN_POINT ( 'NONE',  ( 1.126831638718250872, 0.1742109598997315656, 0.05018182842931852294 ) ) ;
#522 = ORIENTED_EDGE ( 'NONE', *, *, #6623, .T. ) ;
#523 = CARTESIAN_POINT ( 'NONE',  ( 1.116469405313944785, 0.1747456634457468239, -0.01153230679267288825 ) ) ;
#524 = COLOUR_RGB ( '',0.000000000000000000, 0.000000000000000000, 0.000000000000000000 ) ;
#525 = ORIENTED_EDGE ( 'NONE', *, *, #9121, .T. ) ;
#526 =( LENGTH_UNIT ( ) NAMED_UNIT ( * ) SI_UNIT ( .MILLI., .METRE. ) );
#527 = DIRECTION ( 'NONE',  ( 3.491481338843133355E-15, 0.000000000000000000, 1.000000000000000000 ) ) ;
#528 = CARTESIAN_POINT ( 'NONE',  ( 1.144584325190593166, -0.04412885649106477320, -0.02632747953987084680 ) ) ;
#529 = CARTESIAN_POINT ( 'NONE',  ( 1.112079110967910678, 0.1933174004595320516, 0.05687885185883385930 ) ) ;
#530 = CARTESIAN_POINT ( 'NONE',  ( 1.138704937510275794, 0.1068825561709821209, 0.04050471144449686867 ) ) ;
#531 = ADVANCED_FACE ( 'NONE', ( #9455 ), #11029, .T. ) ;
#532 = ORIENTED_EDGE ( 'NONE', *, *, #5326, .F. ) ;
#533 = VECTOR ( 'NONE', #2665, 1000.000000000000000 ) ;
#534 = AXIS2_PLACEMENT_3D ( 'NONE', #2394, #2333, #10039 ) ;
#535 = CIRCLE ( 'NONE', #10575, 0.8000000000000002665 ) ;
#536 = CARTESIAN_POINT ( 'NONE',  ( 1.117046289794958458, 0.1721481564113178653, 0.03184279116508718921 ) ) ;
#537 = ORIENTED_EDGE ( 'NONE', *, *, #8129, .T. ) ;
#538 = EDGE_CURVE ( 'NONE', #9973, #2330, #3458, .T. ) ;
#539 = EDGE_LOOP ( 'NONE', ( #10783, #8592, #3139, #1397, #6205, #7801, #10288, #10881, #6402, #1246, #8644, #6986, #11281 ) ) ;
#540 = CARTESIAN_POINT ( 'NONE',  ( 1.117778958427476654, 0.2111790675923566341, -0.02096786129001764962 ) ) ;
#541 = CARTESIAN_POINT ( 'NONE',  ( 1.132923541877268736, 0.1437867388054441808, -0.01721413351648442419 ) ) ;
#542 = MECHANICAL_DESIGN_GEOMETRIC_PRESENTATION_REPRESENTATION (  '', ( #3251 ), #6730 ) ;
#543 = STYLED_ITEM ( 'NONE', ( #8793 ), #7394 ) ;
#544 = CARTESIAN_POINT ( 'NONE',  ( 1.138207601216812748, 0.1105543904776014469, -0.01660829032125834062 ) ) ;
#545 = ADVANCED_FACE ( 'NONE', ( #6729 ), #3460, .T. ) ;
#546 = VECTOR ( 'NONE', #418, 1000.000000000000000 ) ;
#547 = DIRECTION ( 'NONE',  ( -3.491481338843133355E-15, 0.000000000000000000, -1.000000000000000000 ) ) ;
#548 = LINE ( 'NONE', #11003, #734 ) ;
#549 = STYLED_ITEM ( 'NONE', ( #6957 ), #4651 ) ;
#550 = DIRECTION ( 'NONE',  ( 1.000000000000000000, 0.000000000000000000, -3.488520879062155587E-15 ) ) ;
#551 = CARTESIAN_POINT ( 'NONE',  ( 1.128613388262275530, 0.1069176939617456634, 0.04747255464087343779 ) ) ;
#552 = EDGE_LOOP ( 'NONE', ( #4426, #6755, #3052 ) ) ;
#553 = ADVANCED_FACE ( 'NONE', ( #10468 ), #4961, .F. ) ;
#554 = EDGE_CURVE ( 'NONE', #621, #9564, #4158, .T. ) ;
#555 = CARTESIAN_POINT ( 'NONE',  ( 1.134680355076214564, 0.1336935599777121786, -0.003304952201406083107 ) ) ;
#556 =( LENGTH_UNIT ( ) NAMED_UNIT ( * ) SI_UNIT ( .MILLI., .METRE. ) );
#557 = VERTEX_POINT ( 'NONE', #9636 ) ;
#558 = VERTEX_POINT ( 'NONE', #3635 ) ;
#559 = VECTOR ( 'NONE', #843, 1000.000000000000000 ) ;
#560 = MECHANICAL_DESIGN_GEOMETRIC_PRESENTATION_REPRESENTATION (  '', ( #7492 ), #2922 ) ;
#561 = LINE ( 'NONE', #10159, #4822 ) ;
#562 = DIRECTION ( 'NONE',  ( 3.491481338843133355E-15, -0.000000000000000000, 1.000000000000000000 ) ) ;
#563 = AXIS2_PLACEMENT_3D ( 'NONE', #3344, #6089, #2459 ) ;
#564 = AXIS2_PLACEMENT_3D ( 'NONE', #1068, #2931, #2772 ) ;
#565 =( NAMED_UNIT ( * ) PLANE_ANGLE_UNIT ( ) SI_UNIT ( $, .RADIAN. ) );
#566 = ORIENTED_EDGE ( 'NONE', *, *, #8502, .F. ) ;
#567 = VERTEX_POINT ( 'NONE', #3582 ) ;
#568 = CARTESIAN_POINT ( 'NONE',  ( 1.112065260323596760, 0.1933730110473615149, -0.02595792449772794594 ) ) ;
#569 = STYLED_ITEM ( 'NONE', ( #4052 ), #892 ) ;
#570 = MECHANICAL_DESIGN_GEOMETRIC_PRESENTATION_REPRESENTATION (  '', ( #193 ), #8921 ) ;
#571 =( NAMED_UNIT ( * ) SI_UNIT ( $, .STERADIAN. ) SOLID_ANGLE_UNIT ( ) );
#572 = CIRCLE ( 'NONE', #8394, 0.8099999999999999423 ) ;
#573 = CARTESIAN_POINT ( 'NONE',  ( 0.3357876820061003742, 0.000000000000000000, 0.002385712559680082129 ) ) ;
#574 = B_SPLINE_SURFACE_WITH_KNOTS ( 'NONE', 1, 3, ( 
 ( #9349, #9404, #8446, #4344 ),
 ( #11199, #8670, #1679, #6964 ) ),
 .UNSPECIFIED., .F., .F., .F.,
 ( 2, 2 ),
 ( 4, 4 ),
 ( 0.000000000000000000, 1.000000000000000000 ),
 ( 0.000000000000000000, 1.000000000000000000 ),
 .UNSPECIFIED. ) ;
#575 = UNCERTAINTY_MEASURE_WITH_UNIT (LENGTH_MEASURE( 1.000000000000000082E-05 ), #1902, 'distance_accuracy_value', 'NONE');
#576 = EDGE_CURVE ( 'NONE', #264, #2996, #11233, .T. ) ;
#577 = COLOUR_RGB ( '',0.000000000000000000, 0.000000000000000000, 0.000000000000000000 ) ;
#578 = B_SPLINE_CURVE_WITH_KNOTS ( 'NONE', 3,
 ( #10871, #4931, #10015, #8297 ),
 .UNSPECIFIED., .F., .F.,
 ( 4, 4 ),
 ( 0.000000000000000000, 1.000000000000000000 ),
 .UNSPECIFIED. ) ;
#579 = ORIENTED_EDGE ( 'NONE', *, *, #5825, .F. ) ;
#580 = PLANE ( 'NONE',  #10746 ) ;
#581 = SURFACE_STYLE_FILL_AREA ( #5739 ) ;
#582 = PRESENTATION_LAYER_ASSIGNMENT (  '', '', ( #6399 ) ) ;
#583 = PRESENTATION_LAYER_ASSIGNMENT (  '', '', ( #5315 ) ) ;
#584 = DIRECTION ( 'NONE',  ( 1.000000000000000000, 0.000000000000000000, -3.488520879062155587E-15 ) ) ;
#585 = SURFACE_STYLE_FILL_AREA ( #9226 ) ;
#586 = CARTESIAN_POINT ( 'NONE',  ( 1.137764785064253381, 0.1137221445913368933, -0.02320668462115659317 ) ) ;
#587 = B_SPLINE_SURFACE_WITH_KNOTS ( 'NONE', 1, 3, ( 
 ( #4330, #2880, #3794, #6479 ),
 ( #7357, #10023, #5612, #6357 ) ),
 .UNSPECIFIED., .F., .F., .F.,
 ( 2, 2 ),
 ( 4, 4 ),
 ( 0.000000000000000000, 1.000000000000000000 ),
 ( 0.000000000000000000, 1.000000000000000000 ),
 .UNSPECIFIED. ) ;
#588 = FILL_AREA_STYLE ('',( #7499 ) ) ;
#589 = STYLED_ITEM ( 'NONE', ( #9052 ), #9954 ) ;
#590 = CARTESIAN_POINT ( 'NONE',  ( 1.126059176315520327, 0.1776822030535326891, 0.04115967706098326573 ) ) ;
#591 = ORIENTED_EDGE ( 'NONE', *, *, #205, .F. ) ;
#592 = CARTESIAN_POINT ( 'NONE',  ( 1.142340451086743647, -0.07465005484490092047, 0.01059303993007697058 ) ) ;
#593 = EDGE_CURVE ( 'NONE', #10859, #5025, #991, .T. ) ;
#594 = ORIENTED_EDGE ( 'NONE', *, *, #633, .T. ) ;
#595 = SURFACE_STYLE_USAGE ( .BOTH. , #6742 ) ;
#596 = AXIS2_PLACEMENT_3D ( 'NONE', #5143, #9290, #1733 ) ;
#597 = CARTESIAN_POINT ( 'NONE',  ( 1.133268536106239122, 0.1418707964819282130, -0.006521273938159933593 ) ) ;
#598 = PRESENTATION_STYLE_ASSIGNMENT (( #10312 ) ) ;
#599 = COLOUR_RGB ( '',0.000000000000000000, 0.000000000000000000, 0.000000000000000000 ) ;
#600 =( NAMED_UNIT ( * ) SI_UNIT ( $, .STERADIAN. ) SOLID_ANGLE_UNIT ( ) );
#601 = CIRCLE ( 'NONE', #8063, 0.8100000000000001643 ) ;
#602 = CARTESIAN_POINT ( 'NONE',  ( 1.126374234939389263, 0.1223922534273093055, 0.02505018332537748901 ) ) ;
#603 = ORIENTED_EDGE ( 'NONE', *, *, #2773, .F. ) ;
#604 = AXIS2_PLACEMENT_3D ( 'NONE', #2666, #6175, #4262 ) ;
#605 = B_SPLINE_CURVE_WITH_KNOTS ( 'NONE', 3,
 ( #261, #6472, #6526, #5391 ),
 .UNSPECIFIED., .F., .F.,
 ( 4, 4 ),
 ( 0.0001515574223355020461, 1.000000000000000000 ),
 .UNSPECIFIED. ) ;
#606 = FACE_OUTER_BOUND ( 'NONE', #9951, .T. ) ;
#607 = CARTESIAN_POINT ( 'NONE',  ( 1.115534290439519349, 0.2193245759491753433, -0.001190315603273053857 ) ) ;
#608 = ORIENTED_EDGE ( 'NONE', *, *, #9123, .F. ) ;
#609 = ORIENTED_EDGE ( 'NONE', *, *, #11322, .T. ) ;
#610 = SURFACE_STYLE_FILL_AREA ( #7678 ) ;
#611 = FACE_OUTER_BOUND ( 'NONE', #9047, .T. ) ;
#612 = EDGE_CURVE ( 'NONE', #10912, #8366, #11237, .T. ) ;
#613 = CARTESIAN_POINT ( 'NONE',  ( 1.133003733823246373, 0.1433407364466975920, -0.01595332470455390964 ) ) ;
#614 = CARTESIAN_POINT ( 'NONE',  ( 1.125348979795322446, 0.1288136523564147873, -0.01287498630665485054 ) ) ;
#615 = STYLED_ITEM ( 'NONE', ( #7147 ), #8668 ) ;
#616 = CARTESIAN_POINT ( 'NONE',  ( 1.120367508153516711, 0.1563153748115962416, -0.02941286812516781535 ) ) ;
#617 = SURFACE_SIDE_STYLE ('',( #6654 ) ) ;
#618 = FACE_OUTER_BOUND ( 'NONE', #8261, .T. ) ;
#619 = UNCERTAINTY_MEASURE_WITH_UNIT (LENGTH_MEASURE( 1.000000000000000082E-05 ), #526, 'distance_accuracy_value', 'NONE');
#620 = FILL_AREA_STYLE_COLOUR ( '', #2975 ) ;
#621 = VERTEX_POINT ( 'NONE', #229 ) ;
#622 = FILL_AREA_STYLE_COLOUR ( '', #6727 ) ;
#623 = CARTESIAN_POINT ( 'NONE',  ( 1.123742048652677461, 0.1877361615994992405, 0.03552697276072670773 ) ) ;
#624 = CARTESIAN_POINT ( 'NONE',  ( 1.138704937510275794, 0.1068825561709821348, 0.04050471144449681316 ) ) ;
#625 =( LENGTH_UNIT ( ) NAMED_UNIT ( * ) SI_UNIT ( .MILLI., .METRE. ) );
#626 = FILL_AREA_STYLE_COLOUR ( '', #9465 ) ;
#627 = UNCERTAINTY_MEASURE_WITH_UNIT (LENGTH_MEASURE( 1.000000000000000082E-05 ), #556, 'distance_accuracy_value', 'NONE');
#628 = EDGE_CURVE ( 'NONE', #744, #466, #4008, .T. ) ;
#629 = ORIENTED_EDGE ( 'NONE', *, *, #7254, .F. ) ;
#630 = VERTEX_POINT ( 'NONE', #10571 ) ;
#631 = EDGE_CURVE ( 'NONE', #10727, #5454, #9433, .T. ) ;
#632 = SURFACE_STYLE_FILL_AREA ( #11132 ) ;
#633 = EDGE_CURVE ( 'NONE', #11069, #7997, #748, .T. ) ;
#634 = CARTESIAN_POINT ( 'NONE',  ( 1.118968072844303885, 0.1631823379122852857, 0.05687885185883358868 ) ) ;
#635 = CARTESIAN_POINT ( 'NONE',  ( 1.113649173206235687, 0.1869025238336249062, 0.02777108824882692367 ) ) ;
#636 = MECHANICAL_DESIGN_GEOMETRIC_PRESENTATION_REPRESENTATION (  '', ( #2639 ), #7915 ) ;
#637 = VECTOR ( 'NONE', #7968, 1000.000000000000000 ) ;
#638 = ORIENTED_EDGE ( 'NONE', *, *, #2192, .T. ) ;
#639 = DIRECTION ( 'NONE',  ( 0.9812412148932482259, 0.1927840195525092615, -3.425985390703541185E-15 ) ) ;
#640 = SURFACE_STYLE_FILL_AREA ( #10118 ) ;
#641 = CARTESIAN_POINT ( 'NONE',  ( 1.145852004129243484, -0.001360456847287858052, 0.007556846123623131573 ) ) ;
#642 = FILL_AREA_STYLE ('',( #8444 ) ) ;
#643 = B_SPLINE_CURVE_WITH_KNOTS ( 'NONE', 1,
 ( #6827, #5899 ),
 .UNSPECIFIED., .F., .F.,
 ( 2, 2 ),
 ( 0.000000000000000000, 1.000000000000000000 ),
 .UNSPECIFIED. ) ;
#644 = CARTESIAN_POINT ( 'NONE',  ( 1.124726701788937078, 0.1325722007344313780, -0.007411481455077601616 ) ) ;
#645 = SURFACE_STYLE_USAGE ( .BOTH. , #5962 ) ;
#646 = SURFACE_STYLE_USAGE ( .BOTH. , #11313 ) ;
#647 = FILL_AREA_STYLE ('',( #1935 ) ) ;
#648 = FACE_OUTER_BOUND ( 'NONE', #7074, .T. ) ;
#649 = ORIENTED_EDGE ( 'NONE', *, *, #987, .F. ) ;
#650 = CARTESIAN_POINT ( 'NONE',  ( 1.119307929416765379, 0.2054196616312314039, 0.03069114328941614789 ) ) ;
#651 = ORIENTED_EDGE ( 'NONE', *, *, #4063, .F. ) ;
#652 = SURFACE_STYLE_USAGE ( .BOTH. , #4989 ) ;
#653 = CARTESIAN_POINT ( 'NONE',  ( 1.132229647680669027, 0.1475811482284539733, -0.03283506347181482099 ) ) ;
#654 = SURFACE_STYLE_FILL_AREA ( #4131 ) ;
#655 = CARTESIAN_POINT ( 'NONE',  ( 1.134255963631839892, -0.04951213076256869711, 0.04687553977634345559 ) ) ;
#656 = FILL_AREA_STYLE_COLOUR ( '', #2194 ) ;
#657 = CARTESIAN_POINT ( 'NONE',  ( 1.125961983963937652, 0.1249982900900845767, 0.02617733858181601689 ) ) ;
#658 = ORIENTED_EDGE ( 'NONE', *, *, #4487, .F. ) ;
#659 =( NAMED_UNIT ( * ) PLANE_ANGLE_UNIT ( ) SI_UNIT ( $, .RADIAN. ) );
#660 = ORIENTED_EDGE ( 'NONE', *, *, #628, .F. ) ;
#661 = VERTEX_POINT ( 'NONE', #5465 ) ;
#662 =( NAMED_UNIT ( * ) PLANE_ANGLE_UNIT ( ) SI_UNIT ( $, .RADIAN. ) );
#663 = FACE_OUTER_BOUND ( 'NONE', #4021, .T. ) ;
#664 = B_SPLINE_SURFACE_WITH_KNOTS ( 'NONE', 1, 3, ( 
 ( #7247, #1477, #720, #2437 ),
 ( #5891, #4094, #8306, #2268 ) ),
 .UNSPECIFIED., .F., .F., .F.,
 ( 2, 2 ),
 ( 4, 4 ),
 ( 0.000000000000000000, 1.000000000000000000 ),
 ( 0.000000000000000000, 1.000000000000000000 ),
 .UNSPECIFIED. ) ;
#665 = DIRECTION ( 'NONE',  ( 0.9790651552657961831, 0.2035470995724634191, -3.417777942171102263E-15 ) ) ;
#666 = CARTESIAN_POINT ( 'NONE',  ( 1.144337773143835557, -0.04844326703640681325, -0.02335198188334054389 ) ) ;
#667 = B_SPLINE_CURVE_WITH_KNOTS ( 'NONE', 3,
 ( #11254, #3409, #7823, #7884 ),
 .UNSPECIFIED., .F., .F.,
 ( 4, 4 ),
 ( 0.000000000000000000, 0.1749987043788165664 ),
 .UNSPECIFIED. ) ;
#668 = DIRECTION ( 'NONE',  ( 0.000000000000000000, 1.000000000000000000, 0.000000000000000000 ) ) ;
#669 = CARTESIAN_POINT ( 'NONE',  ( 1.133496223107700374, 0.1405741208528688002, -0.02012873051028128690 ) ) ;
#670 = SURFACE_STYLE_FILL_AREA ( #1425 ) ;
#671 = SURFACE_SIDE_STYLE ('',( #10331 ) ) ;
#672 = CARTESIAN_POINT ( 'NONE',  ( 1.129679145240082283, 0.1429946003012648181, -0.003574474551373212940 ) ) ;
#673 = FILL_AREA_STYLE ('',( #3444 ) ) ;
#674 = B_SPLINE_CURVE_WITH_KNOTS ( 'NONE', 3,
 ( #9129, #10976, #462, #10852 ),
 .UNSPECIFIED., .F., .F.,
 ( 4, 4 ),
 ( 0.000000000000000000, 1.000000000000000000 ),
 .UNSPECIFIED. ) ;
#675 = ORIENTED_EDGE ( 'NONE', *, *, #612, .F. ) ;
#676 = CARTESIAN_POINT ( 'NONE',  ( 1.131211430246673810, 0.1529771563833678127, -0.03192394984486699588 ) ) ;
#677 = FILL_AREA_STYLE ('',( #3974 ) ) ;
#678 = EDGE_LOOP ( 'NONE', ( #3123, #7731, #3497, #1773, #3869, #8475, #6431 ) ) ;
#679 = VERTEX_POINT ( 'NONE', #9930 ) ;
#680 =( GEOMETRIC_REPRESENTATION_CONTEXT ( 3 ) GLOBAL_UNCERTAINTY_ASSIGNED_CONTEXT ( ( #10104 ) ) GLOBAL_UNIT_ASSIGNED_CONTEXT ( ( #10210, #6704, #7684 ) ) REPRESENTATION_CONTEXT ( 'NONE', 'WORKASPACE' ) );
#681 = DIRECTION ( 'NONE',  ( -3.491481338843133355E-15, 0.000000000000000000, -1.000000000000000000 ) ) ;
#682 = EDGE_CURVE ( 'NONE', #6461, #9136, #8933, .T. ) ;
#683 = STYLED_ITEM ( 'NONE', ( #10309 ), #4479 ) ;
#684 = CARTESIAN_POINT ( 'NONE',  ( 0.3357876820061016510, 0.000000000000000000, 0.3561756190388909449 ) ) ;
#685 = ORIENTED_EDGE ( 'NONE', *, *, #7468, .F. ) ;
#686 = FACE_OUTER_BOUND ( 'NONE', #1467, .T. ) ;
#687 = EDGE_CURVE ( 'NONE', #8821, #10912, #10155, .T. ) ;
#688 = B_SPLINE_CURVE_WITH_KNOTS ( 'NONE', 3,
 ( #11177, #9675, #5997, #1876 ),
 .UNSPECIFIED., .F., .F.,
 ( 4, 4 ),
 ( 0.000000000000000000, 1.000000000000000000 ),
 .UNSPECIFIED. ) ;
#689 = FILL_AREA_STYLE_COLOUR ( '', #5255 ) ;
#690 = CARTESIAN_POINT ( 'NONE',  ( 1.139059339203984722, 0.1042146468317746710, 0.03188364489274214675 ) ) ;
#691 = DIRECTION ( 'NONE',  ( 0.9790589056003994317, 0.2035771582583569828, -3.417777942171102263E-15 ) ) ;
#692 = EDGE_CURVE ( 'NONE', #10500, #5530, #290, .T. ) ;
#693 = CARTESIAN_POINT ( 'NONE',  ( 1.145740604300816479, 0.009944483316513971771, -0.02479725479675656125 ) ) ;
#694 =( NAMED_UNIT ( * ) PLANE_ANGLE_UNIT ( ) SI_UNIT ( $, .RADIAN. ) );
#695 = CARTESIAN_POINT ( 'NONE',  ( 0.9357876820061004075, 0.000000000000000000, 0.1101939685163930982 ) ) ;
#696 = EDGE_CURVE ( 'NONE', #5972, #386, #1971, .T. ) ;
#697 = CARTESIAN_POINT ( 'NONE',  ( 1.134976350896375719, -0.03602043194341548321, 0.05659135959181665204 ) ) ;
#698 = ORIENTED_EDGE ( 'NONE', *, *, #5749, .F. ) ;
#699 =( NAMED_UNIT ( * ) PLANE_ANGLE_UNIT ( ) SI_UNIT ( $, .RADIAN. ) );
#700 = CARTESIAN_POINT ( 'NONE',  ( 1.133525954218539855, -0.06011363445601881905, -0.01035669719184060394 ) ) ;
#701 = EDGE_CURVE ( 'NONE', #386, #763, #9316, .T. ) ;
#702 = EDGE_CURVE ( 'NONE', #4682, #1089, #8633, .T. ) ;
#703 = ORIENTED_EDGE ( 'NONE', *, *, #10348, .F. ) ;
#704 = PLANE ( 'NONE',  #8737 ) ;
#705 = MECHANICAL_DESIGN_GEOMETRIC_PRESENTATION_REPRESENTATION (  '', ( #4299 ), #10904 ) ;
#706 = B_SPLINE_CURVE_WITH_KNOTS ( 'NONE', 1,
 ( #3587, #7073 ),
 .UNSPECIFIED., .F., .F.,
 ( 2, 2 ),
 ( 0.000000000000000000, 1.000000000000000000 ),
 .UNSPECIFIED. ) ;
#707 = CARTESIAN_POINT ( 'NONE',  ( 1.136256346032132658, 0.1239235524977495562, 0.02505077962330970118 ) ) ;
#708 = CARTESIAN_POINT ( 'NONE',  ( -0.4642123179938998923, 9.797174393178831081E-17, -0.07980603148360196353 ) ) ;
#709 = EDGE_LOOP ( 'NONE', ( #7771, #3197, #4929, #1836 ) ) ;
#710 = UNCERTAINTY_MEASURE_WITH_UNIT (LENGTH_MEASURE( 1.000000000000000082E-05 ), #7310, 'distance_accuracy_value', 'NONE');
#711 = CARTESIAN_POINT ( 'NONE',  ( 1.119973114417822657, 0.1582820507614192407, 0.05319467026563515222 ) ) ;
#712 = ORIENTED_EDGE ( 'NONE', *, *, #8253, .F. ) ;
#713 =( GEOMETRIC_REPRESENTATION_CONTEXT ( 3 ) GLOBAL_UNCERTAINTY_ASSIGNED_CONTEXT ( ( #4033 ) ) GLOBAL_UNIT_ASSIGNED_CONTEXT ( ( #8880, #6390, #1163 ) ) REPRESENTATION_CONTEXT ( 'NONE', 'WORKASPACE' ) );
#714 = VERTEX_POINT ( 'NONE', #8145 ) ;
#715 = CARTESIAN_POINT ( 'NONE',  ( 1.135477945782553677, 0.02225942544512677507, 0.05363107046182945953 ) ) ;
#716 = AXIS2_PLACEMENT_3D ( 'NONE', #7937, #9644, #1906 ) ;
#717 = CARTESIAN_POINT ( 'NONE',  ( 1.145789309318518745, -2.400488834688712238E-05, 0.05059846250077132401 ) ) ;
#718 = CARTESIAN_POINT ( 'NONE',  ( 1.145162807430627705, -0.03251420418749917385, 0.004315164973205901089 ) ) ;
#719 = SURFACE_STYLE_FILL_AREA ( #6703 ) ;
#720 = CARTESIAN_POINT ( 'NONE',  ( 1.137909713183401506, 0.1127001111015381307, -0.02286321195950396026 ) ) ;
#721 = CARTESIAN_POINT ( 'NONE',  ( 1.138305418801708990, 0.1098426654748957398, -0.01854043889014400301 ) ) ;
#722 = AXIS2_PLACEMENT_3D ( 'NONE', #8514, #1870, #5328 ) ;
#723 =( LENGTH_UNIT ( ) NAMED_UNIT ( * ) SI_UNIT ( .MILLI., .METRE. ) );
#724 = DIRECTION ( 'NONE',  ( 1.000000000000000000, 0.000000000000000000, -3.523657060577889411E-15 ) ) ;
#725 = VECTOR ( 'NONE', #8983, 1000.000000000000000 ) ;
#726 = FACE_OUTER_BOUND ( 'NONE', #5947, .T. ) ;
#727 = CARTESIAN_POINT ( 'NONE',  ( 1.121391383942028197, 0.1510885496697871033, -0.03192394953971313537 ) ) ;
#728 = VERTEX_POINT ( 'NONE', #9107 ) ;
#729 = CARTESIAN_POINT ( 'NONE',  ( 1.134848653520424300, -0.03875001680754269762, 0.004672461670102427689 ) ) ;
#730 = SURFACE_STYLE_FILL_AREA ( #11010 ) ;
#731 = CARTESIAN_POINT ( 'NONE',  ( 1.134837590969379972, -0.03897746766754540265, -0.009673564070785820729 ) ) ;
#732 = ORIENTED_EDGE ( 'NONE', *, *, #7484, .T. ) ;
#733 = ORIENTED_EDGE ( 'NONE', *, *, #7325, .T. ) ;
#734 = VECTOR ( 'NONE', #3156, 1000.000000000000000 ) ;
#735 = STYLED_ITEM ( 'NONE', ( #10774 ), #7176 ) ;
#736 = CIRCLE ( 'NONE', #11314, 0.7999999999999999334 ) ;
#737 = DIRECTION ( 'NONE',  ( 0.9812412148932482259, 0.1927840195525094835, -3.425985390703541185E-15 ) ) ;
#738 =( GEOMETRIC_REPRESENTATION_CONTEXT ( 3 ) GLOBAL_UNCERTAINTY_ASSIGNED_CONTEXT ( ( #9422 ) ) GLOBAL_UNIT_ASSIGNED_CONTEXT ( ( #2597, #10525, #9542 ) ) REPRESENTATION_CONTEXT ( 'NONE', 'WORKASPACE' ) );
#739 = B_SPLINE_CURVE_WITH_KNOTS ( 'NONE', 1,
 ( #2641, #1732 ),
 .UNSPECIFIED., .F., .F.,
 ( 2, 2 ),
 ( 0.000000000000000000, 1.000000000000000000 ),
 .UNSPECIFIED. ) ;
#740 = CARTESIAN_POINT ( 'NONE',  ( 1.128825395542424115, 0.1648974981892691871, 0.02485103320822983769 ) ) ;
#741 = COLOUR_RGB ( '',0.000000000000000000, 0.000000000000000000, 0.000000000000000000 ) ;
#742 = VECTOR ( 'NONE', #5935, 1000.000000000000000 ) ;
#743 = FILL_AREA_STYLE ('',( #11079 ) ) ;
#744 = VERTEX_POINT ( 'NONE', #7423 ) ;
#745 = FILL_AREA_STYLE ('',( #9342 ) ) ;
#746 =( GEOMETRIC_REPRESENTATION_CONTEXT ( 3 ) GLOBAL_UNCERTAINTY_ASSIGNED_CONTEXT ( ( #11169 ) ) GLOBAL_UNIT_ASSIGNED_CONTEXT ( ( #11194, #6841, #4404 ) ) REPRESENTATION_CONTEXT ( 'NONE', 'WORKASPACE' ) );
#747 = CARTESIAN_POINT ( 'NONE',  ( 1.140951158227197615, 0.08838425515644002251, -0.007864499339870455186 ) ) ;
#748 = B_SPLINE_CURVE_WITH_KNOTS ( 'NONE', 3,
 ( #1155, #3012, #5524, #3750 ),
 .UNSPECIFIED., .F., .F.,
 ( 4, 4 ),
 ( 0.000000000000000000, 0.9998853521078038264 ),
 .UNSPECIFIED. ) ;
#749 = PRESENTATION_STYLE_ASSIGNMENT (( #9529 ) ) ;
#750 = PRESENTATION_LAYER_ASSIGNMENT (  '', '', ( #6762 ) ) ;
#751 = COLOUR_RGB ( '',0.000000000000000000, 0.000000000000000000, 0.000000000000000000 ) ;
#752 = CARTESIAN_POINT ( 'NONE',  ( 1.131010868397307467, 0.08729309151253333843, -0.002739393390096785726 ) ) ;
#753 = COLOUR_RGB ( '',0.000000000000000000, 0.000000000000000000, 0.000000000000000000 ) ;
#754 =( GEOMETRIC_REPRESENTATION_CONTEXT ( 3 ) GLOBAL_UNCERTAINTY_ASSIGNED_CONTEXT ( ( #6943 ) ) GLOBAL_UNIT_ASSIGNED_CONTEXT ( ( #9362, #3243, #10257 ) ) REPRESENTATION_CONTEXT ( 'NONE', 'WORKASPACE' ) );
#755 = EDGE_CURVE ( 'NONE', #1583, #5846, #6039, .T. ) ;
#756 = DIRECTION ( 'NONE',  ( 0.9830484531421046501, 0.1833459538002277511, -3.430483436379916373E-15 ) ) ;
#757 = VECTOR ( 'NONE', #2673, 1000.000000000000000 ) ;
#758 = CARTESIAN_POINT ( 'NONE',  ( 0.3357876820061003742, 0.000000000000000000, 0.006069894152878134788 ) ) ;
#759 = PLANE ( 'NONE',  #596 ) ;
#760 = SURFACE_SIDE_STYLE ('',( #6902 ) ) ;
#761 = CARTESIAN_POINT ( 'NONE',  ( 1.133602099058999002, 0.1399839344394192830, -0.002897676747495088901 ) ) ;
#762 = FILL_AREA_STYLE ('',( #7021 ) ) ;
#763 = VERTEX_POINT ( 'NONE', #400 ) ;
#764 = MECHANICAL_DESIGN_GEOMETRIC_PRESENTATION_REPRESENTATION (  '', ( #1688 ), #4223 ) ;
#765 = DIRECTION ( 'NONE',  ( 3.491481338843133355E-15, -0.000000000000000000, 1.000000000000000000 ) ) ;
#766 = ORIENTED_EDGE ( 'NONE', *, *, #8146, .F. ) ;
#767 = CARTESIAN_POINT ( 'NONE',  ( 1.113675940626349226, 0.1867882681025681002, 0.002385712559677263204 ) ) ;
#768 = DIRECTION ( 'NONE',  ( -1.224646799147353207E-16, 1.000000000000000000, 4.275831445896958607E-31 ) ) ;
#769 = CARTESIAN_POINT ( 'NONE',  ( 1.120872059137890009, 0.1537612460394031932, -0.02590880207654016470 ) ) ;
#770 = MECHANICAL_DESIGN_GEOMETRIC_PRESENTATION_REPRESENTATION (  '', ( #7560 ), #7868 ) ;
#771 = SURFACE_STYLE_USAGE ( .BOTH. , #5874 ) ;
#772 = PRESENTATION_STYLE_ASSIGNMENT (( #9482 ) ) ;
#773 = EDGE_LOOP ( 'NONE', ( #5354, #8332, #10340, #1667 ) ) ;
#774 = CARTESIAN_POINT ( 'NONE',  ( 1.126059176315520105, 0.1776822030535327168, 0.04115967706098321022 ) ) ;
#775 = FILL_AREA_STYLE ('',( #10373 ) ) ;
#776 = EDGE_LOOP ( 'NONE', ( #1505, #698, #5850 ) ) ;
#778 = EDGE_LOOP ( 'NONE', ( #371, #8811, #8709, #8859, #1931, #3773 ) ) ;
#777 = UNCERTAINTY_MEASURE_WITH_UNIT (LENGTH_MEASURE( 1.000000000000000082E-05 ), #9002, 'distance_accuracy_value', 'NONE');
#779 = DIRECTION ( 'NONE',  ( 3.491481338843133355E-15, 0.000000000000000000, 1.000000000000000000 ) ) ;
#780 = CARTESIAN_POINT ( 'NONE',  ( 1.138735531471015694, 0.1066524778880814928, 0.02868258206520823972 ) ) ;
#781 = CARTESIAN_POINT ( 'NONE',  ( 1.099205000812350397, 0.2391526653555763049, -0.01357907434454587274 ) ) ;
#782 = MECHANICAL_DESIGN_GEOMETRIC_PRESENTATION_REPRESENTATION (  '', ( #3678 ), #2780 ) ;
#783 = B_SPLINE_CURVE_WITH_KNOTS ( 'NONE', 3,
 ( #6578, #2018, #9015, #9135 ),
 .UNSPECIFIED., .F., .F.,
 ( 4, 4 ),
 ( 0.0002276601736766467664, 1.000000000000000000 ),
 .UNSPECIFIED. ) ;
#784 = UNCERTAINTY_MEASURE_WITH_UNIT (LENGTH_MEASURE( 1.000000000000000082E-05 ), #8550, 'distance_accuracy_value', 'NONE');
#785 = FACE_OUTER_BOUND ( 'NONE', #3922, .T. ) ;
#786 = CARTESIAN_POINT ( 'NONE',  ( 1.144966369205042023, -0.03646713839880545011, 0.05659367849026816777 ) ) ;
#787 = CARTESIAN_POINT ( 'NONE',  ( 0.3357876820061003742, 0.000000000000000000, 0.006069894152878351629 ) ) ;
#788 = CARTESIAN_POINT ( 'NONE',  ( 1.126987947808945956, 0.1183306359042599343, -0.02242111016831040832 ) ) ;
#789 = CARTESIAN_POINT ( 'NONE',  ( 1.122922845730287777, 0.1428923861823872266, -0.01973575114034626515 ) ) ;
#790 = FACE_BOUND ( 'NONE', #2312, .T. ) ;
#791 = ORIENTED_EDGE ( 'NONE', *, *, #2318, .F. ) ;
#792 = CARTESIAN_POINT ( 'NONE',  ( 1.123761255373128432, 0.1382110256232398637, -0.005969795029092726454 ) ) ;
#793 = CARTESIAN_POINT ( 'NONE',  ( 1.123129068340240622, 0.1902488390506363869, 0.03069114328941761199 ) ) ;
#794 =( NAMED_UNIT ( * ) SI_UNIT ( $, .STERADIAN. ) SOLID_ANGLE_UNIT ( ) );
#795 = ORIENTED_EDGE ( 'NONE', *, *, #8270, .F. ) ;
#796 = B_SPLINE_SURFACE_WITH_KNOTS ( 'NONE', 1, 3, ( 
 ( #3313, #4191, #11162, #11212 ),
 ( #8626, #1804, #10537, #5258 ) ),
 .UNSPECIFIED., .F., .F., .F.,
 ( 2, 2 ),
 ( 4, 4 ),
 ( 0.000000000000000000, 1.000000000000000000 ),
 ( 0.000000000000000000, 1.000000000000000000 ),
 .UNSPECIFIED. ) ;
#797 = VERTEX_POINT ( 'NONE', #10736 ) ;
#798 = B_SPLINE_CURVE_WITH_KNOTS ( 'NONE', 1,
 ( #11261, #6108 ),
 .UNSPECIFIED., .F., .F.,
 ( 2, 2 ),
 ( 0.000000000000000000, 1.000000000000000000 ),
 .UNSPECIFIED. ) ;
#799 =( GEOMETRIC_REPRESENTATION_CONTEXT ( 3 ) GLOBAL_UNCERTAINTY_ASSIGNED_CONTEXT ( ( #5508 ) ) GLOBAL_UNIT_ASSIGNED_CONTEXT ( ( #7848, #8580, #9428 ) ) REPRESENTATION_CONTEXT ( 'NONE', 'WORKASPACE' ) );
#800 = ADVANCED_FACE ( 'NONE', ( #10891 ), #3200, .T. ) ;
#801 =( NAMED_UNIT ( * ) SI_UNIT ( $, .STERADIAN. ) SOLID_ANGLE_UNIT ( ) );
#802 = CARTESIAN_POINT ( 'NONE',  ( 1.117227383272432650, 0.2132233886014139601, -0.02410098063184589606 ) ) ;
#803 = DIRECTION ( 'NONE',  ( 0.9675748343053209855, 0.2525845205451644482, -3.378073272768555751E-15 ) ) ;
#804 = COLOUR_RGB ( '',0.000000000000000000, 0.000000000000000000, 0.000000000000000000 ) ;
#805 = ORIENTED_EDGE ( 'NONE', *, *, #267, .F. ) ;
#806 = ORIENTED_EDGE ( 'NONE', *, *, #64, .F. ) ;
#807 = CARTESIAN_POINT ( 'NONE',  ( 1.134633177656892311, 0.04296363669943129709, 0.005583310175039112727 ) ) ;
#808 =( NAMED_UNIT ( * ) SI_UNIT ( $, .STERADIAN. ) SOLID_ANGLE_UNIT ( ) );
#809 = PRESENTATION_STYLE_ASSIGNMENT (( #1789 ) ) ;
#810 = CARTESIAN_POINT ( 'NONE',  ( 1.137884837493871260, 0.1129038370850599243, 0.05228983188420766037 ) ) ;
#811 = STYLED_ITEM ( 'NONE', ( #6470 ), #9173 ) ;
#812 = EDGE_CURVE ( 'NONE', #10595, #2501, #5783, .T. ) ;
#813 = CARTESIAN_POINT ( 'NONE',  ( 1.112079110967910678, 0.1933174004595320516, 0.05687885185883385930 ) ) ;
#814 = CARTESIAN_POINT ( 'NONE',  ( 1.138194018417720388, 0.1106529316669103008, -0.02217549806215568520 ) ) ;
#815 =( NAMED_UNIT ( * ) PLANE_ANGLE_UNIT ( ) SI_UNIT ( $, .RADIAN. ) );
#816 = COLOUR_RGB ( '',0.000000000000000000, 0.000000000000000000, 0.000000000000000000 ) ;
#817 = B_SPLINE_SURFACE_WITH_KNOTS ( 'NONE', 1, 3, ( 
 ( #3625, #8867, #4618, #6143 ),
 ( #2635, #2740, #6086, #5401 ) ),
 .UNSPECIFIED., .F., .F., .F.,
 ( 2, 2 ),
 ( 4, 4 ),
 ( 0.000000000000000000, 1.000000000000000000 ),
 ( 0.000000000000000000, 1.000000000000000000 ),
 .UNSPECIFIED. ) ;
#818 = FACE_OUTER_BOUND ( 'NONE', #11241, .T. ) ;
#819 = ORIENTED_EDGE ( 'NONE', *, *, #10713, .F. ) ;
#820 =( LENGTH_UNIT ( ) NAMED_UNIT ( * ) SI_UNIT ( .MILLI., .METRE. ) );
#821 = DIRECTION ( 'NONE',  ( -0.2184320793071835021, 0.9758521541348055273, 7.626515287057345479E-16 ) ) ;
#822 =( NAMED_UNIT ( * ) PLANE_ANGLE_UNIT ( ) SI_UNIT ( $, .RADIAN. ) );
#823 = CARTESIAN_POINT ( 'NONE',  ( 1.128952108727275805, 0.1469738184003533121, -0.03283506347181484181 ) ) ;
#824 = STYLED_ITEM ( 'NONE', ( #9385 ), #2504 ) ;
#825 = FILL_AREA_STYLE ('',( #6106 ) ) ;
#826 = SURFACE_STYLE_FILL_AREA ( #1627 ) ;
#827 =( LENGTH_UNIT ( ) NAMED_UNIT ( * ) SI_UNIT ( .MILLI., .METRE. ) );
#828 = EDGE_CURVE ( 'NONE', #10253, #7294, #9024, .T. ) ;
#829 = PRESENTATION_STYLE_ASSIGNMENT (( #5208 ) ) ;
#830 = ORIENTED_EDGE ( 'NONE', *, *, #3818, .F. ) ;
#831 = ADVANCED_FACE ( 'NONE', ( #5854 ), #7516, .T. ) ;
#832 = UNCERTAINTY_MEASURE_WITH_UNIT (LENGTH_MEASURE( 1.000000000000000082E-05 ), #2642, 'distance_accuracy_value', 'NONE');
#833 = CARTESIAN_POINT ( 'NONE',  ( 1.120746377283083683, 0.1998495601923062359, 0.3561756190388881693 ) ) ;
#834 = ORIENTED_EDGE ( 'NONE', *, *, #10606, .T. ) ;
#835 = ORIENTED_EDGE ( 'NONE', *, *, #1676, .T. ) ;
#836 = EDGE_CURVE ( 'NONE', #4162, #3855, #1496, .T. ) ;
#837 = LINE ( 'NONE', #10915, #389 ) ;
#838 = CARTESIAN_POINT ( 'NONE',  ( 1.139272848092965473, 0.1025260351245642770, 0.04025909933812345937 ) ) ;
#839 = UNCERTAINTY_MEASURE_WITH_UNIT (LENGTH_MEASURE( 1.000000000000000082E-05 ), #1551, 'distance_accuracy_value', 'NONE');
#840 = CARTESIAN_POINT ( 'NONE',  ( 1.137105107999569320, 0.1182809485893712292, 0.02799520574332179865 ) ) ;
#841 =( LENGTH_UNIT ( ) NAMED_UNIT ( * ) SI_UNIT ( .MILLI., .METRE. ) );
#842 = B_SPLINE_CURVE_WITH_KNOTS ( 'NONE', 3,
 ( #7929, #4406, #6024, #4283 ),
 .UNSPECIFIED., .F., .F.,
 ( 4, 4 ),
 ( 0.000000000000000000, 1.000000000000000000 ),
 .UNSPECIFIED. ) ;
#843 = DIRECTION ( 'NONE',  ( 0.9923649256770833427, 0.1233363461673682993, -3.464823619323989496E-15 ) ) ;
#844 = CARTESIAN_POINT ( 'NONE',  ( 1.135787682006100807, 0.000000000000000000, 0.1001939685163923816 ) ) ;
#845 = EDGE_CURVE ( 'NONE', #10884, #7676, #2025, .T. ) ;
#846 = CARTESIAN_POINT ( 'NONE',  ( 1.143497696487699722, -0.06086487087092641579, -0.01035630102885841050 ) ) ;
#847 = ORIENTED_EDGE ( 'NONE', *, *, #5686, .T. ) ;
#848 = CARTESIAN_POINT ( 'NONE',  ( 1.124060736695442486, 0.1364756067974539078, -0.002559277845524325461 ) ) ;
#849 = COLOUR_RGB ( '',0.000000000000000000, 0.000000000000000000, 0.000000000000000000 ) ;
#850 = ORIENTED_EDGE ( 'NONE', *, *, #4395, .F. ) ;
#851 = CARTESIAN_POINT ( 'NONE',  ( 1.133914149879059474, 0.1381815518824220934, -0.01298960528964358298 ) ) ;
#852 = SURFACE_STYLE_FILL_AREA ( #7166 ) ;
#853 = CARTESIAN_POINT ( 'NONE',  ( 1.135774462026800879, -0.005568101825941131240, 0.06532111006009050369 ) ) ;
#854 = ORIENTED_EDGE ( 'NONE', *, *, #10687, .T. ) ;
#855 =( GEOMETRIC_REPRESENTATION_CONTEXT ( 3 ) GLOBAL_UNCERTAINTY_ASSIGNED_CONTEXT ( ( #10899 ) ) GLOBAL_UNIT_ASSIGNED_CONTEXT ( ( #10631, #5365, #1040 ) ) REPRESENTATION_CONTEXT ( 'NONE', 'WORKASPACE' ) );
#856 = ORIENTED_EDGE ( 'NONE', *, *, #5086, .T. ) ;
#857 = CARTESIAN_POINT ( 'NONE',  ( 1.136877951131481712, 0.1198097688530632005, -0.01141768780968361457 ) ) ;
#858 = CARTESIAN_POINT ( 'NONE',  ( 1.102349487514008741, 0.2288733237763968253, -0.01357907434454592652 ) ) ;
#859 = B_SPLINE_SURFACE_WITH_KNOTS ( 'NONE', 1, 3, ( 
 ( #5652, #9301, #4181, #3238, #9235, #1402, #10984 ),
 ( #3191, #6634, #10132, #5036, #8505, #8399, #9186 ),
 ( #6805, #2300, #7441, #5753, #10913, #5703, #10067 ) ),
 .UNSPECIFIED., .F., .F., .F.,
 ( 2, 1, 2 ),
 ( 4, 3, 4 ),
 ( 0.000000000000000000, 1.000000000000000000, 1.020000000000000018 ),
 ( -0.1084970395786230696, 0.000000000000000000, 1.000000000000000000 ),
 .UNSPECIFIED. ) ;
#860 =( LENGTH_UNIT ( ) NAMED_UNIT ( * ) SI_UNIT ( .MILLI., .METRE. ) );
#861 = EDGE_CURVE ( 'NONE', #1517, #9064, #2381, .T. ) ;
#862 = CARTESIAN_POINT ( 'NONE',  ( 1.105869386875753202, 0.2167552504410028835, -0.01788147175799061073 ) ) ;
#863 = DIRECTION ( 'NONE',  ( 1.000000000000000000, 0.000000000000000000, -3.523657060577889805E-15 ) ) ;
#864 = ORIENTED_EDGE ( 'NONE', *, *, #4400, .T. ) ;
#865 = ORIENTED_EDGE ( 'NONE', *, *, #2499, .F. ) ;
#866 = CARTESIAN_POINT ( 'NONE',  ( 1.129767733854243117, 0.1603125761813855021, -0.01456698081610529119 ) ) ;
#867 = CARTESIAN_POINT ( 'NONE',  ( 1.130174755980359436, 0.1582693169967412106, -0.02941286812516781535 ) ) ;
#868 = B_SPLINE_CURVE_WITH_KNOTS ( 'NONE', 3,
 ( #4145, #7411, #3920, #11117 ),
 .UNSPECIFIED., .F., .F.,
 ( 4, 4 ),
 ( 0.000000000000000000, 1.000000000000000000 ),
 .UNSPECIFIED. ) ;
#869 = CARTESIAN_POINT ( 'NONE',  ( 1.131026235449142048, 0.1539338920375195319, -0.03006783374187219429 ) ) ;
#870 = CIRCLE ( 'NONE', #2310, 0.5999999999999996447 ) ;
#871 = CARTESIAN_POINT ( 'NONE',  ( 1.134144113130430176, -0.05125435476545827512, 0.04702734930824172682 ) ) ;
#872 = FACE_OUTER_BOUND ( 'NONE', #157, .T. ) ;
#873 = CARTESIAN_POINT ( 'NONE',  ( 1.122143244692073383, 0.1942888181791566082, 0.04241502782622121742 ) ) ;
#874 = CARTESIAN_POINT ( 'NONE',  ( 1.124539041545190576, 0.1336835548047583255, -0.01590420228336715536 ) ) ;
#875 = AXIS2_PLACEMENT_3D ( 'NONE', #787, #2438, #2269 ) ;
#876 = CARTESIAN_POINT ( 'NONE',  ( 1.135643225227789044, 0.01519402034781497032, -0.01198729285593224531 ) ) ;
#877 = VERTEX_POINT ( 'NONE', #634 ) ;
#878 =( NAMED_UNIT ( * ) SI_UNIT ( $, .STERADIAN. ) SOLID_ANGLE_UNIT ( ) );
#879 = CARTESIAN_POINT ( 'NONE',  ( 1.134462553336397450, -0.04602662170454856205, 0.04657192071257250376 ) ) ;
#880 = SURFACE_STYLE_FILL_AREA ( #5203 ) ;
#881 =( NAMED_UNIT ( * ) PLANE_ANGLE_UNIT ( ) SI_UNIT ( $, .RADIAN. ) );
#882 = CARTESIAN_POINT ( 'NONE',  ( 1.109847549450357462, 0.2020676164361316085, 0.002385712559677371624 ) ) ;
#883 = LINE ( 'NONE', #3547, #5345 ) ;
#884 = CARTESIAN_POINT ( 'NONE',  ( 1.137306570973759534, 0.1169139793239507286, -0.02240938304154957775 ) ) ;
#885 = CARTESIAN_POINT ( 'NONE',  ( 1.145742185637077748, -0.008584989685346995636, 0.05180935499299749863 ) ) ;
#886 = VERTEX_POINT ( 'NONE', #7480 ) ;
#887 = DIRECTION ( 'NONE',  ( -1.000000000000000000, 0.000000000000000000, 3.491481338843133355E-15 ) ) ;
#888 = CARTESIAN_POINT ( 'NONE',  ( 1.116224010863971383, 0.2168390892842088080, -0.006009084562188919156 ) ) ;
#889 = ORIENTED_EDGE ( 'NONE', *, *, #5224, .F. ) ;
#890 =( LENGTH_UNIT ( ) NAMED_UNIT ( * ) SI_UNIT ( .MILLI., .METRE. ) );
#891 =( NAMED_UNIT ( * ) PLANE_ANGLE_UNIT ( ) SI_UNIT ( $, .RADIAN. ) );
#892 = ADVANCED_FACE ( 'NONE', ( #7698 ), #1513, .T. ) ;
#893 = FILL_AREA_STYLE_COLOUR ( '', #7095 ) ;
#894 = DIRECTION ( 'NONE',  ( 3.491481338843133355E-15, -0.000000000000000000, 1.000000000000000000 ) ) ;
#895 = ORIENTED_EDGE ( 'NONE', *, *, #5019, .F. ) ;
#896 = CARTESIAN_POINT ( 'NONE',  ( 1.135280338797021837, 0.1300447586476082273, -0.01166875796278289516 ) ) ;
#897 = EDGE_CURVE ( 'NONE', #2850, #621, #5637, .T. ) ;
#898 = LINE ( 'NONE', #1073, #5548 ) ;
#899 =( NAMED_UNIT ( * ) SI_UNIT ( $, .STERADIAN. ) SOLID_ANGLE_UNIT ( ) );
#900 = UNCERTAINTY_MEASURE_WITH_UNIT (LENGTH_MEASURE( 1.000000000000000082E-05 ), #841, 'distance_accuracy_value', 'NONE');
#901 = ORIENTED_EDGE ( 'NONE', *, *, #8190, .F. ) ;
#902 = ORIENTED_EDGE ( 'NONE', *, *, #7026, .T. ) ;
#903 = ADVANCED_FACE ( 'NONE', ( #100 ), #7608, .T. ) ;
#904 = CIRCLE ( 'NONE', #9080, 0.8100000000000001643 ) ;
#905 = PRESENTATION_STYLE_ASSIGNMENT (( #5236 ) ) ;
#906 = EDGE_CURVE ( 'NONE', #6812, #2558, #1038, .T. ) ;
#907 = PLANE ( 'NONE',  #10636 ) ;
#908 = MECHANICAL_DESIGN_GEOMETRIC_PRESENTATION_REPRESENTATION (  '', ( #5795 ), #7280 ) ;
#909 = EDGE_CURVE ( 'NONE', #1045, #8632, #3053, .T. ) ;
#910 = LINE ( 'NONE', #2734, #2181 ) ;
#911 = ORIENTED_EDGE ( 'NONE', *, *, #7003, .F. ) ;
#912 = EDGE_LOOP ( 'NONE', ( #9956, #6529, #5506, #6604 ) ) ;
#913 = STYLED_ITEM ( 'NONE', ( #9087 ), #10020 ) ;
#914 = STYLED_ITEM ( 'NONE', ( #7479 ), #6971 ) ;
#915 = SURFACE_STYLE_USAGE ( .BOTH. , #4455 ) ;
#916 = B_SPLINE_CURVE_WITH_KNOTS ( 'NONE', 1,
 ( #5230, #2622 ),
 .UNSPECIFIED., .F., .F.,
 ( 2, 2 ),
 ( 0.000000000000000000, 1.000000000000000000 ),
 .UNSPECIFIED. ) ;
#917 = DIRECTION ( 'NONE',  ( 3.491481338843133355E-15, -0.000000000000000000, 1.000000000000000000 ) ) ;
#918 =( NAMED_UNIT ( * ) PLANE_ANGLE_UNIT ( ) SI_UNIT ( $, .RADIAN. ) );
#919 = SURFACE_SIDE_STYLE ('',( #4228 ) ) ;
#920 = CARTESIAN_POINT ( 'NONE',  ( 1.134312228353427487, -0.04981159567378229402, -0.04021936368984319055 ) ) ;
#921 = EDGE_CURVE ( 'NONE', #6370, #3864, #6193, .T. ) ;
#922 = DIRECTION ( 'NONE',  ( 3.491481338843133355E-15, -0.000000000000000000, 1.000000000000000000 ) ) ;
#923 = MECHANICAL_DESIGN_GEOMETRIC_PRESENTATION_REPRESENTATION (  '', ( #9097 ), #2004 ) ;
#924 = PRESENTATION_LAYER_ASSIGNMENT (  '', '', ( #10953 ) ) ;
#925 = PRESENTATION_STYLE_ASSIGNMENT (( #5471 ) ) ;
#926 = CIRCLE ( 'NONE', #7299, 0.8100000000000000533 ) ;
#927 = B_SPLINE_CURVE_WITH_KNOTS ( 'NONE', 3,
 ( #6950, #1029, #2828, #101 ),
 .UNSPECIFIED., .F., .F.,
 ( 4, 4 ),
 ( 0.000000000000000000, 1.000000000000000000 ),
 .UNSPECIFIED. ) ;
#928 =( GEOMETRIC_REPRESENTATION_CONTEXT ( 3 ) GLOBAL_UNCERTAINTY_ASSIGNED_CONTEXT ( ( #3432 ) ) GLOBAL_UNIT_ASSIGNED_CONTEXT ( ( #6547, #565, #503 ) ) REPRESENTATION_CONTEXT ( 'NONE', 'WORKASPACE' ) );
#929 = AXIS2_PLACEMENT_3D ( 'NONE', #4297, #2476, #11156 ) ;
#930 = CARTESIAN_POINT ( 'NONE',  ( 1.132444684181229455, -0.07324853437872767825, -0.01994233357252258448 ) ) ;
#931 = ORIENTED_EDGE ( 'NONE', *, *, #7939, .T. ) ;
#932 = CARTESIAN_POINT ( 'NONE',  ( 1.125081957751246087, 0.1819740263772446076, 0.04127429604397188367 ) ) ;
#933 = COLOUR_RGB ( '',0.000000000000000000, 0.000000000000000000, 0.000000000000000000 ) ;
#934 = PRESENTATION_LAYER_ASSIGNMENT (  '', '', ( #10773 ) ) ;
#935 =( NAMED_UNIT ( * ) PLANE_ANGLE_UNIT ( ) SI_UNIT ( $, .RADIAN. ) );
#936 = COLOUR_RGB ( '',0.000000000000000000, 0.000000000000000000, 0.000000000000000000 ) ;
#937 = AXIS2_PLACEMENT_3D ( 'NONE', #84, #4650, #3601 ) ;
#938 = CARTESIAN_POINT ( 'NONE',  ( 0.3357876820061004852, 0.000000000000000000, 0.02485103320823232875 ) ) ;
#939 = B_SPLINE_CURVE_WITH_KNOTS ( 'NONE', 1,
 ( #10880, #9972 ),
 .UNSPECIFIED., .F., .F.,
 ( 2, 2 ),
 ( 0.000000000000000000, 1.000000000000000000 ),
 .UNSPECIFIED. ) ;
#940 = CARTESIAN_POINT ( 'NONE',  ( 1.125535338668716356, 0.1276661223500845654, -0.02101293409274514884 ) ) ;
#941 =( GEOMETRIC_REPRESENTATION_CONTEXT ( 3 ) GLOBAL_UNCERTAINTY_ASSIGNED_CONTEXT ( ( #1761 ) ) GLOBAL_UNIT_ASSIGNED_CONTEXT ( ( #5829, #659, #8345 ) ) REPRESENTATION_CONTEXT ( 'NONE', 'WORKASPACE' ) );
#942 = FACE_OUTER_BOUND ( 'NONE', #1009, .T. ) ;
#943 = FILL_AREA_STYLE_COLOUR ( '', #10250 ) ;
#944 = MECHANICAL_DESIGN_GEOMETRIC_PRESENTATION_REPRESENTATION (  '', ( #9294 ), #2580 ) ;
#945 = B_SPLINE_CURVE_WITH_KNOTS ( 'NONE', 1,
 ( #3718, #2870 ),
 .UNSPECIFIED., .F., .F.,
 ( 2, 2 ),
 ( 0.000000000000000000, 1.000000000000000000 ),
 .UNSPECIFIED. ) ;
#946 = COLOUR_RGB ( '',0.000000000000000000, 0.000000000000000000, 0.000000000000000000 ) ;
#947 =( NAMED_UNIT ( * ) PLANE_ANGLE_UNIT ( ) SI_UNIT ( $, .RADIAN. ) );
#948 = CARTESIAN_POINT ( 'NONE',  ( 1.135742747320645840, -0.008479002158367401898, 0.05180935499299749863 ) ) ;
#949 = EDGE_LOOP ( 'NONE', ( #11298, #6127, #9245, #10708, #9695, #3322, #5750, #902, #8870, #856, #1867, #3150, #6022, #3736, #10927, #9103, #4439, #326, #8312, #5867, #226 ) ) ;
#950 = ADVANCED_FACE ( 'NONE', ( #10615 ), #587, .T. ) ;
#951 = STYLED_ITEM ( 'NONE', ( #5415 ), #4580 ) ;
#952 = CARTESIAN_POINT ( 'NONE',  ( 1.125961983963937652, 0.1249982900900845767, 0.02617733858181601689 ) ) ;
#953 = CARTESIAN_POINT ( 'NONE',  ( 1.128985489904669404, 0.1041020535095472099, -0.01983399598272112679 ) ) ;
#954 = ORIENTED_EDGE ( 'NONE', *, *, #10110, .F. ) ;
#955 = SURFACE_STYLE_USAGE ( .BOTH. , #10492 ) ;
#956 =( NAMED_UNIT ( * ) SI_UNIT ( $, .STERADIAN. ) SOLID_ANGLE_UNIT ( ) );
#957 = AXIS2_PLACEMENT_3D ( 'NONE', #134, #9891, #9012 ) ;
#958 = CARTESIAN_POINT ( 'NONE',  ( 1.108747717297428714, 0.2421420736725210243, -0.01357907434454592652 ) ) ;
#959 = CARTESIAN_POINT ( 'NONE',  ( 1.105465639602767558, 0.2181651148941902152, -0.004978198359719050205 ) ) ;
#960 = CARTESIAN_POINT ( 'NONE',  ( 1.128757827729781393, 0.1652221171361888397, 0.05687885185883380379 ) ) ;
#961 = CARTESIAN_POINT ( 'NONE',  ( 1.137865048894292963, 0.1130128201829498358, -0.01236853032746170096 ) ) ;
#962 = PRESENTATION_STYLE_ASSIGNMENT (( #8751 ) ) ;
#963 = ORIENTED_EDGE ( 'NONE', *, *, #10911, .F. ) ;
#964 = FACE_BOUND ( 'NONE', #8376, .T. ) ;
#965 = CARTESIAN_POINT ( 'NONE',  ( 1.121782753829933421, 0.1957338679652761981, 0.05687885185883380379 ) ) ;
#966 = CARTESIAN_POINT ( 'NONE',  ( 1.124484021181574533, 0.1340119182354911065, -0.006385368655775476229 ) ) ;
#967 = DIRECTION ( 'NONE',  ( -3.491481338843133355E-15, 0.000000000000000000, -1.000000000000000000 ) ) ;
#968 = ORIENTED_EDGE ( 'NONE', *, *, #8281, .T. ) ;
#969 = B_SPLINE_CURVE_WITH_KNOTS ( 'NONE', 1,
 ( #10724, #1026 ),
 .UNSPECIFIED., .F., .F.,
 ( 2, 2 ),
 ( 0.000000000000000000, 1.000000000000000000 ),
 .UNSPECIFIED. ) ;
#970 = ADVANCED_FACE ( 'NONE', ( #3047 ), #9216, .F. ) ;
#971 = ORIENTED_EDGE ( 'NONE', *, *, #7382, .F. ) ;
#972 = STYLED_ITEM ( 'NONE', ( #4846 ), #3341 ) ;
#973 = SURFACE_SIDE_STYLE ('',( #3456 ) ) ;
#974 =( GEOMETRIC_REPRESENTATION_CONTEXT ( 3 ) GLOBAL_UNCERTAINTY_ASSIGNED_CONTEXT ( ( #10662 ) ) GLOBAL_UNIT_ASSIGNED_CONTEXT ( ( #6440, #1994, #336 ) ) REPRESENTATION_CONTEXT ( 'NONE', 'WORKASPACE' ) );
#975 = DIRECTION ( 'NONE',  ( 0.2467278520892669524, -0.9690848089839283475, -8.614456913425243245E-16 ) ) ;
#976 = EDGE_CURVE ( 'NONE', #7671, #9091, #3857, .T. ) ;
#977 = ORIENTED_EDGE ( 'NONE', *, *, #576, .T. ) ;
#978 = EDGE_LOOP ( 'NONE', ( #3280, #10435, #7263, #2258 ) ) ;
#980 = EDGE_CURVE ( 'NONE', #376, #8431, #4546, .T. ) ;
#979 = FILL_AREA_STYLE_COLOUR ( '', #7273 ) ;
#981 = CARTESIAN_POINT ( 'NONE',  ( 1.112899200819566392, 0.2284704942046319187, -0.02303786945720581736 ) ) ;
#982 = COLOUR_RGB ( '',0.000000000000000000, 0.000000000000000000, 0.000000000000000000 ) ;
#983 = VERTEX_POINT ( 'NONE', #6306 ) ;
#984 = ADVANCED_FACE ( 'NONE', ( #3000 ), #10977, .T. ) ;
#985 = SURFACE_STYLE_FILL_AREA ( #5191 ) ;
#986 = CARTESIAN_POINT ( 'NONE',  ( 1.117065663944026621, 0.1720602073083768446, 0.05018182842931857846 ) ) ;
#987 = EDGE_CURVE ( 'NONE', #4209, #8499, #11101, .T. ) ;
#988 =( LENGTH_UNIT ( ) NAMED_UNIT ( * ) SI_UNIT ( .MILLI., .METRE. ) );
#989 = B_SPLINE_CURVE_WITH_KNOTS ( 'NONE', 3,
 ( #3876, #2168, #5632, #7376 ),
 .UNSPECIFIED., .F., .F.,
 ( 4, 4 ),
 ( 0.000000000000000000, 1.000000000000000000 ),
 .UNSPECIFIED. ) ;
#990 = APPLICATION_CONTEXT ( 'automotive_design' ) ;
#991 = LINE ( 'NONE', #4460, #2833 ) ;
#992 = DIRECTION ( 'NONE',  ( 3.491481338843133355E-15, -0.000000000000000000, 1.000000000000000000 ) ) ;
#993 = SURFACE_SIDE_STYLE ('',( #54 ) ) ;
#994 = B_SPLINE_CURVE_WITH_KNOTS ( 'NONE', 1,
 ( #879, #10526 ),
 .UNSPECIFIED., .F., .F.,
 ( 2, 2 ),
 ( 0.000000000000000000, 1.000000000000000000 ),
 .UNSPECIFIED. ) ;
#995 = COLOUR_RGB ( '',0.000000000000000000, 0.000000000000000000, 0.000000000000000000 ) ;
#996 = ORIENTED_EDGE ( 'NONE', *, *, #2985, .F. ) ;
#997 = SURFACE_SIDE_STYLE ('',( #8940 ) ) ;
#998 = FACE_OUTER_BOUND ( 'NONE', #3442, .T. ) ;
#999 = CARTESIAN_POINT ( 'NONE',  ( 1.107359943222026688, 0.2465283872541707555, -0.02595792449772778288 ) ) ;
#1000 = MECHANICAL_DESIGN_GEOMETRIC_PRESENTATION_REPRESENTATION (  '', ( #8625 ), #1369 ) ;
#1001 = CARTESIAN_POINT ( 'NONE',  ( 1.134462553336397450, -0.04602662170454856205, 0.04657192071257250376 ) ) ;
#1002 = CARTESIAN_POINT ( 'NONE',  ( 1.124062460195864643, 0.1364857644200293263, -0.02322107112762719985 ) ) ;
#1003 = CIRCLE ( 'NONE', #7375, 0.7999999999999998224 ) ;
#1004 = CARTESIAN_POINT ( 'NONE',  ( 1.128287767350910409, 0.1092868460907755884, -0.02217549806215562969 ) ) ;
#1005 = FILL_AREA_STYLE ('',( #8841 ) ) ;
#1006 = CARTESIAN_POINT ( 'NONE',  ( 1.125225522418077384, 0.1295826578681538443, -0.02225152241878877030 ) ) ;
#1007 = EDGE_LOOP ( 'NONE', ( #11128, #2443, #3644, #2250, #1364, #3009, #6863, #10948 ) ) ;
#1008 =( NAMED_UNIT ( * ) PLANE_ANGLE_UNIT ( ) SI_UNIT ( $, .RADIAN. ) );
#1009 = EDGE_LOOP ( 'NONE', ( #5600, #3597, #6982, #3117 ) ) ;
#1010 = CARTESIAN_POINT ( 'NONE',  ( 1.119973114417822435, 0.1582820507614192407, 0.02850246652063670449 ) ) ;
#1011 = MECHANICAL_DESIGN_GEOMETRIC_PRESENTATION_REPRESENTATION (  '', ( #6645 ), #1745 ) ;
#1012 = FILL_AREA_STYLE ('',( #5266 ) ) ;
#1013 = CARTESIAN_POINT ( 'NONE',  ( 1.138178744430043965, 0.1107802623120947155, -0.02641068840341037963 ) ) ;
#1014 = PRODUCT_DEFINITION_CONTEXT ( 'detailed design', #990, 'design' ) ;
#1015 = CARTESIAN_POINT ( 'NONE',  ( 1.132383009493155512, -0.07372844922953177005, 0.01059303993007702435 ) ) ;
#1016 = ORIENTED_EDGE ( 'NONE', *, *, #6037, .T. ) ;
#1017 = B_SPLINE_CURVE_WITH_KNOTS ( 'NONE', 1,
 ( #11061, #6774 ),
 .UNSPECIFIED., .F., .F.,
 ( 2, 2 ),
 ( 0.000000000000000000, 1.000000000000000000 ),
 .UNSPECIFIED. ) ;
#1018 = MECHANICAL_DESIGN_GEOMETRIC_PRESENTATION_REPRESENTATION (  '', ( #4290 ), #7395 ) ;
#1019 = FACE_BOUND ( 'NONE', #7386, .T. ) ;
#1020 = EDGE_CURVE ( 'NONE', #8081, #5716, #4560, .T. ) ;
#1021 =( LENGTH_UNIT ( ) NAMED_UNIT ( * ) SI_UNIT ( .MILLI., .METRE. ) );
#1022 = CARTESIAN_POINT ( 'NONE',  ( 1.124306876588807347, 0.1350503218529659766, -0.006101550221888614109 ) ) ;
#1023 = CARTESIAN_POINT ( 'NONE',  ( 1.103593396057919618, 0.2246650517311849504, -0.02595792449772773083 ) ) ;
#1024 = EDGE_LOOP ( 'NONE', ( #8627, #301, #5249, #8701 ) ) ;
#1025 = ORIENTED_EDGE ( 'NONE', *, *, #6010, .T. ) ;
#1026 = CARTESIAN_POINT ( 'NONE',  ( 1.138353972487884169, 0.1094867543692345513, -0.01950651317458672665 ) ) ;
#1027 = FILL_AREA_STYLE ('',( #8704 ) ) ;
#1028 = CARTESIAN_POINT ( 'NONE',  ( 1.106656769549965391, 0.2139178577615463150, -0.02147141002426298032 ) ) ;
#1029 = CARTESIAN_POINT ( 'NONE',  ( 1.126547280555832531, 0.1212451624784677412, -0.004497412932913835704 ) ) ;
#1030 = CARTESIAN_POINT ( 'NONE',  ( 1.115046887326341940, 0.2210320538041116722, -0.01390256127671482024 ) ) ;
#1031 = VERTEX_POINT ( 'NONE', #6026 ) ;
#1032 = ORIENTED_EDGE ( 'NONE', *, *, #2362, .T. ) ;
#1033 = SURFACE_STYLE_FILL_AREA ( #8822 ) ;
#1034 = CARTESIAN_POINT ( 'NONE',  ( 1.134380097845930857, 0.1354627379138017840, -0.02649818129418237550 ) ) ;
#1035 = FILL_AREA_STYLE ('',( #10784 ) ) ;
#1036 = VERTEX_POINT ( 'NONE', #112 ) ;
#1037 = FILL_AREA_STYLE_COLOUR ( '', #2569 ) ;
#1038 = B_SPLINE_CURVE_WITH_KNOTS ( 'NONE', 3,
 ( #10558, #2564, #6014, #4496 ),
 .UNSPECIFIED., .F., .F.,
 ( 4, 4 ),
 ( 0.000000000000000000, 0.9998346472302719334 ),
 .UNSPECIFIED. ) ;
#1039 = CARTESIAN_POINT ( 'NONE',  ( 0.3357876820061003187, 0.000000000000000000, -0.02230649118531772071 ) ) ;
#1040 =( NAMED_UNIT ( * ) SI_UNIT ( $, .STERADIAN. ) SOLID_ANGLE_UNIT ( ) );
#1041 = EDGE_CURVE ( 'NONE', #8843, #7644, #1003, .T. ) ;
#1042 = CARTESIAN_POINT ( 'NONE',  ( 1.138900462503401601, 0.1054033291784165494, -0.01983399598272118231 ) ) ;
#1043 = CARTESIAN_POINT ( 'NONE',  ( 1.135738067593348166, 0.008971919721156833977, -0.01389053327773844687 ) ) ;
#1044 = EDGE_CURVE ( 'NONE', #3894, #5972, #4972, .T. ) ;
#1045 = VERTEX_POINT ( 'NONE', #9633 ) ;
#1046 = CARTESIAN_POINT ( 'NONE',  ( 1.140935391240642360, -0.08852963653553190537, 0.0006811797660472975000 ) ) ;
#1047 = FACE_OUTER_BOUND ( 'NONE', #6772, .T. ) ;
#1048 = EDGE_CURVE ( 'NONE', #5727, #7329, #9746, .T. ) ;
#1049 = CARTESIAN_POINT ( 'NONE',  ( 0.7357876820061012291, 0.000000000000000000, 0.2101939685163938809 ) ) ;
#1050 = ADVANCED_FACE ( 'NONE', ( #5361 ), #8604, .T. ) ;
#1051 = FILL_AREA_STYLE_COLOUR ( '', #6017 ) ;
#1052 = VECTOR ( 'NONE', #6655, 1000.000000000000114 ) ;
#1053 = CARTESIAN_POINT ( 'NONE',  ( 1.121979162136835795, 0.1479964748561366783, -0.03329353940355236213 ) ) ;
#1054 = UNCERTAINTY_MEASURE_WITH_UNIT (LENGTH_MEASURE( 1.000000000000000082E-05 ), #10423, 'distance_accuracy_value', 'NONE');
#1055 = CARTESIAN_POINT ( 'NONE',  ( 1.141879598730533463, -0.07947214475229522068, -0.01468052549281049536 ) ) ;
#1056 = CARTESIAN_POINT ( 'NONE',  ( 1.122226444519784261, 0.1466767630401822065, 0.04111055463968657508 ) ) ;
#1057 = CARTESIAN_POINT ( 'NONE',  ( 1.123108384198745258, 0.1418749379183158466, -0.02328743428542710131 ) ) ;
#1058 = EDGE_CURVE ( 'NONE', #4493, #9973, #5812, .T. ) ;
#1059 = EDGE_CURVE ( 'NONE', #7582, #10779, #8018, .T. ) ;
#1060 = VERTEX_POINT ( 'NONE', #11305 ) ;
#1061 = ADVANCED_FACE ( 'NONE', ( #2744 ), #6682, .T. ) ;
#1062 = MECHANICAL_DESIGN_GEOMETRIC_PRESENTATION_REPRESENTATION (  '', ( #1608 ), #9043 ) ;
#1063 =( NAMED_UNIT ( * ) PLANE_ANGLE_UNIT ( ) SI_UNIT ( $, .RADIAN. ) );
#1064 = DIRECTION ( 'NONE',  ( 3.491481338843133355E-15, 0.000000000000000000, 1.000000000000000000 ) ) ;
#1065 = ORIENTED_EDGE ( 'NONE', *, *, #3903, .T. ) ;
#1066 = B_SPLINE_CURVE_WITH_KNOTS ( 'NONE', 3,
 ( #4323, #7798, #11282, #3447 ),
 .UNSPECIFIED., .F., .F.,
 ( 4, 4 ),
 ( 0.000000000000000000, 1.000000000000000000 ),
 .UNSPECIFIED. ) ;
#1067 = FACE_OUTER_BOUND ( 'NONE', #6851, .T. ) ;
#1068 = CARTESIAN_POINT ( 'NONE',  ( 0.3357876820061007628, 0.000000000000000000, 0.1001939685163951710 ) ) ;
#1069 = FILL_AREA_STYLE_COLOUR ( '', #2252 ) ;
#1070 = B_SPLINE_CURVE_WITH_KNOTS ( 'NONE', 1,
 ( #1910, #2803 ),
 .UNSPECIFIED., .F., .F.,
 ( 2, 2 ),
 ( 0.000000000000000000, 1.000000000000000000 ),
 .UNSPECIFIED. ) ;
#1071 = ORIENTED_EDGE ( 'NONE', *, *, #6973, .F. ) ;
#1072 = LINE ( 'NONE', #4538, #1605 ) ;
#1073 = CARTESIAN_POINT ( 'NONE',  ( 1.113505489076544563, 0.1874967001457340521, -0.02595792449772794594 ) ) ;
#1074 = DIRECTION ( 'NONE',  ( -0.1253672267348591995, 0.9921104063867138834, 4.377173326472768582E-16 ) ) ;
#1075 = CARTESIAN_POINT ( 'NONE',  ( 1.116515776528856030, 0.2157968156878995736, -0.01614917823299923810 ) ) ;
#1076 = ORIENTED_EDGE ( 'NONE', *, *, #221, .F. ) ;
#1077 = ORIENTED_EDGE ( 'NONE', *, *, #3038, .F. ) ;
#1078 = B_SPLINE_CURVE_WITH_KNOTS ( 'NONE', 1,
 ( #8981, #8135 ),
 .UNSPECIFIED., .F., .F.,
 ( 2, 2 ),
 ( 0.000000000000000000, 1.000000000000000000 ),
 .UNSPECIFIED. ) ;
#1079 = CARTESIAN_POINT ( 'NONE',  ( 1.136877951131481490, 0.1198097688530631866, -0.01447965206718856979 ) ) ;
#1080 = CARTESIAN_POINT ( 'NONE',  ( 0.3357876820061000966, 0.5999999999999997558, -0.08980603148360478960 ) ) ;
#1081 =( NAMED_UNIT ( * ) SI_UNIT ( $, .STERADIAN. ) SOLID_ANGLE_UNIT ( ) );
#1082 = ORIENTED_EDGE ( 'NONE', *, *, #7728, .F. ) ;
#1083 = EDGE_CURVE ( 'NONE', #1635, #3064, #5896, .T. ) ;
#1084 = CARTESIAN_POINT ( 'NONE',  ( 1.128919767223090176, 0.1644429852543110582, -0.003083250338844025808 ) ) ;
#1085 =( LENGTH_UNIT ( ) NAMED_UNIT ( * ) SI_UNIT ( .MILLI., .METRE. ) );
#1086 = CARTESIAN_POINT ( 'NONE',  ( 1.131751295470914576, 0.1501396884239352414, 0.02485103320822956707 ) ) ;
#1087 = UNCERTAINTY_MEASURE_WITH_UNIT (LENGTH_MEASURE( 1.000000000000000082E-05 ), #2526, 'distance_accuracy_value', 'NONE');
#1088 = VERTEX_POINT ( 'NONE', #4879 ) ;
#1089 = VERTEX_POINT ( 'NONE', #10876 ) ;
#1090 = CARTESIAN_POINT ( 'NONE',  ( 1.135740301461795942, -0.008706700062116972533, 0.06547222589606027654 ) ) ;
#1091 =( NAMED_UNIT ( * ) PLANE_ANGLE_UNIT ( ) SI_UNIT ( $, .RADIAN. ) );
#1092 = DIRECTION ( 'NONE',  ( 1.000000000000000000, 0.000000000000000000, -3.480155121558409533E-15 ) ) ;
#1093 = CARTESIAN_POINT ( 'NONE',  ( -0.4542123179938992172, 0.000000000000000000, 0.1101939685163979554 ) ) ;
#1094 = SURFACE_STYLE_USAGE ( .BOTH. , #117 ) ;
#1095 = COLOUR_RGB ( '',0.000000000000000000, 0.000000000000000000, 0.000000000000000000 ) ;
#1096 = PRESENTATION_STYLE_ASSIGNMENT (( #58 ) ) ;
#1097 = FILL_AREA_STYLE ('',( #5411 ) ) ;
#1098 = PRESENTATION_LAYER_ASSIGNMENT (  '', '', ( #10013 ) ) ;
#1099 = ORIENTED_EDGE ( 'NONE', *, *, #11161, .T. ) ;
#1100 = CARTESIAN_POINT ( 'NONE',  ( 1.135787676766265131, -0.005331243112555079239, -0.01041367011693518189 ) ) ;
#1101 = FILL_AREA_STYLE ('',( #8216 ) ) ;
#1102 = CARTESIAN_POINT ( 'NONE',  ( 1.120780653920699255, 0.1542272156420074480, 0.05687885185883380379 ) ) ;
#1103 = B_SPLINE_CURVE_WITH_KNOTS ( 'NONE', 1,
 ( #8103, #6506 ),
 .UNSPECIFIED., .F., .F.,
 ( 2, 2 ),
 ( 0.000000000000000000, 1.000000000000000000 ),
 .UNSPECIFIED. ) ;
#1104 = EDGE_CURVE ( 'NONE', #1719, #8431, #9661, .T. ) ;
#1105 = PRESENTATION_LAYER_ASSIGNMENT (  '', '', ( #10229 ) ) ;
#1106 = CARTESIAN_POINT ( 'NONE',  ( 1.119571432937081168, 0.2044089816435722129, -0.02230649118532043035 ) ) ;
#1107 =( GEOMETRIC_REPRESENTATION_CONTEXT ( 3 ) GLOBAL_UNCERTAINTY_ASSIGNED_CONTEXT ( ( #8791 ) ) GLOBAL_UNIT_ASSIGNED_CONTEXT ( ( #8381, #10300, #5918 ) ) REPRESENTATION_CONTEXT ( 'NONE', 'WORKASPACE' ) );
#1108 = PRESENTATION_LAYER_ASSIGNMENT (  '', '', ( #8375 ) ) ;
#1109 = STYLED_ITEM ( 'NONE', ( #7064 ), #4616 ) ;
#1110 = SURFACE_STYLE_FILL_AREA ( #5422 ) ;
#1111 = SURFACE_STYLE_USAGE ( .BOTH. , #10646 ) ;
#1112 = CARTESIAN_POINT ( 'NONE',  ( 0.3357876820061016510, 0.000000000000000000, 0.3561756190388909449 ) ) ;
#1113 = CARTESIAN_POINT ( 'NONE',  ( 1.132383009493155512, -0.07372844922953177005, 0.01059303993007702435 ) ) ;
#1114 = ORIENTED_EDGE ( 'NONE', *, *, #6611, .T. ) ;
#1115 = MECHANICAL_DESIGN_GEOMETRIC_PRESENTATION_REPRESENTATION (  '', ( #6930 ), #3462 ) ;
#1116 = AXIS2_PLACEMENT_3D ( 'NONE', #10520, #922, #2689 ) ;
#1117 =( GEOMETRIC_REPRESENTATION_CONTEXT ( 3 ) GLOBAL_UNCERTAINTY_ASSIGNED_CONTEXT ( ( #6157 ) ) GLOBAL_UNIT_ASSIGNED_CONTEXT ( ( #1671, #2584, #7930 ) ) REPRESENTATION_CONTEXT ( 'NONE', 'WORKASPACE' ) );
#1118 = AXIS2_PLACEMENT_3D ( 'NONE', #2314, #6319, #2840 ) ;
#1119 = CARTESIAN_POINT ( 'NONE',  ( 1.130603800311552609, 0.1561158530320936322, -0.03453602737224140823 ) ) ;
#1120 = MECHANICAL_DESIGN_GEOMETRIC_PRESENTATION_REPRESENTATION (  '', ( #7496 ), #3096 ) ;
#1121 = ORIENTED_EDGE ( 'NONE', *, *, #4346, .T. ) ;
#1122 = CARTESIAN_POINT ( 'NONE',  ( 1.131010868397307467, 0.08729309151253333843, -0.007864499339870401409 ) ) ;
#1123 = CARTESIAN_POINT ( 'NONE',  ( 0.3357876820061003187, 0.000000000000000000, -0.01153230679267017687 ) ) ;
#1124 = PRESENTATION_LAYER_ASSIGNMENT (  '', '', ( #193 ) ) ;
#1125 = CIRCLE ( 'NONE', #1116, 0.8000000000000002665 ) ;
#1126 = PRESENTATION_LAYER_ASSIGNMENT (  '', '', ( #1857 ) ) ;
#1127 = CIRCLE ( 'NONE', #937, 0.4499999999999985678 ) ;
#1128 = CARTESIAN_POINT ( 'NONE',  ( 1.137484499318199171, 0.1157222046295468820, -0.02607555596342636325 ) ) ;
#1129 = LINE ( 'NONE', #4593, #1319 ) ;
#1130 = SURFACE_STYLE_USAGE ( .BOTH. , #7160 ) ;
#1131 = SURFACE_STYLE_FILL_AREA ( #7217 ) ;
#1132 = PRESENTATION_STYLE_ASSIGNMENT (( #1967 ) ) ;
#1133 = ORIENTED_EDGE ( 'NONE', *, *, #7835, .F. ) ;
#1134 =( NAMED_UNIT ( * ) SI_UNIT ( $, .STERADIAN. ) SOLID_ANGLE_UNIT ( ) );
#1135 = B_SPLINE_SURFACE_WITH_KNOTS ( 'NONE', 1, 3, ( 
 ( #5860, #10351, #7875, #6204 ),
 ( #6144, #6894, #3530, #2578 ) ),
 .UNSPECIFIED., .F., .F., .F.,
 ( 2, 2 ),
 ( 4, 4 ),
 ( 0.000000000000000000, 1.000000000000000000 ),
 ( 0.000000000000000000, 1.000000000000000000 ),
 .UNSPECIFIED. ) ;
#1136 = MECHANICAL_DESIGN_GEOMETRIC_PRESENTATION_REPRESENTATION (  '', ( #10780 ), #10610 ) ;
#1137 = CARTESIAN_POINT ( 'NONE',  ( 1.138793605648012575, 0.1062207327068958179, -0.02339502995804293786 ) ) ;
#1138 = STYLED_ITEM ( 'NONE', ( #8279 ), #9618 ) ;
#1139 = ORIENTED_EDGE ( 'NONE', *, *, #692, .T. ) ;
#1140 = ORIENTED_EDGE ( 'NONE', *, *, #2464, .T. ) ;
#1141 = CARTESIAN_POINT ( 'NONE',  ( 1.140951158227198947, 0.08838425515644002251, 0.3561756190388881138 ) ) ;
#1142 = SURFACE_SIDE_STYLE ('',( #4714 ) ) ;
#1143 = SURFACE_STYLE_USAGE ( .BOTH. , #7290 ) ;
#1144 = CARTESIAN_POINT ( 'NONE',  ( 1.123118058767074157, 0.1418128267450560198, -0.005522997260653769377 ) ) ;
#1145 = EDGE_LOOP ( 'NONE', ( #7486, #3218, #3332, #10383 ) ) ;
#1146 = CARTESIAN_POINT ( 'NONE',  ( 1.132070560479798038, 0.1484396841898321662, -0.03651378701836024282 ) ) ;
#1147 = ORIENTED_EDGE ( 'NONE', *, *, #2464, .F. ) ;
#1148 = CARTESIAN_POINT ( 'NONE',  ( 1.118624781723000616, 0.2080457295797113471, 0.03552697276072681182 ) ) ;
#1149 = CARTESIAN_POINT ( 'NONE',  ( 1.126831638718250872, 0.1742109598997315656, 0.05018182842931852294 ) ) ;
#1150 = ORIENTED_EDGE ( 'NONE', *, *, #471, .T. ) ;
#1151 = COLOUR_RGB ( '',0.000000000000000000, 0.000000000000000000, 0.000000000000000000 ) ;
#1152 = ORIENTED_EDGE ( 'NONE', *, *, #7254, .T. ) ;
#1153 = EDGE_CURVE ( 'NONE', #8821, #5761, #10960, .T. ) ;
#1154 = SURFACE_SIDE_STYLE ('',( #4509 ) ) ;
#1155 = CARTESIAN_POINT ( 'NONE',  ( 1.128830457771395679, 0.1648731506536953995, 0.02850246652063670449 ) ) ;
#1156 = SURFACE_STYLE_FILL_AREA ( #8936 ) ;
#1157 = CARTESIAN_POINT ( 'NONE',  ( 1.135647521364263168, 0.01497455782098057811, -0.01195070922122302981 ) ) ;
#1158 =( GEOMETRIC_REPRESENTATION_CONTEXT ( 3 ) GLOBAL_UNCERTAINTY_ASSIGNED_CONTEXT ( ( #3787 ) ) GLOBAL_UNIT_ASSIGNED_CONTEXT ( ( #3719, #9838, #1922 ) ) REPRESENTATION_CONTEXT ( 'NONE', 'WORKASPACE' ) );
#1159 = FILL_AREA_STYLE ('',( #11255 ) ) ;
#1160 = ORIENTED_EDGE ( 'NONE', *, *, #2522, .T. ) ;
#1161 = PRESENTATION_STYLE_ASSIGNMENT (( #8102 ) ) ;
#1162 = DIRECTION ( 'NONE',  ( -0.1562478626126057035, 0.9877178774472963330, 5.455364965460385195E-16 ) ) ;
#1163 =( NAMED_UNIT ( * ) SI_UNIT ( $, .STERADIAN. ) SOLID_ANGLE_UNIT ( ) );
#1164 = EDGE_CURVE ( 'NONE', #2162, #4955, #8753, .T. ) ;
#1165 = FILL_AREA_STYLE ('',( #8223 ) ) ;
#1166 = CARTESIAN_POINT ( 'NONE',  ( 1.137104556858496540, 0.1182846823421760812, 0.02799486816771246112 ) ) ;
#1167 = DIRECTION ( 'NONE',  ( 3.491481338843133355E-15, -0.000000000000000000, 1.000000000000000000 ) ) ;
#1168 = CARTESIAN_POINT ( 'NONE',  ( 1.132959688476586235, 0.1435854870793692173, -0.003574474551373189955 ) ) ;
#1169 = FILL_AREA_STYLE_COLOUR ( '', #7327 ) ;
#1170 = ORIENTED_EDGE ( 'NONE', *, *, #7696, .F. ) ;
#1171 = ORIENTED_EDGE ( 'NONE', *, *, #4236, .T. ) ;
#1172 = FILL_AREA_STYLE ('',( #3944 ) ) ;
#1173 = AXIS2_PLACEMENT_3D ( 'NONE', #10766, #2936, #6238 ) ;
#1174 = CARTESIAN_POINT ( 'NONE',  ( 1.144123784531717147, -0.05189166940556268898, 0.04702705973495244218 ) ) ;
#1175 = ORIENTED_EDGE ( 'NONE', *, *, #9612, .T. ) ;
#1176 = SURFACE_STYLE_USAGE ( .BOTH. , #421 ) ;
#1177 = CARTESIAN_POINT ( 'NONE',  ( 1.137139230057437667, 0.1180612243063607347, -0.02471662744850647297 ) ) ;
#1178 = COLOUR_RGB ( '',0.000000000000000000, 0.000000000000000000, 0.000000000000000000 ) ;
#1179 = EDGE_CURVE ( 'NONE', #2079, #9064, #2570, .T. ) ;
#1180 = CARTESIAN_POINT ( 'NONE',  ( 1.136877951131481712, 0.1198097688530632005, -0.01667378688284190669 ) ) ;
#1181 =( GEOMETRIC_REPRESENTATION_CONTEXT ( 3 ) GLOBAL_UNCERTAINTY_ASSIGNED_CONTEXT ( ( #8534 ) ) GLOBAL_UNIT_ASSIGNED_CONTEXT ( ( #9033, #6596, #5667 ) ) REPRESENTATION_CONTEXT ( 'NONE', 'WORKASPACE' ) );
#1182 = ORIENTED_EDGE ( 'NONE', *, *, #9203, .F. ) ;
#1183 = CARTESIAN_POINT ( 'NONE',  ( 1.109296190747626865, 0.2403912500713530076, -0.008393929879950315365 ) ) ;
#1184 = ADVANCED_FACE ( 'NONE', ( #611 ), #5744, .T. ) ;
#1185 = UNCERTAINTY_MEASURE_WITH_UNIT (LENGTH_MEASURE( 1.000000000000000082E-05 ), #2107, 'distance_accuracy_value', 'NONE');
#1186 = FILL_AREA_STYLE_COLOUR ( '', #452 ) ;
#1187 = CARTESIAN_POINT ( 'NONE',  ( 1.126823327287620025, 0.1194709920921500634, 0.02442796445951853079 ) ) ;
#1188 = DIRECTION ( 'NONE',  ( -1.000000000000000000, 0.000000000000000000, 3.491481338843133355E-15 ) ) ;
#1189 = VERTEX_POINT ( 'NONE', #6595 ) ;
#1190 = ORIENTED_EDGE ( 'NONE', *, *, #6414, .T. ) ;
#1191 = B_SPLINE_SURFACE_WITH_KNOTS ( 'NONE', 1, 3, ( 
 ( #3545, #5538, #8328, #4066 ),
 ( #2177, #9996, #8155, #9886 ) ),
 .UNSPECIFIED., .F., .F., .F.,
 ( 2, 2 ),
 ( 4, 4 ),
 ( 0.000000000000000000, 1.000000000000000000 ),
 ( 0.000000000000000000, 1.000000000000000000 ),
 .UNSPECIFIED. ) ;
#1192 = EDGE_CURVE ( 'NONE', #5808, #5511, #10088, .T. ) ;
#1193 = CARTESIAN_POINT ( 'NONE',  ( 1.134448430324092039, 0.04826503932339882424, 0.03048076996632306107 ) ) ;
#1194 = CARTESIAN_POINT ( 'NONE',  ( 1.110986013013062879, 0.2348777290507127746, 0.006069894152875858831 ) ) ;
#1195 = ADVANCED_FACE ( 'NONE', ( #663 ), #4049, .T. ) ;
#1196 = CARTESIAN_POINT ( 'NONE',  ( 1.135048373377614883, -0.03437211374931024854, -0.01078048317209836203 ) ) ;
#1197 = FACE_OUTER_BOUND ( 'NONE', #709, .T. ) ;
#1198 = CARTESIAN_POINT ( 'NONE',  ( 1.116611445994643681, 0.1741226858349657070, 0.04780725477971200371 ) ) ;
#1199 = ORIENTED_EDGE ( 'NONE', *, *, #7607, .F. ) ;
#1200 = EDGE_CURVE ( 'NONE', #1483, #5239, #7787, .T. ) ;
#1201 = VERTEX_POINT ( 'NONE', #6865 ) ;
#1202 = CARTESIAN_POINT ( 'NONE',  ( 1.125961983963937652, 0.1249982900900838689, 0.05178649419006957355 ) ) ;
#1203 = CARTESIAN_POINT ( 'NONE',  ( 1.145032021059530836, 0.03497999013688925934, 0.03564162355583488928 ) ) ;
#1204 = CARTESIAN_POINT ( 'NONE',  ( 1.121924584193570995, 0.1482861120236397268, 0.02485103320822983769 ) ) ;
#1205 = ORIENTED_EDGE ( 'NONE', *, *, #9388, .T. ) ;
#1206 = ORIENTED_EDGE ( 'NONE', *, *, #3182, .T. ) ;
#1207 = B_SPLINE_CURVE_WITH_KNOTS ( 'NONE', 1,
 ( #4738, #2902 ),
 .UNSPECIFIED., .F., .F.,
 ( 2, 2 ),
 ( 0.000000000000000000, 1.000000000000000000 ),
 .UNSPECIFIED. ) ;
#1208 = SURFACE_STYLE_FILL_AREA ( #8992 ) ;
#1209 = CARTESIAN_POINT ( 'NONE',  ( 1.145359999636202719, -0.02675248394402371735, 0.001733638585243456581 ) ) ;
#1210 = EDGE_CURVE ( 'NONE', #10566, #11069, #926, .T. ) ;
#1211 = PRESENTATION_STYLE_ASSIGNMENT (( #3752 ) ) ;
#1212 = FACE_OUTER_BOUND ( 'NONE', #8925, .T. ) ;
#1213 = B_SPLINE_CURVE_WITH_KNOTS ( 'NONE', 1,
 ( #9432, #6658 ),
 .UNSPECIFIED., .F., .F.,
 ( 2, 2 ),
 ( 0.000000000000000000, 1.000000000000000000 ),
 .UNSPECIFIED. ) ;
#1214 = CARTESIAN_POINT ( 'NONE',  ( 1.136877951131481490, 0.1198097688530631866, -0.01141768780968361457 ) ) ;
#1215 = B_SPLINE_CURVE_WITH_KNOTS ( 'NONE', 3,
 ( #1643, #5773, #9252, #6770 ),
 .UNSPECIFIED., .F., .F.,
 ( 4, 4 ),
 ( 0.000000000000000000, 1.000000000000000000 ),
 .UNSPECIFIED. ) ;
#1216 = ORIENTED_EDGE ( 'NONE', *, *, #1153, .F. ) ;
#1217 =( NAMED_UNIT ( * ) SI_UNIT ( $, .STERADIAN. ) SOLID_ANGLE_UNIT ( ) );
#1218 = CARTESIAN_POINT ( 'NONE',  ( 1.145385133441610748, 0.02553363720911694390, 0.02334504061165312144 ) ) ;
#1219 = CARTESIAN_POINT ( 'NONE',  ( 1.127606449508173903, 0.1141185323753213104, -0.002559277845524433881 ) ) ;
#1220 = SURFACE_STYLE_USAGE ( .BOTH. , #8943 ) ;
#1221 = FACE_OUTER_BOUND ( 'NONE', #8752, .T. ) ;
#1222 = UNCERTAINTY_MEASURE_WITH_UNIT (LENGTH_MEASURE( 1.000000000000000082E-05 ), #7199, 'distance_accuracy_value', 'NONE');
#1223 = FILL_AREA_STYLE_COLOUR ( '', #5260 ) ;
#1224 = CARTESIAN_POINT ( 'NONE',  ( 0.3357876820061016510, 0.000000000000000000, 0.3561756190388909449 ) ) ;
#1225 = AXIS2_PLACEMENT_3D ( 'NONE', #11085, #5861, #691 ) ;
#1226 =( NAMED_UNIT ( * ) SI_UNIT ( $, .STERADIAN. ) SOLID_ANGLE_UNIT ( ) );
#1227 = CARTESIAN_POINT ( 'NONE',  ( 1.122922845730287777, 0.1428923861823872266, -0.01973575114034626515 ) ) ;
#1228 = CARTESIAN_POINT ( 'NONE',  ( 1.121722023769949450, 0.1493559856056164425, -0.003083250338844025808 ) ) ;
#1229 = DIRECTION ( 'NONE',  ( 0.9921104063867137723, 0.1253672267348591718, -3.463934969971288772E-15 ) ) ;
#1230 = ORIENTED_EDGE ( 'NONE', *, *, #8615, .T. ) ;
#1231 = ORIENTED_EDGE ( 'NONE', *, *, #5807, .T. ) ;
#1232 = AXIS2_PLACEMENT_3D ( 'NONE', #9328, #9208, #10157 ) ;
#1233 = CARTESIAN_POINT ( 'NONE',  ( 1.123108384198745258, 0.1418749379183158466, -0.02328743428542710131 ) ) ;
#1234 = ORIENTED_EDGE ( 'NONE', *, *, #3189, .T. ) ;
#1235 = CARTESIAN_POINT ( 'NONE',  ( 1.127251940692435728, 0.1165654866004391804, -0.01471980612661770264 ) ) ;
#1236 = VECTOR ( 'NONE', #6421, 1000.000000000000114 ) ;
#1237 = CARTESIAN_POINT ( 'NONE',  ( 1.138420335198368161, 0.1090116914207744508, -0.02581030304184235222 ) ) ;
#1238 = CARTESIAN_POINT ( 'NONE',  ( 1.136267085824681278, 0.1238253772950009685, -0.01123757226533038042 ) ) ;
#1239 = CARTESIAN_POINT ( 'NONE',  ( 1.143497682621195333, -0.06086505488671906106, -0.01035669719184065772 ) ) ;
#1240 =( NAMED_UNIT ( * ) PLANE_ANGLE_UNIT ( ) SI_UNIT ( $, .RADIAN. ) );
#1241 = EDGE_LOOP ( 'NONE', ( #9603, #1721, #1025, #6937 ) ) ;
#1242 = CARTESIAN_POINT ( 'NONE',  ( 1.128070005677725751, 0.1108766988464715830, 0.02941472162144539299 ) ) ;
#1243 = DIRECTION ( 'NONE',  ( -3.491481338843133355E-15, 0.000000000000000000, -1.000000000000000000 ) ) ;
#1244 = CARTESIAN_POINT ( 'NONE',  ( 1.122397030820489139, 0.1457591587441520453, -0.03640462608224261098 ) ) ;
#1245 = PLANE ( 'NONE',  #11145 ) ;
#1246 = ORIENTED_EDGE ( 'NONE', *, *, #4405, .F. ) ;
#1247 = VERTEX_POINT ( 'NONE', #2431 ) ;
#1248 =( NAMED_UNIT ( * ) SI_UNIT ( $, .STERADIAN. ) SOLID_ANGLE_UNIT ( ) );
#1249 = EDGE_CURVE ( 'NONE', #679, #1877, #8610, .T. ) ;
#1250 = CARTESIAN_POINT ( 'NONE',  ( 1.119571432937081168, 0.2044089816435722129, -0.02230649118532043035 ) ) ;
#1251 = SURFACE_STYLE_FILL_AREA ( #266 ) ;
#1252 =( NAMED_UNIT ( * ) SI_UNIT ( $, .STERADIAN. ) SOLID_ANGLE_UNIT ( ) );
#1253 =( NAMED_UNIT ( * ) SI_UNIT ( $, .STERADIAN. ) SOLID_ANGLE_UNIT ( ) );
#1254 = EDGE_CURVE ( 'NONE', #2996, #10235, #3431, .T. ) ;
#1255 = CARTESIAN_POINT ( 'NONE',  ( 1.134730686746926009, 0.1333958842199177985, -0.02605071129344997335 ) ) ;
#1256 = ORIENTED_EDGE ( 'NONE', *, *, #4559, .T. ) ;
#1257 = CARTESIAN_POINT ( 'NONE',  ( 1.134653603759400831, 0.04296145020979336149, -0.02146469328769077395 ) ) ;
#1258 = ORIENTED_EDGE ( 'NONE', *, *, #5019, .T. ) ;
#1259 = CARTESIAN_POINT ( 'NONE',  ( 1.112065260323596760, 0.1933730110473615149, -0.02595792449772794594 ) ) ;
#1260 = DIRECTION ( 'NONE',  ( 1.000000000000000000, 0.000000000000000000, -3.491481338843133355E-15 ) ) ;
#1261 = VERTEX_POINT ( 'NONE', #1759 ) ;
#1262 = ORIENTED_EDGE ( 'NONE', *, *, #10799, .F. ) ;
#1263 = PRESENTATION_STYLE_ASSIGNMENT (( #399 ) ) ;
#1264 = EDGE_CURVE ( 'NONE', #5025, #420, #315, .T. ) ;
#1265 = CARTESIAN_POINT ( 'NONE',  ( 1.145162866812862834, -0.03251242826874562591, 0.004314345823893765523 ) ) ;
#1266 = EDGE_CURVE ( 'NONE', #7582, #2501, #8689, .T. ) ;
#1267 = PLANE ( 'NONE',  #6031 ) ;
#1268 = B_SPLINE_CURVE_WITH_KNOTS ( 'NONE', 3,
 ( #9662, #1699, #6054, #8687 ),
 .UNSPECIFIED., .F., .F.,
 ( 4, 4 ),
 ( 0.000000000000000000, 1.000000000000000000 ),
 .UNSPECIFIED. ) ;
#1269 = ORIENTED_EDGE ( 'NONE', *, *, #1676, .F. ) ;
#1270 = SURFACE_SIDE_STYLE ('',( #237 ) ) ;
#1271 = UNCERTAINTY_MEASURE_WITH_UNIT (LENGTH_MEASURE( 1.000000000000000082E-05 ), #5300, 'distance_accuracy_value', 'NONE');
#1272 =( GEOMETRIC_REPRESENTATION_CONTEXT ( 3 ) GLOBAL_UNCERTAINTY_ASSIGNED_CONTEXT ( ( #11005 ) ) GLOBAL_UNIT_ASSIGNED_CONTEXT ( ( #5794, #4904, #1389 ) ) REPRESENTATION_CONTEXT ( 'NONE', 'WORKASPACE' ) );
#1273 = SURFACE_STYLE_USAGE ( .BOTH. , #9055 ) ;
#1274 = CIRCLE ( 'NONE', #2722, 0.8100000000000000533 ) ;
#1275 = CARTESIAN_POINT ( 'NONE',  ( 1.138602848732804818, 0.1076466816654080144, -0.004687916099377473569 ) ) ;
#1276 = EDGE_CURVE ( 'NONE', #5530, #3864, #9101, .T. ) ;
#1277 = PRESENTATION_STYLE_ASSIGNMENT (( #3987 ) ) ;
#1278 = CARTESIAN_POINT ( 'NONE',  ( 1.127982504462436530, 0.1115092511638506728, 0.05228953868671422367 ) ) ;
#1279 = STYLED_ITEM ( 'NONE', ( #1762 ), #10135 ) ;
#1280 = DIRECTION ( 'NONE',  ( 3.491481338843133355E-15, -0.000000000000000000, 1.000000000000000000 ) ) ;
#1281 = LINE ( 'NONE', #8546, #7318 ) ;
#1282 = AXIS2_PLACEMENT_3D ( 'NONE', #3564, #1074, #5340 ) ;
#1283 = SURFACE_STYLE_USAGE ( .BOTH. , #4804 ) ;
#1284 =( LENGTH_UNIT ( ) NAMED_UNIT ( * ) SI_UNIT ( .MILLI., .METRE. ) );
#1285 = COLOUR_RGB ( '',0.000000000000000000, 0.000000000000000000, 0.000000000000000000 ) ;
#1286 = FILL_AREA_STYLE_COLOUR ( '', #9501 ) ;
#1287 = ORIENTED_EDGE ( 'NONE', *, *, #4361, .F. ) ;
#1288 = ORIENTED_EDGE ( 'NONE', *, *, #5269, .T. ) ;
#1289 =( NAMED_UNIT ( * ) PLANE_ANGLE_UNIT ( ) SI_UNIT ( $, .RADIAN. ) );
#1290 = CIRCLE ( 'NONE', #10763, 0.7999999999999999334 ) ;
#1291 = VERTEX_POINT ( 'NONE', #2369 ) ;
#1292 = CIRCLE ( 'NONE', #1657, 0.5899999999999997469 ) ;
#1293 = CARTESIAN_POINT ( 'NONE',  ( 0.3357876820061005407, 0.000000000000000000, 0.05319467026563780981 ) ) ;
#1294 = ORIENTED_EDGE ( 'NONE', *, *, #11014, .T. ) ;
#1295 = STYLED_ITEM ( 'NONE', ( #6923 ), #5698 ) ;
#1296 = ADVANCED_FACE ( 'NONE', ( #3323 ), #2308, .T. ) ;
#1297 = UNCERTAINTY_MEASURE_WITH_UNIT (LENGTH_MEASURE( 1.000000000000000082E-05 ), #2611, 'distance_accuracy_value', 'NONE');
#1298 =( NAMED_UNIT ( * ) SI_UNIT ( $, .STERADIAN. ) SOLID_ANGLE_UNIT ( ) );
#1299 = PLANE ( 'NONE',  #9113 ) ;
#1300 = EDGE_CURVE ( 'NONE', #4234, #3629, #4537, .T. ) ;
#1301 = CARTESIAN_POINT ( 'NONE',  ( 1.135493757208255294, -0.02168394071116969135, -0.003069830972985104333 ) ) ;
#1302 = DIRECTION ( 'NONE',  ( -1.000000000000000000, 0.000000000000000000, 3.491481338843133355E-15 ) ) ;
#1303 = PRESENTATION_LAYER_ASSIGNMENT (  '', '', ( #5285 ) ) ;
#1304 = PRESENTATION_LAYER_ASSIGNMENT (  '', '', ( #5460 ) ) ;
#1305 = CARTESIAN_POINT ( 'NONE',  ( 1.135072945334814953, 0.1313295647470926752, -0.02560315145550321608 ) ) ;
#1306 = ORIENTED_EDGE ( 'NONE', *, *, #861, .T. ) ;
#1307 = AXIS2_PLACEMENT_3D ( 'NONE', #8988, #6369, #9982 ) ;
#1308 =( NAMED_UNIT ( * ) PLANE_ANGLE_UNIT ( ) SI_UNIT ( $, .RADIAN. ) );
#1309 = SURFACE_STYLE_FILL_AREA ( #7224 ) ;
#1310 = CARTESIAN_POINT ( 'NONE',  ( 1.137139302540401964, 0.1180607392186059090, -0.02471730561539166315 ) ) ;
#1311 = CARTESIAN_POINT ( 'NONE',  ( 1.136587252338161269, 0.1217695796088086174, 0.05351381725612660428 ) ) ;
#1312 = ORIENTED_EDGE ( 'NONE', *, *, #2909, .T. ) ;
#1313 = ORIENTED_EDGE ( 'NONE', *, *, #9035, .F. ) ;
#1314 = PRESENTATION_STYLE_ASSIGNMENT (( #2998 ) ) ;
#1315 = CIRCLE ( 'NONE', #4572, 0.8000000000000000444 ) ;
#1316 = COLOUR_RGB ( '',0.000000000000000000, 0.000000000000000000, 0.000000000000000000 ) ;
#1317 = CARTESIAN_POINT ( 'NONE',  ( 1.145474074079759097, 0.02253766826319085828, 0.05363107046182945953 ) ) ;
#1318 = AXIS2_PLACEMENT_3D ( 'NONE', #6477, #9700, #5666 ) ;
#1319 = VECTOR ( 'NONE', #6289, 1000.000000000000000 ) ;
#1320 = SURFACE_STYLE_USAGE ( .BOTH. , #4661 ) ;
#1321 = CARTESIAN_POINT ( 'NONE',  ( 1.124539041545190576, 0.1336835548047583255, -0.01590420228336715536 ) ) ;
#1322 = CARTESIAN_POINT ( 'NONE',  ( 1.128124625823983873, 0.1104709949411410291, -0.01613889565267928247 ) ) ;
#1323 = CARTESIAN_POINT ( 'NONE',  ( 1.126110171322628695, 0.1774553941791641720, 0.04479987314382182645 ) ) ;
#1324 = ORIENTED_EDGE ( 'NONE', *, *, #9489, .T. ) ;
#1325 = CIRCLE ( 'NONE', #5480, 0.4000000000000000222 ) ;
#1326 = CIRCLE ( 'NONE', #5835, 0.5999999999999997558 ) ;
#1327 = EDGE_CURVE ( 'NONE', #3850, #3526, #5745, .T. ) ;
#1328 = ORIENTED_EDGE ( 'NONE', *, *, #2950, .F. ) ;
#1329 = CARTESIAN_POINT ( 'NONE',  ( 1.124067529499903184, 0.1364435487824997573, -0.01726871398460388604 ) ) ;
#1330 = VECTOR ( 'NONE', #5971, 1000.000000000000000 ) ;
#1331 = ORIENTED_EDGE ( 'NONE', *, *, #8775, .F. ) ;
#1332 = EDGE_LOOP ( 'NONE', ( #8974, #2047, #7786, #5298 ) ) ;
#1333 = DIRECTION ( 'NONE',  ( 0.000000000000000000, -1.000000000000000000, -0.000000000000000000 ) ) ;
#1334 = PRESENTATION_STYLE_ASSIGNMENT (( #9872 ) ) ;
#1335 = VECTOR ( 'NONE', #5646, 1000.000000000000114 ) ;
#1336 = CARTESIAN_POINT ( 'NONE',  ( 1.133777233928958017, 0.05668169412028643828, -0.002187730165193835317 ) ) ;
#1337 =( NAMED_UNIT ( * ) PLANE_ANGLE_UNIT ( ) SI_UNIT ( $, .RADIAN. ) );
#1338 = EDGE_CURVE ( 'NONE', #9812, #224, #1569, .T. ) ;
#1339 = ADVANCED_FACE ( 'NONE', ( #7121 ), #10164, .T. ) ;
#1340 = DIRECTION ( 'NONE',  ( 1.000000000000000000, 0.000000000000000000, -3.614007241618349165E-15 ) ) ;
#1341 = STYLED_ITEM ( 'NONE', ( #5410 ), #3281 ) ;
#1342 = EDGE_LOOP ( 'NONE', ( #6437, #10036, #4218, #7685 ) ) ;
#1343 = EDGE_CURVE ( 'NONE', #9068, #7400, #8707, .T. ) ;
#1344 = CARTESIAN_POINT ( 'NONE',  ( 1.109676184183799652, 0.2391580778421615872, 0.006069894152875858831 ) ) ;
#1345 = CARTESIAN_POINT ( 'NONE',  ( 1.125961983963937652, 0.1249982900900845767, 0.02815860957199755807 ) ) ;
#1346 = STYLED_ITEM ( 'NONE', ( #167 ), #9787 ) ;
#1347 = FACE_BOUND ( 'NONE', #9805, .T. ) ;
#1348 = DIRECTION ( 'NONE',  ( 1.000000000000000000, 0.000000000000000000, -3.492703757814028417E-15 ) ) ;
#1349 = STYLED_ITEM ( 'NONE', ( #2097 ), #3729 ) ;
#1350 = B_SPLINE_CURVE_WITH_KNOTS ( 'NONE', 1,
 ( #5945, #6999 ),
 .UNSPECIFIED., .F., .F.,
 ( 2, 2 ),
 ( 0.000000000000000000, 1.000000000000000000 ),
 .UNSPECIFIED. ) ;
#1351 = DIRECTION ( 'NONE',  ( 1.000000000000000000, 0.000000000000000000, -3.523657060577889805E-15 ) ) ;
#1352 = CARTESIAN_POINT ( 'NONE',  ( 1.132762035276840384, 0.1446785410096670388, -0.01973575114034626515 ) ) ;
#1353 = CARTESIAN_POINT ( 'NONE',  ( 1.113061705827880665, 0.1893716616583508983, 0.04620291230638626928 ) ) ;
#1354 = CARTESIAN_POINT ( 'NONE',  ( 1.136877951131481712, 0.1198097688530632005, -0.01667378688284190669 ) ) ;
#1355 = ORIENTED_EDGE ( 'NONE', *, *, #5194, .F. ) ;
#1356 = EDGE_LOOP ( 'NONE', ( #2901, #5906, #3709, #9134 ) ) ;
#1357 =( NAMED_UNIT ( * ) SI_UNIT ( $, .STERADIAN. ) SOLID_ANGLE_UNIT ( ) );
#1358 = FILL_AREA_STYLE_COLOUR ( '', #1499 ) ;
#1359 = CARTESIAN_POINT ( 'NONE',  ( 1.121350092438191615, 0.1513131459110511889, -0.008814199483975965199 ) ) ;
#1360 = EDGE_CURVE ( 'NONE', #1805, #1719, #910, .T. ) ;
#1361 = CARTESIAN_POINT ( 'NONE',  ( 1.135787676137550717, -0.007228865494001590619, 0.004482715374363481151 ) ) ;
#1362 = CARTESIAN_POINT ( 'NONE',  ( 1.138248277003929720, 0.1102587569117755850, 0.05013270600813106437 ) ) ;
#1363 = VECTOR ( 'NONE', #5644, 1000.000000000000227 ) ;
#1364 = ORIENTED_EDGE ( 'NONE', *, *, #5692, .T. ) ;
#1365 = B_SPLINE_CURVE_WITH_KNOTS ( 'NONE', 3,
 ( #9070, #1235, #2129, #6520 ),
 .UNSPECIFIED., .F., .F.,
 ( 4, 4 ),
 ( 0.000000000000000000, 1.000000000000000000 ),
 .UNSPECIFIED. ) ;
#1366 = CARTESIAN_POINT ( 'NONE',  ( 1.134698893179403756, 0.04174175342358551338, -0.004601435077125766784 ) ) ;
#1367 = VERTEX_POINT ( 'NONE', #9736 ) ;
#1368 = ORIENTED_EDGE ( 'NONE', *, *, #10474, .T. ) ;
#1369 =( GEOMETRIC_REPRESENTATION_CONTEXT ( 3 ) GLOBAL_UNCERTAINTY_ASSIGNED_CONTEXT ( ( #9743 ) ) GLOBAL_UNIT_ASSIGNED_CONTEXT ( ( #10550, #10445, #7852 ) ) REPRESENTATION_CONTEXT ( 'NONE', 'WORKASPACE' ) );
#1370 = SURFACE_STYLE_USAGE ( .BOTH. , #4143 ) ;
#1371 = VECTOR ( 'NONE', #2826, 1000.000000000000114 ) ;
#1372 =( NAMED_UNIT ( * ) PLANE_ANGLE_UNIT ( ) SI_UNIT ( $, .RADIAN. ) );
#1373 = SURFACE_STYLE_USAGE ( .BOTH. , #1426 ) ;
#1374 = ORIENTED_EDGE ( 'NONE', *, *, #6032, .F. ) ;
#1375 = ADVANCED_FACE ( 'NONE', ( #4550 ), #8408, .T. ) ;
#1376 = B_SPLINE_CURVE_WITH_KNOTS ( 'NONE', 1,
 ( #11235, #857 ),
 .UNSPECIFIED., .F., .F.,
 ( 2, 2 ),
 ( 0.000000000000000000, 1.000000000000000000 ),
 .UNSPECIFIED. ) ;
#1377 = VERTEX_POINT ( 'NONE', #5516 ) ;
#1378 = LINE ( 'NONE', #501, #10313 ) ;
#1379 = PRESENTATION_STYLE_ASSIGNMENT (( #3061 ) ) ;
#1380 = ORIENTED_EDGE ( 'NONE', *, *, #11158, .T. ) ;
#1381 = VERTEX_POINT ( 'NONE', #7414 ) ;
#1382 = DIRECTION ( 'NONE',  ( -3.491481338843133355E-15, 0.000000000000000000, -1.000000000000000000 ) ) ;
#1383 = AXIS2_PLACEMENT_3D ( 'NONE', #1716, #8649, #1771 ) ;
#1384 =( NAMED_UNIT ( * ) SI_UNIT ( $, .STERADIAN. ) SOLID_ANGLE_UNIT ( ) );
#1385 = UNCERTAINTY_MEASURE_WITH_UNIT (LENGTH_MEASURE( 1.000000000000000082E-05 ), #243, 'distance_accuracy_value', 'NONE');
#1386 = CARTESIAN_POINT ( 'NONE',  ( 1.134101489487371550, 0.1370950939485292563, 0.04294445836608781764 ) ) ;
#1387 = EDGE_LOOP ( 'NONE', ( #7534, #4694, #1949, #7785 ) ) ;
#1388 = SURFACE_STYLE_USAGE ( .BOTH. , #3934 ) ;
#1389 =( NAMED_UNIT ( * ) SI_UNIT ( $, .STERADIAN. ) SOLID_ANGLE_UNIT ( ) );
#1390 = EDGE_CURVE ( 'NONE', #5284, #5518, #8091, .T. ) ;
#1391 = DIRECTION ( 'NONE',  ( 3.491481338843133355E-15, -0.000000000000000000, 1.000000000000000000 ) ) ;
#1392 = B_SPLINE_CURVE_WITH_KNOTS ( 'NONE', 3,
 ( #4905, #8442, #690, #9345 ),
 .UNSPECIFIED., .F., .F.,
 ( 4, 4 ),
 ( 0.000000000000000000, 1.000000000000000000 ),
 .UNSPECIFIED. ) ;
#1393 = EDGE_CURVE ( 'NONE', #10587, #9989, #6171, .T. ) ;
#1394 = CARTESIAN_POINT ( 'NONE',  ( 1.134837591180994254, -0.03897746332939385633, 0.02994877370923433937 ) ) ;
#1395 = EDGE_CURVE ( 'NONE', #5624, #6425, #9007, .T. ) ;
#1396 = CARTESIAN_POINT ( 'NONE',  ( 1.145032021059530836, 0.03497999013688925241, 0.03564162355583488928 ) ) ;
#1397 = ORIENTED_EDGE ( 'NONE', *, *, #3801, .F. ) ;
#1398 = ADVANCED_FACE ( 'NONE', ( #5618 ), #11071, .T. ) ;
#1399 = CARTESIAN_POINT ( 'NONE',  ( 1.128272681931495436, 0.1094126047490366904, -0.02641068840324005060 ) ) ;
#1400 = STYLED_ITEM ( 'NONE', ( #1566 ), #545 ) ;
#1401 = ORIENTED_EDGE ( 'NONE', *, *, #3386, .F. ) ;
#1402 = CARTESIAN_POINT ( 'NONE',  ( 1.131169622568592770, 0.1532045602349395852, -0.008814199483976700722 ) ) ;
#1403 = FILL_AREA_STYLE ('',( #8336 ) ) ;
#1404 = AXIS2_PLACEMENT_3D ( 'NONE', #10301, #10354, #3178 ) ;
#1405 = EDGE_CURVE ( 'NONE', #10727, #9627, #6580, .T. ) ;
#1406 = CARTESIAN_POINT ( 'NONE',  ( 1.129353278141275618, 0.1012602816045079374, 0.04025909933812350794 ) ) ;
#1407 = EDGE_CURVE ( 'NONE', #417, #1189, #1713, .T. ) ;
#1408 = CARTESIAN_POINT ( 'NONE',  ( 1.103305231451498836, 0.2256498708193902525, -0.02303786945720371834 ) ) ;
#1409 = CARTESIAN_POINT ( 'NONE',  ( 1.134307221508455088, 0.04864714825092519845, -0.01582184902780103819 ) ) ;
#1410 = SURFACE_STYLE_FILL_AREA ( #9366 ) ;
#1411 = ORIENTED_EDGE ( 'NONE', *, *, #8428, .T. ) ;
#1412 = CARTESIAN_POINT ( 'NONE',  ( 1.136979130155928885, 0.1191359972793274713, -0.01990106796831908262 ) ) ;
#1413 = UNCERTAINTY_MEASURE_WITH_UNIT (LENGTH_MEASURE( 1.000000000000000082E-05 ), #1926, 'distance_accuracy_value', 'NONE');
#1414 = FILL_AREA_STYLE ('',( #9959 ) ) ;
#1415 = DIRECTION ( 'NONE',  ( -3.491481338843133355E-15, 0.000000000000000000, -1.000000000000000000 ) ) ;
#1416 = DIRECTION ( 'NONE',  ( -1.000000000000000000, 0.000000000000000000, 3.491481338843133355E-15 ) ) ;
#1417 = STYLED_ITEM ( 'NONE', ( #8676 ), #1806 ) ;
#1418 = EDGE_LOOP ( 'NONE', ( #3095, #7354, #4366, #2000 ) ) ;
#1419 = ORIENTED_EDGE ( 'NONE', *, *, #2964, .T. ) ;
#1420 = CARTESIAN_POINT ( 'NONE',  ( 1.144293765104670735, -0.05043465464850048485, -0.04021933120317510574 ) ) ;
#1421 = EDGE_CURVE ( 'NONE', #2558, #1580, #9713, .T. ) ;
#1422 = MECHANICAL_DESIGN_GEOMETRIC_PRESENTATION_REPRESENTATION (  '', ( #1349 ), #9783 ) ;
#1423 = FACE_OUTER_BOUND ( 'NONE', #7662, .T. ) ;
#1424 = CARTESIAN_POINT ( 'NONE',  ( 1.129567026625342141, 0.09957083938507038656, 0.006069894152875370506 ) ) ;
#1425 = FILL_AREA_STYLE ('',( #8473 ) ) ;
#1426 = SURFACE_SIDE_STYLE ('',( #6823 ) ) ;
#1427 = ORIENTED_EDGE ( 'NONE', *, *, #2499, .T. ) ;
#1428 = CARTESIAN_POINT ( 'NONE',  ( 1.144344291489392207, -0.04836665988568589897, 0.04672373024447066397 ) ) ;
#1429 = EDGE_LOOP ( 'NONE', ( #10370, #4551, #8365 ) ) ;
#1430 = SURFACE_STYLE_USAGE ( .BOTH. , #2327 ) ;
#1431 =( NAMED_UNIT ( * ) SI_UNIT ( $, .STERADIAN. ) SOLID_ANGLE_UNIT ( ) );
#1432 = PLANE ( 'NONE',  #5653 ) ;
#1433 = UNCERTAINTY_MEASURE_WITH_UNIT (LENGTH_MEASURE( 1.000000000000000082E-05 ), #2508, 'distance_accuracy_value', 'NONE');
#1434 = ORIENTED_EDGE ( 'NONE', *, *, #9824, .F. ) ;
#1435 = ORIENTED_EDGE ( 'NONE', *, *, #3312, .F. ) ;
#1436 = CARTESIAN_POINT ( 'NONE',  ( 1.138666602349700963, 0.1071701416808568952, 0.05270344605310691571 ) ) ;
#1437 = SURFACE_SIDE_STYLE ('',( #10738 ) ) ;
#1438 = EDGE_CURVE ( 'NONE', #79, #2824, #1017, .T. ) ;
#1439 =( LENGTH_UNIT ( ) NAMED_UNIT ( * ) SI_UNIT ( .MILLI., .METRE. ) );
#1440 = ORIENTED_EDGE ( 'NONE', *, *, #6102, .F. ) ;
#1441 = CARTESIAN_POINT ( 'NONE',  ( 1.129518019250175698, 0.09996075098960890970, 0.02850246652063648592 ) ) ;
#1442 = DIRECTION ( 'NONE',  ( -0.1844625350457400059, 0.9828395459913582544, 6.440474988278987718E-16 ) ) ;
#1443 =( NAMED_UNIT ( * ) SI_UNIT ( $, .STERADIAN. ) SOLID_ANGLE_UNIT ( ) );
#1444 = CARTESIAN_POINT ( 'NONE',  ( 1.135738983417690751, 0.008826968330258200268, 0.01287018508051515284 ) ) ;
#1445 = CARTESIAN_POINT ( 'NONE',  ( 1.128691550378154052, 0.1063177102868227281, -0.004687916099377418926 ) ) ;
#1446 = DIRECTION ( 'NONE',  ( -0.9690848089839280144, -0.2467278520892675631, 3.383541526323747129E-15 ) ) ;
#1447 =( NAMED_UNIT ( * ) PLANE_ANGLE_UNIT ( ) SI_UNIT ( $, .RADIAN. ) );
#1448 =( LENGTH_UNIT ( ) NAMED_UNIT ( * ) SI_UNIT ( .MILLI., .METRE. ) );
#1449 = CARTESIAN_POINT ( 'NONE',  ( 1.130284615583124541, 0.1188236802205276943, -0.01667378688284186158 ) ) ;
#1450 = ORIENTED_EDGE ( 'NONE', *, *, #2471, .T. ) ;
#1451 = CARTESIAN_POINT ( 'NONE',  ( 1.145473986964933744, 0.02254079772571031953, 0.05362807743469277799 ) ) ;
#1452 =( GEOMETRIC_REPRESENTATION_CONTEXT ( 3 ) GLOBAL_UNCERTAINTY_ASSIGNED_CONTEXT ( ( #3073 ) ) GLOBAL_UNIT_ASSIGNED_CONTEXT ( ( #7195, #6326, #4415 ) ) REPRESENTATION_CONTEXT ( 'NONE', 'WORKASPACE' ) );
#1453 = ADVANCED_FACE ( 'NONE', ( #5898 ), #5775, .F. ) ;
#1454 = EDGE_LOOP ( 'NONE', ( #8503, #9496, #6201, #1767 ) ) ;
#1455 = CARTESIAN_POINT ( 'NONE',  ( 1.109847549450357462, 0.2020676164361316085, 0.002385712559677371624 ) ) ;
#1456 = PRESENTATION_LAYER_ASSIGNMENT (  '', '', ( #8355 ) ) ;
#1457 = FILL_AREA_STYLE ('',( #364 ) ) ;
#1458 = CARTESIAN_POINT ( 'NONE',  ( 1.134144113130430176, -0.05125435476545827512, 0.04702734930824172682 ) ) ;
#1459 =( LENGTH_UNIT ( ) NAMED_UNIT ( * ) SI_UNIT ( .MILLI., .METRE. ) );
#1460 = VERTEX_POINT ( 'NONE', #4954 ) ;
#1461 = PRESENTATION_LAYER_ASSIGNMENT (  '', '', ( #4725 ) ) ;
#1462 = VECTOR ( 'NONE', #5559, 1000.000000000000000 ) ;
#1463 = ADVANCED_FACE ( 'NONE', ( #7687 ), #9312, .T. ) ;
#1464 = CIRCLE ( 'NONE', #4726, 0.01000000000000002623 ) ;
#1465 = B_SPLINE_CURVE_WITH_KNOTS ( 'NONE', 3,
 ( #2339, #7597, #8535, #5791 ),
 .UNSPECIFIED., .F., .F.,
 ( 4, 4 ),
 ( 0.000000000000000000, 1.000000000000000000 ),
 .UNSPECIFIED. ) ;
#1466 = SURFACE_STYLE_USAGE ( .BOTH. , #4020 ) ;
#1467 = EDGE_LOOP ( 'NONE', ( #2332, #1450, #3512, #629 ) ) ;
#1468 = EDGE_LOOP ( 'NONE', ( #10031, #8732, #2829, #9449 ) ) ;
#1469 = CARTESIAN_POINT ( 'NONE',  ( 1.132959688476587568, 0.1435854870793692173, 0.3561756190388881693 ) ) ;
#1470 = CARTESIAN_POINT ( 'NONE',  ( 1.134312228353427487, -0.04981159567378229402, -0.04021936368984319055 ) ) ;
#1471 = LINE ( 'NONE', #8352, #10410 ) ;
#1472 = AXIS2_PLACEMENT_3D ( 'NONE', #1995, #9589, #7071 ) ;
#1473 = COLOUR_RGB ( '',0.000000000000000000, 0.000000000000000000, 0.000000000000000000 ) ;
#1474 = CARTESIAN_POINT ( 'NONE',  ( 1.145032021059530836, 0.03497999013688925934, 0.03564162355583488928 ) ) ;
#1475 = VECTOR ( 'NONE', #6646, 1000.000000000000000 ) ;
#1476 = CARTESIAN_POINT ( 'NONE',  ( 1.116611446254272000, 0.1741226846560646191, 0.04780725613700491372 ) ) ;
#1477 = CARTESIAN_POINT ( 'NONE',  ( 1.138052845366989585, 0.1116766564677864615, -0.02251935501083299207 ) ) ;
#1478 =( GEOMETRIC_REPRESENTATION_CONTEXT ( 3 ) GLOBAL_UNCERTAINTY_ASSIGNED_CONTEXT ( ( #1584 ) ) GLOBAL_UNIT_ASSIGNED_CONTEXT ( ( #8712, #7760, #808 ) ) REPRESENTATION_CONTEXT ( 'NONE', 'WORKASPACE' ) );
#1479 = DIRECTION ( 'NONE',  ( -1.000000000000000000, 0.000000000000000000, 3.491481338843133355E-15 ) ) ;
#1480 = SURFACE_STYLE_USAGE ( .BOTH. , #671 ) ;
#1481 = ORIENTED_EDGE ( 'NONE', *, *, #8291, .F. ) ;
#1482 = CARTESIAN_POINT ( 'NONE',  ( 1.114936533650183303, 0.1814581686827769491, 0.02485103320822988973 ) ) ;
#1483 = VERTEX_POINT ( 'NONE', #10156 ) ;
#1484 =( GEOMETRIC_REPRESENTATION_CONTEXT ( 3 ) GLOBAL_UNCERTAINTY_ASSIGNED_CONTEXT ( ( #5996 ) ) GLOBAL_UNIT_ASSIGNED_CONTEXT ( ( #3247, #8459, #6523 ) ) REPRESENTATION_CONTEXT ( 'NONE', 'WORKASPACE' ) );
#1485 = AXIS2_PLACEMENT_3D ( 'NONE', #5141, #8606, #6092 ) ;
#1486 = CARTESIAN_POINT ( 'NONE',  ( 0.3357876820061003742, 0.000000000000000000, -0.007864499339867636260 ) ) ;
#1487 =( NAMED_UNIT ( * ) SI_UNIT ( $, .STERADIAN. ) SOLID_ANGLE_UNIT ( ) );
#1488 =( GEOMETRIC_REPRESENTATION_CONTEXT ( 3 ) GLOBAL_UNCERTAINTY_ASSIGNED_CONTEXT ( ( #9952 ) ) GLOBAL_UNIT_ASSIGNED_CONTEXT ( ( #9914, #4878, #2093 ) ) REPRESENTATION_CONTEXT ( 'NONE', 'WORKASPACE' ) );
#1489 = COLOUR_RGB ( '',0.000000000000000000, 0.000000000000000000, 0.000000000000000000 ) ;
#1490 = SURFACE_STYLE_FILL_AREA ( #677 ) ;
#1491 = ORIENTED_EDGE ( 'NONE', *, *, #6879, .F. ) ;
#1492 = ORIENTED_EDGE ( 'NONE', *, *, #554, .T. ) ;
#1493 = AXIS2_PLACEMENT_3D ( 'NONE', #8651, #3608, #1188 ) ;
#1494 = CARTESIAN_POINT ( 'NONE',  ( 1.135839162738410568, 0.1265607687162099426, 0.05610926725935862225 ) ) ;
#1495 = SURFACE_SIDE_STYLE ('',( #11073 ) ) ;
#1496 = CIRCLE ( 'NONE', #5476, 0.01000000000000002623 ) ;
#1497 = B_SPLINE_CURVE_WITH_KNOTS ( 'NONE', 3,
 ( #3930, #402, #3874, #8434 ),
 .UNSPECIFIED., .F., .F.,
 ( 4, 4 ),
 ( 0.000000000000000000, 1.000000000000000000 ),
 .UNSPECIFIED. ) ;
#1498 = AXIS2_PLACEMENT_3D ( 'NONE', #10306, #6034, #5965 ) ;
#1499 = COLOUR_RGB ( '',0.000000000000000000, 0.000000000000000000, 0.000000000000000000 ) ;
#1500 = COLOUR_RGB ( '',0.000000000000000000, 0.000000000000000000, 0.000000000000000000 ) ;
#1501 = CARTESIAN_POINT ( 'NONE',  ( 1.128757827729781393, 0.1652221171361888397, 0.05687885185883353317 ) ) ;
#1502 = PRODUCT_DEFINITION_SHAPE ( 'NONE', 'NONE',  #9039 ) ;
#1503 = COLOUR_RGB ( '',0.000000000000000000, 0.000000000000000000, 0.000000000000000000 ) ;
#1504 = CARTESIAN_POINT ( 'NONE',  ( 1.124793792636418210, 0.1678703919669279621, -0.003083250338844015833 ) ) ;
#1505 = ORIENTED_EDGE ( 'NONE', *, *, #1685, .F. ) ;
#1506 = CARTESIAN_POINT ( 'NONE',  ( 1.131451384935949989, 0.08318216058723285067, 0.006069894152875370506 ) ) ;
#1507 = PRESENTATION_STYLE_ASSIGNMENT (( #1388 ) ) ;
#1508 = MECHANICAL_DESIGN_GEOMETRIC_PRESENTATION_REPRESENTATION (  '', ( #6399 ), #2038 ) ;
#1509 = FILL_AREA_STYLE_COLOUR ( '', #10231 ) ;
#1510 = CARTESIAN_POINT ( 'NONE',  ( 1.109357977896745728, 0.2039367131637879194, 0.02777108824882795063 ) ) ;
#1511 = FACE_OUTER_BOUND ( 'NONE', #7363, .T. ) ;
#1512 =( LENGTH_UNIT ( ) NAMED_UNIT ( * ) SI_UNIT ( .MILLI., .METRE. ) );
#1513 = B_SPLINE_SURFACE_WITH_KNOTS ( 'NONE', 1, 3, ( 
 ( #1436, #7804, #40, #2782 ),
 ( #6080, #7005, #9689, #4277 ) ),
 .UNSPECIFIED., .F., .F., .F.,
 ( 2, 2 ),
 ( 4, 4 ),
 ( 0.000000000000000000, 1.000000000000000000 ),
 ( 0.000000000000000000, 1.000000000000000000 ),
 .UNSPECIFIED. ) ;
#1514 = CARTESIAN_POINT ( 'NONE',  ( 0.3357876820061005962, 0.000000000000000000, 0.05687885185883630179 ) ) ;
#1515 = SURFACE_STYLE_USAGE ( .BOTH. , #2293 ) ;
#1516 = STYLED_ITEM ( 'NONE', ( #9396 ), #9974 ) ;
#1517 = VERTEX_POINT ( 'NONE', #2441 ) ;
#1518 = CARTESIAN_POINT ( 'NONE',  ( 1.105351097265167226, 0.2185684101026524051, -0.009534661662203604282 ) ) ;
#1519 = ORIENTED_EDGE ( 'NONE', *, *, #10261, .F. ) ;
#1520 = PRESENTATION_STYLE_ASSIGNMENT (( #652 ) ) ;
#1521 = CARTESIAN_POINT ( 'NONE',  ( 1.145473986964933744, 0.02254079772571031953, 0.05362807743469277799 ) ) ;
#1522 = CARTESIAN_POINT ( 'NONE',  ( 1.131010868397307467, 0.08729309151253315802, -0.007864499339870401409 ) ) ;
#1523 = CARTESIAN_POINT ( 'NONE',  ( 1.127131756561537745, 0.1728425748072518475, 0.3561756190388881693 ) ) ;
#1524 = FILL_AREA_STYLE ('',( #2358 ) ) ;
#1525 = LINE ( 'NONE', #2198, #7381 ) ;
#1526 = ORIENTED_EDGE ( 'NONE', *, *, #57, .F. ) ;
#1527 = PRESENTATION_LAYER_ASSIGNMENT (  '', '', ( #7162 ) ) ;
#1528 = UNCERTAINTY_MEASURE_WITH_UNIT (LENGTH_MEASURE( 1.000000000000000082E-05 ), #6384, 'distance_accuracy_value', 'NONE');
#1529 =( LENGTH_UNIT ( ) NAMED_UNIT ( * ) SI_UNIT ( .MILLI., .METRE. ) );
#1530 = CARTESIAN_POINT ( 'NONE',  ( 1.107895777734488441, 0.2094017395120739145, 0.02485103320822999728 ) ) ;
#1531 = ORIENTED_EDGE ( 'NONE', *, *, #2295, .T. ) ;
#1532 = EDGE_LOOP ( 'NONE', ( #8660, #3162, #5894, #6548, #4597, #1230, #9266, #2862, #10462, #7264, #10078, #7391, #6140, #2960 ) ) ;
#1533 = FACE_OUTER_BOUND ( 'NONE', #5160, .T. ) ;
#1534 = DIRECTION ( 'NONE',  ( 3.491481338843133355E-15, -0.000000000000000000, 1.000000000000000000 ) ) ;
#1535 = ADVANCED_FACE ( 'NONE', ( #726 ), #7283, .T. ) ;
#1536 = CARTESIAN_POINT ( 'NONE',  ( 1.112856172145161082, 0.1901698231397422889, 0.03722988336162978001 ) ) ;
#1537 = CARTESIAN_POINT ( 'NONE',  ( 1.144825714831421148, -0.03946468601338972565, -0.009673564070785876240 ) ) ;
#1538 = CIRCLE ( 'NONE', #249, 0.8100000000000000533 ) ;
#1539 = CARTESIAN_POINT ( 'NONE',  ( 0.3357876820061004852, 0.000000000000000000, 0.03361119833001735557 ) ) ;
#1540 = PRESENTATION_STYLE_ASSIGNMENT (( #3049 ) ) ;
#1541 = CARTESIAN_POINT ( 'NONE',  ( 1.128349604334520473, 0.1088380684273253102, -0.01757436460570046752 ) ) ;
#1542 = UNCERTAINTY_MEASURE_WITH_UNIT (LENGTH_MEASURE( 1.000000000000000082E-05 ), #3910, 'distance_accuracy_value', 'NONE');
#1543 = CARTESIAN_POINT ( 'NONE',  ( 1.137661881051640567, 0.1144454844241282465, -0.01520011424547613316 ) ) ;
#1544 = ORIENTED_EDGE ( 'NONE', *, *, #8210, .T. ) ;
#1545 = EDGE_CURVE ( 'NONE', #9627, #4226, #10683, .T. ) ;
#1546 = FILL_AREA_STYLE ('',( #622 ) ) ;
#1547 = CARTESIAN_POINT ( 'NONE',  ( 1.114014216965687032, 0.1854184312093636322, 0.03552697276067737220 ) ) ;
#1548 = VERTEX_POINT ( 'NONE', #4440 ) ;
#1549 = CARTESIAN_POINT ( 'NONE',  ( 1.112435151325582572, 0.1918901907942177076, 0.04241502782618793155 ) ) ;
#1550 = EDGE_CURVE ( 'NONE', #9659, #877, #8344, .T. ) ;
#1551 =( LENGTH_UNIT ( ) NAMED_UNIT ( * ) SI_UNIT ( .MILLI., .METRE. ) );
#1552 = ORIENTED_EDGE ( 'NONE', *, *, #8099, .T. ) ;
#1553 = ORIENTED_EDGE ( 'NONE', *, *, #687, .T. ) ;
#1554 = EDGE_CURVE ( 'NONE', #10947, #10566, #6873, .T. ) ;
#1555 = CARTESIAN_POINT ( 'NONE',  ( 1.137191934007828475, 0.1176912268334008860, 0.02431087365259123126 ) ) ;
#1556 = CARTESIAN_POINT ( 'NONE',  ( 1.111931510082857955, 0.2317342403236017090, -0.01357907434454592652 ) ) ;
#1557 = CARTESIAN_POINT ( 'NONE',  ( 1.126166316133824008, 0.1772050075883699338, 0.05263794949152367231 ) ) ;
#1558 = EDGE_CURVE ( 'NONE', #2997, #4363, #3982, .T. ) ;
#1559 = ORIENTED_EDGE ( 'NONE', *, *, #339, .F. ) ;
#1560 = DIRECTION ( 'NONE',  ( 1.000000000000000000, 0.000000000000000000, -3.523657060577889411E-15 ) ) ;
#1561 = PRESENTATION_STYLE_ASSIGNMENT (( #3072 ) ) ;
#1562 = AXIS2_PLACEMENT_3D ( 'NONE', #8256, #6546, #10033 ) ;
#1563 = CARTESIAN_POINT ( 'NONE',  ( 1.120371362605884880, 0.2013251458285904849, 0.04241502782622604689 ) ) ;
#1564 = DIRECTION ( 'NONE',  ( -1.000000000000000000, 0.000000000000000000, 3.491481338843132961E-15 ) ) ;
#1565 = EDGE_CURVE ( 'NONE', #1609, #7234, #2130, .T. ) ;
#1566 = PRESENTATION_STYLE_ASSIGNMENT (( #9346 ) ) ;
#1567 = CARTESIAN_POINT ( 'NONE',  ( 1.125961983963937652, 0.1249982900900845767, 0.03013988056217909925 ) ) ;
#1568 = PRESENTATION_STYLE_ASSIGNMENT (( #6029 ) ) ;
#1569 = B_SPLINE_CURVE_WITH_KNOTS ( 'NONE', 1,
 ( #7922, #10511 ),
 .UNSPECIFIED., .F., .F.,
 ( 2, 2 ),
 ( 0.000000000000000000, 1.000000000000000000 ),
 .UNSPECIFIED. ) ;
#1570 = LINE ( 'NONE', #2786, #4988 ) ;
#1571 = CARTESIAN_POINT ( 'NONE',  ( 1.122239907659134506, 0.1466070954961332662, -0.03651378701836058976 ) ) ;
#1572 = ORIENTED_EDGE ( 'NONE', *, *, #8341, .T. ) ;
#1573 = CARTESIAN_POINT ( 'NONE',  ( 1.135218496017687873, 0.1304238230108699936, -0.01287498630665485054 ) ) ;
#1574 = VERTEX_POINT ( 'NONE', #7961 ) ;
#1575 = FILL_AREA_STYLE ('',( #2352 ) ) ;
#1576 = CARTESIAN_POINT ( 'NONE',  ( 1.123161560344022369, 0.1415710977251334046, -0.01595332470455390964 ) ) ;
#1577 = B_SPLINE_CURVE_WITH_KNOTS ( 'NONE', 1,
 ( #1445, #5862 ),
 .UNSPECIFIED., .F., .F.,
 ( 2, 2 ),
 ( 0.000000000000000000, 1.000000000000000000 ),
 .UNSPECIFIED. ) ;
#1578 = FILL_AREA_STYLE ('',( #6915 ) ) ;
#1579 =( NAMED_UNIT ( * ) PLANE_ANGLE_UNIT ( ) SI_UNIT ( $, .RADIAN. ) );
#1580 = VERTEX_POINT ( 'NONE', #9566 ) ;
#1581 = CARTESIAN_POINT ( 'NONE',  ( 1.124935003225782548, 0.1313259510218749426, 0.02485103320822956707 ) ) ;
#1582 =( NAMED_UNIT ( * ) SI_UNIT ( $, .STERADIAN. ) SOLID_ANGLE_UNIT ( ) );
#1583 = VERTEX_POINT ( 'NONE', #5174 ) ;
#1585 = ORIENTED_EDGE ( 'NONE', *, *, #9882, .F. ) ;
#1584 = UNCERTAINTY_MEASURE_WITH_UNIT (LENGTH_MEASURE( 1.000000000000000082E-05 ), #8712, 'distance_accuracy_value', 'NONE');
#1586 = B_SPLINE_CURVE_WITH_KNOTS ( 'NONE', 1,
 ( #5919, #2288 ),
 .UNSPECIFIED., .F., .F.,
 ( 2, 2 ),
 ( 0.000000000000000000, 1.000000000000000000 ),
 .UNSPECIFIED. ) ;
#1587 = SURFACE_STYLE_USAGE ( .BOTH. , #10272 ) ;
#1588 = PRESENTATION_STYLE_ASSIGNMENT (( #8636 ) ) ;
#1589 = CARTESIAN_POINT ( 'NONE',  ( 1.139397111179338618, 0.1015474536552359586, -0.02230649118532086403 ) ) ;
#1590 = CARTESIAN_POINT ( 'NONE',  ( 1.131010868397307467, 0.08729309151253333843, -0.01153230679267326642 ) ) ;
#1591 = CARTESIAN_POINT ( 'NONE',  ( 1.134398433539429263, 0.1353545992398177966, -0.01590420228336715536 ) ) ;
#1592 = CARTESIAN_POINT ( 'NONE',  ( 1.128792378800347551, 0.1055630184404761779, 0.04050471144449686867 ) ) ;
#1593 = CARTESIAN_POINT ( 'NONE',  ( 0.3357876820061016510, 0.000000000000000000, 0.3561756190388909449 ) ) ;
#1594 =( NAMED_UNIT ( * ) PLANE_ANGLE_UNIT ( ) SI_UNIT ( $, .RADIAN. ) );
#1595 = CARTESIAN_POINT ( 'NONE',  ( 1.126059176315520327, 0.1776822030535326891, 0.04115967706098326573 ) ) ;
#1596 = CARTESIAN_POINT ( 'NONE',  ( 1.135627812543076098, -0.01599267277829009848, -0.01604956006815403888 ) ) ;
#1597 = CARTESIAN_POINT ( 'NONE',  ( 1.117083350185325674, 0.2137219663122577329, -0.01896685498166574002 ) ) ;
#1598 = EDGE_CURVE ( 'NONE', #1291, #45, #8878, .T. ) ;
#1599 = ORIENTED_EDGE ( 'NONE', *, *, #9625, .T. ) ;
#1600 = B_SPLINE_CURVE_WITH_KNOTS ( 'NONE', 3,
 ( #4684, #2852, #2800, #9880 ),
 .UNSPECIFIED., .F., .F.,
 ( 4, 4 ),
 ( 0.000000000000000000, 1.000000000000000000 ),
 .UNSPECIFIED. ) ;
#1601 = EDGE_LOOP ( 'NONE', ( #7538, #10455, #5647, #9440 ) ) ;
#1602 = VECTOR ( 'NONE', #2810, 1000.000000000000000 ) ;
#1603 = FILL_AREA_STYLE ('',( #7918 ) ) ;
#1604 = SURFACE_STYLE_USAGE ( .BOTH. , #1495 ) ;
#1605 = VECTOR ( 'NONE', #6296, 1000.000000000000000 ) ;
#1606 = CARTESIAN_POINT ( 'NONE',  ( 1.128792378800347551, 0.1055630184404761779, 0.04050471144449686867 ) ) ;
#1607 = CARTESIAN_POINT ( 'NONE',  ( 0.3357876820061003742, 0.000000000000000000, -0.003083250338841261092 ) ) ;
#1608 = STYLED_ITEM ( 'NONE', ( #7331 ), #4285 ) ;
#1609 = VERTEX_POINT ( 'NONE', #8698 ) ;
#1610 = CARTESIAN_POINT ( 'NONE',  ( 1.103305231451498836, 0.2256498708193902525, -0.02303786945720371834 ) ) ;
#1611 = CARTESIAN_POINT ( 'NONE',  ( 1.135390103176974863, 0.02521840712011549912, 0.02334504061165317348 ) ) ;
#1612 = CARTESIAN_POINT ( 'NONE',  ( 0.3357876820061016510, 0.000000000000000000, 0.3561756190388909449 ) ) ;
#1613 = CARTESIAN_POINT ( 'NONE',  ( 1.138207601216812748, 0.1105543904776014469, -0.01660829032125834062 ) ) ;
#1614 = B_SPLINE_SURFACE_WITH_KNOTS ( 'NONE', 1, 3, ( 
 ( #2872, #9724, #4767, #6345 ),
 ( #9842, #10604, #8008, #8239 ) ),
 .UNSPECIFIED., .F., .F., .F.,
 ( 2, 2 ),
 ( 4, 4 ),
 ( 0.000000000000000000, 1.000000000000000000 ),
 ( 0.000000000000000000, 1.000000000000000000 ),
 .UNSPECIFIED. ) ;
#1615 = CARTESIAN_POINT ( 'NONE',  ( 1.138704937510275794, 0.1068825561709821348, 0.04050471144449681316 ) ) ;
#1616 = CARTESIAN_POINT ( 'NONE',  ( 1.129353278141275618, 0.1012602816045079374, 0.04025909933812350794 ) ) ;
#1617 = FACE_OUTER_BOUND ( 'NONE', #1702, .T. ) ;
#1618 = B_SPLINE_CURVE_WITH_KNOTS ( 'NONE', 3,
 ( #4149, #5774, #4949, #7580 ),
 .UNSPECIFIED., .F., .F.,
 ( 4, 4 ),
 ( 0.000000000000000000, 1.000000000000000000 ),
 .UNSPECIFIED. ) ;
#1619 = FILL_AREA_STYLE ('',( #6849 ) ) ;
#1620 = CARTESIAN_POINT ( 'NONE',  ( 1.135655916436075552, 0.01451921312862077505, -0.02606900220520724787 ) ) ;
#1621 = ORIENTED_EDGE ( 'NONE', *, *, #126, .T. ) ;
#1622 =( LENGTH_UNIT ( ) NAMED_UNIT ( * ) SI_UNIT ( .MILLI., .METRE. ) );
#1623 = CARTESIAN_POINT ( 'NONE',  ( 0.3357876820061003742, 0.000000000000000000, 0.006069894152878568469 ) ) ;
#1624 = ADVANCED_FACE ( 'NONE', ( #6240, #8807, #5117, #1019, #8755, #3605, #9726, #8586, #964, #790, #4266, #7912, #11225 ), #9509, .T. ) ;
#1625 = ORIENTED_EDGE ( 'NONE', *, *, #5749, .T. ) ;
#1626 = FACE_OUTER_BOUND ( 'NONE', #1968, .T. ) ;
#1627 = FILL_AREA_STYLE ('',( #11159 ) ) ;
#1628 = DIRECTION ( 'NONE',  ( -3.491481338843133355E-15, 0.000000000000000000, -1.000000000000000000 ) ) ;
#1629 = CARTESIAN_POINT ( 'NONE',  ( 1.125787682006100132, 0.000000000000000000, -0.08980603148360755128 ) ) ;
#1630 = VERTEX_POINT ( 'NONE', #5507 ) ;
#1631 = ADVANCED_FACE ( 'NONE', ( #2138 ), #6355, .T. ) ;
#1632 = UNCERTAINTY_MEASURE_WITH_UNIT (LENGTH_MEASURE( 1.000000000000000082E-05 ), #7460, 'distance_accuracy_value', 'NONE');
#1633 = CARTESIAN_POINT ( 'NONE',  ( -0.4642123179938992816, 9.797174393178826150E-17, 0.1001939685163979604 ) ) ;
#1634 = B_SPLINE_SURFACE_WITH_KNOTS ( 'NONE', 1, 3, ( 
 ( #408, #8055, #2006, #3824 ),
 ( #7321, #1278, #10795, #5485 ) ),
 .UNSPECIFIED., .F., .F., .F.,
 ( 2, 2 ),
 ( 4, 4 ),
 ( 0.000000000000000000, 1.000000000000000000 ),
 ( 0.000000000000000000, 1.000000000000000000 ),
 .UNSPECIFIED. ) ;
#1635 = VERTEX_POINT ( 'NONE', #10661 ) ;
#1636 = MECHANICAL_DESIGN_GEOMETRIC_PRESENTATION_REPRESENTATION (  '', ( #5442 ), #713 ) ;
#1637 = VERTEX_POINT ( 'NONE', #10820 ) ;
#1638 = CARTESIAN_POINT ( 'NONE',  ( 1.136199157094724965, 0.1242850712726335377, 0.05288127677697846557 ) ) ;
#1639 = CARTESIAN_POINT ( 'NONE',  ( 1.126995815655380762, 0.1182780047823115688, -0.02242111016831040832 ) ) ;
#1640 = CARTESIAN_POINT ( 'NONE',  ( 1.145359979467265088, -0.02675322777662625731, 0.001734383344336885759 ) ) ;
#1641 = STYLED_ITEM ( 'NONE', ( #10121 ), #10392 ) ;
#1642 = FILL_AREA_STYLE ('',( #3436 ) ) ;
#1643 = CARTESIAN_POINT ( 'NONE',  ( 1.127606449508173903, 0.1141185323753213104, -0.002559277845524488091 ) ) ;
#1644 = MECHANICAL_DESIGN_GEOMETRIC_PRESENTATION_REPRESENTATION (  '', ( #8176 ), #7089 ) ;
#1645 = CARTESIAN_POINT ( 'NONE',  ( 1.135629953229991385, 0.01588524986922123031, 0.0008013131769034451297 ) ) ;
#1646 = EDGE_LOOP ( 'NONE', ( #2429, #3728, #6335, #996 ) ) ;
#1647 = MECHANICAL_DESIGN_GEOMETRIC_PRESENTATION_REPRESENTATION (  '', ( #10925 ), #5629 ) ;
#1648 =( NAMED_UNIT ( * ) PLANE_ANGLE_UNIT ( ) SI_UNIT ( $, .RADIAN. ) );
#1649 = SURFACE_STYLE_FILL_AREA ( #673 ) ;
#1650 = ORIENTED_EDGE ( 'NONE', *, *, #7467, .T. ) ;
#1651 = SURFACE_STYLE_FILL_AREA ( #10337 ) ;
#1652 = DIRECTION ( 'NONE',  ( -3.491481338843133355E-15, 0.000000000000000000, -1.000000000000000000 ) ) ;
#1653 = EDGE_LOOP ( 'NONE', ( #11096, #4466, #5915, #8515 ) ) ;
#1654 = B_SPLINE_CURVE_WITH_KNOTS ( 'NONE', 3,
 ( #6464, #2080, #9833, #306 ),
 .UNSPECIFIED., .F., .F.,
 ( 4, 4 ),
 ( 0.000000000000000000, 1.000000000000000000 ),
 .UNSPECIFIED. ) ;
#1655 = ORIENTED_EDGE ( 'NONE', *, *, #8836, .T. ) ;
#1656 =( GEOMETRIC_REPRESENTATION_CONTEXT ( 3 ) GLOBAL_UNCERTAINTY_ASSIGNED_CONTEXT ( ( #7783 ) ) GLOBAL_UNIT_ASSIGNED_CONTEXT ( ( #5863, #9460, #4119 ) ) REPRESENTATION_CONTEXT ( 'NONE', 'WORKASPACE' ) );
#1657 = AXIS2_PLACEMENT_3D ( 'NONE', #8433, #1382, #506 ) ;
#1658 = COLOUR_RGB ( '',0.000000000000000000, 0.000000000000000000, 0.000000000000000000 ) ;
#1659 = CARTESIAN_POINT ( 'NONE',  ( 1.128397792377910269, 0.1084865835032020748, -0.01854043883511198240 ) ) ;
#1660 = CARTESIAN_POINT ( 'NONE',  ( 1.138666602349700963, 0.1071701416808568952, 0.05270344605310691571 ) ) ;
#1661 = DIRECTION ( 'NONE',  ( 3.491481338843133355E-15, -0.000000000000000000, 1.000000000000000000 ) ) ;
#1662 = PRESENTATION_STYLE_ASSIGNMENT (( #11135 ) ) ;
#1663 = VECTOR ( 'NONE', #10536, 1000.000000000000000 ) ;
#1664 = AXIS2_PLACEMENT_3D ( 'NONE', #3493, #2432, #9652 ) ;
#1665 = AXIS2_PLACEMENT_3D ( 'NONE', #8665, #7067, #3402 ) ;
#1666 = ORIENTED_EDGE ( 'NONE', *, *, #5426, .T. ) ;
#1667 = ORIENTED_EDGE ( 'NONE', *, *, #4663, .F. ) ;
#1668 = CARTESIAN_POINT ( 'NONE',  ( 1.121722023769949450, 0.1493559856056164425, -0.003083250338844025808 ) ) ;
#1669 = CIRCLE ( 'NONE', #3642, 0.8000000000000001554 ) ;
#1670 = FACE_OUTER_BOUND ( 'NONE', #11242, .T. ) ;
#1671 =( LENGTH_UNIT ( ) NAMED_UNIT ( * ) SI_UNIT ( .MILLI., .METRE. ) );
#1672 = AXIS2_PLACEMENT_3D ( 'NONE', #5539, #5489, #8949 ) ;
#1673 = CIRCLE ( 'NONE', #3463, 0.8099999999999999423 ) ;
#1674 = CARTESIAN_POINT ( 'NONE',  ( 1.135792171250528115, -7.228963331924645273E-08, 0.06451741069933800143 ) ) ;
#1675 = STYLED_ITEM ( 'NONE', ( #5873 ), #2917 ) ;
#1676 = EDGE_CURVE ( 'NONE', #3219, #5790, #870, .T. ) ;
#1677 = CARTESIAN_POINT ( 'NONE',  ( 1.131451384935950211, 0.08318216058723265638, 0.05687885185883342215 ) ) ;
#1678 = PRESENTATION_LAYER_ASSIGNMENT (  '', '', ( #8030 ) ) ;
#1679 = CARTESIAN_POINT ( 'NONE',  ( 1.115399507665039369, 0.1794588456073250293, 0.03690639644216524295 ) ) ;
#1680 = CYLINDRICAL_SURFACE ( 'NONE', #6221, 0.8099999999999999423 ) ;
#1681 = EDGE_CURVE ( 'NONE', #5665, #6686, #7672, .T. ) ;
#1682 =( LENGTH_UNIT ( ) NAMED_UNIT ( * ) SI_UNIT ( .MILLI., .METRE. ) );
#1683 = FILL_AREA_STYLE_COLOUR ( '', #946 ) ;
#1684 =( LENGTH_UNIT ( ) NAMED_UNIT ( * ) SI_UNIT ( .MILLI., .METRE. ) );
#1685 = EDGE_CURVE ( 'NONE', #6780, #9928, #2890, .T. ) ;
#1686 = ORIENTED_EDGE ( 'NONE', *, *, #1760, .T. ) ;
#1687 = B_SPLINE_SURFACE_WITH_KNOTS ( 'NONE', 1, 3, ( 
 ( #2, #8616, #6101, #999 ),
 ( #1740, #9474, #4296, #65 ) ),
 .UNSPECIFIED., .F., .F., .F.,
 ( 2, 2 ),
 ( 4, 4 ),
 ( 0.000000000000000000, 1.000000000000000000 ),
 ( 0.000000000000000000, 1.000000000000000000 ),
 .UNSPECIFIED. ) ;
#1688 = STYLED_ITEM ( 'NONE', ( #5547 ), #6404 ) ;
#1689 = CARTESIAN_POINT ( 'NONE',  ( 1.127087877709835206, 0.1176651824967399756, -0.01990106797021166593 ) ) ;
#1690 = STYLED_ITEM ( 'NONE', ( #1797 ), #4494 ) ;
#1691 = SURFACE_STYLE_USAGE ( .BOTH. , #4518 ) ;
#1692 = CARTESIAN_POINT ( 'NONE',  ( 1.100812469239133007, 0.2339595582981239819, 0.001976359049128044530 ) ) ;
#1693 = EDGE_CURVE ( 'NONE', #9022, #8708, #9856, .T. ) ;
#1694 = FACE_OUTER_BOUND ( 'NONE', #354, .T. ) ;
#1695 =( NAMED_UNIT ( * ) PLANE_ANGLE_UNIT ( ) SI_UNIT ( $, .RADIAN. ) );
#1696 = DIRECTION ( 'NONE',  ( 1.000000000000000000, 0.000000000000000000, -3.499639923845615483E-15 ) ) ;
#1697 = DIRECTION ( 'NONE',  ( 0.9726249249187185475, 0.2323806261865586364, -3.395901775047409649E-15 ) ) ;
#1698 = ORIENTED_EDGE ( 'NONE', *, *, #7755, .T. ) ;
#1699 = CARTESIAN_POINT ( 'NONE',  ( 1.097691211202876049, 0.2439662815735902102, -0.01528198494528030214 ) ) ;
#1700 =( GEOMETRIC_REPRESENTATION_CONTEXT ( 3 ) GLOBAL_UNCERTAINTY_ASSIGNED_CONTEXT ( ( #9846 ) ) GLOBAL_UNIT_ASSIGNED_CONTEXT ( ( #5614, #6482, #1252 ) ) REPRESENTATION_CONTEXT ( 'NONE', 'WORKASPACE' ) );
#1701 = ORIENTED_EDGE ( 'NONE', *, *, #3983, .T. ) ;
#1702 = EDGE_LOOP ( 'NONE', ( #5123, #4826, #5674, #2529 ) ) ;
#1703 = CARTESIAN_POINT ( 'NONE',  ( 1.131010868397307467, 0.08729309151253333843, -0.01691939898899706696 ) ) ;
#1704 = CARTESIAN_POINT ( 'NONE',  ( 1.129313905802805662, 0.1015688382543041973, 0.03574248274524814001 ) ) ;
#1705 = EDGE_CURVE ( 'NONE', #19, #6780, #5078, .T. ) ;
#1706 = CARTESIAN_POINT ( 'NONE',  ( 1.124060736695442486, 0.1364756067974539078, -0.002559277845524325461 ) ) ;
#1707 = SURFACE_STYLE_FILL_AREA ( #9504 ) ;
#1708 = PRESENTATION_LAYER_ASSIGNMENT (  '', '', ( #1349 ) ) ;
#1709 = CARTESIAN_POINT ( 'NONE',  ( 1.126384624049143079, 0.1222966689333342682, -0.01859774838152935400 ) ) ;
#1710 = CARTESIAN_POINT ( 'NONE',  ( 1.128006973553817849, 0.1113087410081965573, -0.02286321073429954318 ) ) ;
#1711 = DIRECTION ( 'NONE',  ( 0.9923649256770833427, 0.1233363461673682993, -3.464823619323989496E-15 ) ) ;
#1712 = ORIENTED_EDGE ( 'NONE', *, *, #1558, .F. ) ;
#1713 = B_SPLINE_CURVE_WITH_KNOTS ( 'NONE', 1,
 ( #3684, #3213 ),
 .UNSPECIFIED., .F., .F.,
 ( 2, 2 ),
 ( 0.000000000000000000, 1.000000000000000000 ),
 .UNSPECIFIED. ) ;
#1714 = CARTESIAN_POINT ( 'NONE',  ( 1.125117018546059056, 0.1302274874110244118, -0.004376807431639181782 ) ) ;
#1715 = ORIENTED_EDGE ( 'NONE', *, *, #11086, .T. ) ;
#1716 = CARTESIAN_POINT ( 'NONE',  ( 0.3357876820061003187, 0.000000000000000000, -0.01357907434454321688 ) ) ;
#1717 = PRESENTATION_STYLE_ASSIGNMENT (( #2445 ) ) ;
#1718 =( NAMED_UNIT ( * ) PLANE_ANGLE_UNIT ( ) SI_UNIT ( $, .RADIAN. ) );
#1719 = VERTEX_POINT ( 'NONE', #10869 ) ;
#1720 = B_SPLINE_SURFACE_WITH_KNOTS ( 'NONE', 1, 3, ( 
 ( #4849, #2509, #2456, #6889 ),
 ( #11240, #10398, #5955, #5024 ) ),
 .UNSPECIFIED., .F., .F., .F.,
 ( 2, 2 ),
 ( 4, 4 ),
 ( 0.000000000000000000, 1.000000000000000000 ),
 ( 0.000000000000000000, 1.000000000000000000 ),
 .UNSPECIFIED. ) ;
#1721 = ORIENTED_EDGE ( 'NONE', *, *, #7471, .F. ) ;
#1722 = AXIS2_PLACEMENT_3D ( 'NONE', #10315, #3310, #7832 ) ;
#1723 = SURFACE_SIDE_STYLE ('',( #9519 ) ) ;
#1724 = SURFACE_SIDE_STYLE ('',( #10294 ) ) ;
#1725 = EDGE_LOOP ( 'NONE', ( #591, #5877, #274, #4877 ) ) ;
#1726 = EDGE_LOOP ( 'NONE', ( #5015, #60, #4195, #11110 ) ) ;
#1727 = CARTESIAN_POINT ( 'NONE',  ( 1.145787669971531253, -0.001997385237440445736, 0.06500932828917790895 ) ) ;
#1728 = CARTESIAN_POINT ( 'NONE',  ( 1.137504567772833042, 0.1155423518736383576, -0.002559441173946347316 ) ) ;
#1729 = FILL_AREA_STYLE_COLOUR ( '', #2450 ) ;
#1730 =( LENGTH_UNIT ( ) NAMED_UNIT ( * ) SI_UNIT ( .MILLI., .METRE. ) );
#1731 = MECHANICAL_DESIGN_GEOMETRIC_PRESENTATION_REPRESENTATION (  '', ( #811 ), #8090 ) ;
#1732 = CARTESIAN_POINT ( 'NONE',  ( 1.143725140545314378, 0.05776731852177337256, 0.005811029902011249221 ) ) ;
#1733 = DIRECTION ( 'NONE',  ( -3.491481338843133355E-15, 0.000000000000000000, -1.000000000000000000 ) ) ;
#1734 = CARTESIAN_POINT ( 'NONE',  ( 1.132923541877268736, 0.1437867388054442919, -0.01721413351648471562 ) ) ;
#1735 = B_SPLINE_SURFACE_WITH_KNOTS ( 'NONE', 1, 3, ( 
 ( #7525, #4880, #541, #613 ),
 ( #10147, #5768, #5421, #8680 ) ),
 .UNSPECIFIED., .F., .F., .F.,
 ( 2, 2 ),
 ( 4, 4 ),
 ( 0.000000000000000000, 1.000000000000000000 ),
 ( 0.000000000000000000, 1.000000000000000000 ),
 .UNSPECIFIED. ) ;
#1736 = PRESENTATION_STYLE_ASSIGNMENT (( #5248 ) ) ;
#1737 = ORIENTED_EDGE ( 'NONE', *, *, #4236, .F. ) ;
#1738 = FACE_OUTER_BOUND ( 'NONE', #5980, .T. ) ;
#1739 = CARTESIAN_POINT ( 'NONE',  ( 1.116469405313944785, 0.1747456634457468239, -0.01691939898899668532 ) ) ;
#1740 = CARTESIAN_POINT ( 'NONE',  ( 1.098822225963057342, 0.2403711395496533620, -0.01719775937616182387 ) ) ;
#1741 = EDGE_CURVE ( 'NONE', #7568, #4529, #2819, .T. ) ;
#1742 = FILL_AREA_STYLE_COLOUR ( '', #208 ) ;
#1743 = CARTESIAN_POINT ( 'NONE',  ( 1.110375279079546029, 0.2368840527768505400, 0.001976359049127990319 ) ) ;
#1744 = SURFACE_SIDE_STYLE ('',( #5205 ) ) ;
#1745 =( GEOMETRIC_REPRESENTATION_CONTEXT ( 3 ) GLOBAL_UNCERTAINTY_ASSIGNED_CONTEXT ( ( #3879 ) ) GLOBAL_UNIT_ASSIGNED_CONTEXT ( ( #1021, #316, #1973 ) ) REPRESENTATION_CONTEXT ( 'NONE', 'WORKASPACE' ) );
#1746 = SURFACE_SIDE_STYLE ('',( #9547 ) ) ;
#1747 = EDGE_CURVE ( 'NONE', #10391, #6558, #5227, .T. ) ;
#1748 = CARTESIAN_POINT ( 'NONE',  ( 1.138282530166342177, 0.1100355765143873343, -0.006950490461991169419 ) ) ;
#1749 = SURFACE_STYLE_FILL_AREA ( #7833 ) ;
#1750 = CARTESIAN_POINT ( 'NONE',  ( 1.119672138890004831, 0.2040639814992872558, 0.04620291230863254883 ) ) ;
#1751 = EDGE_LOOP ( 'NONE', ( #532, #7178, #7966, #2768 ) ) ;
#1752 = B_SPLINE_CURVE_WITH_KNOTS ( 'NONE', 3,
 ( #4981, #2247, #6513, #11035 ),
 .UNSPECIFIED., .F., .F.,
 ( 4, 4 ),
 ( 0.000000000000000000, 0.9999115641788088871 ),
 .UNSPECIFIED. ) ;
#1753 = EDGE_CURVE ( 'NONE', #361, #2440, #605, .T. ) ;
#1754 = CARTESIAN_POINT ( 'NONE',  ( 1.144138139239062824, -0.05166757485368505404, 0.03336422432481222361 ) ) ;
#1755 = SURFACE_STYLE_FILL_AREA ( #775 ) ;
#1756 = ORIENTED_EDGE ( 'NONE', *, *, #2077, .T. ) ;
#1757 = EDGE_CURVE ( 'NONE', #1574, #10129, #1072, .T. ) ;
#1758 = B_SPLINE_SURFACE_WITH_KNOTS ( 'NONE', 1, 3, ( 
 ( #4481, #7041, #9668, #1919 ),
 ( #7091, #9834, #2024, #5331 ) ),
 .UNSPECIFIED., .F., .F., .F.,
 ( 2, 2 ),
 ( 4, 4 ),
 ( 0.000000000000000000, 1.000000000000000000 ),
 ( 0.000000000000000000, 1.000000000000000000 ),
 .UNSPECIFIED. ) ;
#1759 = CARTESIAN_POINT ( 'NONE',  ( 1.145787679351378374, 5.655287035072336061E-09, -0.007595724518063308277 ) ) ;
#1760 = EDGE_CURVE ( 'NONE', #6215, #10199, #7268, .T. ) ;
#1761 = UNCERTAINTY_MEASURE_WITH_UNIT (LENGTH_MEASURE( 1.000000000000000082E-05 ), #5829, 'distance_accuracy_value', 'NONE');
#1762 = PRESENTATION_STYLE_ASSIGNMENT (( #11175 ) ) ;
#1763 = CARTESIAN_POINT ( 'NONE',  ( 1.135839162738411678, 0.1265607687162099426, 0.3561756190388881138 ) ) ;
#1764 = SURFACE_STYLE_FILL_AREA ( #1814 ) ;
#1765 = CARTESIAN_POINT ( 'NONE',  ( 1.144825706643681773, -0.03946485386417276919, 0.02994886269924376676 ) ) ;
#1766 = CARTESIAN_POINT ( 'NONE',  ( 1.135840962524353959, 0.005260667024011366801, -0.004815644910960707910 ) ) ;
#1767 = ORIENTED_EDGE ( 'NONE', *, *, #4634, .F. ) ;
#1768 = CARTESIAN_POINT ( 'NONE',  ( 1.117233081095078573, 0.1713396999095443130, 0.05522422007478335754 ) ) ;
#1769 = CARTESIAN_POINT ( 'NONE',  ( 1.123082358422069271, 0.1420115938819201395, -0.01721413351648436868 ) ) ;
#1770 = STYLED_ITEM ( 'NONE', ( #10530 ), #293 ) ;
#1771 = DIRECTION ( 'NONE',  ( -1.000000000000000000, 0.000000000000000000, 3.491481338843133355E-15 ) ) ;
#1772 = SURFACE_SIDE_STYLE ('',( #7053 ) ) ;
#1773 = ORIENTED_EDGE ( 'NONE', *, *, #5234, .F. ) ;
#1774 = EDGE_LOOP ( 'NONE', ( #3115, #4876, #5165, #1077 ) ) ;
#1775 = EDGE_CURVE ( 'NONE', #11015, #5530, #5441, .T. ) ;
#1776 = CARTESIAN_POINT ( 'NONE',  ( 1.116302738114169468, 0.1754885956084273890, 0.04115967706098326573 ) ) ;
#1777 = B_SPLINE_SURFACE_WITH_KNOTS ( 'NONE', 1, 3, ( 
 ( #3763, #2802, #9760, #1275 ),
 ( #1219, #345, #2066, #7383 ) ),
 .UNSPECIFIED., .F., .F., .F.,
 ( 2, 2 ),
 ( 4, 4 ),
 ( 0.000000000000000000, 1.000000000000000000 ),
 ( 0.000000000000000000, 1.000000000000000000 ),
 .UNSPECIFIED. ) ;
#1778 = DIRECTION ( 'NONE',  ( -3.491481338843133355E-15, 0.000000000000000000, -1.000000000000000000 ) ) ;
#1779 =( LENGTH_UNIT ( ) NAMED_UNIT ( * ) SI_UNIT ( .MILLI., .METRE. ) );
#1780 = SURFACE_SIDE_STYLE ('',( #5351 ) ) ;
#1781 = ORIENTED_EDGE ( 'NONE', *, *, #2506, .T. ) ;
#1782 = EDGE_LOOP ( 'NONE', ( #6385, #4047, #8953, #6781 ) ) ;
#1783 = CIRCLE ( 'NONE', #4864, 0.8099999999999999423 ) ;
#1784 = CARTESIAN_POINT ( 'NONE',  ( 1.131010868397307689, 0.08729309151253333843, 0.05687885185883342215 ) ) ;
#1785 = FACE_OUTER_BOUND ( 'NONE', #3225, .T. ) ;
#1786 = CARTESIAN_POINT ( 'NONE',  ( 1.137864401307758566, 0.1130174161547185946, -0.01236738795373071645 ) ) ;
#1787 =( LENGTH_UNIT ( ) NAMED_UNIT ( * ) SI_UNIT ( .MILLI., .METRE. ) );
#1788 = COLOUR_RGB ( '',0.000000000000000000, 0.000000000000000000, 0.000000000000000000 ) ;
#1789 = SURFACE_STYLE_USAGE ( .BOTH. , #6146 ) ;
#1790 = CARTESIAN_POINT ( 'NONE',  ( 1.112856172145161082, 0.1901698231397422889, 0.03722988336162978001 ) ) ;
#1791 = EDGE_CURVE ( 'NONE', #886, #1517, #9291, .T. ) ;
#1792 = DIRECTION ( 'NONE',  ( 3.491481338843133355E-15, -0.000000000000000000, 1.000000000000000000 ) ) ;
#1793 = CARTESIAN_POINT ( 'NONE',  ( 1.117065663944026621, 0.1720602073083768446, 0.05018182842931857846 ) ) ;
#1794 = CARTESIAN_POINT ( 'NONE',  ( 1.135631194883781392, -0.01873117457712851833, 0.06496633723305486607 ) ) ;
#1795 = EDGE_LOOP ( 'NONE', ( #6875, #10158, #10639, #9246 ) ) ;
#1796 = SURFACE_SIDE_STYLE ('',( #10640 ) ) ;
#1797 = PRESENTATION_STYLE_ASSIGNMENT (( #4416 ) ) ;
#1798 =( NAMED_UNIT ( * ) PLANE_ANGLE_UNIT ( ) SI_UNIT ( $, .RADIAN. ) );
#1799 =( NAMED_UNIT ( * ) PLANE_ANGLE_UNIT ( ) SI_UNIT ( $, .RADIAN. ) );
#1800 = CARTESIAN_POINT ( 'NONE',  ( 1.113120537867690496, 0.2027266031938308732, -0.02230649118532043382 ) ) ;
#1801 = SURFACE_SIDE_STYLE ('',( #1110 ) ) ;
#1802 = PRESENTATION_STYLE_ASSIGNMENT (( #771 ) ) ;
#1803 =( LENGTH_UNIT ( ) NAMED_UNIT ( * ) SI_UNIT ( .MILLI., .METRE. ) );
#1804 = CARTESIAN_POINT ( 'NONE',  ( 1.133494718517575661, -0.06136956093442575561, 0.04638753727407343014 ) ) ;
#1805 = VERTEX_POINT ( 'NONE', #3954 ) ;
#1806 = ADVANCED_FACE ( 'NONE', ( #1738 ), #2470, .T. ) ;
#1807 = CARTESIAN_POINT ( 'NONE',  ( 1.144425657165075272, -0.04716906437374408095, 0.03296645512733808320 ) ) ;
#1808 = CARTESIAN_POINT ( 'NONE',  ( 0.3357876820061003742, 0.000000000000000000, 0.002385712559679973709 ) ) ;
#1809 = EDGE_LOOP ( 'NONE', ( #10131, #3164 ) ) ;
#1810 = CARTESIAN_POINT ( 'NONE',  ( 1.135170521945426447, -0.03211279397331056468, 0.004315164957812778548 ) ) ;
#1811 = B_SPLINE_CURVE_WITH_KNOTS ( 'NONE', 3,
 ( #3717, #1128, #1177, #9721 ),
 .UNSPECIFIED., .F., .F.,
 ( 4, 4 ),
 ( 0.0002964075168824511163, 1.000000000000000000 ),
 .UNSPECIFIED. ) ;
#1812 = EDGE_CURVE ( 'NONE', #6005, #877, #3201, .T. ) ;
#1813 = CARTESIAN_POINT ( 'NONE',  ( 1.105351097265167226, 0.2185684101026524051, -0.009534661662203604282 ) ) ;
#1814 = FILL_AREA_STYLE ('',( #893 ) ) ;
#1815 = EDGE_CURVE ( 'NONE', #10566, #6311, #6802, .T. ) ;
#1816 = CARTESIAN_POINT ( 'NONE',  ( 1.138666738215899921, 0.1071691238168061000, 0.05270208714351751200 ) ) ;
#1817 = B_SPLINE_CURVE_WITH_KNOTS ( 'NONE', 1,
 ( #7623, #6985 ),
 .UNSPECIFIED., .F., .F.,
 ( 2, 2 ),
 ( 0.000000000000000000, 1.000000000000000000 ),
 .UNSPECIFIED. ) ;
#1818 = FILL_AREA_STYLE ('',( #5225 ) ) ;
#1819 = VERTEX_POINT ( 'NONE', #2259 ) ;
#1820 = ADVANCED_FACE ( 'NONE', ( #5200 ), #8994, .F. ) ;
#1821 = SURFACE_STYLE_FILL_AREA ( #8310 ) ;
#1822 =( GEOMETRIC_REPRESENTATION_CONTEXT ( 3 ) GLOBAL_UNCERTAINTY_ASSIGNED_CONTEXT ( ( #7578 ) ) GLOBAL_UNIT_ASSIGNED_CONTEXT ( ( #2650, #935, #7889 ) ) REPRESENTATION_CONTEXT ( 'NONE', 'WORKASPACE' ) );
#1823 = EDGE_CURVE ( 'NONE', #9083, #11039, #10540, .T. ) ;
#1824 =( NAMED_UNIT ( * ) SI_UNIT ( $, .STERADIAN. ) SOLID_ANGLE_UNIT ( ) );
#1825 =( LENGTH_UNIT ( ) NAMED_UNIT ( * ) SI_UNIT ( .MILLI., .METRE. ) );
#1826 = UNCERTAINTY_MEASURE_WITH_UNIT (LENGTH_MEASURE( 1.000000000000000082E-05 ), #6172, 'distance_accuracy_value', 'NONE');
#1827 = VERTEX_POINT ( 'NONE', #3489 ) ;
#1828 = ORIENTED_EDGE ( 'NONE', *, *, #8432, .T. ) ;
#1829 = CARTESIAN_POINT ( 'NONE',  ( 1.107461245603743150, 0.2109974199949253004, -0.0006271292766393669373 ) ) ;
#1830 = VECTOR ( 'NONE', #3262, 1000.000000000000000 ) ;
#1831 = CARTESIAN_POINT ( 'NONE',  ( 1.133508810410889245, -0.06034071011009248253, -0.02561357143766559291 ) ) ;
#1832 =( GEOMETRIC_REPRESENTATION_CONTEXT ( 3 ) GLOBAL_UNCERTAINTY_ASSIGNED_CONTEXT ( ( #4372 ) ) GLOBAL_UNIT_ASSIGNED_CONTEXT ( ( #10320, #8629, #8571 ) ) REPRESENTATION_CONTEXT ( 'NONE', 'WORKASPACE' ) );
#1833 = CARTESIAN_POINT ( 'NONE',  ( 1.126812217583958553, 0.1742991225274368727, 0.03184210272429182503 ) ) ;
#1834 = CARTESIAN_POINT ( 'NONE',  ( 1.134724375931994267, 0.1334172368877528936, -0.008896070185896201923 ) ) ;
#1835 = PRESENTATION_LAYER_ASSIGNMENT (  '', '', ( #10925 ) ) ;
#1836 = ORIENTED_EDGE ( 'NONE', *, *, #122, .F. ) ;
#1837 = EDGE_LOOP ( 'NONE', ( #1076, #850, #1139, #5731 ) ) ;
#1838 = AXIS2_PLACEMENT_3D ( 'NONE', #5367, #7190, #164 ) ;
#1839 = CARTESIAN_POINT ( 'NONE',  ( 1.125205226034460493, 0.1297082120958935048, -0.02560315145550310506 ) ) ;
#1840 = CARTESIAN_POINT ( 'NONE',  ( 1.112605515714765181, 0.2294670621829153767, -0.02011781441668384837 ) ) ;
#1841 = CARTESIAN_POINT ( 'NONE',  ( 1.108360157762519282, 0.2433757787940240558, -0.01719775937616187939 ) ) ;
#1842 = EDGE_LOOP ( 'NONE', ( #9153, #5832, #9593, #5235, #2098, #4265 ) ) ;
#1843 = DIRECTION ( 'NONE',  ( 1.000000000000000000, 0.000000000000000000, -3.480155121558409533E-15 ) ) ;
#1844 = DIRECTION ( 'NONE',  ( 1.000000000000000000, 0.000000000000000000, -3.480155121558409533E-15 ) ) ;
#1845 = B_SPLINE_CURVE_WITH_KNOTS ( 'NONE', 3,
 ( #9630, #981, #1840, #6314 ),
 .UNSPECIFIED., .F., .F.,
 ( 4, 4 ),
 ( 0.000000000000000000, 1.000000000000000000 ),
 .UNSPECIFIED. ) ;
#1846 = DIRECTION ( 'NONE',  ( 3.491481338843133355E-15, -0.000000000000000000, 1.000000000000000000 ) ) ;
#1847 = COLOUR_RGB ( '',0.000000000000000000, 0.000000000000000000, 0.000000000000000000 ) ;
#1848 = AXIS2_PLACEMENT_3D ( 'NONE', #10353, #9587, #2514 ) ;
#1849 = CARTESIAN_POINT ( 'NONE',  ( 1.113343647554124072, 0.2269882612167316571, -0.01528198494752657302 ) ) ;
#1850 =( GEOMETRIC_REPRESENTATION_CONTEXT ( 3 ) GLOBAL_UNCERTAINTY_ASSIGNED_CONTEXT ( ( #5841 ) ) GLOBAL_UNIT_ASSIGNED_CONTEXT ( ( #2473, #2251, #3948 ) ) REPRESENTATION_CONTEXT ( 'NONE', 'WORKASPACE' ) );
#1851 = AXIS2_PLACEMENT_3D ( 'NONE', #10625, #5571, #10732 ) ;
#1852 = SURFACE_STYLE_USAGE ( .BOTH. , #234 ) ;
#1853 = ORIENTED_EDGE ( 'NONE', *, *, #8853, .T. ) ;
#1854 = CARTESIAN_POINT ( 'NONE',  ( 1.141879598730533463, -0.07947214475229522068, -0.01468052549281049536 ) ) ;
#1855 = AXIS2_PLACEMENT_3D ( 'NONE', #10974, #3296, #756 ) ;
#1856 = CARTESIAN_POINT ( 'NONE',  ( 0.7357876820061016732, 0.000000000000000000, 0.3561756190388895016 ) ) ;
#1857 = STYLED_ITEM ( 'NONE', ( #6169 ), #6291 ) ;
#1858 = STYLED_ITEM ( 'NONE', ( #2857 ), #2979 ) ;
#1859 = SURFACE_STYLE_FILL_AREA ( #10528 ) ;
#1860 = CARTESIAN_POINT ( 'NONE',  ( 1.123737155674034982, 0.1383306217431962415, -0.01903985017276128497 ) ) ;
#1861 = UNCERTAINTY_MEASURE_WITH_UNIT (LENGTH_MEASURE( 1.000000000000000082E-05 ), #8724, 'distance_accuracy_value', 'NONE');
#1862 = FILL_AREA_STYLE_COLOUR ( '', #1847 ) ;
#1863 = CARTESIAN_POINT ( 'NONE',  ( 1.130174755980359436, 0.1582693169967411828, -0.02941286812516781535 ) ) ;
#1864 = STYLED_ITEM ( 'NONE', ( #1096 ), #2702 ) ;
#1865 = CARTESIAN_POINT ( 'NONE',  ( 1.132793607987830686, 0.1445046199793126041, -0.02163910487901449242 ) ) ;
#1866 = CIRCLE ( 'NONE', #9681, 0.8100000000000001643 ) ;
#1867 = ORIENTED_EDGE ( 'NONE', *, *, #10190, .T. ) ;
#1868 = PRESENTATION_LAYER_ASSIGNMENT (  '', '', ( #951 ) ) ;
#1869 = CARTESIAN_POINT ( 'NONE',  ( 1.134314657554180705, 0.1358479639966517494, -0.02322294849804365860 ) ) ;
#1870 = DIRECTION ( 'NONE',  ( -3.491481338843133355E-15, 0.000000000000000000, -1.000000000000000000 ) ) ;
#1871 = VERTEX_POINT ( 'NONE', #9149 ) ;
#1872 = SURFACE_STYLE_USAGE ( .BOTH. , #3504 ) ;
#1873 = DIRECTION ( 'NONE',  ( 3.491481338843133355E-15, -0.000000000000000000, 1.000000000000000000 ) ) ;
#1874 = CARTESIAN_POINT ( 'NONE',  ( 0.3357876820061004852, 0.000000000000000000, 0.02850246652063925107 ) ) ;
#1875 =( NAMED_UNIT ( * ) SI_UNIT ( $, .STERADIAN. ) SOLID_ANGLE_UNIT ( ) );
#1876 = CARTESIAN_POINT ( 'NONE',  ( 1.104863815815924966, 0.2202768721498757909, -0.02595792449772778288 ) ) ;
#1877 = VERTEX_POINT ( 'NONE', #3699 ) ;
#1878 = CARTESIAN_POINT ( 'NONE',  ( 0.3357876820061003187, 0.000000000000000000, -0.02595792449772561794 ) ) ;
#1879 = VERTEX_POINT ( 'NONE', #62 ) ;
#1880 = EDGE_CURVE ( 'NONE', #10142, #3023, #3291, .T. ) ;
#1881 = ORIENTED_EDGE ( 'NONE', *, *, #11088, .F. ) ;
#1882 = MECHANICAL_DESIGN_GEOMETRIC_PRESENTATION_REPRESENTATION (  '', ( #409 ), #4778 ) ;
#1883 = LINE ( 'NONE', #1141, #7286 ) ;
#1884 =( NAMED_UNIT ( * ) SI_UNIT ( $, .STERADIAN. ) SOLID_ANGLE_UNIT ( ) );
#1885 = STYLED_ITEM ( 'NONE', ( #905 ), #8036 ) ;
#1886 = EDGE_CURVE ( 'NONE', #7292, #6713, #5748, .T. ) ;
#1887 = CARTESIAN_POINT ( 'NONE',  ( 1.119911320098948782, 0.2031012559883274560, 0.03722988336162972450 ) ) ;
#1888 =( NAMED_UNIT ( * ) SI_UNIT ( $, .STERADIAN. ) SOLID_ANGLE_UNIT ( ) );
#1889 = ADVANCED_FACE ( 'NONE', ( #5371 ), #3710, .T. ) ;
#1890 = CARTESIAN_POINT ( 'NONE',  ( 1.136267085824681278, 0.1238253772950009685, -0.01123757226533038042 ) ) ;
#1891 = ORIENTED_EDGE ( 'NONE', *, *, #10477, .F. ) ;
#1892 = ORIENTED_EDGE ( 'NONE', *, *, #4740, .F. ) ;
#1893 = DIRECTION ( 'NONE',  ( 3.491481338843133355E-15, -0.000000000000000000, 1.000000000000000000 ) ) ;
#1894 = EDGE_CURVE ( 'NONE', #8910, #5518, #9985, .T. ) ;
#1895 = VERTEX_POINT ( 'NONE', #7023 ) ;
#1896 = SURFACE_SIDE_STYLE ('',( #487 ) ) ;
#1897 = DIRECTION ( 'NONE',  ( 3.491481338843133355E-15, -0.000000000000000000, 1.000000000000000000 ) ) ;
#1898 = EDGE_CURVE ( 'NONE', #6372, #7061, #11285, .T. ) ;
#1899 = CARTESIAN_POINT ( 'NONE',  ( 1.121711176541672517, 0.1960292747872651453, 0.04760017229071263761 ) ) ;
#1900 = EDGE_CURVE ( 'NONE', #2952, #10235, #6719, .T. ) ;
#1901 = ADVANCED_FACE ( 'NONE', ( #6099 ), #8049, .F. ) ;
#1902 =( LENGTH_UNIT ( ) NAMED_UNIT ( * ) SI_UNIT ( .MILLI., .METRE. ) );
#1903 = STYLED_ITEM ( 'NONE', ( #10653 ), #162 ) ;
#1904 = FACE_OUTER_BOUND ( 'NONE', #5572, .T. ) ;
#1905 = VERTEX_POINT ( 'NONE', #9177 ) ;
#1906 = DIRECTION ( 'NONE',  ( 1.000000000000000000, 0.000000000000000000, -3.492703757814028812E-15 ) ) ;
#1907 = CARTESIAN_POINT ( 'NONE',  ( 1.128691550378154052, 0.1063177102868227281, -0.004687916099377418926 ) ) ;
#1908 = CARTESIAN_POINT ( 'NONE',  ( 1.132493160028929857, -0.07253833329687554843, 0.02433962623123148844 ) ) ;
#1909 =( NAMED_UNIT ( * ) SI_UNIT ( $, .STERADIAN. ) SOLID_ANGLE_UNIT ( ) );
#1910 = CARTESIAN_POINT ( 'NONE',  ( 1.116408555218666887, 0.1750172914453036188, 0.05263794949152367231 ) ) ;
#1911 = CARTESIAN_POINT ( 'NONE',  ( 1.134698893179403756, 0.04174175342358551338, -0.004601435077125766784 ) ) ;
#1912 = SURFACE_SIDE_STYLE ('',( #297 ) ) ;
#1913 = B_SPLINE_CURVE_WITH_KNOTS ( 'NONE', 3,
 ( #6783, #10961, #10223, #9335 ),
 .UNSPECIFIED., .F., .F.,
 ( 4, 4 ),
 ( 0.000000000000000000, 1.000000000000000000 ),
 .UNSPECIFIED. ) ;
#1914 = PRESENTATION_STYLE_ASSIGNMENT (( #8159 ) ) ;
#1915 = VERTEX_POINT ( 'NONE', #4683 ) ;
#1916 = DIRECTION ( 'NONE',  ( -3.491481338843133355E-15, 0.000000000000000000, -1.000000000000000000 ) ) ;
#1917 = ORIENTED_EDGE ( 'NONE', *, *, #3045, .T. ) ;
#1918 =( LENGTH_UNIT ( ) NAMED_UNIT ( * ) SI_UNIT ( .MILLI., .METRE. ) );
#1919 = CARTESIAN_POINT ( 'NONE',  ( 1.135403215462710724, 0.1292864983472779561, -0.009256301275039008694 ) ) ;
#1920 =( NAMED_UNIT ( * ) PLANE_ANGLE_UNIT ( ) SI_UNIT ( $, .RADIAN. ) );
#1921 = DIRECTION ( 'NONE',  ( -3.491481338843133355E-15, 0.000000000000000000, -1.000000000000000000 ) ) ;
#1922 =( NAMED_UNIT ( * ) SI_UNIT ( $, .STERADIAN. ) SOLID_ANGLE_UNIT ( ) );
#1923 = SURFACE_STYLE_FILL_AREA ( #6236 ) ;
#1924 = FILL_AREA_STYLE ('',( #3721 ) ) ;
#1925 = ORIENTED_EDGE ( 'NONE', *, *, #3751, .T. ) ;
#1926 =( LENGTH_UNIT ( ) NAMED_UNIT ( * ) SI_UNIT ( .MILLI., .METRE. ) );
#1927 = FACE_OUTER_BOUND ( 'NONE', #6759, .T. ) ;
#1928 = SURFACE_STYLE_USAGE ( .BOTH. , #9789 ) ;
#1929 = DIRECTION ( 'NONE',  ( 3.491481338843133355E-15, -0.000000000000000000, 1.000000000000000000 ) ) ;
#1930 = EDGE_LOOP ( 'NONE', ( #7420, #9572, #8188, #2137, #11265, #5299, #499, #10926, #3467, #7055, #2523, #9340, #4913, #375, #3958, #3621, #9860, #9265, #638, #1599, #5181, #1175 ) ) ;
#1931 = ORIENTED_EDGE ( 'NONE', *, *, #2595, .F. ) ;
#1932 =( NAMED_UNIT ( * ) PLANE_ANGLE_UNIT ( ) SI_UNIT ( $, .RADIAN. ) );
#1933 = CARTESIAN_POINT ( 'NONE',  ( 1.111575979630223587, 0.1953266936940913356, 0.05278531675530424155 ) ) ;
#1934 = CARTESIAN_POINT ( 'NONE',  ( 1.124764608271364930, 0.1323461185234741933, -0.01031516235513177913 ) ) ;
#1935 = FILL_AREA_STYLE_COLOUR ( '', #7369 ) ;
#1936 =( GEOMETRIC_REPRESENTATION_CONTEXT ( 3 ) GLOBAL_UNCERTAINTY_ASSIGNED_CONTEXT ( ( #5537 ) ) GLOBAL_UNIT_ASSIGNED_CONTEXT ( ( #2417, #6044, #3309 ) ) REPRESENTATION_CONTEXT ( 'NONE', 'WORKASPACE' ) );
#1937 = CARTESIAN_POINT ( 'NONE',  ( 1.145293195018741494, 0.02829884100348383988, -0.02606900220520724787 ) ) ;
#1938 = MECHANICAL_DESIGN_GEOMETRIC_PRESENTATION_REPRESENTATION (  '', ( #4848 ), #9759 ) ;
#1939 = ORIENTED_EDGE ( 'NONE', *, *, #10556, .T. ) ;
#1940 = CARTESIAN_POINT ( 'NONE',  ( 1.131806555638469991, 0.1498464307918383753, -0.03329353940355230662 ) ) ;
#1941 = FILL_AREA_STYLE_COLOUR ( '', #3638 ) ;
#1942 = DIRECTION ( 'NONE',  ( 0.9826711277343381790, 0.1853576400295496585, -3.430977904704379082E-15 ) ) ;
#1943 = ORIENTED_EDGE ( 'NONE', *, *, #5558, .T. ) ;
#1944 = CARTESIAN_POINT ( 'NONE',  ( 1.135877151427576282, 0.003866776434996188529, 0.06486684372576298485 ) ) ;
#1945 = B_SPLINE_SURFACE_WITH_KNOTS ( 'NONE', 1, 3, ( 
 ( #1786, #7705, #11244, #7014 ),
 ( #10565, #6087, #2684, #5358 ) ),
 .UNSPECIFIED., .F., .F., .F.,
 ( 2, 2 ),
 ( 4, 4 ),
 ( 0.000000000000000000, 1.000000000000000000 ),
 ( 0.000000000000000000, 1.000000000000000000 ),
 .UNSPECIFIED. ) ;
#1946 =( NAMED_UNIT ( * ) SI_UNIT ( $, .STERADIAN. ) SOLID_ANGLE_UNIT ( ) );
#1947 = CARTESIAN_POINT ( 'NONE',  ( 1.121273333350524926, 0.1977682773652674753, 0.05278531675530418604 ) ) ;
#1948 =( NAMED_UNIT ( * ) SI_UNIT ( $, .STERADIAN. ) SOLID_ANGLE_UNIT ( ) );
#1949 = ORIENTED_EDGE ( 'NONE', *, *, #10123, .F. ) ;
#1950 = CARTESIAN_POINT ( 'NONE',  ( 1.125177322540560576, 0.1815603910699868651, 0.04583075935059256756 ) ) ;
#1951 = EDGE_CURVE ( 'NONE', #8366, #10823, #9413, .T. ) ;
#1952 = DIRECTION ( 'NONE',  ( -3.491481338843133355E-15, 0.000000000000000000, -1.000000000000000000 ) ) ;
#1953 = PRESENTATION_LAYER_ASSIGNMENT (  '', '', ( #7604 ) ) ;
#1954 = PRESENTATION_STYLE_ASSIGNMENT (( #241 ) ) ;
#1955 = CARTESIAN_POINT ( 'NONE',  ( 1.129347780423292313, 0.1623786162485322260, -0.008825115577513559240 ) ) ;
#1956 = PRESENTATION_STYLE_ASSIGNMENT (( #1111 ) ) ;
#1957 = CARTESIAN_POINT ( 'NONE',  ( 1.132949892975513961, 0.1436483746458834532, -0.02328743428217975447 ) ) ;
#1958 = CARTESIAN_POINT ( 'NONE',  ( 0.3357876820061014844, 0.000000000000000000, 0.3101939685163953020 ) ) ;
#1959 = ORIENTED_EDGE ( 'NONE', *, *, #9108, .T. ) ;
#1960 = CARTESIAN_POINT ( 'NONE',  ( 1.128822595057868750, 0.1053357806302039484, 0.02868258206520829523 ) ) ;
#1961 = CARTESIAN_POINT ( 'NONE',  ( 1.127112238818813283, 0.1174965777593716676, 0.05741919849254917968 ) ) ;
#1962 = ORIENTED_EDGE ( 'NONE', *, *, #1393, .F. ) ;
#1963 = CARTESIAN_POINT ( 'NONE',  ( 1.106527466201572940, 0.2143832667404724779, -0.009649280644974899540 ) ) ;
#1964 = CARTESIAN_POINT ( 'NONE',  ( 1.135493757208255294, -0.02168394071116969135, -0.003069830972985104333 ) ) ;
#1965 = B_SPLINE_CURVE_WITH_KNOTS ( 'NONE', 1,
 ( #8727, #1055 ),
 .UNSPECIFIED., .F., .F.,
 ( 2, 2 ),
 ( 0.000000000000000000, 1.000000000000000000 ),
 .UNSPECIFIED. ) ;
#1966 = CARTESIAN_POINT ( 'NONE',  ( 1.119523297793410421, 0.2045934616415832352, 0.002385712559677371624 ) ) ;
#1967 = SURFACE_STYLE_USAGE ( .BOTH. , #9784 ) ;
#1968 = EDGE_LOOP ( 'NONE', ( #5726, #4889, #511, #1943, #2153, #7871, #7302 ) ) ;
#1969 = ADVANCED_FACE ( 'NONE', ( #9001 ), #9826, .T. ) ;
#1970 = CARTESIAN_POINT ( 'NONE',  ( 1.138666738215899921, 0.1071691238168061000, 0.05270208714351751200 ) ) ;
#1971 = B_SPLINE_CURVE_WITH_KNOTS ( 'NONE', 3,
 ( #2165, #1209, #1265, #4792 ),
 .UNSPECIFIED., .F., .F.,
 ( 4, 4 ),
 ( 0.000000000000000000, 0.9998406932122144708 ),
 .UNSPECIFIED. ) ;
#1972 = UNCERTAINTY_MEASURE_WITH_UNIT (LENGTH_MEASURE( 1.000000000000000082E-05 ), #8338, 'distance_accuracy_value', 'NONE');
#1973 =( NAMED_UNIT ( * ) SI_UNIT ( $, .STERADIAN. ) SOLID_ANGLE_UNIT ( ) );
#1974 = SURFACE_STYLE_FILL_AREA ( #6590 ) ;
#1975 = CARTESIAN_POINT ( 'NONE',  ( 1.109991777008351388, 0.2265372604956115143, -0.02595792449772777941 ) ) ;
#1976 = ORIENTED_EDGE ( 'NONE', *, *, #2805, .T. ) ;
#1977 = ORIENTED_EDGE ( 'NONE', *, *, #11253, .F. ) ;
#1978 = CARTESIAN_POINT ( 'NONE',  ( 1.119973114417822657, 0.1582820507614192407, 0.04084856839313590060 ) ) ;
#1979 = LINE ( 'NONE', #5513, #8057 ) ;
#1980 = VERTEX_POINT ( 'NONE', #5580 ) ;
#1981 = PRESENTATION_LAYER_ASSIGNMENT (  '', '', ( #2884 ) ) ;
#1982 = EDGE_CURVE ( 'NONE', #8869, #6697, #8169, .T. ) ;
#1983 =( NAMED_UNIT ( * ) PLANE_ANGLE_UNIT ( ) SI_UNIT ( $, .RADIAN. ) );
#1984 = ORIENTED_EDGE ( 'NONE', *, *, #8882, .F. ) ;
#1985 = CARTESIAN_POINT ( 'NONE',  ( 0.3357876820061003187, 0.000000000000000000, -0.02595792449772507324 ) ) ;
#1986 = UNCERTAINTY_MEASURE_WITH_UNIT (LENGTH_MEASURE( 1.000000000000000082E-05 ), #9463, 'distance_accuracy_value', 'NONE');
#1987 = ORIENTED_EDGE ( 'NONE', *, *, #6683, .F. ) ;
#1988 = VERTEX_POINT ( 'NONE', #9225 ) ;
#1989 = CARTESIAN_POINT ( 'NONE',  ( 1.145293195018741494, 0.02829884100348383988, -0.02606900220520724787 ) ) ;
#1990 = COLOUR_RGB ( '',0.000000000000000000, 0.000000000000000000, 0.000000000000000000 ) ;
#1991 = DIRECTION ( 'NONE',  ( 0.9921629215550940017, 0.1249509387370111302, -3.464118325701694416E-15 ) ) ;
#1992 = SURFACE_SIDE_STYLE ('',( #10788 ) ) ;
#1993 = B_SPLINE_SURFACE_WITH_KNOTS ( 'NONE', 1, 3, ( 
 ( #10425, #7, #10314, #8564 ),
 ( #769, #10366, #5977, #4244 ) ),
 .UNSPECIFIED., .F., .F., .F.,
 ( 2, 2 ),
 ( 4, 4 ),
 ( 0.000000000000000000, 1.000000000000000000 ),
 ( 0.000000000000000000, 1.000000000000000000 ),
 .UNSPECIFIED. ) ;
#1994 =( NAMED_UNIT ( * ) PLANE_ANGLE_UNIT ( ) SI_UNIT ( $, .RADIAN. ) );
#1995 = CARTESIAN_POINT ( 'NONE',  ( 0.3357876820061003187, 0.000000000000000000, -0.02230649118531804337 ) ) ;
#1996 = SURFACE_STYLE_FILL_AREA ( #2692 ) ;
#1997 =( GEOMETRIC_REPRESENTATION_CONTEXT ( 3 ) GLOBAL_UNCERTAINTY_ASSIGNED_CONTEXT ( ( #1632 ) ) GLOBAL_UNIT_ASSIGNED_CONTEXT ( ( #7460, #5613, #8304 ) ) REPRESENTATION_CONTEXT ( 'NONE', 'WORKASPACE' ) );
#1998 = MECHANICAL_DESIGN_GEOMETRIC_PRESENTATION_REPRESENTATION (  '', ( #9459 ), #8184 ) ;
#1999 = CARTESIAN_POINT ( 'NONE',  ( 1.131451384935949989, 0.08318216058723285067, -0.009944015172426531879 ) ) ;
#2000 = ORIENTED_EDGE ( 'NONE', *, *, #1254, .F. ) ;
#2001 = PRESENTATION_STYLE_ASSIGNMENT (( #2171 ) ) ;
#2002 = EDGE_CURVE ( 'NONE', #7834, #11049, #8471, .T. ) ;
#2003 = PRESENTATION_STYLE_ASSIGNMENT (( #9125 ) ) ;
#2004 =( GEOMETRIC_REPRESENTATION_CONTEXT ( 3 ) GLOBAL_UNCERTAINTY_ASSIGNED_CONTEXT ( ( #10048 ) ) GLOBAL_UNIT_ASSIGNED_CONTEXT ( ( #9966, #5719, #10877 ) ) REPRESENTATION_CONTEXT ( 'NONE', 'WORKASPACE' ) );
#2005 = AXIS2_PLACEMENT_3D ( 'NONE', #3294, #1391, #584 ) ;
#2006 = CARTESIAN_POINT ( 'NONE',  ( 1.137471059211809132, 0.1158194402378404375, 0.05347393590976543681 ) ) ;
#2007 = STYLED_ITEM ( 'NONE', ( #10254 ), #5833 ) ;
#2008 = CIRCLE ( 'NONE', #9844, 0.8000000000000000444 ) ;
#2009 = UNCERTAINTY_MEASURE_WITH_UNIT (LENGTH_MEASURE( 1.000000000000000082E-05 ), #9597, 'distance_accuracy_value', 'NONE');
#2010 = EDGE_CURVE ( 'NONE', #3913, #714, #5135, .T. ) ;
#2011 = FACE_OUTER_BOUND ( 'NONE', #5565, .T. ) ;
#2012 = CARTESIAN_POINT ( 'NONE',  ( 1.139046653259613295, 0.1043229138190257671, 0.04890197816353940991 ) ) ;
#2013 = CARTESIAN_POINT ( 'NONE',  ( 1.113166517036147773, 0.1888971859169080725, 0.03361119833001464247 ) ) ;
#2014 = VERTEX_POINT ( 'NONE', #9054 ) ;
#2015 = VERTEX_POINT ( 'NONE', #1441 ) ;
#2016 = EDGE_CURVE ( 'NONE', #9564, #6354, #3078, .T. ) ;
#2017 = MECHANICAL_DESIGN_GEOMETRIC_PRESENTATION_REPRESENTATION (  '', ( #9286 ), #3464 ) ;
#2018 = CARTESIAN_POINT ( 'NONE',  ( 1.138420225132101837, 0.1090124970561031359, -0.02581057663139610728 ) ) ;
#2019 = FACE_OUTER_BOUND ( 'NONE', #9540, .T. ) ;
#2020 = COLOUR_RGB ( '',0.000000000000000000, 0.000000000000000000, 0.000000000000000000 ) ;
#2021 = EDGE_CURVE ( 'NONE', #9083, #3010, #1207, .T. ) ;
#2022 = ORIENTED_EDGE ( 'NONE', *, *, #356, .F. ) ;
#2023 = FACE_OUTER_BOUND ( 'NONE', #2681, .T. ) ;
#2024 = CARTESIAN_POINT ( 'NONE',  ( 1.125501878166078829, 0.1278730723673348613, -0.007386938709074623681 ) ) ;
#2025 = CIRCLE ( 'NONE', #9858, 0.8000000000000000444 ) ;
#2026 = AXIS2_PLACEMENT_3D ( 'NONE', #6455, #10853, #3021 ) ;
#2027 = COLOUR_RGB ( '',0.000000000000000000, 0.000000000000000000, 0.000000000000000000 ) ;
#2028 = AXIS2_PLACEMENT_3D ( 'NONE', #1224, #10797, #2968 ) ;
#2029 = DIRECTION ( 'NONE',  ( 3.491481338843133355E-15, -0.000000000000000000, 1.000000000000000000 ) ) ;
#2030 = SURFACE_STYLE_USAGE ( .BOTH. , #8802 ) ;
#2031 = EDGE_CURVE ( 'NONE', #8398, #1988, #9495, .T. ) ;
#2032 = CARTESIAN_POINT ( 'NONE',  ( 1.117046289794958458, 0.1721481564113178653, 0.03184279116508718921 ) ) ;
#2033 =( GEOMETRIC_REPRESENTATION_CONTEXT ( 3 ) GLOBAL_UNCERTAINTY_ASSIGNED_CONTEXT ( ( #777 ) ) GLOBAL_UNIT_ASSIGNED_CONTEXT ( ( #9002, #288, #10742 ) ) REPRESENTATION_CONTEXT ( 'NONE', 'WORKASPACE' ) );
#2034 =( NAMED_UNIT ( * ) PLANE_ANGLE_UNIT ( ) SI_UNIT ( $, .RADIAN. ) );
#2035 = ORIENTED_EDGE ( 'NONE', *, *, #11095, .T. ) ;
#2036 = B_SPLINE_SURFACE_WITH_KNOTS ( 'NONE', 1, 3, ( 
 ( #9742, #4619, #8094, #2103 ),
 ( #5680, #4893, #8258, #3062 ) ),
 .UNSPECIFIED., .F., .F., .F.,
 ( 2, 2 ),
 ( 4, 4 ),
 ( 0.000000000000000000, 1.000000000000000000 ),
 ( 0.000000000000000000, 1.000000000000000000 ),
 .UNSPECIFIED. ) ;
#2037 = CARTESIAN_POINT ( 'NONE',  ( 1.127298811079987306, 0.1162330957695818789, 0.02431068657451380954 ) ) ;
#2038 =( GEOMETRIC_REPRESENTATION_CONTEXT ( 3 ) GLOBAL_UNCERTAINTY_ASSIGNED_CONTEXT ( ( #4473 ) ) GLOBAL_UNIT_ASSIGNED_CONTEXT ( ( #4574, #8883, #2114 ) ) REPRESENTATION_CONTEXT ( 'NONE', 'WORKASPACE' ) );
#2039 = DIRECTION ( 'NONE',  ( 1.000000000000000000, 0.000000000000000000, -3.492703757814028812E-15 ) ) ;
#2040 = COLOUR_RGB ( '',0.000000000000000000, 0.000000000000000000, 0.000000000000000000 ) ;
#2041 = VERTEX_POINT ( 'NONE', #4901 ) ;
#2042 = ORIENTED_EDGE ( 'NONE', *, *, #3260, .T. ) ;
#2043 = EDGE_CURVE ( 'NONE', #6425, #5634, #11113, .T. ) ;
#2044 = CARTESIAN_POINT ( 'NONE',  ( 1.119481405851483702, 0.2047538698177787941, 0.006069894152875641991 ) ) ;
#2045 = CARTESIAN_POINT ( 'NONE',  ( 1.134314657554180705, 0.1358479639966517494, -0.02322294849804365860 ) ) ;
#2046 = PRESENTATION_LAYER_ASSIGNMENT (  '', '', ( #589 ) ) ;
#2047 = ORIENTED_EDGE ( 'NONE', *, *, #5558, .F. ) ;
#2048 =( NAMED_UNIT ( * ) PLANE_ANGLE_UNIT ( ) SI_UNIT ( $, .RADIAN. ) );
#2049 = B_SPLINE_CURVE_WITH_KNOTS ( 'NONE', 1,
 ( #6690, #5929 ),
 .UNSPECIFIED., .F., .F.,
 ( 2, 2 ),
 ( 0.000000000000000000, 1.000000000000000000 ),
 .UNSPECIFIED. ) ;
#2050 = VERTEX_POINT ( 'NONE', #1668 ) ;
#2051 = SURFACE_STYLE_FILL_AREA ( #5679 ) ;
#2052 = CARTESIAN_POINT ( 'NONE',  ( 1.107895777734488441, 0.2094017395120739145, 0.02485103320822999728 ) ) ;
#2053 = ORIENTED_EDGE ( 'NONE', *, *, #3287, .F. ) ;
#2054 = PRESENTATION_LAYER_ASSIGNMENT (  '', '', ( #1341 ) ) ;
#2055 = ORIENTED_EDGE ( 'NONE', *, *, #11161, .F. ) ;
#2056 =( GEOMETRIC_REPRESENTATION_CONTEXT ( 3 ) GLOBAL_UNCERTAINTY_ASSIGNED_CONTEXT ( ( #4599 ) ) GLOBAL_UNIT_ASSIGNED_CONTEXT ( ( #9250, #1372, #4093 ) ) REPRESENTATION_CONTEXT ( 'NONE', 'WORKASPACE' ) );
#2057 = CARTESIAN_POINT ( 'NONE',  ( 1.131451384935950211, 0.08318216058723285067, 0.05687885185883342215 ) ) ;
#2058 =( NAMED_UNIT ( * ) PLANE_ANGLE_UNIT ( ) SI_UNIT ( $, .RADIAN. ) );
#2059 =( NAMED_UNIT ( * ) PLANE_ANGLE_UNIT ( ) SI_UNIT ( $, .RADIAN. ) );
#2060 =( NAMED_UNIT ( * ) SI_UNIT ( $, .STERADIAN. ) SOLID_ANGLE_UNIT ( ) );
#2061 = STYLED_ITEM ( 'NONE', ( #8963 ), #8348 ) ;
#2062 = CARTESIAN_POINT ( 'NONE',  ( 1.126987947808945956, 0.1183306359042599343, -0.01141768780968355906 ) ) ;
#2063 = ORIENTED_EDGE ( 'NONE', *, *, #9108, .F. ) ;
#2064 = CYLINDRICAL_SURFACE ( 'NONE', #8400, 0.8099999999999999423 ) ;
#2065 = B_SPLINE_CURVE_WITH_KNOTS ( 'NONE', 3,
 ( #3980, #9175, #9116, #2337 ),
 .UNSPECIFIED., .F., .F.,
 ( 4, 4 ),
 ( 0.000000000000000000, 1.000000000000000000 ),
 .UNSPECIFIED. ) ;
#2066 = CARTESIAN_POINT ( 'NONE',  ( 1.128381582675429762, 0.1086294097195653618, -0.003448083345560892625 ) ) ;
#2067 = CARTESIAN_POINT ( 'NONE',  ( 1.132381764682298009, 0.1467578530957289740, -0.003083250338844134228 ) ) ;
#2068 = FILL_AREA_STYLE ('',( #10748 ) ) ;
#2069 = MECHANICAL_DESIGN_GEOMETRIC_PRESENTATION_REPRESENTATION (  '', ( #1903 ), #7899 ) ;
#2070 = PLANE ( 'NONE',  #1672 ) ;
#2071 = LINE ( 'NONE', #6066, #3947 ) ;
#2072 = CARTESIAN_POINT ( 'NONE',  ( 1.136892900203421153, 0.1197098140983045705, -0.01834552488835463832 ) ) ;
#2073 = VERTEX_POINT ( 'NONE', #2458 ) ;
#2074 = ORIENTED_EDGE ( 'NONE', *, *, #10371, .F. ) ;
#2075 =( NAMED_UNIT ( * ) PLANE_ANGLE_UNIT ( ) SI_UNIT ( $, .RADIAN. ) );
#2076 = COLOUR_RGB ( '',0.000000000000000000, 0.000000000000000000, 0.000000000000000000 ) ;
#2077 = EDGE_CURVE ( 'NONE', #5179, #6816, #1465, .T. ) ;
#2078 =( LENGTH_UNIT ( ) NAMED_UNIT ( * ) SI_UNIT ( .MILLI., .METRE. ) );
#2079 = VERTEX_POINT ( 'NONE', #11081 ) ;
#2080 = CARTESIAN_POINT ( 'NONE',  ( 1.105869386875753202, 0.2167552504410028835, -0.01788147175799061073 ) ) ;
#2081 = EDGE_CURVE ( 'NONE', #4322, #6714, #7083, .T. ) ;
#2082 = CARTESIAN_POINT ( 'NONE',  ( 1.145742080938746632, 0.01001729627610151337, -0.01331357794592745621 ) ) ;
#2083 = PRESENTATION_LAYER_ASSIGNMENT (  '', '', ( #2639 ) ) ;
#2084 = CARTESIAN_POINT ( 'NONE',  ( 0.3357876820061003187, 0.000000000000000000, -0.02230649118531772071 ) ) ;
#2085 = ORIENTED_EDGE ( 'NONE', *, *, #2571, .F. ) ;
#2086 = CARTESIAN_POINT ( 'NONE',  ( 1.124935003225782770, 0.1313259510218747206, 0.05687885185883353317 ) ) ;
#2087 = AXIS2_PLACEMENT_3D ( 'NONE', #11125, #4213, #3385 ) ;
#2088 = EDGE_CURVE ( 'NONE', #2330, #5179, #8351, .T. ) ;
#2089 = CARTESIAN_POINT ( 'NONE',  ( 1.134656562537616376, 0.1338233209168624149, -0.008153775820486909576 ) ) ;
#2090 = EDGE_CURVE ( 'NONE', #7676, #886, #8800, .T. ) ;
#2091 = VERTEX_POINT ( 'NONE', #11243 ) ;
#2092 = ORIENTED_EDGE ( 'NONE', *, *, #8620, .T. ) ;
#2093 =( NAMED_UNIT ( * ) SI_UNIT ( $, .STERADIAN. ) SOLID_ANGLE_UNIT ( ) );
#2094 = DIRECTION ( 'NONE',  ( 3.491481338843133355E-15, -0.000000000000000000, 1.000000000000000000 ) ) ;
#2095 = CARTESIAN_POINT ( 'NONE',  ( 1.137661881051640567, 0.1144454844241282188, -0.01520011424547613316 ) ) ;
#2096 = PRESENTATION_LAYER_ASSIGNMENT (  '', '', ( #3919 ) ) ;
#2097 = PRESENTATION_STYLE_ASSIGNMENT (( #1143 ) ) ;
#2098 = ORIENTED_EDGE ( 'NONE', *, *, #1041, .F. ) ;
#2099 = CARTESIAN_POINT ( 'NONE',  ( 1.133496223107700374, 0.1405741208528688002, -0.02012873051028123486 ) ) ;
#2100 = ORIENTED_EDGE ( 'NONE', *, *, #2982, .F. ) ;
#2101 = EDGE_CURVE ( 'NONE', #3336, #1895, #1274, .T. ) ;
#2102 = CARTESIAN_POINT ( 'NONE',  ( 1.124539041545190576, 0.1336835548047583255, -0.01590420228336721087 ) ) ;
#2103 = CARTESIAN_POINT ( 'NONE',  ( 1.138194018417720388, 0.1106529316669102869, -0.02217549806215573724 ) ) ;
#2104 = VERTEX_POINT ( 'NONE', #5069 ) ;
#2105 = ORIENTED_EDGE ( 'NONE', *, *, #5567, .F. ) ;
#2106 = DIRECTION ( 'NONE',  ( 0.9828395459913581433, 0.1844625350457399782, -3.431565933905884445E-15 ) ) ;
#2107 =( LENGTH_UNIT ( ) NAMED_UNIT ( * ) SI_UNIT ( .MILLI., .METRE. ) );
#2108 = CARTESIAN_POINT ( 'NONE',  ( 1.123752538354642061, 0.1382557377179449709, -0.002897676747495088901 ) ) ;
#2109 = DIRECTION ( 'NONE',  ( -0.2323806261865586364, 0.9726249249187185475, 8.113526198390514525E-16 ) ) ;
#2110 = ORIENTED_EDGE ( 'NONE', *, *, #9573, .T. ) ;
#2111 = EDGE_CURVE ( 'NONE', #9068, #3357, #4282, .T. ) ;
#2112 = FILL_AREA_STYLE_COLOUR ( '', #524 ) ;
#2113 = FILL_AREA_STYLE ('',( #9938 ) ) ;
#2114 =( NAMED_UNIT ( * ) SI_UNIT ( $, .STERADIAN. ) SOLID_ANGLE_UNIT ( ) );
#2115 = EDGE_CURVE ( 'NONE', #6005, #7582, #8438, .T. ) ;
#2116 = SURFACE_SIDE_STYLE ('',( #7256 ) ) ;
#2117 = SURFACE_STYLE_USAGE ( .BOTH. , #10699 ) ;
#2118 = CARTESIAN_POINT ( 'NONE',  ( 1.116469405313945229, 0.1747456634457452418, -0.007864499339870075281 ) ) ;
#2119 = CARTESIAN_POINT ( 'NONE',  ( 1.135299299796363348, 0.02794947259603342352, -0.02606900220520719236 ) ) ;
#2120 = CARTESIAN_POINT ( 'NONE',  ( 1.127106225578279775, 0.1175370690412406716, 0.05368589447794498704 ) ) ;
#2121 = CARTESIAN_POINT ( 'NONE',  ( 1.135839162738410568, 0.1265607687162106088, 0.03013988056217904374 ) ) ;
#2122 = ORIENTED_EDGE ( 'NONE', *, *, #5067, .F. ) ;
#2123 = EDGE_LOOP ( 'NONE', ( #3202, #9234, #4587 ) ) ;
#2124 = B_SPLINE_CURVE_WITH_KNOTS ( 'NONE', 1,
 ( #10130, #592 ),
 .UNSPECIFIED., .F., .F.,
 ( 2, 2 ),
 ( 0.000000000000000000, 1.000000000000000000 ),
 .UNSPECIFIED. ) ;
#2125 = ORIENTED_EDGE ( 'NONE', *, *, #5550, .T. ) ;
#2126 = SURFACE_STYLE_FILL_AREA ( #5431 ) ;
#2127 = ORIENTED_EDGE ( 'NONE', *, *, #9325, .F. ) ;
#2128 =( LENGTH_UNIT ( ) NAMED_UNIT ( * ) SI_UNIT ( .MILLI., .METRE. ) );
#2129 = CARTESIAN_POINT ( 'NONE',  ( 1.127510026543594224, 0.1147994538504487350, -0.01495996018604689101 ) ) ;
#2130 = CIRCLE ( 'NONE', #3030, 0.8000000000000000444 ) ;
#2131 = CARTESIAN_POINT ( 'NONE',  ( 1.144790971850309980, -0.04035869597112497209, 0.05350304952686621429 ) ) ;
#2132 = EDGE_CURVE ( 'NONE', #630, #7208, #5529, .T. ) ;
#2133 = B_SPLINE_CURVE_WITH_KNOTS ( 'NONE', 3,
 ( #6457, #2918, #1006, #4581 ),
 .UNSPECIFIED., .F., .F.,
 ( 4, 4 ),
 ( 0.000000000000000000, 1.000000000000000000 ),
 .UNSPECIFIED. ) ;
#2134 = CARTESIAN_POINT ( 'NONE',  ( 1.137001491276681042, 0.1190452292889973285, -0.006841653618846280267 ) ) ;
#2135 = AXIS2_PLACEMENT_3D ( 'NONE', #3304, #765, #5084 ) ;
#2136 =( LENGTH_UNIT ( ) NAMED_UNIT ( * ) SI_UNIT ( .MILLI., .METRE. ) );
#2137 = ORIENTED_EDGE ( 'NONE', *, *, #696, .T. ) ;
#2138 = FACE_OUTER_BOUND ( 'NONE', #10733, .T. ) ;
#2139 = PLANE ( 'NONE',  #6277 ) ;
#2140 = CARTESIAN_POINT ( 'NONE',  ( 1.127001345246678721, 0.1734805411687938004, 0.05522454163239618602 ) ) ;
#2141 = ORIENTED_EDGE ( 'NONE', *, *, #1421, .F. ) ;
#2142 = VERTEX_POINT ( 'NONE', #6893 ) ;
#2143 = SURFACE_STYLE_USAGE ( .BOTH. , #1896 ) ;
#2144 = EDGE_CURVE ( 'NONE', #2199, #6713, #4111, .T. ) ;
#2145 = CARTESIAN_POINT ( 'NONE',  ( 1.126384624049143079, 0.1222966689333342682, -0.01123757226533032491 ) ) ;
#2146 =( NAMED_UNIT ( * ) SI_UNIT ( $, .STERADIAN. ) SOLID_ANGLE_UNIT ( ) );
#2147 = ADVANCED_FACE ( 'NONE', ( #7759 ), #3293, .T. ) ;
#2148 = B_SPLINE_CURVE_WITH_KNOTS ( 'NONE', 3,
 ( #85, #7793, #2714, #1228 ),
 .UNSPECIFIED., .F., .F.,
 ( 4, 4 ),
 ( 0.000000000000000000, 1.000000000000000000 ),
 .UNSPECIFIED. ) ;
#2149 = EDGE_CURVE ( 'NONE', #6353, #744, #4186, .T. ) ;
#2150 = FILL_AREA_STYLE_COLOUR ( '', #5153 ) ;
#2151 = CARTESIAN_POINT ( 'NONE',  ( 1.127762199581942681, 0.1130325772090155223, -0.01520011424547607938 ) ) ;
#2152 = FILL_AREA_STYLE ('',( #10833 ) ) ;
#2153 = ORIENTED_EDGE ( 'NONE', *, *, #7315, .T. ) ;
#2154 = ADVANCED_FACE ( 'NONE', ( #6792 ), #580, .T. ) ;
#2155 = CARTESIAN_POINT ( 'NONE',  ( 1.123707645301834201, 0.1384999988362845269, -0.01940281028526793378 ) ) ;
#2156 = CARTESIAN_POINT ( 'NONE',  ( 1.134255963631839892, -0.04951213076256869711, 0.04687553977634345559 ) ) ;
#2157 = ORIENTED_EDGE ( 'NONE', *, *, #4832, .F. ) ;
#2158 = CARTESIAN_POINT ( 'NONE',  ( 1.110998937974701839, 0.1976044245951587564, 0.05687885185883385930 ) ) ;
#2159 = CARTESIAN_POINT ( 'NONE',  ( 1.142857737833792298, -0.06935744523433315378, -0.005564496879110071570 ) ) ;
#2160 = CARTESIAN_POINT ( 'NONE',  ( 1.117547128931093425, 0.2120192612559748113, 0.02485103320822999728 ) ) ;
#2161 = VERTEX_POINT ( 'NONE', #1084 ) ;
#2162 = VERTEX_POINT ( 'NONE', #9739 ) ;
#2163 = B_SPLINE_CURVE_WITH_KNOTS ( 'NONE', 3,
 ( #8682, #1748, #5040, #9416 ),
 .UNSPECIFIED., .F., .F.,
 ( 4, 4 ),
 ( 0.000000000000000000, 1.000000000000000000 ),
 .UNSPECIFIED. ) ;
#2164 = SURFACE_STYLE_USAGE ( .BOTH. , #5574 ) ;
#2165 = CARTESIAN_POINT ( 'NONE',  ( 1.145490092083413680, -0.02195466043896960109, -0.003069660892609702395 ) ) ;
#2166 = SURFACE_STYLE_USAGE ( .BOTH. , #9987 ) ;
#2167 = CARTESIAN_POINT ( 'NONE',  ( 1.135407184377000389, 0.1292619488794606308, 0.3561756190388881138 ) ) ;
#2168 = CARTESIAN_POINT ( 'NONE',  ( 1.124099963293829996, 0.1362721289186305251, -0.02637904226169575719 ) ) ;
#2169 = ORIENTED_EDGE ( 'NONE', *, *, #11262, .T. ) ;
#2170 = DIRECTION ( 'NONE',  ( 0.9994477317573293718, 0.03322997871093859301, -3.489775742687717791E-15 ) ) ;
#2171 = SURFACE_STYLE_USAGE ( .BOTH. , #1270 ) ;
#2172 = UNCERTAINTY_MEASURE_WITH_UNIT (LENGTH_MEASURE( 1.000000000000000082E-05 ), #9788, 'distance_accuracy_value', 'NONE');
#2173 = AXIS2_PLACEMENT_3D ( 'NONE', #238, #8150, #7197 ) ;
#2174 = SURFACE_STYLE_FILL_AREA ( #3820 ) ;
#2175 = CARTESIAN_POINT ( 'NONE',  ( 1.135477945782553677, 0.02225942544512677507, 0.05363107046182945953 ) ) ;
#2176 = CARTESIAN_POINT ( 'NONE',  ( 1.134101489487372660, 0.1370950939485292563, 0.3561756190388881693 ) ) ;
#2177 = CARTESIAN_POINT ( 'NONE',  ( 1.125961983963937652, 0.1249982900900838689, 0.05610926725935867776 ) ) ;
#2178 = STYLED_ITEM ( 'NONE', ( #8856 ), #5412 ) ;
#2179 = CARTESIAN_POINT ( 'NONE',  ( 1.129567026625342141, 0.09957083938507038656, 0.006069894152875370506 ) ) ;
#2180 = CARTESIAN_POINT ( 'NONE',  ( 1.127982504462436530, 0.1115092511638506728, 0.05228953868671422367 ) ) ;
#2181 = VECTOR ( 'NONE', #5397, 1000.000000000000114 ) ;
#2182 = VERTEX_POINT ( 'NONE', #9801 ) ;
#2183 = ORIENTED_EDGE ( 'NONE', *, *, #9903, .T. ) ;
#2184 = LINE ( 'NONE', #2865, #136 ) ;
#2185 = B_SPLINE_CURVE_WITH_KNOTS ( 'NONE', 3,
 ( #10642, #343, #9758, #5479 ),
 .UNSPECIFIED., .F., .F.,
 ( 4, 4 ),
 ( 0.000000000000000000, 1.000000000000000000 ),
 .UNSPECIFIED. ) ;
#2186 = ORIENTED_EDGE ( 'NONE', *, *, #9314, .F. ) ;
#2187 =( GEOMETRIC_REPRESENTATION_CONTEXT ( 3 ) GLOBAL_UNCERTAINTY_ASSIGNED_CONTEXT ( ( #7991 ) ) GLOBAL_UNIT_ASSIGNED_CONTEXT ( ( #4676, #3871, #3011 ) ) REPRESENTATION_CONTEXT ( 'NONE', 'WORKASPACE' ) );
#2188 = CARTESIAN_POINT ( 'NONE',  ( 1.122922845730287777, 0.1428923861823872266, -0.01973575114034626515 ) ) ;
#2189 = UNCERTAINTY_MEASURE_WITH_UNIT (LENGTH_MEASURE( 1.000000000000000082E-05 ), #6726, 'distance_accuracy_value', 'NONE');
#2190 = CARTESIAN_POINT ( 'NONE',  ( 1.144584325190594276, -0.04412885649106503688, -0.01078138772493339448 ) ) ;
#2191 = CIRCLE ( 'NONE', #3632, 0.4000000000000000222 ) ;
#2192 = EDGE_CURVE ( 'NONE', #3023, #3429, #10473, .T. ) ;
#2193 = FILL_AREA_STYLE_COLOUR ( '', #2389 ) ;
#2194 = COLOUR_RGB ( '',1.000000000000000000, 0.8431372549019607865, 0.3725490196078431460 ) ;
#2195 = CARTESIAN_POINT ( 'NONE',  ( 1.103015172088732232, 0.2266341354892984494, -0.02011781441668578085 ) ) ;
#2196 = AXIS2_PLACEMENT_3D ( 'NONE', #8326, #6677, #1564 ) ;
#2197 = AXIS2_PLACEMENT_3D ( 'NONE', #4258, #3505, #5167 ) ;
#2198 = CARTESIAN_POINT ( 'NONE',  ( 1.138602848732806150, 0.1076466816654080144, 0.3561756190388881138 ) ) ;
#2199 = VERTEX_POINT ( 'NONE', #1784 ) ;
#2200 = UNCERTAINTY_MEASURE_WITH_UNIT (LENGTH_MEASURE( 1.000000000000000082E-05 ), #6960, 'distance_accuracy_value', 'NONE');
#2201 = SURFACE_SIDE_STYLE ('',( #482 ) ) ;
#2202 = CARTESIAN_POINT ( 'NONE',  ( 1.127003683501815567, 0.1182253736603632172, -0.02242111016831040832 ) ) ;
#2203 = FACE_OUTER_BOUND ( 'NONE', #260, .T. ) ;
#2204 = ORIENTED_EDGE ( 'NONE', *, *, #10334, .F. ) ;
#2205 = ORIENTED_EDGE ( 'NONE', *, *, #6149, .F. ) ;
#2207 = B_SPLINE_CURVE_WITH_KNOTS ( 'NONE', 3,
 ( #8552, #10358, #10417, #2519 ),
 .UNSPECIFIED., .F., .F.,
 ( 4, 4 ),
 ( 0.000000000000000000, 1.000000000000000000 ),
 .UNSPECIFIED. ) ;
#2206 = AXIS2_PLACEMENT_3D ( 'NONE', #2748, #6382, #5527 ) ;
#2208 = COLOUR_RGB ( '',0.000000000000000000, 0.000000000000000000, 0.000000000000000000 ) ;
#2209 = STYLED_ITEM ( 'NONE', ( #6691 ), #2916 ) ;
#2210 = VECTOR ( 'NONE', #5904, 1000.000000000000227 ) ;
#2211 =( NAMED_UNIT ( * ) PLANE_ANGLE_UNIT ( ) SI_UNIT ( $, .RADIAN. ) );
#2212 = B_SPLINE_CURVE_WITH_KNOTS ( 'NONE', 1,
 ( #9194, #7517 ),
 .UNSPECIFIED., .F., .F.,
 ( 2, 2 ),
 ( 0.000000000000000000, 1.000000000000000000 ),
 .UNSPECIFIED. ) ;
#2213 = CARTESIAN_POINT ( 'NONE',  ( 1.116353103553231918, 0.1752645868438717780, 0.04479987313971275920 ) ) ;
#2214 = VERTEX_POINT ( 'NONE', #1940 ) ;
#2215 = PRESENTATION_LAYER_ASSIGNMENT (  '', '', ( #6210 ) ) ;
#2216 =( NAMED_UNIT ( * ) SI_UNIT ( $, .STERADIAN. ) SOLID_ANGLE_UNIT ( ) );
#2217 = EDGE_CURVE ( 'NONE', #6630, #10872, #8866, .T. ) ;
#2218 = CARTESIAN_POINT ( 'NONE',  ( 1.112079110967910678, 0.1933174004595322459, 0.05687885185883385930 ) ) ;
#2219 = ORIENTED_EDGE ( 'NONE', *, *, #1812, .F. ) ;
#2220 = EDGE_LOOP ( 'NONE', ( #6542, #5405, #3998, #5881, #7965, #5097, #8488, #2414, #5573, #8180, #4995, #7746, #8061, #3877, #144, #10665, #11268, #6872, #7638, #3306, #1435, #3772, #9013, #10992 ) ) ;
#2221 =( LENGTH_UNIT ( ) NAMED_UNIT ( * ) SI_UNIT ( .MILLI., .METRE. ) );
#2222 = PRESENTATION_STYLE_ASSIGNMENT (( #10887 ) ) ;
#2223 = STYLED_ITEM ( 'NONE', ( #1507 ), #4600 ) ;
#2224 = ORIENTED_EDGE ( 'NONE', *, *, #11157, .T. ) ;
#2225 = ORIENTED_EDGE ( 'NONE', *, *, #828, .F. ) ;
#2226 = EDGE_CURVE ( 'NONE', #10253, #6353, #8029, .T. ) ;
#2227 = CARTESIAN_POINT ( 'NONE',  ( 1.133525954218539855, -0.06011363445601881905, -0.01035669719184060394 ) ) ;
#2228 = ADVANCED_FACE ( 'NONE', ( #2835 ), #8098, .T. ) ;
#2229 = EDGE_CURVE ( 'NONE', #5968, #6134, #7742, .T. ) ;
#2230 = SURFACE_STYLE_USAGE ( .BOTH. , #7427 ) ;
#2231 = ORIENTED_EDGE ( 'NONE', *, *, #8129, .F. ) ;
#2232 = CARTESIAN_POINT ( 'NONE',  ( 1.125470872090079011, 0.1280648398010424960, -0.01046252961891072121 ) ) ;
#2233 =( LENGTH_UNIT ( ) NAMED_UNIT ( * ) SI_UNIT ( .MILLI., .METRE. ) );
#2234 = AXIS2_PLACEMENT_3D ( 'NONE', #11022, #2109, #6443 ) ;
#2235 = EDGE_CURVE ( 'NONE', #4724, #5648, #10055, .T. ) ;
#2236 = CARTESIAN_POINT ( 'NONE',  ( 1.121273333350524926, 0.1977682773652674753, 0.05278531675530418604 ) ) ;
#2237 = ADVANCED_FACE ( 'NONE', ( #3528 ), #4642, .T. ) ;
#2238 = ADVANCED_FACE ( 'NONE', ( #10101 ), #5543, .T. ) ;
#2239 = SURFACE_SIDE_STYLE ('',( #4062 ) ) ;
#2240 =( NAMED_UNIT ( * ) PLANE_ANGLE_UNIT ( ) SI_UNIT ( $, .RADIAN. ) );
#2241 =( GEOMETRIC_REPRESENTATION_CONTEXT ( 3 ) GLOBAL_UNCERTAINTY_ASSIGNED_CONTEXT ( ( #3120 ) ) GLOBAL_UNIT_ASSIGNED_CONTEXT ( ( #2454, #5129, #10510 ) ) REPRESENTATION_CONTEXT ( 'NONE', 'WORKASPACE' ) );
#2242 = SURFACE_STYLE_FILL_AREA ( #10177 ) ;
#2243 = CYLINDRICAL_SURFACE ( 'NONE', #2028, 0.8099999999999999423 ) ;
#2244 =( GEOMETRIC_REPRESENTATION_CONTEXT ( 3 ) GLOBAL_UNCERTAINTY_ASSIGNED_CONTEXT ( ( #262 ) ) GLOBAL_UNIT_ASSIGNED_CONTEXT ( ( #3223, #11075, #3339 ) ) REPRESENTATION_CONTEXT ( 'NONE', 'WORKASPACE' ) );
#2245 = DIRECTION ( 'NONE',  ( 3.491481338843133355E-15, -0.000000000000000000, 1.000000000000000000 ) ) ;
#2246 = FILL_AREA_STYLE ('',( #10127 ) ) ;
#2247 = CARTESIAN_POINT ( 'NONE',  ( 1.143828039426259435, -0.05649808025065591183, -0.03584223418515148502 ) ) ;
#2248 = VERTEX_POINT ( 'NONE', #1259 ) ;
#2249 = FILL_AREA_STYLE ('',( #4983 ) ) ;
#2250 = ORIENTED_EDGE ( 'NONE', *, *, #6244, .T. ) ;
#2251 =( NAMED_UNIT ( * ) PLANE_ANGLE_UNIT ( ) SI_UNIT ( $, .RADIAN. ) );
#2252 = COLOUR_RGB ( '',0.000000000000000000, 0.000000000000000000, 0.000000000000000000 ) ;
#2253 =( NAMED_UNIT ( * ) SI_UNIT ( $, .STERADIAN. ) SOLID_ANGLE_UNIT ( ) );
#2254 = CARTESIAN_POINT ( 'NONE',  ( 1.121722023769949450, 0.1493559856056164425, -0.003083250338844025808 ) ) ;
#2255 = FACE_OUTER_BOUND ( 'NONE', #3554, .T. ) ;
#2256 = CARTESIAN_POINT ( 'NONE',  ( 1.135689695084818762, -0.01445773066304521445, 0.0007064424059899497175 ) ) ;
#2257 = AXIS2_PLACEMENT_3D ( 'NONE', #1056, #4578, #7203 ) ;
#2258 = ORIENTED_EDGE ( 'NONE', *, *, #10644, .F. ) ;
#2259 = CARTESIAN_POINT ( 'NONE',  ( 1.131451384935950211, 0.08318216058723265638, 0.05687885185883342215 ) ) ;
#2260 = PRESENTATION_STYLE_ASSIGNMENT (( #4874 ) ) ;
#2261 = VERTEX_POINT ( 'NONE', #8139 ) ;
#2262 = ORIENTED_EDGE ( 'NONE', *, *, #10687, .F. ) ;
#2263 = CARTESIAN_POINT ( 'NONE',  ( 1.113505489076544341, 0.1874967001457347460, -0.02595792449772794594 ) ) ;
#2264 = LINE ( 'NONE', #9249, #2747 ) ;
#2265 = EDGE_CURVE ( 'NONE', #4998, #7011, #3972, .T. ) ;
#2266 = FILL_AREA_STYLE ('',( #3048 ) ) ;
#2267 = CARTESIAN_POINT ( 'NONE',  ( 1.102770225436517038, 0.2498977574611669361, -0.02595792449772775512 ) ) ;
#2268 = CARTESIAN_POINT ( 'NONE',  ( 1.127863673027581282, 0.1123192968609521003, -0.02320706890818121509 ) ) ;
#2269 = DIRECTION ( 'NONE',  ( 1.000000000000000000, 0.000000000000000000, -3.491658038126059717E-15 ) ) ;
#2270 = CARTESIAN_POINT ( 'NONE',  ( 1.123118058767074157, 0.1418128267450560198, -0.007471519969934293723 ) ) ;
#2271 = CARTESIAN_POINT ( 'NONE',  ( 1.099205000812350397, 0.2391526653555763049, -0.01357907434454587274 ) ) ;
#2272 = SURFACE_SIDE_STYLE ('',( #7415 ) ) ;
#2273 = ORIENTED_EDGE ( 'NONE', *, *, #88, .T. ) ;
#2274 = ORIENTED_EDGE ( 'NONE', *, *, #9970, .T. ) ;
#2275 = CARTESIAN_POINT ( 'NONE',  ( 1.126317533948270500, 0.1227506876590523099, 0.05288127678556241856 ) ) ;
#2276 = ORIENTED_EDGE ( 'NONE', *, *, #6611, .F. ) ;
#2277 = EDGE_LOOP ( 'NONE', ( #9313, #5677, #7800, #10113 ) ) ;
#2278 =( NAMED_UNIT ( * ) PLANE_ANGLE_UNIT ( ) SI_UNIT ( $, .RADIAN. ) );
#2279 = FACE_OUTER_BOUND ( 'NONE', #8089, .T. ) ;
#2280 = EDGE_CURVE ( 'NONE', #1031, #3913, #3352, .T. ) ;
#2281 = UNCERTAINTY_MEASURE_WITH_UNIT (LENGTH_MEASURE( 1.000000000000000082E-05 ), #5961, 'distance_accuracy_value', 'NONE');
#2282 = CARTESIAN_POINT ( 'NONE',  ( 1.134101489487371550, 0.1370950939485292563, 0.05319467026563504813 ) ) ;
#2283 = ORIENTED_EDGE ( 'NONE', *, *, #3045, .F. ) ;
#2284 = CARTESIAN_POINT ( 'NONE',  ( 1.127660083813132763, 0.1137457658832261437, -0.005817731787995843520 ) ) ;
#2285 =( NAMED_UNIT ( * ) SI_UNIT ( $, .STERADIAN. ) SOLID_ANGLE_UNIT ( ) );
#2286 = CARTESIAN_POINT ( 'NONE',  ( 1.145712087290207126, 0.01131962234738234999, 0.008847227779116780683 ) ) ;
#2287 = CARTESIAN_POINT ( 'NONE',  ( 1.145769220223725959, -0.01166038448206151504, 0.002243507983906917799 ) ) ;
#2288 = CARTESIAN_POINT ( 'NONE',  ( 1.107437488267243308, 0.2110842876605001917, -0.01896616654087048340 ) ) ;
#2289 = EDGE_CURVE ( 'NONE', #9083, #10785, #8663, .T. ) ;
#2290 = PRESENTATION_STYLE_ASSIGNMENT (( #11031 ) ) ;
#2291 = B_SPLINE_CURVE_WITH_KNOTS ( 'NONE', 3,
 ( #5116, #7633, #6707, #7530 ),
 .UNSPECIFIED., .F., .F.,
 ( 4, 4 ),
 ( 0.000000000000000000, 1.000000000000000000 ),
 .UNSPECIFIED. ) ;
#2292 = CARTESIAN_POINT ( 'NONE',  ( 1.125410059083553627, 0.1284392678001068933, -0.01166875796278303047 ) ) ;
#2293 = SURFACE_SIDE_STYLE ('',( #2345 ) ) ;
#2294 = CARTESIAN_POINT ( 'NONE',  ( 1.122226444519784261, 0.1466767630401822065, 0.03927665091328538111 ) ) ;
#2295 = EDGE_CURVE ( 'NONE', #5727, #8833, #9732, .T. ) ;
#2296 = ORIENTED_EDGE ( 'NONE', *, *, #446, .T. ) ;
#2297 = DIRECTION ( 'NONE',  ( -1.000000000000000000, 0.000000000000000000, 3.499639923845615483E-15 ) ) ;
#2298 = VECTOR ( 'NONE', #2106, 1000.000000000000114 ) ;
#2299 = EDGE_LOOP ( 'NONE', ( #8770, #2468 ) ) ;
#2300 = CARTESIAN_POINT ( 'NONE',  ( 1.120304252663790523, 0.1556084096285833551, -0.02151967980650596260 ) ) ;
#2301 = CARTESIAN_POINT ( 'NONE',  ( 1.145039381867644979, -0.03479447812398914208, -0.02630446206027681200 ) ) ;
#2302 = CARTESIAN_POINT ( 'NONE',  ( 1.144337773143835557, -0.04844326703640681325, -0.02335198188334054389 ) ) ;
#2303 = PRESENTATION_LAYER_ASSIGNMENT (  '', '', ( #10700 ) ) ;
#2304 = CARTESIAN_POINT ( 'NONE',  ( 0.3357876820061005407, 0.000000000000000000, 0.04294445836609057932 ) ) ;
#2305 = DIRECTION ( 'NONE',  ( 0.9826711277343380679, 0.1853576400295496585, -3.430483436379916373E-15 ) ) ;
#2306 = ORIENTED_EDGE ( 'NONE', *, *, #9534, .T. ) ;
#2307 = VECTOR ( 'NONE', #7047, 1000.000000000000114 ) ;
#2308 = B_SPLINE_SURFACE_WITH_KNOTS ( 'NONE', 1, 3, ( 
 ( #1890, #3466, #4498, #9626 ),
 ( #10460, #4451, #155, #6019 ) ),
 .UNSPECIFIED., .F., .F., .F.,
 ( 2, 2 ),
 ( 4, 4 ),
 ( 0.000000000000000000, 1.000000000000000000 ),
 ( 0.000000000000000000, 1.000000000000000000 ),
 .UNSPECIFIED. ) ;
#2309 = DIRECTION ( 'NONE',  ( -3.491481338843133355E-15, 0.000000000000000000, -1.000000000000000000 ) ) ;
#2310 = AXIS2_PLACEMENT_3D ( 'NONE', #5602, #10768, #8905 ) ;
#2311 = ORIENTED_EDGE ( 'NONE', *, *, #4927, .F. ) ;
#2312 = EDGE_LOOP ( 'NONE', ( #963, #3981, #5498, #10722, #7413, #658, #1655, #7334, #8799, #1881, #9419, #8894 ) ) ;
#2313 = CARTESIAN_POINT ( 'NONE',  ( 1.126701197459290427, 0.1202639216319914550, 0.05351441099587752465 ) ) ;
#2314 = CARTESIAN_POINT ( 'NONE',  ( 0.3357876820061003187, 0.000000000000000000, -0.02230649118531772071 ) ) ;
#2315 = CARTESIAN_POINT ( 'NONE',  ( 1.115764356625759124, 0.1778905782158015092, 0.03292748594806897688 ) ) ;
#2316 = PRESENTATION_LAYER_ASSIGNMENT (  '', '', ( #5400 ) ) ;
#2317 = CARTESIAN_POINT ( 'NONE',  ( 1.123766505046832620, 0.1381750671323716817, -0.01397751176132020282 ) ) ;
#2318 = EDGE_CURVE ( 'NONE', #6153, #1905, #1378, .T. ) ;
#2319 = CARTESIAN_POINT ( 'NONE',  ( 0.3357876820061025391, 0.000000000000000000, 0.6101939685163952909 ) ) ;
#2320 = CARTESIAN_POINT ( 'NONE',  ( 1.145739765047277592, -0.008810401651392119754, 0.06547198176484779475 ) ) ;
#2321 = UNCERTAINTY_MEASURE_WITH_UNIT (LENGTH_MEASURE( 1.000000000000000082E-05 ), #10172, 'distance_accuracy_value', 'NONE');
#2322 = CARTESIAN_POINT ( 'NONE',  ( 0.9357876820061012957, 0.000000000000000000, 0.3561756190388887799 ) ) ;
#2323 = CARTESIAN_POINT ( 'NONE',  ( 1.132959688476586235, 0.1435854870793692173, -0.003574474551373189955 ) ) ;
#2324 = B_SPLINE_CURVE_WITH_KNOTS ( 'NONE', 3,
 ( #9782, #312, #10658, #200 ),
 .UNSPECIFIED., .F., .F.,
 ( 4, 4 ),
 ( 7.692761294971181053E-05, 1.000000000000000000 ),
 .UNSPECIFIED. ) ;
#2325 = CARTESIAN_POINT ( 'NONE',  ( 1.144836915451344250, -0.03923439641007622769, -0.04109815672384146967 ) ) ;
#2326 = ORIENTED_EDGE ( 'NONE', *, *, #4243, .F. ) ;
#2327 = SURFACE_SIDE_STYLE ('',( #1651 ) ) ;
#2328 = CARTESIAN_POINT ( 'NONE',  ( 0.3357876820061003187, 0.000000000000000000, -0.01357907434454321688 ) ) ;
#2329 = UNCERTAINTY_MEASURE_WITH_UNIT (LENGTH_MEASURE( 1.000000000000000082E-05 ), #1284, 'distance_accuracy_value', 'NONE');
#2330 = VERTEX_POINT ( 'NONE', #10951 ) ;
#2331 = B_SPLINE_CURVE_WITH_KNOTS ( 'NONE', 3,
 ( #10826, #5609, #7355, #7455 ),
 .UNSPECIFIED., .F., .F.,
 ( 4, 4 ),
 ( 0.000000000000000000, 1.000000000000000000 ),
 .UNSPECIFIED. ) ;
#2332 = ORIENTED_EDGE ( 'NONE', *, *, #2217, .F. ) ;
#2333 = DIRECTION ( 'NONE',  ( -3.491481338843133355E-15, 0.000000000000000000, -1.000000000000000000 ) ) ;
#2334 = CARTESIAN_POINT ( 'NONE',  ( 1.127112238818813283, 0.1174965777593716676, 0.05741919849254923519 ) ) ;
#2335 = CARTESIAN_POINT ( 'NONE',  ( 1.124245763469084558, 0.1354025619244731693, 0.04294445836608781764 ) ) ;
#2336 = EDGE_CURVE ( 'NONE', #8075, #9666, #4588, .T. ) ;
#2337 = CARTESIAN_POINT ( 'NONE',  ( 1.107437488267243308, 0.2110842876605001917, -0.01896616654087048340 ) ) ;
#2338 = VERTEX_POINT ( 'NONE', #3119 ) ;
#2339 = CARTESIAN_POINT ( 'NONE',  ( 1.107895777734488441, 0.2094017395120739145, 0.02485103320822999728 ) ) ;
#2340 = LINE ( 'NONE', #6562, #8735 ) ;
#2341 = B_SPLINE_CURVE_WITH_KNOTS ( 'NONE', 3,
 ( #9811, #5473, #4681, #8876 ),
 .UNSPECIFIED., .F., .F.,
 ( 4, 4 ),
 ( 0.000000000000000000, 1.000000000000000000 ),
 .UNSPECIFIED. ) ;
#2342 = DIRECTION ( 'NONE',  ( 1.000000000000000000, 0.000000000000000000, -3.492703757814028812E-15 ) ) ;
#2343 = B_SPLINE_CURVE_WITH_KNOTS ( 'NONE', 3,
 ( #5777, #11066, #6877, #4101 ),
 .UNSPECIFIED., .F., .F.,
 ( 4, 4 ),
 ( 0.000000000000000000, 1.000000000000000000 ),
 .UNSPECIFIED. ) ;
#2344 = CARTESIAN_POINT ( 'NONE',  ( -0.2642123179938981048, 7.347880794884116531E-17, 0.3561756190388930543 ) ) ;
#2345 = SURFACE_STYLE_FILL_AREA ( #2246 ) ;
#2346 =( LENGTH_UNIT ( ) NAMED_UNIT ( * ) SI_UNIT ( .MILLI., .METRE. ) );
#2347 = ORIENTED_EDGE ( 'NONE', *, *, #2289, .F. ) ;
#2348 = DIRECTION ( 'NONE',  ( -3.491481338843133355E-15, 0.000000000000000000, -1.000000000000000000 ) ) ;
#2349 =( GEOMETRIC_REPRESENTATION_CONTEXT ( 3 ) GLOBAL_UNCERTAINTY_ASSIGNED_CONTEXT ( ( #460 ) ) GLOBAL_UNIT_ASSIGNED_CONTEXT ( ( #9937, #3129, #1217 ) ) REPRESENTATION_CONTEXT ( 'NONE', 'WORKASPACE' ) );
#2350 = EDGE_CURVE ( 'NONE', #4085, #10727, #4956, .T. ) ;
#2351 = VERTEX_POINT ( 'NONE', #4152 ) ;
#2352 = FILL_AREA_STYLE_COLOUR ( '', #7317 ) ;
#2353 = CARTESIAN_POINT ( 'NONE',  ( 1.134724375931994267, 0.1334172368877528936, -0.008896070185896201923 ) ) ;
#2354 = EDGE_CURVE ( 'NONE', #2182, #386, #11259, .T. ) ;
#2355 = CARTESIAN_POINT ( 'NONE',  ( 1.129313905802805662, 0.1015688382543041973, 0.03574248274524814001 ) ) ;
#2356 = MECHANICAL_DESIGN_GEOMETRIC_PRESENTATION_REPRESENTATION (  '', ( #352 ), #9082 ) ;
#2357 = CARTESIAN_POINT ( 'NONE',  ( 1.126931083682117585, 0.1737939531352724332, 0.02670797707421490585 ) ) ;
#2358 = FILL_AREA_STYLE_COLOUR ( '', #6748 ) ;
#2359 = EDGE_CURVE ( 'NONE', #10912, #449, #4331, .T. ) ;
#2360 = ORIENTED_EDGE ( 'NONE', *, *, #4169, .F. ) ;
#2361 = AXIS2_PLACEMENT_3D ( 'NONE', #228, #10630, #6374 ) ;
#2362 = EDGE_CURVE ( 'NONE', #5852, #1630, #268, .T. ) ;
#2363 = VECTOR ( 'NONE', #6984, 1000.000000000000000 ) ;
#2364 =( NAMED_UNIT ( * ) PLANE_ANGLE_UNIT ( ) SI_UNIT ( $, .RADIAN. ) );
#2365 =( NAMED_UNIT ( * ) SI_UNIT ( $, .STERADIAN. ) SOLID_ANGLE_UNIT ( ) );
#2366 = ORIENTED_EDGE ( 'NONE', *, *, #3317, .T. ) ;
#2367 = ORIENTED_EDGE ( 'NONE', *, *, #4985, .T. ) ;
#2368 = CARTESIAN_POINT ( 'NONE',  ( 1.135839162738410568, 0.1265607687162099149, 0.05178649419006951804 ) ) ;
#2369 = CARTESIAN_POINT ( 'NONE',  ( 1.145738372182772524, 0.008937532228337216958, 0.01286980209940261771 ) ) ;
#2370 = ADVANCED_FACE ( 'NONE', ( #8589 ), #3274, .F. ) ;
#2371 = FILL_AREA_STYLE_COLOUR ( '', #7296 ) ;
#2372 =( GEOMETRIC_REPRESENTATION_CONTEXT ( 3 ) GLOBAL_UNCERTAINTY_ASSIGNED_CONTEXT ( ( #11106 ) ) GLOBAL_UNIT_ASSIGNED_CONTEXT ( ( #3376, #4378, #2489 ) ) REPRESENTATION_CONTEXT ( 'NONE', 'WORKASPACE' ) );
#2373 = CIRCLE ( 'NONE', #2005, 0.8099999999999999423 ) ;
#2374 = CARTESIAN_POINT ( 'NONE',  ( 1.135218496017687873, 0.1304238230108699936, -0.01287498630665485054 ) ) ;
#2375 =( GEOMETRIC_REPRESENTATION_CONTEXT ( 3 ) GLOBAL_UNCERTAINTY_ASSIGNED_CONTEXT ( ( #2200 ) ) GLOBAL_UNIT_ASSIGNED_CONTEXT ( ( #6960, #3633, #9199 ) ) REPRESENTATION_CONTEXT ( 'NONE', 'WORKASPACE' ) );
#2376 = CARTESIAN_POINT ( 'NONE',  ( 1.145627986111443120, 0.01608358935580373947, 0.0008011950998592634252 ) ) ;
#2377 = CARTESIAN_POINT ( 'NONE',  ( 1.128287767350910409, 0.1092868460907755884, -0.02217549806215562969 ) ) ;
#2378 = COLOUR_RGB ( '',0.000000000000000000, 0.000000000000000000, 0.000000000000000000 ) ;
#2379 = CARTESIAN_POINT ( 'NONE',  ( 1.128341356078030655, 0.1088975376906425457, 0.05013270600813111988 ) ) ;
#2380 = EDGE_LOOP ( 'NONE', ( #10983, #1016, #2793, #8230 ) ) ;
#2381 = B_SPLINE_CURVE_WITH_KNOTS ( 'NONE', 3,
 ( #6716, #7590, #10224, #5126 ),
 .UNSPECIFIED., .F., .F.,
 ( 4, 4 ),
 ( 0.000000000000000000, 1.000000000000000000 ),
 .UNSPECIFIED. ) ;
#2382 = CARTESIAN_POINT ( 'NONE',  ( 1.124675894295734224, 0.1837263957913116696, 0.02485103320822983769 ) ) ;
#2383 = EDGE_CURVE ( 'NONE', #44, #5664, #561, .T. ) ;
#2384 = ORIENTED_EDGE ( 'NONE', *, *, #192, .F. ) ;
#2385 =( GEOMETRIC_REPRESENTATION_CONTEXT ( 3 ) GLOBAL_UNCERTAINTY_ASSIGNED_CONTEXT ( ( #6757 ) ) GLOBAL_UNIT_ASSIGNED_CONTEXT ( ( #4594, #4704, #10715 ) ) REPRESENTATION_CONTEXT ( 'NONE', 'WORKASPACE' ) );
#2386 =( GEOMETRIC_REPRESENTATION_CONTEXT ( 3 ) GLOBAL_UNCERTAINTY_ASSIGNED_CONTEXT ( ( #575 ) ) GLOBAL_UNIT_ASSIGNED_CONTEXT ( ( #1902, #8781, #6211 ) ) REPRESENTATION_CONTEXT ( 'NONE', 'WORKASPACE' ) );
#2387 = CARTESIAN_POINT ( 'NONE',  ( 1.131473620200261765, 0.1516150607893255731, -0.03299918506542703217 ) ) ;
#2388 = AXIS2_PLACEMENT_3D ( 'NONE', #3152, #2486, #9497 ) ;
#2389 = COLOUR_RGB ( '',0.000000000000000000, 0.000000000000000000, 0.000000000000000000 ) ;
#2390 = SURFACE_STYLE_USAGE ( .BOTH. , #11011 ) ;
#2391 = VERTEX_POINT ( 'NONE', #10216 ) ;
#2392 = ORIENTED_EDGE ( 'NONE', *, *, #7201, .F. ) ;
#2393 =( GEOMETRIC_REPRESENTATION_CONTEXT ( 3 ) GLOBAL_UNCERTAINTY_ASSIGNED_CONTEXT ( ( #10440 ) ) GLOBAL_UNIT_ASSIGNED_CONTEXT ( ( #7518, #3957, #2365 ) ) REPRESENTATION_CONTEXT ( 'NONE', 'WORKASPACE' ) );
#2394 = CARTESIAN_POINT ( 'NONE',  ( 0.3357876820061003742, 0.000000000000000000, -0.003083250338841261092 ) ) ;
#2395 = CARTESIAN_POINT ( 'NONE',  ( 1.135041350207019351, 0.03454813840680420051, 0.03564162355583494479 ) ) ;
#2396 = STYLED_ITEM ( 'NONE', ( #1334 ), #800 ) ;
#2397 =( GEOMETRIC_REPRESENTATION_CONTEXT ( 3 ) GLOBAL_UNCERTAINTY_ASSIGNED_CONTEXT ( ( #784 ) ) GLOBAL_UNIT_ASSIGNED_CONTEXT ( ( #8550, #8719, #11201 ) ) REPRESENTATION_CONTEXT ( 'NONE', 'WORKASPACE' ) );
#2398 = SURFACE_STYLE_USAGE ( .BOTH. , #7591 ) ;
#2399 = STYLED_ITEM ( 'NONE', ( #3591 ), #6582 ) ;
#2400 = CARTESIAN_POINT ( 'NONE',  ( 1.113166517036147773, 0.1888971859169080725, 0.03361119833001464247 ) ) ;
#2401 =( GEOMETRIC_REPRESENTATION_CONTEXT ( 3 ) GLOBAL_UNCERTAINTY_ASSIGNED_CONTEXT ( ( #10375 ) ) GLOBAL_UNIT_ASSIGNED_CONTEXT ( ( #6793, #10237, #5027 ) ) REPRESENTATION_CONTEXT ( 'NONE', 'WORKASPACE' ) );
#2402 = ORIENTED_EDGE ( 'NONE', *, *, #339, .T. ) ;
#2403 = DIRECTION ( 'NONE',  ( 0.9651351196604849303, 0.2617521743900923514, -3.371191130072114561E-15 ) ) ;
#2404 = FACE_OUTER_BOUND ( 'NONE', #10562, .T. ) ;
#2405 = CARTESIAN_POINT ( 'NONE',  ( 1.120825370517066322, 0.1995474726068158511, 0.04760017229070792610 ) ) ;
#2406 = MECHANICAL_DESIGN_GEOMETRIC_PRESENTATION_REPRESENTATION (  '', ( #1138 ), #5491 ) ;
#2407 = CARTESIAN_POINT ( 'NONE',  ( 1.135390103176974863, 0.02521840712011549912, 0.02334504061165317348 ) ) ;
#2408 = FILL_AREA_STYLE_COLOUR ( '', #6174 ) ;
#2409 = B_SPLINE_CURVE_WITH_KNOTS ( 'NONE', 3,
 ( #255, #2082, #5386, #6342 ),
 .UNSPECIFIED., .F., .F.,
 ( 4, 4 ),
 ( 0.000000000000000000, 1.000000000000000000 ),
 .UNSPECIFIED. ) ;
#2410 = CARTESIAN_POINT ( 'NONE',  ( 1.123118058767074157, 0.1418128267450560198, -0.003574474551373189955 ) ) ;
#2411 = CARTESIAN_POINT ( 'NONE',  ( 1.127882975678770050, 0.1122551170528840458, 0.02455219365085810346 ) ) ;
#2412 = CIRCLE ( 'NONE', #10268, 0.8100000000000000533 ) ;
#2413 = FILL_AREA_STYLE ('',( #1286 ) ) ;
#2414 = ORIENTED_EDGE ( 'NONE', *, *, #2359, .F. ) ;
#2415 = ORIENTED_EDGE ( 'NONE', *, *, #2289, .T. ) ;
#2416 = CARTESIAN_POINT ( 'NONE',  ( 1.134976350896375719, -0.03602043194341548321, 0.05659135959181665204 ) ) ;
#2417 =( LENGTH_UNIT ( ) NAMED_UNIT ( * ) SI_UNIT ( .MILLI., .METRE. ) );
#2418 = FILL_AREA_STYLE ('',( #4764 ) ) ;
#2419 = SURFACE_STYLE_USAGE ( .BOTH. , #7445 ) ;
#2420 = EDGE_CURVE ( 'NONE', #4629, #2553, #5713, .T. ) ;
#2421 = DIRECTION ( 'NONE',  ( 0.9994477321181450824, 0.03322996785879590853, -3.489775742687717397E-15 ) ) ;
#2422 = ORIENTED_EDGE ( 'NONE', *, *, #6895, .F. ) ;
#2423 = B_SPLINE_CURVE_WITH_KNOTS ( 'NONE', 1,
 ( #1004, #10586 ),
 .UNSPECIFIED., .F., .F.,
 ( 2, 2 ),
 ( 0.000000000000000000, 1.000000000000000000 ),
 .UNSPECIFIED. ) ;
#2424 = UNCERTAINTY_MEASURE_WITH_UNIT (LENGTH_MEASURE( 1.000000000000000082E-05 ), #5541, 'distance_accuracy_value', 'NONE');
#2425 = CARTESIAN_POINT ( 'NONE',  ( 1.116589316849984526, 0.1742220330895820068, 0.03465977945831444362 ) ) ;
#2426 = PRESENTATION_STYLE_ASSIGNMENT (( #10434 ) ) ;
#2427 = ORIENTED_EDGE ( 'NONE', *, *, #9837, .T. ) ;
#2428 = B_SPLINE_CURVE_WITH_KNOTS ( 'NONE', 3,
 ( #10006, #5817, #3193, #9305 ),
 .UNSPECIFIED., .F., .F.,
 ( 4, 4 ),
 ( 0.000000000000000000, 1.000000000000000000 ),
 .UNSPECIFIED. ) ;
#2429 = ORIENTED_EDGE ( 'NONE', *, *, #7862, .F. ) ;
#2430 = CARTESIAN_POINT ( 'NONE',  ( 1.129567026625342141, 0.09957083938507038656, 0.004227803356276073343 ) ) ;
#2431 = CARTESIAN_POINT ( 'NONE',  ( 1.096431526730480499, 0.2478324867383474017, -0.02595792449772773083 ) ) ;
#2432 = DIRECTION ( 'NONE',  ( -3.491481338843133355E-15, 0.000000000000000000, -1.000000000000000000 ) ) ;
#2433 = CARTESIAN_POINT ( 'NONE',  ( 0.3357876820061003742, 0.000000000000000000, -0.007864499339867365643 ) ) ;
#2434 = CARTESIAN_POINT ( 'NONE',  ( 1.113675940626349226, 0.1867882681025681002, 0.004227803356276452380 ) ) ;
#2435 = MECHANICAL_DESIGN_GEOMETRIC_PRESENTATION_REPRESENTATION (  '', ( #7898 ), #4809 ) ;
#2436 = AXIS2_PLACEMENT_3D ( 'NONE', #9608, #1873, #9776 ) ;
#2437 = CARTESIAN_POINT ( 'NONE',  ( 1.137764622915349966, 0.1137232880717140016, -0.02320706890818126714 ) ) ;
#2438 = DIRECTION ( 'NONE',  ( 3.491481338843133355E-15, -0.000000000000000000, 1.000000000000000000 ) ) ;
#2439 = CARTESIAN_POINT ( 'NONE',  ( 1.124127681709584214, 0.1360883715367013636, -0.005817731787995843520 ) ) ;
#2440 = VERTEX_POINT ( 'NONE', #624 ) ;
#2441 = CARTESIAN_POINT ( 'NONE',  ( 1.144618746352527250, 0.04350068215817419481, 0.005583310175039058951 ) ) ;
#2442 = CARTESIAN_POINT ( 'NONE',  ( 1.138735401195572816, 0.1066534586800852447, 0.02868179413430385280 ) ) ;
#2443 = ORIENTED_EDGE ( 'NONE', *, *, #10729, .T. ) ;
#2444 = DIRECTION ( 'NONE',  ( 3.491481338843133355E-15, 0.000000000000000000, 1.000000000000000000 ) ) ;
#2445 = SURFACE_STYLE_USAGE ( .BOTH. , #4214 ) ;
#2446 = SURFACE_STYLE_USAGE ( .BOTH. , #1772 ) ;
#2447 = VECTOR ( 'NONE', #4885, 1000.000000000000000 ) ;
#2448 = ORIENTED_EDGE ( 'NONE', *, *, #2598, .T. ) ;
#2449 = VERTEX_POINT ( 'NONE', #8524 ) ;
#2450 = COLOUR_RGB ( '',0.000000000000000000, 0.000000000000000000, 0.000000000000000000 ) ;
#2451 = CARTESIAN_POINT ( 'NONE',  ( 1.138602848732804818, 0.1076466816654080144, -0.004687916099377473569 ) ) ;
#2452 = CARTESIAN_POINT ( 'NONE',  ( 1.145767944474149980, 0.006236130397832571025, 0.04855883485973191277 ) ) ;
#2453 = SURFACE_SIDE_STYLE ('',( #5734 ) ) ;
#2454 =( LENGTH_UNIT ( ) NAMED_UNIT ( * ) SI_UNIT ( .MILLI., .METRE. ) );
#2455 = EDGE_CURVE ( 'NONE', #6168, #2214, #4050, .T. ) ;
#2456 = CARTESIAN_POINT ( 'NONE',  ( 1.144648301674631607, -0.04310170994235434927, 0.03182787184035485578 ) ) ;
#2457 = ORIENTED_EDGE ( 'NONE', *, *, #8512, .F. ) ;
#2458 = CARTESIAN_POINT ( 'NONE',  ( 1.108360157762519282, 0.2433757787940240558, -0.01719775937616187939 ) ) ;
#2459 = DIRECTION ( 'NONE',  ( -3.491481338843133355E-15, 0.000000000000000000, -1.000000000000000000 ) ) ;
#2460 = CARTESIAN_POINT ( 'NONE',  ( 1.139439648465726762, 0.1012102603769790415, 0.02485103320822940401 ) ) ;
#2461 = FILL_AREA_STYLE_COLOUR ( '', #2208 ) ;
#2462 = FILL_AREA_STYLE_COLOUR ( '', #7836 ) ;
#2463 = CARTESIAN_POINT ( 'NONE',  ( 1.127606449508173903, 0.1141185323753213104, -0.002559277845524488091 ) ) ;
#2464 = EDGE_CURVE ( 'NONE', #8398, #4998, #3211, .T. ) ;
#2465 = PLANE ( 'NONE',  #8975 ) ;
#2466 =( NAMED_UNIT ( * ) SI_UNIT ( $, .STERADIAN. ) SOLID_ANGLE_UNIT ( ) );
#2467 = LINE ( 'NONE', #5967, #23 ) ;
#2468 = ORIENTED_EDGE ( 'NONE', *, *, #7243, .F. ) ;
#2469 = B_SPLINE_CURVE_WITH_KNOTS ( 'NONE', 3,
 ( #9429, #7738, #11275, #5113, #6176, #8804 ),
 .UNSPECIFIED., .F., .F.,
 ( 4, 2, 4 ),
 ( 0.000000000000000000, 0.3711990338138433376, 0.7423980676276866753 ),
 .UNSPECIFIED. ) ;
#2470 = PLANE ( 'NONE',  #3380 ) ;
#2471 = EDGE_CURVE ( 'NONE', #6630, #6461, #4891, .T. ) ;
#2472 = VERTEX_POINT ( 'NONE', #7583 ) ;
#2473 =( LENGTH_UNIT ( ) NAMED_UNIT ( * ) SI_UNIT ( .MILLI., .METRE. ) );
#2474 = B_SPLINE_CURVE_WITH_KNOTS ( 'NONE', 1,
 ( #953, #4429 ),
 .UNSPECIFIED., .F., .F.,
 ( 2, 2 ),
 ( 0.000000000000000000, 1.000000000000000000 ),
 .UNSPECIFIED. ) ;
#2475 = CARTESIAN_POINT ( 'NONE',  ( 0.3357876820061004852, 0.000000000000000000, 0.02850246652063925107 ) ) ;
#2476 = DIRECTION ( 'NONE',  ( 0.000000000000000000, 1.000000000000000000, 0.000000000000000000 ) ) ;
#2477 = SURFACE_STYLE_USAGE ( .BOTH. , #1746 ) ;
#2478 = PLANE ( 'NONE',  #2257 ) ;
#2479 = CARTESIAN_POINT ( 'NONE',  ( 1.137764785064253381, 0.1137221445913368933, -0.02320668462115659317 ) ) ;
#2480 = CARTESIAN_POINT ( 'NONE',  ( 1.145107867540944069, -0.03368046924657774888, 0.04375173620806507152 ) ) ;
#2481 = ORIENTED_EDGE ( 'NONE', *, *, #906, .T. ) ;
#2482 = PRESENTATION_STYLE_ASSIGNMENT (( #10490 ) ) ;
#2483 = ORIENTED_EDGE ( 'NONE', *, *, #129, .T. ) ;
#2485 = ORIENTED_EDGE ( 'NONE', *, *, #2229, .T. ) ;
#2484 = UNCERTAINTY_MEASURE_WITH_UNIT (LENGTH_MEASURE( 1.000000000000000082E-05 ), #357, 'distance_accuracy_value', 'NONE');
#2486 = DIRECTION ( 'NONE',  ( 3.491481338843133355E-15, -0.000000000000000000, 1.000000000000000000 ) ) ;
#2487 = SURFACE_STYLE_USAGE ( .BOTH. , #5991 ) ;
#2488 = CARTESIAN_POINT ( 'NONE',  ( 0.3357876820061003187, 0.000000000000000000, -0.02606900220520442721 ) ) ;
#2489 =( NAMED_UNIT ( * ) SI_UNIT ( $, .STERADIAN. ) SOLID_ANGLE_UNIT ( ) );
#2490 = DIRECTION ( 'NONE',  ( 0.9726249249187186585, 0.2323806261865586364, -3.395901775047410044E-15 ) ) ;
#2491 = B_SPLINE_CURVE_WITH_KNOTS ( 'NONE', 3,
 ( #6749, #2134, #6585, #4132 ),
 .UNSPECIFIED., .F., .F.,
 ( 4, 4 ),
 ( 0.0001256570763798818774, 1.000000000000000000 ),
 .UNSPECIFIED. ) ;
#2492 = CARTESIAN_POINT ( 'NONE',  ( 1.128691550378154052, 0.1063177102868227281, -0.008584961518158181620 ) ) ;
#2493 = CARTESIAN_POINT ( 'NONE',  ( 1.145787680498965067, 2.039511435611266844E-12, 0.008258988519687119820 ) ) ;
#2494 = CARTESIAN_POINT ( 'NONE',  ( 1.133914149879059474, 0.1381815518824220934, -0.002559277845524325461 ) ) ;
#2495 = CARTESIAN_POINT ( 'NONE',  ( 1.140951158227198947, 0.08838425515644002251, 0.3561756190388881138 ) ) ;
#2496 = ORIENTED_EDGE ( 'NONE', *, *, #10945, .F. ) ;
#2497 = CARTESIAN_POINT ( 'NONE',  ( 1.131806555638469991, 0.1498464307918383753, -0.03329353940355230662 ) ) ;
#2498 = CARTESIAN_POINT ( 'NONE',  ( 1.138278833981932747, 0.1100361349762070395, 0.03136921950282883786 ) ) ;
#2499 = EDGE_CURVE ( 'NONE', #8910, #1548, #3615, .T. ) ;
#2500 = ORIENTED_EDGE ( 'NONE', *, *, #6883, .F. ) ;
#2501 = VERTEX_POINT ( 'NONE', #11065 ) ;
#2502 = PRESENTATION_LAYER_ASSIGNMENT (  '', '', ( #3027 ) ) ;
#2503 = EDGE_CURVE ( 'NONE', #9083, #7715, #6068, .T. ) ;
#2504 = ADVANCED_FACE ( 'NONE', ( #7535 ), #6711, .F. ) ;
#2505 = SURFACE_STYLE_FILL_AREA ( #10344 ) ;
#2506 = EDGE_CURVE ( 'NONE', #6643, #3314, #7173, .T. ) ;
#2507 = CARTESIAN_POINT ( 'NONE',  ( 1.121273333350524926, 0.1977682773652674753, 0.05278531675530413053 ) ) ;
#2508 =( LENGTH_UNIT ( ) NAMED_UNIT ( * ) SI_UNIT ( .MILLI., .METRE. ) );
#2509 = CARTESIAN_POINT ( 'NONE',  ( 1.144425662386939546, -0.04716898267236682707, 0.03296644789402281006 ) ) ;
#2510 = EDGE_LOOP ( 'NONE', ( #5048, #6944, #8930, #2574 ) ) ;
#2511 =( NAMED_UNIT ( * ) SI_UNIT ( $, .STERADIAN. ) SOLID_ANGLE_UNIT ( ) );
#2512 = EDGE_CURVE ( 'NONE', #8232, #4798, #5264, .T. ) ;
#2513 =( LENGTH_UNIT ( ) NAMED_UNIT ( * ) SI_UNIT ( .MILLI., .METRE. ) );
#2514 = DIRECTION ( 'NONE',  ( 1.000000000000000000, 0.000000000000000000, -3.480155121558409533E-15 ) ) ;
#2515 = CARTESIAN_POINT ( 'NONE',  ( 1.128301182461124874, 0.1091895214593594649, -0.01660829032125828511 ) ) ;
#2516 = B_SPLINE_SURFACE_WITH_KNOTS ( 'NONE', 1, 3, ( 
 ( #5876, #2480, #3421, #885 ),
 ( #7035, #10486, #7724, #948 ) ),
 .UNSPECIFIED., .F., .F., .F.,
 ( 2, 2 ),
 ( 4, 4 ),
 ( 0.000000000000000000, 1.000000000000000000 ),
 ( 0.000000000000000000, 1.000000000000000000 ),
 .UNSPECIFIED. ) ;
#2517 = SURFACE_STYLE_USAGE ( .BOTH. , #10355 ) ;
#2518 = CARTESIAN_POINT ( 'NONE',  ( 1.128754516913359929, 0.1058470535119574313, 0.05270344605310696429 ) ) ;
#2519 = CARTESIAN_POINT ( 'NONE',  ( 1.100812469239133007, 0.2339595582981239819, 0.001976359049128044530 ) ) ;
#2520 = EDGE_LOOP ( 'NONE', ( #2105, #10295, #10861, #6076 ) ) ;
#2521 = CARTESIAN_POINT ( 'NONE',  ( 1.135390103176974863, 0.02521840712011549912, 0.02334504061165317348 ) ) ;
#2522 = EDGE_CURVE ( 'NONE', #9083, #10162, #4727, .T. ) ;
#2523 = ORIENTED_EDGE ( 'NONE', *, *, #2226, .T. ) ;
#2524 = SURFACE_STYLE_FILL_AREA ( #9647 ) ;
#2525 = DIRECTION ( 'NONE',  ( 3.491481338843133355E-15, -0.000000000000000000, 1.000000000000000000 ) ) ;
#2526 =( LENGTH_UNIT ( ) NAMED_UNIT ( * ) SI_UNIT ( .MILLI., .METRE. ) );
#2527 = AXIS2_PLACEMENT_3D ( 'NONE', #8378, #9990, #2170 ) ;
#2528 = CARTESIAN_POINT ( 'NONE',  ( 1.128445746679467065, 0.1081350660436884437, -0.01950651317458667461 ) ) ;
#2529 = ORIENTED_EDGE ( 'NONE', *, *, #9714, .T. ) ;
#2530 = B_SPLINE_CURVE_WITH_KNOTS ( 'NONE', 3,
 ( #9045, #4553, #8824, #8141 ),
 .UNSPECIFIED., .F., .F.,
 ( 4, 4 ),
 ( 0.000000000000000000, 1.000000000000000000 ),
 .UNSPECIFIED. ) ;
#2531 = UNCERTAINTY_MEASURE_WITH_UNIT (LENGTH_MEASURE( 1.000000000000000082E-05 ), #2136, 'distance_accuracy_value', 'NONE');
#2532 = SURFACE_STYLE_USAGE ( .BOTH. , #8738 ) ;
#2533 =( LENGTH_UNIT ( ) NAMED_UNIT ( * ) SI_UNIT ( .MILLI., .METRE. ) );
#2534 = B_SPLINE_SURFACE_WITH_KNOTS ( 'NONE', 1, 3, ( 
 ( #1250, #382, #7229, #9916 ),
 ( #3856, #7356, #2781, #2825 ) ),
 .UNSPECIFIED., .F., .F., .F.,
 ( 2, 2 ),
 ( 4, 4 ),
 ( 0.000000000000000000, 1.000000000000000000 ),
 ( 0.000000000000000000, 1.000000000000000000 ),
 .UNSPECIFIED. ) ;
#2535 = ORIENTED_EDGE ( 'NONE', *, *, #337, .T. ) ;
#2536 = EDGE_LOOP ( 'NONE', ( #901, #8161, #358, #9260 ) ) ;
#2537 = EDGE_CURVE ( 'NONE', #6558, #5700, #1066, .T. ) ;
#2538 = FILL_AREA_STYLE ('',( #10377 ) ) ;
#2539 = DIRECTION ( 'NONE',  ( 1.000000000000000000, 0.000000000000000000, -3.492703757814028417E-15 ) ) ;
#2540 = UNCERTAINTY_MEASURE_WITH_UNIT (LENGTH_MEASURE( 1.000000000000000082E-05 ), #1825, 'distance_accuracy_value', 'NONE');
#2541 = CARTESIAN_POINT ( 'NONE',  ( 1.122883752474023389, 0.1912584007408694442, 0.03361119833001458695 ) ) ;
#2542 = FILL_AREA_STYLE_COLOUR ( '', #10846 ) ;
#2543 = VECTOR ( 'NONE', #1280, 1000.000000000000000 ) ;
#2544 = CARTESIAN_POINT ( 'NONE',  ( 1.132229647680669027, 0.1475811482284539733, -0.03640462608224261098 ) ) ;
#2545 = MECHANICAL_DESIGN_GEOMETRIC_PRESENTATION_REPRESENTATION (  '', ( #174 ), #6912 ) ;
#2546 = LINE ( 'NONE', #10444, #11250 ) ;
#2547 = MECHANICAL_DESIGN_GEOMETRIC_PRESENTATION_REPRESENTATION (  '', ( #3807 ), #5263 ) ;
#2548 = CARTESIAN_POINT ( 'NONE',  ( 1.127458414788078844, 0.1713649425048748287, 0.05204445357503847958 ) ) ;
#2549 = VERTEX_POINT ( 'NONE', #6241 ) ;
#2550 = STYLED_ITEM ( 'NONE', ( #3381 ), #1535 ) ;
#2551 = CARTESIAN_POINT ( 'NONE',  ( 1.145738372182772524, 0.008937532228337216958, 0.01286980209940261771 ) ) ;
#2552 = CARTESIAN_POINT ( 'NONE',  ( 1.124467510828704775, 0.1341261093589047326, -0.002699108280226414965 ) ) ;
#2553 = VERTEX_POINT ( 'NONE', #6942 ) ;
#2554 = CARTESIAN_POINT ( 'NONE',  ( 1.138353972487884169, 0.1094867543692345513, -0.01950651317458672665 ) ) ;
#2555 = CARTESIAN_POINT ( 'NONE',  ( 1.105939574789535307, 0.2509303928225766755, -0.02595792449772778288 ) ) ;
#2556 = CARTESIAN_POINT ( 'NONE',  ( 1.134101489487372660, 0.1370950939485292563, 0.3561756190388881693 ) ) ;
#2557 = ORIENTED_EDGE ( 'NONE', *, *, #593, .T. ) ;
#2558 = VERTEX_POINT ( 'NONE', #206 ) ;
#2559 = MECHANICAL_DESIGN_GEOMETRIC_PRESENTATION_REPRESENTATION (  '', ( #7483 ), #1656 ) ;
#2560 = AXIS2_PLACEMENT_3D ( 'NONE', #2999, #6478, #3155 ) ;
#2561 = CIRCLE ( 'NONE', #6920, 0.8000000000000000444 ) ;
#2562 = B_SPLINE_CURVE_WITH_KNOTS ( 'NONE', 1,
 ( #5237, #4449 ),
 .UNSPECIFIED., .F., .F.,
 ( 2, 2 ),
 ( 0.000000000000000000, 1.000000000000000000 ),
 .UNSPECIFIED. ) ;
#2563 =( LENGTH_UNIT ( ) NAMED_UNIT ( * ) SI_UNIT ( .MILLI., .METRE. ) );
#2564 = CARTESIAN_POINT ( 'NONE',  ( 1.116224010863971383, 0.2168390892842088080, -0.006009084562188919156 ) ) ;
#2565 = CARTESIAN_POINT ( 'NONE',  ( 1.120825370517066322, 0.1995474726068158511, 0.04760017229070792610 ) ) ;
#2566 =( NAMED_UNIT ( * ) PLANE_ANGLE_UNIT ( ) SI_UNIT ( $, .RADIAN. ) );
#2567 = EDGE_CURVE ( 'NONE', #9694, #10622, #916, .T. ) ;
#2568 = PRESENTATION_LAYER_ASSIGNMENT (  '', '', ( #7492 ) ) ;
#2569 = COLOUR_RGB ( '',0.000000000000000000, 0.000000000000000000, 0.000000000000000000 ) ;
#2570 = CIRCLE ( 'NONE', #10592, 0.8099999999999999423 ) ;
#2571 = EDGE_CURVE ( 'NONE', #3927, #3609, #4456, .T. ) ;
#2572 = CARTESIAN_POINT ( 'NONE',  ( 1.119911320098948559, 0.2031012559883281776, 0.03722988336162972450 ) ) ;
#2573 = FACE_OUTER_BOUND ( 'NONE', #7725, .T. ) ;
#2574 = ORIENTED_EDGE ( 'NONE', *, *, #701, .F. ) ;
#2575 = B_SPLINE_CURVE_WITH_KNOTS ( 'NONE', 3,
 ( #10382, #10499, #6067, #29 ),
 .UNSPECIFIED., .F., .F.,
 ( 4, 4 ),
 ( 0.000000000000000000, 1.000000000000000000 ),
 .UNSPECIFIED. ) ;
#2576 = ORIENTED_EDGE ( 'NONE', *, *, #5455, .F. ) ;
#2577 = CARTESIAN_POINT ( 'NONE',  ( 0.3357876820061016510, 0.000000000000000000, 0.3561756190388909449 ) ) ;
#2578 = CARTESIAN_POINT ( 'NONE',  ( 1.106656769549965391, 0.2139178577615463150, 0.001828991785565779824 ) ) ;
#2579 = CARTESIAN_POINT ( 'NONE',  ( 0.3357876820060969880, 0.000000000000000000, -0.9798060314836047890 ) ) ;
#2580 =( GEOMETRIC_REPRESENTATION_CONTEXT ( 3 ) GLOBAL_UNCERTAINTY_ASSIGNED_CONTEXT ( ( #9178 ) ) GLOBAL_UNIT_ASSIGNED_CONTEXT ( ( #3124, #2278, #3222 ) ) REPRESENTATION_CONTEXT ( 'NONE', 'WORKASPACE' ) );
#2581 = CARTESIAN_POINT ( 'NONE',  ( 1.144123784531717147, -0.05189166940556268898, 0.04702705973495244218 ) ) ;
#2582 = ADVANCED_FACE ( 'NONE', ( #10451 ), #6073, .F. ) ;
#2583 = B_SPLINE_CURVE_WITH_KNOTS ( 'NONE', 3,
 ( #5311, #9640, #1849, #5368 ),
 .UNSPECIFIED., .F., .F.,
 ( 4, 4 ),
 ( 0.000000000000000000, 1.000000000000000000 ),
 .UNSPECIFIED. ) ;
#2584 =( NAMED_UNIT ( * ) PLANE_ANGLE_UNIT ( ) SI_UNIT ( $, .RADIAN. ) );
#2585 = CIRCLE ( 'NONE', #3272, 0.8000000000000002665 ) ;
#2586 =( GEOMETRIC_REPRESENTATION_CONTEXT ( 3 ) GLOBAL_UNCERTAINTY_ASSIGNED_CONTEXT ( ( #1185 ) ) GLOBAL_UNIT_ASSIGNED_CONTEXT ( ( #2107, #4678, #8264 ) ) REPRESENTATION_CONTEXT ( 'NONE', 'WORKASPACE' ) );
#2587 =( NAMED_UNIT ( * ) SI_UNIT ( $, .STERADIAN. ) SOLID_ANGLE_UNIT ( ) );
#2588 = COLOUR_RGB ( '',0.000000000000000000, 0.000000000000000000, 0.000000000000000000 ) ;
#2589 = FILL_AREA_STYLE ('',( #2408 ) ) ;
#2590 =( NAMED_UNIT ( * ) SI_UNIT ( $, .STERADIAN. ) SOLID_ANGLE_UNIT ( ) );
#2591 = EDGE_CURVE ( 'NONE', #5808, #376, #898, .T. ) ;
#2592 = CARTESIAN_POINT ( 'NONE',  ( 1.145322831610516401, 0.02797119261093674453, 0.04843482171611000753 ) ) ;
#2593 = VERTEX_POINT ( 'NONE', #3563 ) ;
#2594 = B_SPLINE_SURFACE_WITH_KNOTS ( 'NONE', 1, 3, ( 
 ( #4686, #461, #2286, #6561 ),
 ( #10056, #8441, #5693, #10238 ) ),
 .UNSPECIFIED., .F., .F., .F.,
 ( 2, 2 ),
 ( 4, 4 ),
 ( 0.000000000000000000, 1.000000000000000000 ),
 ( 0.000000000000000000, 1.000000000000000000 ),
 .UNSPECIFIED. ) ;
#2595 = EDGE_CURVE ( 'NONE', #45, #5972, #6481, .T. ) ;
#2596 = AXIS2_PLACEMENT_3D ( 'NONE', #9648, #6910, #3648 ) ;
#2597 =( LENGTH_UNIT ( ) NAMED_UNIT ( * ) SI_UNIT ( .MILLI., .METRE. ) );
#2598 = EDGE_CURVE ( 'NONE', #7715, #8903, #6185, .T. ) ;
#2599 = SURFACE_STYLE_FILL_AREA ( #9478 ) ;
#2600 = CARTESIAN_POINT ( 'NONE',  ( 1.138672229702221594, 0.1071282619663636304, 0.04426322431946366764 ) ) ;
#2601 = CARTESIAN_POINT ( 'NONE',  ( 1.127131756561536413, 0.1728425748072518475, -0.02595792449772827207 ) ) ;
#2602 = B_SPLINE_CURVE_WITH_KNOTS ( 'NONE', 3,
 ( #4240, #4920, #10133, #11099 ),
 .UNSPECIFIED., .F., .F.,
 ( 4, 4 ),
 ( 0.000000000000000000, 1.000000000000000000 ),
 .UNSPECIFIED. ) ;
#2603 = DIRECTION ( 'NONE',  ( 3.491481338843133355E-15, -0.000000000000000000, 1.000000000000000000 ) ) ;
#2604 = ORIENTED_EDGE ( 'NONE', *, *, #9602, .T. ) ;
#2605 = EDGE_CURVE ( 'NONE', #7329, #7242, #4467, .T. ) ;
#2606 = MECHANICAL_DESIGN_GEOMETRIC_PRESENTATION_REPRESENTATION (  '', ( #3667 ), #38 ) ;
#2607 = CARTESIAN_POINT ( 'NONE',  ( 1.124521249319406335, 0.1337884890161586127, -0.02649827113144429674 ) ) ;
#2608 =( NAMED_UNIT ( * ) PLANE_ANGLE_UNIT ( ) SI_UNIT ( $, .RADIAN. ) );
#2609 = PRESENTATION_LAYER_ASSIGNMENT (  '', '', ( #9520 ) ) ;
#2610 = ORIENTED_EDGE ( 'NONE', *, *, #10264, .T. ) ;
#2611 =( LENGTH_UNIT ( ) NAMED_UNIT ( * ) SI_UNIT ( .MILLI., .METRE. ) );
#2612 = DIRECTION ( 'NONE',  ( 3.491481338843133355E-15, -0.000000000000000000, 1.000000000000000000 ) ) ;
#2613 = CARTESIAN_POINT ( 'NONE',  ( 1.145627986111443120, 0.01608358935580373947, 0.0008011950998592634252 ) ) ;
#2614 = COLOUR_RGB ( '',0.000000000000000000, 0.000000000000000000, 0.000000000000000000 ) ;
#2615 = LINE ( 'NONE', #6064, #9900 ) ;
#2616 = CARTESIAN_POINT ( 'NONE',  ( 1.137216358522726178, 0.1175470579679555178, -0.01173425452436596163 ) ) ;
#2617 = CIRCLE ( 'NONE', #6799, 0.7999999999999998224 ) ;
#2618 = VERTEX_POINT ( 'NONE', #965 ) ;
#2619 = CARTESIAN_POINT ( 'NONE',  ( 1.121921548956863468, 0.1483022023876921502, -0.03673210889059547180 ) ) ;
#2620 = CARTESIAN_POINT ( 'NONE',  ( 1.125531418753369817, 0.1276903687380523122, -0.009256301275038954918 ) ) ;
#2621 = ORIENTED_EDGE ( 'NONE', *, *, #10602, .F. ) ;
#2622 = CARTESIAN_POINT ( 'NONE',  ( 1.145742138379734598, -0.008589447042203561880, 0.05180912280806410780 ) ) ;
#2623 = DIRECTION ( 'NONE',  ( 3.491481338843133355E-15, -0.000000000000000000, 1.000000000000000000 ) ) ;
#2624 = UNCERTAINTY_MEASURE_WITH_UNIT (LENGTH_MEASURE( 1.000000000000000082E-05 ), #8840, 'distance_accuracy_value', 'NONE');
#2625 = ORIENTED_EDGE ( 'NONE', *, *, #9468, .T. ) ;
#2626 = ORIENTED_EDGE ( 'NONE', *, *, #9338, .F. ) ;
#2627 = ADVANCED_FACE ( 'NONE', ( #1927 ), #6997, .T. ) ;
#2628 =( GEOMETRIC_REPRESENTATION_CONTEXT ( 3 ) GLOBAL_UNCERTAINTY_ASSIGNED_CONTEXT ( ( #8825 ) ) GLOBAL_UNIT_ASSIGNED_CONTEXT ( ( #8948, #3768, #1226 ) ) REPRESENTATION_CONTEXT ( 'NONE', 'WORKASPACE' ) );
#2629 = CARTESIAN_POINT ( 'NONE',  ( 1.128445746679467065, 0.1081350660436884437, -0.01950651317458667461 ) ) ;
#2630 = MECHANICAL_DESIGN_GEOMETRIC_PRESENTATION_REPRESENTATION (  '', ( #6442 ), #10478 ) ;
#2631 = FILL_AREA_STYLE_COLOUR ( '', #10016 ) ;
#2632 = ORIENTED_EDGE ( 'NONE', *, *, #1894, .T. ) ;
#2633 = EDGE_LOOP ( 'NONE', ( #5014, #2402, #5342, #1440 ) ) ;
#2634 = SURFACE_STYLE_USAGE ( .BOTH. , #7872 ) ;
#2635 = CARTESIAN_POINT ( 'NONE',  ( 1.126987947808945956, 0.1183306359042599343, -0.01141768780968355906 ) ) ;
#2636 = FILL_AREA_STYLE_COLOUR ( '', #4207 ) ;
#2637 = PLANE ( 'NONE',  #10045 ) ;
#2638 = CARTESIAN_POINT ( 'NONE',  ( 0.3357876820061004852, 0.000000000000000000, 0.02485103320823222120 ) ) ;
#2639 = STYLED_ITEM ( 'NONE', ( #10194 ), #9326 ) ;
#2640 = ADVANCED_FACE ( 'NONE', ( #9081 ), #3809, .T. ) ;
#2641 = CARTESIAN_POINT ( 'NONE',  ( 1.133750604020139052, 0.05705414174989962423, 0.005811029902011302997 ) ) ;
#2642 =( LENGTH_UNIT ( ) NAMED_UNIT ( * ) SI_UNIT ( .MILLI., .METRE. ) );
#2643 = DIRECTION ( 'NONE',  ( -1.000000000000000000, 0.000000000000000000, 3.491481338843133355E-15 ) ) ;
#2644 = PRESENTATION_LAYER_ASSIGNMENT (  '', '', ( #3704 ) ) ;
#2645 = CARTESIAN_POINT ( 'NONE',  ( 1.116161713504016273, 0.2170630575747283797, -0.009649280644974899540 ) ) ;
#2646 = B_SPLINE_CURVE_WITH_KNOTS ( 'NONE', 3,
 ( #8979, #3001, #3858, #7115 ),
 .UNSPECIFIED., .F., .F.,
 ( 4, 4 ),
 ( 0.0001363894977596043115, 1.000000000000000000 ),
 .UNSPECIFIED. ) ;
#2647 = CARTESIAN_POINT ( 'NONE',  ( 1.135738067593348166, 0.008971919721156833977, -0.01389053327773844687 ) ) ;
#2648 = ORIENTED_EDGE ( 'NONE', *, *, #5429, .T. ) ;
#2649 = DIRECTION ( 'NONE',  ( 3.491481338843133355E-15, -0.000000000000000000, 1.000000000000000000 ) ) ;
#2650 =( LENGTH_UNIT ( ) NAMED_UNIT ( * ) SI_UNIT ( .MILLI., .METRE. ) );
#2651 = DIRECTION ( 'NONE',  ( 3.491481338843133355E-15, -0.000000000000000000, 1.000000000000000000 ) ) ;
#2652 = ADVANCED_FACE ( 'NONE', ( #2820 ), #2139, .T. ) ;
#2653 =( LENGTH_UNIT ( ) NAMED_UNIT ( * ) SI_UNIT ( .MILLI., .METRE. ) );
#2654 = ADVANCED_FACE ( 'NONE', ( #10821 ), #7188, .T. ) ;
#2655 = VECTOR ( 'NONE', #9261, 1000.000000000000000 ) ;
#2656 = CARTESIAN_POINT ( 'NONE',  ( 1.131928067780652469, -0.07848876441088509237, -0.01468327645258259498 ) ) ;
#2657 = CARTESIAN_POINT ( 'NONE',  ( 1.102349487514008741, 0.2288733237763968253, -0.01357907434454592652 ) ) ;
#2658 =( LENGTH_UNIT ( ) NAMED_UNIT ( * ) SI_UNIT ( .MILLI., .METRE. ) );
#2659 = EDGE_LOOP ( 'NONE', ( #8845, #6673, #9276, #2141 ) ) ;
#2660 = LINE ( 'NONE', #952, #5100 ) ;
#2661 = CARTESIAN_POINT ( 'NONE',  ( 1.117107165148713666, 0.2136348877448618622, -0.0006271292766393669373 ) ) ;
#2662 = ORIENTED_EDGE ( 'NONE', *, *, #8615, .F. ) ;
#2663 = CARTESIAN_POINT ( 'NONE',  ( 1.137133584838323719, 0.1180878656510025160, -0.02134041690087841101 ) ) ;
#2664 = B_SPLINE_SURFACE_WITH_KNOTS ( 'NONE', 1, 3, ( 
 ( #6625, #10058, #2965, #9056 ),
 ( #5586, #8152, #9126, #7493 ) ),
 .UNSPECIFIED., .F., .F., .F.,
 ( 2, 2 ),
 ( 4, 4 ),
 ( 0.000000000000000000, 1.000000000000000000 ),
 ( 0.000000000000000000, 1.000000000000000000 ),
 .UNSPECIFIED. ) ;
#2665 = DIRECTION ( 'NONE',  ( 3.491481338843133355E-15, -0.000000000000000000, 1.000000000000000000 ) ) ;
#2666 = CARTESIAN_POINT ( 'NONE',  ( 0.3357876820061003187, 0.000000000000000000, -0.02595792449772550692 ) ) ;
#2667 = CARTESIAN_POINT ( 'NONE',  ( 1.129679622547766993, 0.09866907693389463663, -0.01153230679267315886 ) ) ;
#2668 = CARTESIAN_POINT ( 'NONE',  ( 1.137545179183116817, 0.1152829133070392142, -0.01205082123904832950 ) ) ;
#2669 = PRESENTATION_STYLE_ASSIGNMENT (( #11277 ) ) ;
#2670 = VERTEX_POINT ( 'NONE', #5268 ) ;
#2671 = CARTESIAN_POINT ( 'NONE',  ( 1.145787682006100594, -0.007319116503799106242, 0.004482772051555436454 ) ) ;
#2672 = SURFACE_STYLE_USAGE ( .BOTH. , #6242 ) ;
#2673 = DIRECTION ( 'NONE',  ( 3.491481338843133355E-15, -0.000000000000000000, 1.000000000000000000 ) ) ;
#2674 = ORIENTED_EDGE ( 'NONE', *, *, #2295, .F. ) ;
#2675 = EDGE_LOOP ( 'NONE', ( #10717, #1231, #1686, #4254 ) ) ;
#2676 = FILL_AREA_STYLE_COLOUR ( '', #6177 ) ;
#2677 = CARTESIAN_POINT ( 'NONE',  ( 1.123716896442006563, 0.1384602968014192192, -0.02577319815974396869 ) ) ;
#2678 = CARTESIAN_POINT ( 'NONE',  ( 1.120746377283082573, 0.1998495601923062359, 0.002385712559677317414 ) ) ;
#2679 = FILL_AREA_STYLE ('',( #9579 ) ) ;
#2680 = ORIENTED_EDGE ( 'NONE', *, *, #2591, .T. ) ;
#2681 = EDGE_LOOP ( 'NONE', ( #3745, #4786, #8795, #9785 ) ) ;
#2682 = MECHANICAL_DESIGN_GEOMETRIC_PRESENTATION_REPRESENTATION (  '', ( #4501 ), #4135 ) ;
#2683 = CARTESIAN_POINT ( 'NONE',  ( 1.120372306902299941, 0.1562912869500081292, -0.02030884605485261049 ) ) ;
#2684 = CARTESIAN_POINT ( 'NONE',  ( 1.128865379725796370, 0.1050172240309410338, -0.01433718320845357025 ) ) ;
#2685 =( NAMED_UNIT ( * ) PLANE_ANGLE_UNIT ( ) SI_UNIT ( $, .RADIAN. ) );
#2686 = PRESENTATION_STYLE_ASSIGNMENT (( #7979 ) ) ;
#2687 = CARTESIAN_POINT ( 'NONE',  ( 1.122569528271899486, 0.1925469459289890772, 0.03722988336162972450 ) ) ;
#2688 = B_SPLINE_CURVE_WITH_KNOTS ( 'NONE', 3,
 ( #2528, #8731, #4425, #74 ),
 .UNSPECIFIED., .F., .F.,
 ( 4, 4 ),
 ( 0.000000000000000000, 1.000000000000000000 ),
 .UNSPECIFIED. ) ;
#2689 = DIRECTION ( 'NONE',  ( 0.9690140699607516783, 0.2470055307439475711, -3.379661459544657170E-15 ) ) ;
#2690 = AXIS2_PLACEMENT_3D ( 'NONE', #5495, #8282, #10706 ) ;
#2691 = SURFACE_STYLE_USAGE ( .BOTH. , #993 ) ;
#2692 = FILL_AREA_STYLE ('',( #8831 ) ) ;
#2693 = CARTESIAN_POINT ( 'NONE',  ( 1.136911781284040801, 0.1195835685500528933, -0.007375996290347913362 ) ) ;
#2694 = ORIENTED_EDGE ( 'NONE', *, *, #3892, .T. ) ;
#2695 = CARTESIAN_POINT ( 'NONE',  ( 1.137558278863118666, 0.1151690497292599674, -0.005818117735158039733 ) ) ;
#2696 = B_SPLINE_CURVE_WITH_KNOTS ( 'NONE', 1,
 ( #4095, #8582 ),
 .UNSPECIFIED., .F., .F.,
 ( 2, 2 ),
 ( 0.000000000000000000, 1.000000000000000000 ),
 .UNSPECIFIED. ) ;
#2697 = CARTESIAN_POINT ( 'NONE',  ( 1.133981678438849894, 0.1377909433116554505, -0.005817835657525032185 ) ) ;
#2698 = SURFACE_STYLE_FILL_AREA ( #5488 ) ;
#2699 = ADVANCED_FACE ( 'NONE', ( #10275 ), #5447, .F. ) ;
#2700 = CARTESIAN_POINT ( 'NONE',  ( 1.113887621941075379, 0.1859045009492469314, -0.007864499339870075281 ) ) ;
#2701 = EDGE_LOOP ( 'NONE', ( #9439, #9300, #10269, #7897 ) ) ;
#2702 = ADVANCED_BREP_SHAPE_REPRESENTATION ( 'SMD_YZP0120-16020-01', ( #10905, #2206 ), #2397 ) ;
#2703 = CARTESIAN_POINT ( 'NONE',  ( 0.3357876820061000966, 0.000000000000000000, -0.08980603148360478960 ) ) ;
#2704 = DIRECTION ( 'NONE',  ( -1.000000000000000000, 1.224646799147355426E-16, 0.000000000000000000 ) ) ;
#2705 = ORIENTED_EDGE ( 'NONE', *, *, #8290, .F. ) ;
#2706 = EDGE_CURVE ( 'NONE', #11224, #8601, #8639, .T. ) ;
#2707 = CARTESIAN_POINT ( 'NONE',  ( 1.127863673027581282, 0.1123192968609521003, -0.02320706890818121509 ) ) ;
#2708 = PRESENTATION_STYLE_ASSIGNMENT (( #8846 ) ) ;
#2709 = ADVANCED_FACE ( 'NONE', ( #11221 ), #10379, .T. ) ;
#2710 =( LENGTH_UNIT ( ) NAMED_UNIT ( * ) SI_UNIT ( .MILLI., .METRE. ) );
#2711 = FILL_AREA_STYLE ('',( #9780 ) ) ;
#2712 = CARTESIAN_POINT ( 'NONE',  ( 1.134950214032510729, 0.1320682533062220998, -0.01388472496559176733 ) ) ;
#2713 = SURFACE_STYLE_USAGE ( .BOTH. , #4484 ) ;
#2714 = CARTESIAN_POINT ( 'NONE',  ( 1.124996750193965500, 0.1499783022123064857, -0.003083250338844016700 ) ) ;
#2715 = ADVANCED_FACE ( 'NONE', ( #8848 ), #7213, .F. ) ;
#2716 =( NAMED_UNIT ( * ) SI_UNIT ( $, .STERADIAN. ) SOLID_ANGLE_UNIT ( ) );
#2717 = ORIENTED_EDGE ( 'NONE', *, *, #7030, .T. ) ;
#2718 = CARTESIAN_POINT ( 'NONE',  ( 1.135218496017687873, 0.1304238230108699936, -0.01287498630665485054 ) ) ;
#2719 = VECTOR ( 'NONE', #7987, 1000.000000000000000 ) ;
#2720 = PRESENTATION_STYLE_ASSIGNMENT (( #10387 ) ) ;
#2721 = FILL_AREA_STYLE ('',( #7913 ) ) ;
#2722 = AXIS2_PLACEMENT_3D ( 'NONE', #4163, #8489, #10171 ) ;
#2723 = EDGE_CURVE ( 'NONE', #7330, #5239, #5922, .T. ) ;
#2724 = EDGE_LOOP ( 'NONE', ( #9825, #220, #10523, #7438 ) ) ;
#2725 = EDGE_CURVE ( 'NONE', #4402, #1377, #1127, .T. ) ;
#2726 = ORIENTED_EDGE ( 'NONE', *, *, #1407, .T. ) ;
#2727 = FACE_OUTER_BOUND ( 'NONE', #1332, .T. ) ;
#2728 =( GEOMETRIC_REPRESENTATION_CONTEXT ( 3 ) GLOBAL_UNCERTAINTY_ASSIGNED_CONTEXT ( ( #8570 ) ) GLOBAL_UNIT_ASSIGNED_CONTEXT ( ( #7789, #891, #11272 ) ) REPRESENTATION_CONTEXT ( 'NONE', 'WORKASPACE' ) );
#2729 =( LENGTH_UNIT ( ) NAMED_UNIT ( * ) SI_UNIT ( .MILLI., .METRE. ) );
#2730 = PRESENTATION_LAYER_ASSIGNMENT (  '', '', ( #8001 ) ) ;
#2731 = SURFACE_STYLE_USAGE ( .BOTH. , #10559 ) ;
#2732 = FACE_OUTER_BOUND ( 'NONE', #4672, .T. ) ;
#2733 = VECTOR ( 'NONE', #6256, 1000.000000000000114 ) ;
#2734 = CARTESIAN_POINT ( 'NONE',  ( 1.116469405313944563, 0.1747456634457466018, -0.02230649118532043035 ) ) ;
#2735 = ORIENTED_EDGE ( 'NONE', *, *, #9034, .F. ) ;
#2736 = ORIENTED_EDGE ( 'NONE', *, *, #3315, .F. ) ;
#2737 = PRESENTATION_LAYER_ASSIGNMENT (  '', '', ( #3821 ) ) ;
#2738 = PRESENTATION_LAYER_ASSIGNMENT (  '', '', ( #5800 ) ) ;
#2739 = PRESENTATION_STYLE_ASSIGNMENT (( #2634 ) ) ;
#2740 = CARTESIAN_POINT ( 'NONE',  ( 1.127322177331214537, 0.1160958597210904192, -0.01173425452441511502 ) ) ;
#2741 = FILL_AREA_STYLE ('',( #8774 ) ) ;
#2742 = ORIENTED_EDGE ( 'NONE', *, *, #1395, .T. ) ;
#2743 = CARTESIAN_POINT ( 'NONE',  ( 1.122397030820489139, 0.1457591587441520453, -0.03283506347181482099 ) ) ;
#2744 = FACE_OUTER_BOUND ( 'NONE', #6476, .T. ) ;
#2745 = LINE ( 'NONE', #7707, #9475 ) ;
#2746 = MECHANICAL_DESIGN_GEOMETRIC_PRESENTATION_REPRESENTATION (  '', ( #7661 ), #10949 ) ;
#2747 = VECTOR ( 'NONE', #3962, 1000.000000000000000 ) ;
#2748 = CARTESIAN_POINT ( 'NONE',  ( 0.000000000000000000, 0.000000000000000000, 0.000000000000000000 ) ) ;
#2749 = VECTOR ( 'NONE', #9868, 1000.000000000000000 ) ;
#2750 = CARTESIAN_POINT ( 'NONE',  ( 1.129679622547766993, 0.09866907693389463663, -0.01153230679267315886 ) ) ;
#2751 = ORIENTED_EDGE ( 'NONE', *, *, #6632, .T. ) ;
#2752 = CARTESIAN_POINT ( 'NONE',  ( 1.126166316133824008, 0.1772050075883699338, 0.05263794949152361680 ) ) ;
#2753 = VECTOR ( 'NONE', #464, 1000.000000000000114 ) ;
#2754 = CIRCLE ( 'NONE', #9284, 0.8000000000000002665 ) ;
#2755 = DIRECTION ( 'NONE',  ( 1.000000000000000000, 0.000000000000000000, -3.523657060577889805E-15 ) ) ;
#2756 = PRESENTATION_LAYER_ASSIGNMENT (  '', '', ( #2209 ) ) ;
#2757 = FILL_AREA_STYLE ('',( #3703 ) ) ;
#2758 = AXIS2_PLACEMENT_3D ( 'NONE', #7351, #10084, #4825 ) ;
#2759 = UNCERTAINTY_MEASURE_WITH_UNIT (LENGTH_MEASURE( 1.000000000000000082E-05 ), #1730, 'distance_accuracy_value', 'NONE');
#2760 =( NAMED_UNIT ( * ) SI_UNIT ( $, .STERADIAN. ) SOLID_ANGLE_UNIT ( ) );
#2761 = B_SPLINE_CURVE_WITH_KNOTS ( 'NONE', 1,
 ( #10994, #6229 ),
 .UNSPECIFIED., .F., .F.,
 ( 2, 2 ),
 ( 0.000000000000000000, 1.000000000000000000 ),
 .UNSPECIFIED. ) ;
#2762 = CARTESIAN_POINT ( 'NONE',  ( 1.122777631125443820, 0.1917388074299208600, 0.04620291230863250026 ) ) ;
#2763 = MECHANICAL_DESIGN_GEOMETRIC_PRESENTATION_REPRESENTATION (  '', ( #11148 ), #4037 ) ;
#2764 =( GEOMETRIC_REPRESENTATION_CONTEXT ( 3 ) GLOBAL_UNCERTAINTY_ASSIGNED_CONTEXT ( ( #5232 ) ) GLOBAL_UNIT_ASSIGNED_CONTEXT ( ( #9654, #10533, #7993 ) ) REPRESENTATION_CONTEXT ( 'NONE', 'WORKASPACE' ) );
#2765 = ORIENTED_EDGE ( 'NONE', *, *, #1058, .F. ) ;
#2766 =( GEOMETRIC_REPRESENTATION_CONTEXT ( 3 ) GLOBAL_UNCERTAINTY_ASSIGNED_CONTEXT ( ( #7732 ) ) GLOBAL_UNIT_ASSIGNED_CONTEXT ( ( #4351, #4469, #8835 ) ) REPRESENTATION_CONTEXT ( 'NONE', 'WORKASPACE' ) );
#2767 = PLANE ( 'NONE',  #6557 ) ;
#2768 = ORIENTED_EDGE ( 'NONE', *, *, #9899, .F. ) ;
#2769 = FACE_OUTER_BOUND ( 'NONE', #3122, .T. ) ;
#2770 = SURFACE_STYLE_FILL_AREA ( #7954 ) ;
#2771 = CARTESIAN_POINT ( 'NONE',  ( 1.125535338668716356, 0.1276661223500845654, -0.02101293409274514884 ) ) ;
#2772 = DIRECTION ( 'NONE',  ( -1.000000000000000000, 0.000000000000000000, 3.489775742687717397E-15 ) ) ;
#2773 = EDGE_CURVE ( 'NONE', #3654, #8999, #2945, .T. ) ;
#2774 = FACE_OUTER_BOUND ( 'NONE', #8702, .T. ) ;
#2775 = ORIENTED_EDGE ( 'NONE', *, *, #4166, .F. ) ;
#2776 = CARTESIAN_POINT ( 'NONE',  ( 1.138256628363625733, 0.1101985442826666772, -0.01757436460570111630 ) ) ;
#2777 = PRESENTATION_STYLE_ASSIGNMENT (( #318 ) ) ;
#2778 = VERTEX_POINT ( 'NONE', #10546 ) ;
#2779 = ORIENTED_EDGE ( 'NONE', *, *, #6460, .F. ) ;
#2780 =( GEOMETRIC_REPRESENTATION_CONTEXT ( 3 ) GLOBAL_UNCERTAINTY_ASSIGNED_CONTEXT ( ( #4045 ) ) GLOBAL_UNIT_ASSIGNED_CONTEXT ( ( #1779, #3681, #1888 ) ) REPRESENTATION_CONTEXT ( 'NONE', 'WORKASPACE' ) );
#2781 = CARTESIAN_POINT ( 'NONE',  ( 1.108124745161457980, 0.2085719185251648233, -0.02096786135739772683 ) ) ;
#2782 = CARTESIAN_POINT ( 'NONE',  ( 1.139272848092965473, 0.1025260351245642770, 0.04025909933812345937 ) ) ;
#2783 =( GEOMETRIC_REPRESENTATION_CONTEXT ( 3 ) GLOBAL_UNCERTAINTY_ASSIGNED_CONTEXT ( ( #8906 ) ) GLOBAL_UNIT_ASSIGNED_CONTEXT ( ( #860, #11293, #6837 ) ) REPRESENTATION_CONTEXT ( 'NONE', 'WORKASPACE' ) );
#2784 = CARTESIAN_POINT ( 'NONE',  ( 1.144825714831420926, -0.03946468601338971871, -0.02743530319401912485 ) ) ;
#2785 = FILL_AREA_STYLE_COLOUR ( '', #10990 ) ;
#2786 = CARTESIAN_POINT ( 'NONE',  ( 1.125535338668716356, 0.1276661223500845654, -0.02101293409274514884 ) ) ;
#2787 = ADVANCED_FACE ( 'NONE', ( #8117 ), #7043, .T. ) ;
#2788 = ORIENTED_EDGE ( 'NONE', *, *, #10572, .T. ) ;
#2789 = CARTESIAN_POINT ( 'NONE',  ( 0.3357876820061009293, 0.000000000000000000, 0.1601939685163953631 ) ) ;
#2790 = LINE ( 'NONE', #1204, #4745 ) ;
#2791 = UNCERTAINTY_MEASURE_WITH_UNIT (LENGTH_MEASURE( 1.000000000000000082E-05 ), #8862, 'distance_accuracy_value', 'NONE');
#2792 = VECTOR ( 'NONE', #8520, 1000.000000000000000 ) ;
#2793 = ORIENTED_EDGE ( 'NONE', *, *, #7988, .F. ) ;
#2794 = FILL_AREA_STYLE ('',( #1729 ) ) ;
#2795 = CARTESIAN_POINT ( 'NONE',  ( 1.144288847086290639, 0.04925308177134522097, -0.01582396203677764734 ) ) ;
#2796 = SURFACE_STYLE_USAGE ( .BOTH. , #10633 ) ;
#2797 = PLANE ( 'NONE',  #6417 ) ;
#2798 = VERTEX_POINT ( 'NONE', #7094 ) ;
#2799 = SURFACE_STYLE_USAGE ( .BOTH. , #1796 ) ;
#2800 = CARTESIAN_POINT ( 'NONE',  ( 1.111418468959028294, 0.2334525608499675164, -0.008393929879955085854 ) ) ;
#2801 = CARTESIAN_POINT ( 'NONE',  ( 1.133496223107700374, 0.1405741208528688002, -0.02012873051028123486 ) ) ;
#2802 = CARTESIAN_POINT ( 'NONE',  ( 1.137925671167901776, 0.1126204989479003965, -0.002738536146903037660 ) ) ;
#2803 = CARTESIAN_POINT ( 'NONE',  ( 1.126166598782286865, 0.1772037469008553301, 0.05263882507410108658 ) ) ;
#2804 = CARTESIAN_POINT ( 'NONE',  ( 1.116408555218666887, 0.1750172914453036188, 0.02933754768169474780 ) ) ;
#2805 = EDGE_CURVE ( 'NONE', #3864, #5530, #4757, .T. ) ;
#2806 = DIRECTION ( 'NONE',  ( 3.491481338843133355E-15, -0.000000000000000000, 1.000000000000000000 ) ) ;
#2807 = DIRECTION ( 'NONE',  ( 3.491481338843133355E-15, -0.000000000000000000, 1.000000000000000000 ) ) ;
#2808 = CARTESIAN_POINT ( 'NONE',  ( 1.137973650357028799, 0.1122618142770346605, 0.02941546170653877926 ) ) ;
#2809 = ORIENTED_EDGE ( 'NONE', *, *, #2985, .T. ) ;
#2810 = DIRECTION ( 'NONE',  ( -3.491481338843133355E-15, 0.000000000000000000, -1.000000000000000000 ) ) ;
#2811 = VERTEX_POINT ( 'NONE', #6234 ) ;
#2812 =( NAMED_UNIT ( * ) SI_UNIT ( $, .STERADIAN. ) SOLID_ANGLE_UNIT ( ) );
#2813 = PRESENTATION_LAYER_ASSIGNMENT (  '', '', ( #6454 ) ) ;
#2814 = EDGE_CURVE ( 'NONE', #2079, #1871, #2409, .T. ) ;
#2815 = CARTESIAN_POINT ( 'NONE',  ( 1.126382011542107486, 0.1223430937818448805, 0.02883305182473972980 ) ) ;
#2816 = CARTESIAN_POINT ( 'NONE',  ( 1.125205226034460493, 0.1297082120958935048, -0.02560315145550310506 ) ) ;
#2817 = ORIENTED_EDGE ( 'NONE', *, *, #10469, .T. ) ;
#2818 = COLOUR_RGB ( '',0.000000000000000000, 0.000000000000000000, 0.000000000000000000 ) ;
#2819 = LINE ( 'NONE', #2086, #1236 ) ;
#2820 = FACE_OUTER_BOUND ( 'NONE', #5188, .T. ) ;
#2821 = PLANE ( 'NONE',  #1282 ) ;
#2822 = CARTESIAN_POINT ( 'NONE',  ( 1.106877158080866952, 0.2131326574588952028, -0.01614917824762518092 ) ) ;
#2823 = ORIENTED_EDGE ( 'NONE', *, *, #8788, .T. ) ;
#2824 = VERTEX_POINT ( 'NONE', #3558 ) ;
#2825 = CARTESIAN_POINT ( 'NONE',  ( 1.107437488267243308, 0.2110842876605001917, -0.01896616654087048340 ) ) ;
#2826 = DIRECTION ( 'NONE',  ( 0.9721472588380549729, 0.2343708751821683978, -3.394234012840574526E-15 ) ) ;
#2827 = CARTESIAN_POINT ( 'NONE',  ( 1.145214104505094310, -0.03047785596028115482, -0.02335076267855946616 ) ) ;
#2828 = CARTESIAN_POINT ( 'NONE',  ( 1.126670533888383341, 0.1206124430235155920, -0.003390892484159200963 ) ) ;
#2829 = ORIENTED_EDGE ( 'NONE', *, *, #7084, .T. ) ;
#2830 = AXIS2_PLACEMENT_3D ( 'NONE', #8726, #9761, #7078 ) ;
#2831 = SURFACE_STYLE_USAGE ( .BOTH. , #391 ) ;
#2832 = EDGE_CURVE ( 'NONE', #10947, #150, #5435, .T. ) ;
#2833 = VECTOR ( 'NONE', #7931, 1000.000000000000000 ) ;
#2834 = ORIENTED_EDGE ( 'NONE', *, *, #2843, .T. ) ;
#2835 = FACE_OUTER_BOUND ( 'NONE', #7276, .T. ) ;
#2836 = DIRECTION ( 'NONE',  ( 1.000000000000000000, 0.000000000000000000, -3.480155121558408744E-15 ) ) ;
#2837 = ORIENTED_EDGE ( 'NONE', *, *, #8763, .F. ) ;
#2838 = ORIENTED_EDGE ( 'NONE', *, *, #10674, .T. ) ;
#2839 = EDGE_CURVE ( 'NONE', #1201, #2472, #1129, .T. ) ;
#2840 = DIRECTION ( 'NONE',  ( 1.000000000000000000, 0.000000000000000000, -3.492703757814028812E-15 ) ) ;
#2841 = PRESENTATION_LAYER_ASSIGNMENT (  '', '', ( #7521 ) ) ;
#2842 = B_SPLINE_SURFACE_WITH_KNOTS ( 'NONE', 1, 3, ( 
 ( #5619, #1428, #3057, #8358 ),
 ( #8311, #498, #2156, #4099 ) ),
 .UNSPECIFIED., .F., .F., .F.,
 ( 2, 2 ),
 ( 4, 4 ),
 ( 0.000000000000000000, 1.000000000000000000 ),
 ( 0.000000000000000000, 1.000000000000000000 ),
 .UNSPECIFIED. ) ;
#2843 = EDGE_CURVE ( 'NONE', #6494, #466, #945, .T. ) ;
#2844 = DIRECTION ( 'NONE',  ( 0.000000000000000000, 0.000000000000000000, -1.000000000000000000 ) ) ;
#2845 = PRESENTATION_STYLE_ASSIGNMENT (( #2166 ) ) ;
#2846 = FACE_OUTER_BOUND ( 'NONE', #8437, .T. ) ;
#2847 = SURFACE_STYLE_FILL_AREA ( #9876 ) ;
#2848 = EDGE_CURVE ( 'NONE', #3026, #8232, #6233, .T. ) ;
#2849 = CARTESIAN_POINT ( 'NONE',  ( 1.145654269366450206, 0.01470070329272873261, -0.02606900220520724787 ) ) ;
#2850 = VERTEX_POINT ( 'NONE', #7158 ) ;
#2851 = CARTESIAN_POINT ( 'NONE',  ( 1.116408555218666887, 0.1750172914453036188, 0.05263794949152367231 ) ) ;
#2852 = CARTESIAN_POINT ( 'NONE',  ( 1.110899721477372593, 0.2351691776217935959, -0.003208785415462905855 ) ) ;
#2853 = MECHANICAL_DESIGN_GEOMETRIC_PRESENTATION_REPRESENTATION (  '', ( #1417 ), #10167 ) ;
#2854 = CARTESIAN_POINT ( 'NONE',  ( 1.145789309318518745, -2.400488834688712238E-05, 0.05059846250077132401 ) ) ;
#2855 = AXIS2_PLACEMENT_3D ( 'NONE', #7261, #894, #8109 ) ;
#2856 = SURFACE_STYLE_USAGE ( .BOTH. , #3492 ) ;
#2857 = PRESENTATION_STYLE_ASSIGNMENT (( #6331 ) ) ;
#2858 = B_SPLINE_CURVE_WITH_KNOTS ( 'NONE', 3,
 ( #9889, #245, #10750, #7204 ),
 .UNSPECIFIED., .F., .F.,
 ( 4, 4 ),
 ( 0.000000000000000000, 1.000000000000000000 ),
 .UNSPECIFIED. ) ;
#2859 = PLANE ( 'NONE',  #6626 ) ;
#2860 = CARTESIAN_POINT ( 'NONE',  ( 1.128919767223090176, 0.1644429852543110582, -0.003083250338844025808 ) ) ;
#2861 = DIRECTION ( 'NONE',  ( 3.491481338843133355E-15, -0.000000000000000000, 1.000000000000000000 ) ) ;
#2862 = ORIENTED_EDGE ( 'NONE', *, *, #5194, .T. ) ;
#2863 = VERTEX_POINT ( 'NONE', #10655 ) ;
#2864 = ADVANCED_FACE ( 'NONE', ( #2255 ), #2894, .T. ) ;
#2865 = CARTESIAN_POINT ( 'NONE',  ( 1.124245763469084336, 0.1354025619244731693, 0.02850246652063670449 ) ) ;
#2866 = CARTESIAN_POINT ( 'NONE',  ( 1.123379391302499419, 0.1403541928393184091, -0.02468074154554796354 ) ) ;
#2867 = EDGE_LOOP ( 'NONE', ( #5989, #10400, #7123, #4712, #1206, #7085, #7300, #4072, #10839, #8674, #8991, #977 ) ) ;
#2868 = CARTESIAN_POINT ( 'NONE',  ( 1.107664560309918889, 0.2102862079699408526, 0.004415262368773968486 ) ) ;
#2869 = DIRECTION ( 'NONE',  ( -3.491481338843133355E-15, 0.000000000000000000, -1.000000000000000000 ) ) ;
#2870 = CARTESIAN_POINT ( 'NONE',  ( 1.144966369205042023, -0.03646713839880545011, 0.05659367849026816777 ) ) ;
#2871 = PLANE ( 'NONE',  #5466 ) ;
#2872 = CARTESIAN_POINT ( 'NONE',  ( 1.137104556858496540, 0.1182846823421760812, 0.02799486816771246112 ) ) ;
#2873 = ORIENTED_EDGE ( 'NONE', *, *, #6752, .T. ) ;
#2874 = UNCERTAINTY_MEASURE_WITH_UNIT (LENGTH_MEASURE( 1.000000000000000082E-05 ), #3602, 'distance_accuracy_value', 'NONE');
#2875 = CARTESIAN_POINT ( 'NONE',  ( 1.125081957751246087, 0.1819740263772446076, 0.04127429604397188367 ) ) ;
#2876 = CARTESIAN_POINT ( 'NONE',  ( 0.7407876820061012335, 0.000000000000000000, 0.2101939685163938809 ) ) ;
#2877 = ORIENTED_EDGE ( 'NONE', *, *, #7935, .T. ) ;
#2878 = ORIENTED_EDGE ( 'NONE', *, *, #4259, .T. ) ;
#2879 =( NAMED_UNIT ( * ) PLANE_ANGLE_UNIT ( ) SI_UNIT ( $, .RADIAN. ) );
#2880 = CARTESIAN_POINT ( 'NONE',  ( 1.145926572858537273, 0.008811101155414639494, 0.05076352612131188047 ) ) ;
#2881 = CARTESIAN_POINT ( 'NONE',  ( 1.135789304214943840, -4.434440510374544568E-08, 0.05050662115076788583 ) ) ;
#2882 = CARTESIAN_POINT ( 'NONE',  ( 1.109078966955336032, 0.2049892402580200390, 0.02485103320822999728 ) ) ;
#2883 = EDGE_LOOP ( 'NONE', ( #954, #10868, #10037, #8572 ) ) ;
#2884 = STYLED_ITEM ( 'NONE', ( #10115 ), #1969 ) ;
#2885 = ORIENTED_EDGE ( 'NONE', *, *, #8071, .F. ) ;
#2886 = CARTESIAN_POINT ( 'NONE',  ( 1.107895777734488663, 0.2094017395120739145, 0.02485103320822999728 ) ) ;
#2887 = CARTESIAN_POINT ( 'NONE',  ( 1.125535338668716356, 0.1276661223500845654, -0.02515559161746125025 ) ) ;
#2888 = ORIENTED_EDGE ( 'NONE', *, *, #11027, .F. ) ;
#2889 = EDGE_LOOP ( 'NONE', ( #434, #6741, #703, #3854 ) ) ;
#2890 = B_SPLINE_CURVE_WITH_KNOTS ( 'NONE', 3,
 ( #432, #1183, #3723, #3908 ),
 .UNSPECIFIED., .F., .F.,
 ( 4, 4 ),
 ( 0.000000000000000000, 1.000000000000000000 ),
 .UNSPECIFIED. ) ;
#2891 = LINE ( 'NONE', #2057, #8017 ) ;
#2892 = DIRECTION ( 'NONE',  ( -0.000000000000000000, -1.000000000000000000, 0.000000000000000000 ) ) ;
#2893 = MECHANICAL_DESIGN_GEOMETRIC_PRESENTATION_REPRESENTATION (  '', ( #2550 ), #3761 ) ;
#2894 = B_SPLINE_SURFACE_WITH_KNOTS ( 'NONE', 1, 3, ( 
 ( #423, #2131, #5707, #10865 ),
 ( #3902, #3846, #10917, #2986 ) ),
 .UNSPECIFIED., .F., .F., .F.,
 ( 2, 2 ),
 ( 4, 4 ),
 ( 0.000000000000000000, 1.000000000000000000 ),
 ( 0.000000000000000000, 1.000000000000000000 ),
 .UNSPECIFIED. ) ;
#2895 = PRESENTATION_STYLE_ASSIGNMENT (( #2796 ) ) ;
#2896 = EDGE_CURVE ( 'NONE', #189, #4716, #7050, .T. ) ;
#2897 = STYLED_ITEM ( 'NONE', ( #7157 ), #10347 ) ;
#2898 =( GEOMETRIC_REPRESENTATION_CONTEXT ( 3 ) GLOBAL_UNCERTAINTY_ASSIGNED_CONTEXT ( ( #3650 ) ) GLOBAL_UNIT_ASSIGNED_CONTEXT ( ( #3221, #4051, #8262 ) ) REPRESENTATION_CONTEXT ( 'NONE', 'WORKASPACE' ) );
#2899 = PRESENTATION_STYLE_ASSIGNMENT (( #3643 ) ) ;
#2900 = CIRCLE ( 'NONE', #6551, 0.7999999999999998224 ) ;
#2901 = ORIENTED_EDGE ( 'NONE', *, *, #10745, .F. ) ;
#2902 = CARTESIAN_POINT ( 'NONE',  ( 1.133981678438849894, 0.1377909433116554505, -0.005817835657525032185 ) ) ;
#2903 = EDGE_CURVE ( 'NONE', #11179, #2549, #2428, .T. ) ;
#2904 = CARTESIAN_POINT ( 'NONE',  ( 1.134158670044206119, -0.05102710514088796417, 0.03336449143510916010 ) ) ;
#2905 = CARTESIAN_POINT ( 'NONE',  ( 1.128825395542424115, 0.1648974981892691871, 0.02485103320822983769 ) ) ;
#2906 =( GEOMETRIC_REPRESENTATION_CONTEXT ( 3 ) GLOBAL_UNCERTAINTY_ASSIGNED_CONTEXT ( ( #6053 ) ) GLOBAL_UNIT_ASSIGNED_CONTEXT ( ( #5409, #8045, #8874 ) ) REPRESENTATION_CONTEXT ( 'NONE', 'WORKASPACE' ) );
#2907 = PRESENTATION_LAYER_ASSIGNMENT (  '', '', ( #9839 ) ) ;
#2908 =( GEOMETRIC_REPRESENTATION_CONTEXT ( 3 ) GLOBAL_UNCERTAINTY_ASSIGNED_CONTEXT ( ( #7079 ) ) GLOBAL_UNIT_ASSIGNED_CONTEXT ( ( #334, #1091, #1946 ) ) REPRESENTATION_CONTEXT ( 'NONE', 'WORKASPACE' ) );
#2909 = EDGE_CURVE ( 'NONE', #9133, #4629, #3031, .T. ) ;
#2910 =( NAMED_UNIT ( * ) SI_UNIT ( $, .STERADIAN. ) SOLID_ANGLE_UNIT ( ) );
#2911 = CIRCLE ( 'NONE', #7654, 0.8000000000000000444 ) ;
#2912 = VECTOR ( 'NONE', #10762, 1000.000000000000114 ) ;
#2913 = CARTESIAN_POINT ( 'NONE',  ( 1.111931510082857955, 0.2317342403236017090, -0.01357907434454592652 ) ) ;
#2914 = CARTESIAN_POINT ( 'NONE',  ( 1.123379391302499419, 0.1403541928393184091, -0.02468074154554796354 ) ) ;
#2915 = DIRECTION ( 'NONE',  ( 3.491481338843133355E-15, 0.000000000000000000, 1.000000000000000000 ) ) ;
#2916 = ADVANCED_FACE ( 'NONE', ( #9953 ), #3144, .T. ) ;
#2917 = ADVANCED_FACE ( 'NONE', ( #9072 ), #1299, .T. ) ;
#2918 = CARTESIAN_POINT ( 'NONE',  ( 1.124867651102908983, 0.1317529620467695894, -0.02298835935942886849 ) ) ;
#2919 = ORIENTED_EDGE ( 'NONE', *, *, #5576, .T. ) ;
#2920 = EDGE_LOOP ( 'NONE', ( #9241, #7228, #9912, #2885 ) ) ;
#2921 = MECHANICAL_DESIGN_GEOMETRIC_PRESENTATION_REPRESENTATION (  '', ( #6376 ), #1484 ) ;
#2922 =( GEOMETRIC_REPRESENTATION_CONTEXT ( 3 ) GLOBAL_UNCERTAINTY_ASSIGNED_CONTEXT ( ( #7425 ) ) GLOBAL_UNIT_ASSIGNED_CONTEXT ( ( #8205, #2059, #3873 ) ) REPRESENTATION_CONTEXT ( 'NONE', 'WORKASPACE' ) );
#2923 = MECHANICAL_DESIGN_GEOMETRIC_PRESENTATION_REPRESENTATION (  '', ( #8384 ), #3465 ) ;
#2924 = DIRECTION ( 'NONE',  ( -3.491481338843133355E-15, 0.000000000000000000, -1.000000000000000000 ) ) ;
#2925 = ORIENTED_EDGE ( 'NONE', *, *, #5001, .T. ) ;
#2926 = CARTESIAN_POINT ( 'NONE',  ( 1.117313021274275675, 0.2129147856216032364, 0.004415262332172658830 ) ) ;
#2927 = FILL_AREA_STYLE_COLOUR ( '', #2378 ) ;
#2928 = MECHANICAL_DESIGN_GEOMETRIC_PRESENTATION_REPRESENTATION (  '', ( #2396 ), #3475 ) ;
#2929 = MECHANICAL_DESIGN_GEOMETRIC_PRESENTATION_REPRESENTATION (  '', ( #4936 ), #4212 ) ;
#2930 = VECTOR ( 'NONE', #9058, 999.9999999999998863 ) ;
#2931 = DIRECTION ( 'NONE',  ( -3.491481338843133355E-15, 0.000000000000000000, -1.000000000000000000 ) ) ;
#2932 = ADVANCED_FACE ( 'NONE', ( #10482 ), #1993, .T. ) ;
#2933 = CARTESIAN_POINT ( 'NONE',  ( 1.124935003225782548, 0.1313259510218749426, 0.02485103320822956707 ) ) ;
#2934 = FACE_OUTER_BOUND ( 'NONE', #2889, .T. ) ;
#2935 = AXIS2_PLACEMENT_3D ( 'NONE', #1739, #821, #5201 ) ;
#2936 = DIRECTION ( 'NONE',  ( 3.491481338843133355E-15, -0.000000000000000000, 1.000000000000000000 ) ) ;
#2937 = ORIENTED_EDGE ( 'NONE', *, *, #909, .F. ) ;
#2938 = FILL_AREA_STYLE ('',( #8122 ) ) ;
#2939 = CARTESIAN_POINT ( 'NONE',  ( 0.3357876820061009293, 0.000000000000000000, 0.1601939685163953631 ) ) ;
#2940 =( GEOMETRIC_REPRESENTATION_CONTEXT ( 3 ) GLOBAL_UNCERTAINTY_ASSIGNED_CONTEXT ( ( #2424 ) ) GLOBAL_UNIT_ASSIGNED_CONTEXT ( ( #5541, #3653, #3831 ) ) REPRESENTATION_CONTEXT ( 'NONE', 'WORKASPACE' ) );
#2941 = ORIENTED_EDGE ( 'NONE', *, *, #5072, .T. ) ;
#2942 = ORIENTED_EDGE ( 'NONE', *, *, #7016, .F. ) ;
#2943 = DIRECTION ( 'NONE',  ( -3.491481338843133355E-15, 0.000000000000000000, -1.000000000000000000 ) ) ;
#2944 = CARTESIAN_POINT ( 'NONE',  ( 1.123613871190263680, 0.1882283072111125277, 0.3561756190388881693 ) ) ;
#2945 = B_SPLINE_CURVE_WITH_KNOTS ( 'NONE', 3,
 ( #10600, #8962, #310, #10712 ),
 .UNSPECIFIED., .F., .F.,
 ( 4, 4 ),
 ( 0.000000000000000000, 1.000000000000000000 ),
 .UNSPECIFIED. ) ;
#2946 = PRESENTATION_LAYER_ASSIGNMENT (  '', '', ( #1346 ) ) ;
#2947 = CARTESIAN_POINT ( 'NONE',  ( 1.117065663944026621, 0.1720602073083768724, 0.05018182842931852294 ) ) ;
#2948 = ORIENTED_EDGE ( 'NONE', *, *, #205, .T. ) ;
#2949 = ORIENTED_EDGE ( 'NONE', *, *, #2383, .T. ) ;
#2950 = EDGE_CURVE ( 'NONE', #2214, #4085, #7994, .T. ) ;
#2951 = CARTESIAN_POINT ( 'NONE',  ( 1.118273080978316125, 0.1664830333556310271, -0.003083250338843971598 ) ) ;
#2952 = VERTEX_POINT ( 'NONE', #3361 ) ;
#2953 =( GEOMETRIC_REPRESENTATION_CONTEXT ( 3 ) GLOBAL_UNCERTAINTY_ASSIGNED_CONTEXT ( ( #9570 ) ) GLOBAL_UNIT_ASSIGNED_CONTEXT ( ( #7072, #4464, #6094 ) ) REPRESENTATION_CONTEXT ( 'NONE', 'WORKASPACE' ) );
#2954 = EDGE_LOOP ( 'NONE', ( #3573, #9164, #4791, #10001 ) ) ;
#2955 = COLOUR_RGB ( '',0.000000000000000000, 0.000000000000000000, 0.000000000000000000 ) ;
#2956 = PRESENTATION_STYLE_ASSIGNMENT (( #2164 ) ) ;
#2957 = CARTESIAN_POINT ( 'NONE',  ( 1.122059318799187189, 0.1475700280365919992, 0.05687885185883353317 ) ) ;
#2958 = FILL_AREA_STYLE_COLOUR ( '', #5478 ) ;
#2959 = DIRECTION ( 'NONE',  ( 3.491481338843133355E-15, -0.000000000000000000, 1.000000000000000000 ) ) ;
#2960 = ORIENTED_EDGE ( 'NONE', *, *, #6961, .T. ) ;
#2961 = CARTESIAN_POINT ( 'NONE',  ( 1.107215005317841339, 0.2470158600932419735, -0.01528198494523107936 ) ) ;
#2962 = B_SPLINE_CURVE_WITH_KNOTS ( 'NONE', 3,
 ( #6159, #7943, #9715, #2913 ),
 .UNSPECIFIED., .F., .F.,
 ( 4, 4 ),
 ( 0.000000000000000000, 1.000000000000000000 ),
 .UNSPECIFIED. ) ;
#2963 = CARTESIAN_POINT ( 'NONE',  ( 1.113887621941075379, 0.1859045009492469314, -0.01153230679267288825 ) ) ;
#2964 = EDGE_CURVE ( 'NONE', #5805, #6153, #5122, .T. ) ;
#2965 = CARTESIAN_POINT ( 'NONE',  ( 1.141302832253767052, -0.08532249914801330604, -0.007593640944207450533 ) ) ;
#2966 = PRESENTATION_LAYER_ASSIGNMENT (  '', '', ( #7898 ) ) ;
#2967 = FILL_AREA_STYLE_COLOUR ( '', #10950 ) ;
#2968 = DIRECTION ( 'NONE',  ( 1.000000000000000000, 0.000000000000000000, -3.480155121558409533E-15 ) ) ;
#2969 = SURFACE_STYLE_FILL_AREA ( #3888 ) ;
#2970 = DIRECTION ( 'NONE',  ( 3.491481338843133355E-15, -0.000000000000000000, 1.000000000000000000 ) ) ;
#2971 = SURFACE_STYLE_USAGE ( .BOTH. , #9945 ) ;
#2972 = DIRECTION ( 'NONE',  ( 3.491481338843133355E-15, -0.000000000000000000, 1.000000000000000000 ) ) ;
#2973 = ORIENTED_EDGE ( 'NONE', *, *, #9814, .T. ) ;
#2974 = ORIENTED_EDGE ( 'NONE', *, *, #2605, .T. ) ;
#2975 = COLOUR_RGB ( '',0.000000000000000000, 0.000000000000000000, 0.000000000000000000 ) ;
#2976 = EDGE_CURVE ( 'NONE', #3953, #2850, #9931, .T. ) ;
#2977 = ORIENTED_EDGE ( 'NONE', *, *, #3142, .T. ) ;
#2978 = CARTESIAN_POINT ( 'NONE',  ( 1.144445989228026317, -0.04660195447585541856, 0.04657192071257245519 ) ) ;
#2979 = ADVANCED_FACE ( 'NONE', ( #1694 ), #265, .T. ) ;
#2980 = ORIENTED_EDGE ( 'NONE', *, *, #3379, .F. ) ;
#2981 = CARTESIAN_POINT ( 'NONE',  ( 1.118379940837652020, 0.2089697179438413377, 0.005828898535241530676 ) ) ;
#2982 = EDGE_CURVE ( 'NONE', #6697, #8869, #1326, .T. ) ;
#2983 = UNCERTAINTY_MEASURE_WITH_UNIT (LENGTH_MEASURE( 1.000000000000000082E-05 ), #3415, 'distance_accuracy_value', 'NONE');
#2984 = SURFACE_STYLE_USAGE ( .BOTH. , #10987 ) ;
#2985 = EDGE_CURVE ( 'NONE', #6816, #8511, #9778, .T. ) ;
#2986 = CARTESIAN_POINT ( 'NONE',  ( 1.134462553336397450, -0.04602662170454856205, 0.04657192071257250376 ) ) ;
#2987 = COLOUR_RGB ( '',0.000000000000000000, 0.000000000000000000, 0.000000000000000000 ) ;
#2988 = CARTESIAN_POINT ( 'NONE',  ( 1.131010868397307467, 0.08729309151253385191, -0.02230649118532080852 ) ) ;
#2989 =( LENGTH_UNIT ( ) NAMED_UNIT ( * ) SI_UNIT ( .MILLI., .METRE. ) );
#2990 = SURFACE_STYLE_USAGE ( .BOTH. , #259 ) ;
#2991 = ORIENTED_EDGE ( 'NONE', *, *, #9447, .T. ) ;
#2992 = CARTESIAN_POINT ( 'NONE',  ( 1.108747717297428714, 0.2421420736725210243, -0.01357907434454592652 ) ) ;
#2993 = FILL_AREA_STYLE_COLOUR ( '', #6465 ) ;
#2994 = CARTESIAN_POINT ( 'NONE',  ( 1.137191934007828475, 0.1176912268334008860, 0.02431087365259123126 ) ) ;
#2995 = CARTESIAN_POINT ( 'NONE',  ( 1.136997130440177584, 0.1190101665403514725, 0.05368565291744746559 ) ) ;
#2996 = VERTEX_POINT ( 'NONE', #8728 ) ;
#2997 = VERTEX_POINT ( 'NONE', #8946 ) ;
#2998 = SURFACE_STYLE_USAGE ( .BOTH. , #4506 ) ;
#2999 = CARTESIAN_POINT ( 'NONE',  ( 0.3357876820061011514, 0.000000000000000000, 0.2101939685163952964 ) ) ;
#3000 = FACE_OUTER_BOUND ( 'NONE', #9827, .T. ) ;
#3001 = CARTESIAN_POINT ( 'NONE',  ( 1.137692464025097605, 0.1143271160553854665, 0.05699596942303514213 ) ) ;
#3002 = CARTESIAN_POINT ( 'NONE',  ( 1.131748222293747830, 0.1501559799175382903, -0.03673210889059547180 ) ) ;
#3003 = ORIENTED_EDGE ( 'NONE', *, *, #897, .T. ) ;
#3004 = B_SPLINE_CURVE_WITH_KNOTS ( 'NONE', 1,
 ( #10989, #3146 ),
 .UNSPECIFIED., .F., .F.,
 ( 2, 2 ),
 ( 0.000000000000000000, 1.000000000000000000 ),
 .UNSPECIFIED. ) ;
#3005 = ORIENTED_EDGE ( 'NONE', *, *, #10041, .T. ) ;
#3006 = CARTESIAN_POINT ( 'NONE',  ( 1.125501878166078829, 0.1278730723673348613, -0.007386938709074623681 ) ) ;
#3007 = CARTESIAN_POINT ( 'NONE',  ( 1.142405513687331453, -0.07394708924391604765, 0.001418748828195808866 ) ) ;
#3008 = DIRECTION ( 'NONE',  ( 3.491481338843133355E-15, -0.000000000000000000, 1.000000000000000000 ) ) ;
#3009 = ORIENTED_EDGE ( 'NONE', *, *, #195, .T. ) ;
#3010 = VERTEX_POINT ( 'NONE', #2697 ) ;
#3011 =( NAMED_UNIT ( * ) SI_UNIT ( $, .STERADIAN. ) SOLID_ANGLE_UNIT ( ) );
#3012 = CARTESIAN_POINT ( 'NONE',  ( 1.128059049390397695, 0.1685836386336327097, 0.02872765109106575898 ) ) ;
#3013 =( NAMED_UNIT ( * ) SI_UNIT ( $, .STERADIAN. ) SOLID_ANGLE_UNIT ( ) );
#3014 = VERTEX_POINT ( 'NONE', #5254 ) ;
#3015 = FACE_OUTER_BOUND ( 'NONE', #5164, .T. ) ;
#3016 = DIRECTION ( 'NONE',  ( 1.000000000000000000, 0.000000000000000000, -3.307735441481201539E-15 ) ) ;
#3017 = FACE_OUTER_BOUND ( 'NONE', #2867, .T. ) ;
#3018 = CARTESIAN_POINT ( 'NONE',  ( 1.133750604020139052, 0.05705414174989962423, 0.005811029902011302997 ) ) ;
#3019 = CARTESIAN_POINT ( 'NONE',  ( 1.141992109589303528, -0.07832254429753938985, 0.03609705215150383478 ) ) ;
#3020 = DIRECTION ( 'NONE',  ( 3.491481338843133355E-15, -0.000000000000000000, 1.000000000000000000 ) ) ;
#3021 = DIRECTION ( 'NONE',  ( 1.000000000000000000, 0.000000000000000000, -3.491481338843133355E-15 ) ) ;
#3022 =( LENGTH_UNIT ( ) NAMED_UNIT ( * ) SI_UNIT ( .MILLI., .METRE. ) );
#3023 = VERTEX_POINT ( 'NONE', #4638 ) ;
#3024 = ORIENTED_EDGE ( 'NONE', *, *, #9356, .F. ) ;
#3025 = CARTESIAN_POINT ( 'NONE',  ( 1.133525954218539855, -0.06011363445601881905, -0.01035669719184060394 ) ) ;
#3026 = VERTEX_POINT ( 'NONE', #1863 ) ;
#3027 = STYLED_ITEM ( 'NONE', ( #5118 ), #4171 ) ;
#3028 = CARTESIAN_POINT ( 'NONE',  ( 1.144344356151452358, -0.04836553784021083852, 0.04672363372003245086 ) ) ;
#3029 = CARTESIAN_POINT ( 'NONE',  ( 1.120443983761350903, 0.1559303978996560702, -0.02071828101250875603 ) ) ;
#3030 = AXIS2_PLACEMENT_3D ( 'NONE', #1878, #5339, #7795 ) ;
#3031 = LINE ( 'NONE', #1522, #6009 ) ;
#3032 = EDGE_CURVE ( 'NONE', #886, #3578, #9363, .T. ) ;
#3033 = CARTESIAN_POINT ( 'NONE',  ( 1.112605515714765403, 0.2294670621829145996, -0.02011781441668610698 ) ) ;
#3034 = SURFACE_STYLE_USAGE ( .BOTH. , #8339 ) ;
#3035 = SURFACE_STYLE_USAGE ( .BOTH. , #4869 ) ;
#3036 = ORIENTED_EDGE ( 'NONE', *, *, #11262, .F. ) ;
#3037 = CARTESIAN_POINT ( 'NONE',  ( 1.128371415695025526, 0.1086785401619074637, 0.03136794109317292412 ) ) ;
#3038 = EDGE_CURVE ( 'NONE', #2618, #3336, #385, .T. ) ;
#3039 = CARTESIAN_POINT ( 'NONE',  ( 1.127298811079987306, 0.1162330957695818789, 0.02431068657451380954 ) ) ;
#3040 = FILL_AREA_STYLE ('',( #6528 ) ) ;
#3041 = VERTEX_POINT ( 'NONE', #294 ) ;
#3042 = EDGE_CURVE ( 'NONE', #2161, #6336, #10744, .T. ) ;
#3043 = EDGE_LOOP ( 'NONE', ( #9792, #3411, #5523, #8967 ) ) ;
#3044 = CARTESIAN_POINT ( 'NONE',  ( 1.135787676758068798, 0.005295433921436811832, -0.004796712538332743685 ) ) ;
#3045 = EDGE_CURVE ( 'NONE', #8632, #7924, #2962, .T. ) ;
#3046 = LINE ( 'NONE', #4777, #4003 ) ;
#3047 = FACE_OUTER_BOUND ( 'NONE', #6833, .T. ) ;
#3048 = FILL_AREA_STYLE_COLOUR ( '', #10758 ) ;
#3049 = SURFACE_STYLE_USAGE ( .BOTH. , #617 ) ;
#3050 = CARTESIAN_POINT ( 'NONE',  ( 0.3357876820061004852, 0.000000000000000000, 0.02485103320823259937 ) ) ;
#3051 = SURFACE_STYLE_USAGE ( .BOTH. , #3921 ) ;
#3052 = ORIENTED_EDGE ( 'NONE', *, *, #909, .T. ) ;
#3053 = B_SPLINE_CURVE_WITH_KNOTS ( 'NONE', 3,
 ( #6138, #9622, #7114, #858 ),
 .UNSPECIFIED., .F., .F.,
 ( 4, 4 ),
 ( 0.000000000000000000, 1.000000000000000000 ),
 .UNSPECIFIED. ) ;
#3054 = ADVANCED_FACE ( 'NONE', ( #5377 ), #1191, .T. ) ;
#3055 = EDGE_CURVE ( 'NONE', #661, #2824, #674, .T. ) ;
#3056 = CARTESIAN_POINT ( 'NONE',  ( 1.133556644843030758, 0.1402312488217380693, -0.01940281028526793378 ) ) ;
#3057 = CARTESIAN_POINT ( 'NONE',  ( 1.144236817152161745, -0.05013103239710083037, 0.04687553977634340008 ) ) ;
#3058 = EDGE_CURVE ( 'NONE', #7061, #5592, #411, .T. ) ;
#3059 = ORIENTED_EDGE ( 'NONE', *, *, #2537, .T. ) ;
#3060 = ORIENTED_EDGE ( 'NONE', *, *, #4036, .T. ) ;
#3061 = SURFACE_STYLE_USAGE ( .BOTH. , #4670 ) ;
#3062 = CARTESIAN_POINT ( 'NONE',  ( 1.128287767350910409, 0.1092868460907755884, -0.02217549806215568520 ) ) ;
#3063 = ORIENTED_EDGE ( 'NONE', *, *, #633, .F. ) ;
#3064 = VERTEX_POINT ( 'NONE', #518 ) ;
#3065 = CARTESIAN_POINT ( 'NONE',  ( 1.100812469239133007, 0.2339595582981239819, 0.001976359049128044530 ) ) ;
#3066 = CARTESIAN_POINT ( 'NONE',  ( 1.144431689651362216, 0.04886835293273935482, 0.03048076973675203222 ) ) ;
#3067 = B_SPLINE_CURVE_WITH_KNOTS ( 'NONE', 3,
 ( #11280, #3331, #1769, #6775 ),
 .UNSPECIFIED., .F., .F.,
 ( 4, 4 ),
 ( 0.000000000000000000, 1.000000000000000000 ),
 .UNSPECIFIED. ) ;
#3068 = UNCERTAINTY_MEASURE_WITH_UNIT (LENGTH_MEASURE( 1.000000000000000082E-05 ), #1085, 'distance_accuracy_value', 'NONE');
#3069 =( NAMED_UNIT ( * ) SI_UNIT ( $, .STERADIAN. ) SOLID_ANGLE_UNIT ( ) );
#3070 = ORIENTED_EDGE ( 'NONE', *, *, #682, .F. ) ;
#3071 = CARTESIAN_POINT ( 'NONE',  ( 1.127021360342761458, 0.1181072279471063885, -0.007375991758947809257 ) ) ;
#3072 = SURFACE_STYLE_USAGE ( .BOTH. , #4970 ) ;
#3073 = UNCERTAINTY_MEASURE_WITH_UNIT (LENGTH_MEASURE( 1.000000000000000082E-05 ), #7195, 'distance_accuracy_value', 'NONE');
#3074 = B_SPLINE_CURVE_WITH_KNOTS ( 'NONE', 3,
 ( #4174, #1571, #8498, #11317 ),
 .UNSPECIFIED., .F., .F.,
 ( 4, 4 ),
 ( 0.000000000000000000, 1.000000000000000000 ),
 .UNSPECIFIED. ) ;
#3075 = AXIS2_PLACEMENT_3D ( 'NONE', #1874, #2029, #6341 ) ;
#3076 = CARTESIAN_POINT ( 'NONE',  ( 1.131395727999249701, -0.08397672417938813194, 0.02853525512836867922 ) ) ;
#3077 = LINE ( 'NONE', #9228, #11150 ) ;
#3078 = B_SPLINE_CURVE_WITH_KNOTS ( 'NONE', 1,
 ( #10052, #6620 ),
 .UNSPECIFIED., .F., .F.,
 ( 2, 2 ),
 ( 0.000000000000000000, 1.000000000000000000 ),
 .UNSPECIFIED. ) ;
#3079 = CARTESIAN_POINT ( 'NONE',  ( 1.127298811079987306, 0.1162330957695818789, 0.02431068657451380954 ) ) ;
#3080 = COLOUR_RGB ( '',0.000000000000000000, 0.000000000000000000, 0.000000000000000000 ) ;
#3081 = SURFACE_STYLE_USAGE ( .BOTH. , #9999 ) ;
#3082 = ORIENTED_EDGE ( 'NONE', *, *, #1343, .F. ) ;
#3083 = FACE_OUTER_BOUND ( 'NONE', #479, .T. ) ;
#3084 = ORIENTED_EDGE ( 'NONE', *, *, #6184, .T. ) ;
#3085 = CIRCLE ( 'NONE', #9462, 0.4499999999999985678 ) ;
#3086 = CARTESIAN_POINT ( 'NONE',  ( 1.125225522418077384, 0.1295826578681538443, -0.02225152241878877030 ) ) ;
#3087 = PRESENTATION_STYLE_ASSIGNMENT (( #2984 ) ) ;
#3088 = SURFACE_STYLE_FILL_AREA ( #4076 ) ;
#3089 = PRESENTATION_LAYER_ASSIGNMENT (  '', '', ( #3834 ) ) ;
#3090 = CARTESIAN_POINT ( 'NONE',  ( 1.127828137624651061, 0.1696935875635842139, 0.02521247224972661752 ) ) ;
#3091 = AXIS2_PLACEMENT_3D ( 'NONE', #9802, #7975, #2836 ) ;
#3092 = STYLED_ITEM ( 'NONE', ( #1263 ), #6885 ) ;
#3093 = COLOUR_RGB ( '',0.000000000000000000, 0.000000000000000000, 0.000000000000000000 ) ;
#3094 = DIRECTION ( 'NONE',  ( -3.491481338843133355E-15, 0.000000000000000000, -1.000000000000000000 ) ) ;
#3095 = ORIENTED_EDGE ( 'NONE', *, *, #10740, .F. ) ;
#3096 =( GEOMETRIC_REPRESENTATION_CONTEXT ( 3 ) GLOBAL_UNCERTAINTY_ASSIGNED_CONTEXT ( ( #2540 ) ) GLOBAL_UNIT_ASSIGNED_CONTEXT ( ( #1825, #9387, #794 ) ) REPRESENTATION_CONTEXT ( 'NONE', 'WORKASPACE' ) );
#3097 = SURFACE_STYLE_FILL_AREA ( #4820 ) ;
#3098 = UNCERTAINTY_MEASURE_WITH_UNIT (LENGTH_MEASURE( 1.000000000000000082E-05 ), #3620, 'distance_accuracy_value', 'NONE');
#3099 = FILL_AREA_STYLE_COLOUR ( '', #4185 ) ;
#3100 = CARTESIAN_POINT ( 'NONE',  ( 0.3357876820061003187, 0.000000000000000000, -0.02595792449772507324 ) ) ;
#3101 = EDGE_LOOP ( 'NONE', ( #6200, #9210, #2092, #6663, #1701, #10310, #3971, #2878, #2610, #2751, #2274, #331, #397 ) ) ;
#3102 = B_SPLINE_CURVE_WITH_KNOTS ( 'NONE', 1,
 ( #10903, #7322 ),
 .UNSPECIFIED., .F., .F.,
 ( 2, 2 ),
 ( 0.000000000000000000, 1.000000000000000000 ),
 .UNSPECIFIED. ) ;
#3103 = ORIENTED_EDGE ( 'NONE', *, *, #6828, .T. ) ;
#3104 = FACE_OUTER_BOUND ( 'NONE', #2724, .T. ) ;
#3105 = SURFACE_STYLE_FILL_AREA ( #10144 ) ;
#3106 = PRESENTATION_LAYER_ASSIGNMENT (  '', '', ( #6197 ) ) ;
#3107 = COLOUR_RGB ( '',0.000000000000000000, 0.000000000000000000, 0.000000000000000000 ) ;
#3108 = ADVANCED_FACE ( 'NONE', ( #5643 ), #4855, .T. ) ;
#3109 = PRESENTATION_STYLE_ASSIGNMENT (( #1370 ) ) ;
#3110 =( GEOMETRIC_REPRESENTATION_CONTEXT ( 3 ) GLOBAL_UNCERTAINTY_ASSIGNED_CONTEXT ( ( #6059 ) ) GLOBAL_UNIT_ASSIGNED_CONTEXT ( ( #2533, #2608, #1582 ) ) REPRESENTATION_CONTEXT ( 'NONE', 'WORKASPACE' ) );
#3111 = SURFACE_SIDE_STYLE ('',( #4881 ) ) ;
#3112 = CARTESIAN_POINT ( 'NONE',  ( -0.4542123179938999389, 9.735942053221458626E-17, -0.08980603148360202792 ) ) ;
#3113 = CARTESIAN_POINT ( 'NONE',  ( 1.128301182461124874, 0.1091895214593594649, -0.01660829032125828511 ) ) ;
#3114 = CARTESIAN_POINT ( 'NONE',  ( 1.133610925041503625, 0.1399386634360739179, -0.005969795028565153677 ) ) ;
#3115 = ORIENTED_EDGE ( 'NONE', *, *, #8425, .F. ) ;
#3116 = FACE_OUTER_BOUND ( 'NONE', #4452, .T. ) ;
#3117 = ORIENTED_EDGE ( 'NONE', *, *, #6623, .F. ) ;
#3118 = ORIENTED_EDGE ( 'NONE', *, *, #7107, .T. ) ;
#3119 = CARTESIAN_POINT ( 'NONE',  ( 1.117046289794958458, 0.1721481564113178653, 0.03184279116508718921 ) ) ;
#3120 = UNCERTAINTY_MEASURE_WITH_UNIT (LENGTH_MEASURE( 1.000000000000000082E-05 ), #2454, 'distance_accuracy_value', 'NONE');
#3121 = STYLED_ITEM ( 'NONE', ( #63 ), #4517 ) ;
#3122 = EDGE_LOOP ( 'NONE', ( #10649, #8163, #8048, #1401 ) ) ;
#3123 = ORIENTED_EDGE ( 'NONE', *, *, #8281, .F. ) ;
#3124 =( LENGTH_UNIT ( ) NAMED_UNIT ( * ) SI_UNIT ( .MILLI., .METRE. ) );
#3125 = CARTESIAN_POINT ( 'NONE',  ( 1.098822225963057342, 0.2403711395496533620, -0.01719775937616182387 ) ) ;
#3126 = SURFACE_STYLE_FILL_AREA ( #5525 ) ;
#3127 = COLOUR_RGB ( '',0.000000000000000000, 0.000000000000000000, 0.000000000000000000 ) ;
#3128 = ORIENTED_EDGE ( 'NONE', *, *, #7309, .F. ) ;
#3129 =( NAMED_UNIT ( * ) PLANE_ANGLE_UNIT ( ) SI_UNIT ( $, .RADIAN. ) );
#3130 = STYLED_ITEM ( 'NONE', ( #7230 ), #8076 ) ;
#3131 = CYLINDRICAL_SURFACE ( 'NONE', #9444, 0.8099999999999999423 ) ;
#3132 = PLANE ( 'NONE',  #9840 ) ;
#3133 = AXIS2_PLACEMENT_3D ( 'NONE', #3050, #4665, #8250 ) ;
#3134 =( NAMED_UNIT ( * ) PLANE_ANGLE_UNIT ( ) SI_UNIT ( $, .RADIAN. ) );
#3135 = FILL_AREA_STYLE ('',( #1223 ) ) ;
#3136 = CARTESIAN_POINT ( 'NONE',  ( 0.3357876820061016510, 0.000000000000000000, 0.3561756190388909449 ) ) ;
#3137 =( GEOMETRIC_REPRESENTATION_CONTEXT ( 3 ) GLOBAL_UNCERTAINTY_ASSIGNED_CONTEXT ( ( #2874 ) ) GLOBAL_UNIT_ASSIGNED_CONTEXT ( ( #3602, #8171, #7096 ) ) REPRESENTATION_CONTEXT ( 'NONE', 'WORKASPACE' ) );
#3138 = CARTESIAN_POINT ( 'NONE',  ( 0.3357876820061003742, 0.000000000000000000, 0.006069894152878351629 ) ) ;
#3139 = ORIENTED_EDGE ( 'NONE', *, *, #4521, .F. ) ;
#3140 = ORIENTED_EDGE ( 'NONE', *, *, #3477, .T. ) ;
#3141 = PRESENTATION_LAYER_ASSIGNMENT (  '', '', ( #2061 ) ) ;
#3142 = EDGE_CURVE ( 'NONE', #5702, #1460, #7353, .T. ) ;
#3143 = DIRECTION ( 'NONE',  ( -3.491481338843133355E-15, 0.000000000000000000, -1.000000000000000000 ) ) ;
#3144 = PLANE ( 'NONE',  #8913 ) ;
#3145 = CARTESIAN_POINT ( 'NONE',  ( 1.132038968508029431, -0.07735559930621173363, 0.03609705215150389029 ) ) ;
#3146 = CARTESIAN_POINT ( 'NONE',  ( 1.134314657554180705, 0.1358479639966517494, -0.02322294849804365860 ) ) ;
#3147 = PRESENTATION_LAYER_ASSIGNMENT (  '', '', ( #10103 ) ) ;
#3148 = CARTESIAN_POINT ( 'NONE',  ( 1.100122005144568593, 0.2362055089799126595, 0.006069894152875912607 ) ) ;
#3149 = VERTEX_POINT ( 'NONE', #3939 ) ;
#3150 = ORIENTED_EDGE ( 'NONE', *, *, #6532, .T. ) ;
#3151 = ORIENTED_EDGE ( 'NONE', *, *, #64, .T. ) ;
#3152 = CARTESIAN_POINT ( 'NONE',  ( 0.3357876820061003187, 0.000000000000000000, -0.01153230679267050300 ) ) ;
#3153 = CARTESIAN_POINT ( 'NONE',  ( 1.141961896611282112, 0.02818238486766703674, -0.02606900220520724440 ) ) ;
#3154 = EDGE_CURVE ( 'NONE', #11050, #10393, #3102, .T. ) ;
#3155 = DIRECTION ( 'NONE',  ( 1.000000000000000000, 0.000000000000000000, -3.523657060577888622E-15 ) ) ;
#3156 = DIRECTION ( 'NONE',  ( -3.491481338843133355E-15, 0.000000000000000000, -1.000000000000000000 ) ) ;
#3157 = LINE ( 'NONE', #7631, #1052 ) ;
#3158 =( NAMED_UNIT ( * ) SI_UNIT ( $, .STERADIAN. ) SOLID_ANGLE_UNIT ( ) );
#3159 = ORIENTED_EDGE ( 'NONE', *, *, #2848, .F. ) ;
#3160 = CARTESIAN_POINT ( 'NONE',  ( 1.125117018546059056, 0.1302274874110244118, -0.004376807431639181782 ) ) ;
#3161 = EDGE_LOOP ( 'NONE', ( #3422, #9467, #1065, #3036 ) ) ;
#3162 = ORIENTED_EDGE ( 'NONE', *, *, #10123, .T. ) ;
#3163 = FILL_AREA_STYLE_COLOUR ( '', #6358 ) ;
#3164 = ORIENTED_EDGE ( 'NONE', *, *, #7016, .T. ) ;
#3165 = ORIENTED_EDGE ( 'NONE', *, *, #114, .F. ) ;
#3166 = CARTESIAN_POINT ( 'NONE',  ( 0.3357876820061003187, 0.000000000000000000, -0.01719775937615916628 ) ) ;
#3167 =( GEOMETRIC_REPRESENTATION_CONTEXT ( 3 ) GLOBAL_UNCERTAINTY_ASSIGNED_CONTEXT ( ( #10849 ) ) GLOBAL_UNIT_ASSIGNED_CONTEXT ( ( #3740, #9866, #6432 ) ) REPRESENTATION_CONTEXT ( 'NONE', 'WORKASPACE' ) );
#3168 = DIRECTION ( 'NONE',  ( 3.491481338843133355E-15, -0.000000000000000000, 1.000000000000000000 ) ) ;
#3169 = AXIS2_PLACEMENT_3D ( 'NONE', #6156, #9651, #5374 ) ;
#3170 = CARTESIAN_POINT ( 'NONE',  ( 1.128635605544082265, 0.1067518251300687837, 0.03417954173125795775 ) ) ;
#3171 = SURFACE_STYLE_FILL_AREA ( #9446 ) ;
#3172 = EDGE_CURVE ( 'NONE', #7758, #1574, #3077, .T. ) ;
#3173 = CARTESIAN_POINT ( 'NONE',  ( 1.121533436807367279, 0.1671767126612795085, -0.003083250338844004557 ) ) ;
#3174 = ORIENTED_EDGE ( 'NONE', *, *, #2090, .T. ) ;
#3175 = CARTESIAN_POINT ( 'NONE',  ( 1.144618746352527028, 0.04350068215817418787, 0.005583310175039058951 ) ) ;
#3176 = ADVANCED_FACE ( 'NONE', ( #10061, #8388 ), #2243, .T. ) ;
#3177 = CARTESIAN_POINT ( 'NONE',  ( 0.9357876820060998524, 0.000000000000000000, -0.08980603148360688515 ) ) ;
#3178 = DIRECTION ( 'NONE',  ( -1.000000000000000000, 0.000000000000000000, 3.491481338843133355E-15 ) ) ;
#3179 = EDGE_CURVE ( 'NONE', #4491, #7812, #9942, .T. ) ;
#3180 = CARTESIAN_POINT ( 'NONE',  ( 1.145748025500087586, 0.008015108676899971793, -0.01900985571310601085 ) ) ;
#3181 = LINE ( 'NONE', #2176, #2543 ) ;
#3182 = EDGE_CURVE ( 'NONE', #7741, #2553, #1281, .T. ) ;
#3183 = DIRECTION ( 'NONE',  ( 0.9828395459913582544, 0.1844625350457399782, -3.430483436379916373E-15 ) ) ;
#3184 = CARTESIAN_POINT ( 'NONE',  ( 1.113675940626349226, 0.1867882681025681002, 0.006069894152875641991 ) ) ;
#3185 = CARTESIAN_POINT ( 'NONE',  ( 1.145625814174789703, -0.01619258118801872315, 0.3561756190388881138 ) ) ;
#3186 = ORIENTED_EDGE ( 'NONE', *, *, #9220, .F. ) ;
#3187 = CARTESIAN_POINT ( 'NONE',  ( 1.124245763469084558, 0.1354025619244733636, 0.05319467026563504813 ) ) ;
#3188 = B_SPLINE_SURFACE_WITH_KNOTS ( 'NONE', 1, 3, ( 
 ( #6901, #10521, #3695, #6212 ),
 ( #1157, #7133, #1043, #9808 ) ),
 .UNSPECIFIED., .F., .F., .F.,
 ( 2, 2 ),
 ( 4, 4 ),
 ( 0.000000000000000000, 1.000000000000000000 ),
 ( 0.000000000000000000, 1.000000000000000000 ),
 .UNSPECIFIED. ) ;
#3189 = EDGE_CURVE ( 'NONE', #11015, #5284, #8759, .T. ) ;
#3190 = EDGE_LOOP ( 'NONE', ( #9878, #10321, #4499, #6444, #10270, #7193, #1114 ) ) ;
#3191 = CARTESIAN_POINT ( 'NONE',  ( 1.120458492169086773, 0.1558593601666655171, -0.02214147082272839573 ) ) ;
#3192 = CARTESIAN_POINT ( 'NONE',  ( 1.132959688476586235, 0.1435854870793692173, -0.007471519969934293723 ) ) ;
#3193 = CARTESIAN_POINT ( 'NONE',  ( 1.108718308002910824, 0.2063898449197811014, 0.005828898533101478652 ) ) ;
#3194 = EDGE_CURVE ( 'NONE', #5702, #9029, #121, .T. ) ;
#3195 = LINE ( 'NONE', #1523, #9157 ) ;
#3196 = CARTESIAN_POINT ( 'NONE',  ( 1.134837591180994254, -0.03897746332939385633, 0.02994877370923433937 ) ) ;
#3197 = ORIENTED_EDGE ( 'NONE', *, *, #2043, .T. ) ;
#3198 = B_SPLINE_CURVE_WITH_KNOTS ( 'NONE', 3,
 ( #848, #2552, #6004, #1714 ),
 .UNSPECIFIED., .F., .F.,
 ( 4, 4 ),
 ( 0.000000000000000000, 1.000000000000000000 ),
 .UNSPECIFIED. ) ;
#3199 = COLOUR_RGB ( '',0.000000000000000000, 0.000000000000000000, 0.000000000000000000 ) ;
#3200 = B_SPLINE_SURFACE_WITH_KNOTS ( 'NONE', 1, 3, ( 
 ( #10686, #281, #3066, #4844 ),
 ( #7187, #6321, #9807, #2395 ) ),
 .UNSPECIFIED., .F., .F., .F.,
 ( 2, 2 ),
 ( 4, 4 ),
 ( 0.000000000000000000, 1.000000000000000000 ),
 ( 0.000000000000000000, 1.000000000000000000 ),
 .UNSPECIFIED. ) ;
#3201 = CIRCLE ( 'NONE', #9777, 0.8000000000000002665 ) ;
#3202 = ORIENTED_EDGE ( 'NONE', *, *, #4662, .F. ) ;
#3203 = ORIENTED_EDGE ( 'NONE', *, *, #8323, .T. ) ;
#3204 = CARTESIAN_POINT ( 'NONE',  ( 1.116408555218666887, 0.1750172914453036188, 0.02933754768169474780 ) ) ;
#3205 = B_SPLINE_CURVE_WITH_KNOTS ( 'NONE', 3,
 ( #2121, #7948, #4525, #8951 ),
 .UNSPECIFIED., .F., .F.,
 ( 4, 4 ),
 ( 0.000000000000000000, 1.000000000000000000 ),
 .UNSPECIFIED. ) ;
#3206 = COLOUR_RGB ( '',0.000000000000000000, 0.000000000000000000, 0.000000000000000000 ) ;
#3207 = CARTESIAN_POINT ( 'NONE',  ( 1.099600876083498768, 0.2488651220997571967, -0.02595792449772774124 ) ) ;
#3208 =( LENGTH_UNIT ( ) NAMED_UNIT ( * ) SI_UNIT ( .MILLI., .METRE. ) );
#3209 = CARTESIAN_POINT ( 'NONE',  ( 0.3357876820061003187, 0.000000000000000000, -0.02606900220520442721 ) ) ;
#3210 = UNCERTAINTY_MEASURE_WITH_UNIT (LENGTH_MEASURE( 1.000000000000000082E-05 ), #3552, 'distance_accuracy_value', 'NONE');
#3211 = B_SPLINE_CURVE_WITH_KNOTS ( 'NONE', 3,
 ( #10285, #7691, #2275, #6830 ),
 .UNSPECIFIED., .F., .F.,
 ( 4, 4 ),
 ( 0.000000000000000000, 1.000000000000000000 ),
 .UNSPECIFIED. ) ;
#3212 = CARTESIAN_POINT ( 'NONE',  ( 1.134837590969379972, -0.03897746766754539571, -0.02743530319401906933 ) ) ;
#3213 = CARTESIAN_POINT ( 'NONE',  ( 1.133003733823246373, 0.1433407364466975920, -0.01595332470455390964 ) ) ;
#3214 = CARTESIAN_POINT ( 'NONE',  ( 1.131451384935950211, 0.08318216058723285067, 0.04086494253353147033 ) ) ;
#3215 = CARTESIAN_POINT ( 'NONE',  ( 1.133750604020139052, 0.05705414174989962423, 0.005811029902011302997 ) ) ;
#3216 = SURFACE_STYLE_FILL_AREA ( #8590 ) ;
#3217 = PLANE ( 'NONE',  #9104 ) ;
#3218 = ORIENTED_EDGE ( 'NONE', *, *, #7819, .T. ) ;
#3219 = VERTEX_POINT ( 'NONE', #695 ) ;
#3220 = B_SPLINE_CURVE_WITH_KNOTS ( 'NONE', 1,
 ( #1960, #2442 ),
 .UNSPECIFIED., .F., .F.,
 ( 2, 2 ),
 ( 0.000000000000000000, 1.000000000000000000 ),
 .UNSPECIFIED. ) ;
#3221 =( LENGTH_UNIT ( ) NAMED_UNIT ( * ) SI_UNIT ( .MILLI., .METRE. ) );
#3222 =( NAMED_UNIT ( * ) SI_UNIT ( $, .STERADIAN. ) SOLID_ANGLE_UNIT ( ) );
#3223 =( LENGTH_UNIT ( ) NAMED_UNIT ( * ) SI_UNIT ( .MILLI., .METRE. ) );
#3224 = FILL_AREA_STYLE_COLOUR ( '', #2614 ) ;
#3225 = EDGE_LOOP ( 'NONE', ( #9984, #2273, #6647, #8920 ) ) ;
#3226 = SURFACE_STYLE_FILL_AREA ( #745 ) ;
#3227 = B_SPLINE_CURVE_WITH_KNOTS ( 'NONE', 3,
 ( #9405, #3349, #6847, #5963 ),
 .UNSPECIFIED., .F., .F.,
 ( 4, 4 ),
 ( 0.000000000000000000, 1.000000000000000000 ),
 .UNSPECIFIED. ) ;
#3228 = PRESENTATION_STYLE_ASSIGNMENT (( #10057 ) ) ;
#3229 = SURFACE_STYLE_FILL_AREA ( #642 ) ;
#3230 = EDGE_CURVE ( 'NONE', #7861, #2073, #572, .T. ) ;
#3231 = LINE ( 'NONE', #1677, #4573 ) ;
#3232 = ADVANCED_FACE ( 'NONE', ( #1617 ), #759, .T. ) ;
#3233 = CARTESIAN_POINT ( 'NONE',  ( 1.112856172145161082, 0.1901698231397422889, 0.03722988336162978001 ) ) ;
#3234 = EDGE_LOOP ( 'NONE', ( #7559, #7520, #8771, #2053 ) ) ;
#3235 = CARTESIAN_POINT ( 'NONE',  ( 0.3357876820061007628, 0.000000000000000000, 0.1101939685163951937 ) ) ;
#3236 = AXIS2_PLACEMENT_3D ( 'NONE', #5134, #8602, #9277 ) ;
#3237 = ORIENTED_EDGE ( 'NONE', *, *, #3189, .F. ) ;
#3238 = CARTESIAN_POINT ( 'NONE',  ( 1.130394266042441309, 0.1571635345940572137, -0.02027609777406109981 ) ) ;
#3239 = DIRECTION ( 'NONE',  ( 3.491481338843133355E-15, 0.000000000000000000, 1.000000000000000000 ) ) ;
#3240 = AXIS2_PLACEMENT_3D ( 'NONE', #4689, #3827, #6627 ) ;
#3241 = CARTESIAN_POINT ( 'NONE',  ( 1.128783272708528962, 0.1651371210138533607, -0.01185978960095195912 ) ) ;
#3242 = ADVANCED_FACE ( 'NONE', ( #4978, #7653 ), #1680, .T. ) ;
#3243 =( NAMED_UNIT ( * ) PLANE_ANGLE_UNIT ( ) SI_UNIT ( $, .RADIAN. ) );
#3244 = PRESENTATION_LAYER_ASSIGNMENT (  '', '', ( #10214 ) ) ;
#3245 = EDGE_CURVE ( 'NONE', #8213, #7977, #3227, .T. ) ;
#3246 = CARTESIAN_POINT ( 'NONE',  ( 1.128825395542424115, 0.1648974981892691871, 0.02485103320822983769 ) ) ;
#3247 =( LENGTH_UNIT ( ) NAMED_UNIT ( * ) SI_UNIT ( .MILLI., .METRE. ) );
#3248 = B_SPLINE_CURVE_WITH_KNOTS ( 'NONE', 1,
 ( #172, #4516 ),
 .UNSPECIFIED., .F., .F.,
 ( 2, 2 ),
 ( 0.000000000000000000, 1.000000000000000000 ),
 .UNSPECIFIED. ) ;
#3249 = SURFACE_SIDE_STYLE ('',( #11104 ) ) ;
#3250 = ORIENTED_EDGE ( 'NONE', *, *, #9020, .F. ) ;
#3251 = STYLED_ITEM ( 'NONE', ( #4463 ), #10601 ) ;
#3252 = PRESENTATION_LAYER_ASSIGNMENT (  '', '', ( #6921 ) ) ;
#3253 = CARTESIAN_POINT ( 'NONE',  ( 1.116161713504016273, 0.2170630575747283797, -0.009649280644974899540 ) ) ;
#3254 = EDGE_LOOP ( 'NONE', ( #9514, #4774, #119, #4810 ) ) ;
#3255 = ORIENTED_EDGE ( 'NONE', *, *, #471, .F. ) ;
#3256 = SURFACE_SIDE_STYLE ('',( #610 ) ) ;
#3257 = CARTESIAN_POINT ( 'NONE',  ( 1.130593066069632613, 0.1561550558375326969, 0.3561756190388881693 ) ) ;
#3258 = CARTESIAN_POINT ( 'NONE',  ( 1.134577802342496611, 0.1342920088946685520, -0.01102470843974886171 ) ) ;
#3259 = STYLED_ITEM ( 'NONE', ( #258 ), #10810 ) ;
#3260 = EDGE_CURVE ( 'NONE', #8313, #398, #8817, .T. ) ;
#3261 = MECHANICAL_DESIGN_GEOMETRIC_PRESENTATION_REPRESENTATION (  '', ( #4916 ), #9660 ) ;
#3262 = DIRECTION ( 'NONE',  ( 3.491481338843133355E-15, 0.000000000000000000, 1.000000000000000000 ) ) ;
#3263 = MECHANICAL_DESIGN_GEOMETRIC_PRESENTATION_REPRESENTATION (  '', ( #10234 ), #5081 ) ;
#3264 = PRESENTATION_STYLE_ASSIGNMENT (( #10208 ) ) ;
#3265 = MECHANICAL_DESIGN_GEOMETRIC_PRESENTATION_REPRESENTATION (  '', ( #10416 ), #8379 ) ;
#3266 = CARTESIAN_POINT ( 'NONE',  ( 1.114477267488547696, 0.2230303330517492133, -0.02595792449772778288 ) ) ;
#3267 = CARTESIAN_POINT ( 'NONE',  ( 1.131451384935949989, 0.08318216058723267026, 0.006069894152875370506 ) ) ;
#3268 = VERTEX_POINT ( 'NONE', #7134 ) ;
#3269 = SURFACE_STYLE_USAGE ( .BOTH. , #8426 ) ;
#3270 = CARTESIAN_POINT ( 'NONE',  ( 1.135403215462710502, 0.1292864983472779561, -0.009256301275039008694 ) ) ;
#3271 = ORIENTED_EDGE ( 'NONE', *, *, #10858, .T. ) ;
#3272 = AXIS2_PLACEMENT_3D ( 'NONE', #10801, #2970, #9656 ) ;
#3273 = AXIS2_PLACEMENT_3D ( 'NONE', #8717, #7070, #3482 ) ;
#3274 = CYLINDRICAL_SURFACE ( 'NONE', #10671, 0.4050000000000000822 ) ;
#3275 = CARTESIAN_POINT ( 'NONE',  ( 0.3357876820061004852, 0.000000000000000000, 0.02850246652063946617 ) ) ;
#3276 = PRESENTATION_LAYER_ASSIGNMENT (  '', '', ( #9671 ) ) ;
#3277 = MECHANICAL_DESIGN_GEOMETRIC_PRESENTATION_REPRESENTATION (  '', ( #1858 ), #2764 ) ;
#3278 = FACE_OUTER_BOUND ( 'NONE', #2277, .T. ) ;
#3279 = ORIENTED_EDGE ( 'NONE', *, *, #8655, .T. ) ;
#3280 = ORIENTED_EDGE ( 'NONE', *, *, #6037, .F. ) ;
#3281 = ADVANCED_FACE ( 'NONE', ( #4566 ), #8718, .T. ) ;
#3282 = CARTESIAN_POINT ( 'NONE',  ( 1.118968072844303885, 0.1631823379122852857, 0.05687885185883358868 ) ) ;
#3283 = CARTESIAN_POINT ( 'NONE',  ( 1.138236160671713071, 0.1103948509541063383, 0.05542447281498073114 ) ) ;
#3284 = PLANE ( 'NONE',  #10798 ) ;
#3285 = PRESENTATION_LAYER_ASSIGNMENT (  '', '', ( #7857 ) ) ;
#3286 = AXIS2_PLACEMENT_3D ( 'NONE', #3136, #5588, #1351 ) ;
#3287 = EDGE_CURVE ( 'NONE', #4667, #8081, #5684, .T. ) ;
#3288 =( GEOMETRIC_REPRESENTATION_CONTEXT ( 3 ) GLOBAL_UNCERTAINTY_ASSIGNED_CONTEXT ( ( #8516 ) ) GLOBAL_UNIT_ASSIGNED_CONTEXT ( ( #7549, #5792, #4112 ) ) REPRESENTATION_CONTEXT ( 'NONE', 'WORKASPACE' ) );
#3289 = SURFACE_STYLE_USAGE ( .BOTH. , #7643 ) ;
#3290 = EDGE_LOOP ( 'NONE', ( #4605, #9357, #1324, #3250 ) ) ;
#3291 = B_SPLINE_CURVE_WITH_KNOTS ( 'NONE', 3,
 ( #10577, #1046, #7985, #1854 ),
 .UNSPECIFIED., .F., .F.,
 ( 4, 4 ),
 ( 0.000000000000000000, 0.9998706632693341589 ),
 .UNSPECIFIED. ) ;
#3292 = UNCERTAINTY_MEASURE_WITH_UNIT (LENGTH_MEASURE( 1.000000000000000082E-05 ), #217, 'distance_accuracy_value', 'NONE');
#3293 = CYLINDRICAL_SURFACE ( 'NONE', #7818, 0.4000000000000000222 ) ;
#3294 = CARTESIAN_POINT ( 'NONE',  ( 0.3357876820061005962, 0.000000000000000000, 0.05687885185883630179 ) ) ;
#3295 = CARTESIAN_POINT ( 'NONE',  ( 1.109078966955336032, 0.2049892402580200390, 0.02485103320822999728 ) ) ;
#3296 = DIRECTION ( 'NONE',  ( 3.491481338843133355E-15, -0.000000000000000000, 1.000000000000000000 ) ) ;
#3297 = CARTESIAN_POINT ( 'NONE',  ( 1.129321995533719036, 0.1015054399303684102, 0.04475485326971972988 ) ) ;
#3298 = FILL_AREA_STYLE_COLOUR ( '', #9138 ) ;
#3299 =( NAMED_UNIT ( * ) SI_UNIT ( $, .STERADIAN. ) SOLID_ANGLE_UNIT ( ) );
#3300 = MECHANICAL_DESIGN_GEOMETRIC_PRESENTATION_REPRESENTATION (  '', ( #9881 ), #31 ) ;
#3301 = B_SPLINE_CURVE_WITH_KNOTS ( 'NONE', 3,
 ( #1567, #9227, #4229, #5029 ),
 .UNSPECIFIED., .F., .F.,
 ( 4, 4 ),
 ( 0.000000000000000000, 1.000000000000000000 ),
 .UNSPECIFIED. ) ;
#3302 = ORIENTED_EDGE ( 'NONE', *, *, #7159, .F. ) ;
#3303 = PRESENTATION_STYLE_ASSIGNMENT (( #11149 ) ) ;
#3304 = CARTESIAN_POINT ( 'NONE',  ( 0.3357876820061016510, 0.000000000000000000, 0.3561756190388909449 ) ) ;
#3305 = ADVANCED_FACE ( 'NONE', ( #6213 ), #2797, .T. ) ;
#3306 = ORIENTED_EDGE ( 'NONE', *, *, #5497, .F. ) ;
#3307 = SURFACE_STYLE_USAGE ( .BOTH. , #11154 ) ;
#3308 = CARTESIAN_POINT ( 'NONE',  ( 1.145214104505094310, -0.03047785596028115482, -0.02335076267855946616 ) ) ;
#3309 =( NAMED_UNIT ( * ) SI_UNIT ( $, .STERADIAN. ) SOLID_ANGLE_UNIT ( ) );
#3310 = DIRECTION ( 'NONE',  ( -3.491481338843133355E-15, 0.000000000000000000, -1.000000000000000000 ) ) ;
#3311 = SURFACE_SIDE_STYLE ('',( #4133 ) ) ;
#3312 = EDGE_CURVE ( 'NONE', #5846, #7406, #7745, .T. ) ;
#3313 = CARTESIAN_POINT ( 'NONE',  ( 1.144123568519484158, -0.05189503420002650191, 0.04702734930824167131 ) ) ;
#3314 = VERTEX_POINT ( 'NONE', #10522 ) ;
#3315 = EDGE_CURVE ( 'NONE', #4667, #279, #7196, .T. ) ;
#3316 = CIRCLE ( 'NONE', #604, 0.8100000000000000533 ) ;
#3317 = EDGE_CURVE ( 'NONE', #5852, #3785, #2583, .T. ) ;
#3318 = UNCERTAINTY_MEASURE_WITH_UNIT (LENGTH_MEASURE( 1.000000000000000082E-05 ), #1459, 'distance_accuracy_value', 'NONE');
#3319 = DIRECTION ( 'NONE',  ( -3.491481338843133355E-15, 0.000000000000000000, -1.000000000000000000 ) ) ;
#3320 = SURFACE_STYLE_FILL_AREA ( #10267 ) ;
#3321 = ORIENTED_EDGE ( 'NONE', *, *, #2506, .F. ) ;
#3322 = ORIENTED_EDGE ( 'NONE', *, *, #8884, .T. ) ;
#3323 = FACE_OUTER_BOUND ( 'NONE', #8137, .T. ) ;
#3324 = CARTESIAN_POINT ( 'NONE',  ( 1.127587209533853274, 0.1142921724482613005, -0.02607636074267979942 ) ) ;
#3325 = CARTESIAN_POINT ( 'NONE',  ( 1.135493757208255294, -0.02168394071116969135, -0.003069830972985104333 ) ) ;
#3326 = DIRECTION ( 'NONE',  ( 3.491481338843133355E-15, 0.000000000000000000, 1.000000000000000000 ) ) ;
#3327 = CARTESIAN_POINT ( 'NONE',  ( 1.129476007115471248, 0.1002937813878873458, -0.02595792449772837962 ) ) ;
#3328 = CARTESIAN_POINT ( 'NONE',  ( 1.144618746352527250, 0.04350068215817419481, 0.005583310175039058951 ) ) ;
#3329 = CARTESIAN_POINT ( 'NONE',  ( 1.133268606225311448, 0.1418704071879768325, -0.006521058199511183331 ) ) ;
#3330 = CARTESIAN_POINT ( 'NONE',  ( 0.3357876820060969880, 0.000000000000000000, -0.9798060314836047890 ) ) ;
#3331 = CARTESIAN_POINT ( 'NONE',  ( 1.123002786846800660, 0.1424520235744427821, -0.01847494232841575060 ) ) ;
#3332 = ORIENTED_EDGE ( 'NONE', *, *, #4144, .T. ) ;
#3333 = CARTESIAN_POINT ( 'NONE',  ( 1.133988365157310607, 0.05388102188664112280, -0.009398658221951858641 ) ) ;
#3334 = CARTESIAN_POINT ( 'NONE',  ( 1.125961983963937652, 0.1249982900900838689, 0.05178649419006957355 ) ) ;
#3335 = ORIENTED_EDGE ( 'NONE', *, *, #7819, .F. ) ;
#3336 = VERTEX_POINT ( 'NONE', #6965 ) ;
#3337 = CARTESIAN_POINT ( 'NONE',  ( 1.120780653920699033, 0.1542272156420075868, 0.02485103320822983769 ) ) ;
#3338 = B_SPLINE_SURFACE_WITH_KNOTS ( 'NONE', 1, 3, ( 
 ( #1239, #366, #5387, #9955 ),
 ( #9781, #3847, #8849, #1015 ) ),
 .UNSPECIFIED., .F., .F., .F.,
 ( 2, 2 ),
 ( 4, 4 ),
 ( 0.000000000000000000, 1.000000000000000000 ),
 ( 0.000000000000000000, 1.000000000000000000 ),
 .UNSPECIFIED. ) ;
#3339 =( NAMED_UNIT ( * ) SI_UNIT ( $, .STERADIAN. ) SOLID_ANGLE_UNIT ( ) );
#3340 = DIRECTION ( 'NONE',  ( 3.491481338843133355E-15, 0.000000000000000000, 1.000000000000000000 ) ) ;
#3341 = ADVANCED_FACE ( 'NONE', ( #9751 ), #1267, .T. ) ;
#3342 =( LENGTH_UNIT ( ) NAMED_UNIT ( * ) SI_UNIT ( .MILLI., .METRE. ) );
#3343 = ORIENTED_EDGE ( 'NONE', *, *, #3765, .T. ) ;
#3344 = CARTESIAN_POINT ( 'NONE',  ( 1.124935003225782548, 0.1313259510218749426, 0.04086494253353157441 ) ) ;
#3345 = SURFACE_STYLE_FILL_AREA ( #3403 ) ;
#3346 = CARTESIAN_POINT ( 'NONE',  ( 1.136997130440177584, 0.1190101665403514725, 0.05368565291744746559 ) ) ;
#3347 = CYLINDRICAL_SURFACE ( 'NONE', #5120, 0.8099999999999999423 ) ;
#3348 = CARTESIAN_POINT ( 'NONE',  ( 1.129129831090570191, 0.1030353390114250173, 0.04890296374585614836 ) ) ;
#3349 = CARTESIAN_POINT ( 'NONE',  ( 1.108667791635609579, 0.2065907656887521204, -0.02559648396583790939 ) ) ;
#3350 = SURFACE_STYLE_FILL_AREA ( #10246 ) ;
#3351 = CARTESIAN_POINT ( 'NONE',  ( 1.143480324515949054, -0.06109496898646864238, -0.02561357143766564495 ) ) ;
#3352 = B_SPLINE_CURVE_WITH_KNOTS ( 'NONE', 3,
 ( #329, #7238, #3006, #6489 ),
 .UNSPECIFIED., .F., .F.,
 ( 4, 4 ),
 ( 0.000000000000000000, 1.000000000000000000 ),
 .UNSPECIFIED. ) ;
#3353 = ADVANCED_FACE ( 'NONE', ( #1212 ), #9172, .T. ) ;
#3354 = ORIENTED_EDGE ( 'NONE', *, *, #2235, .F. ) ;
#3355 = CARTESIAN_POINT ( 'NONE',  ( 1.144618746352527250, 0.04350068215817419481, 0.005583310175039058951 ) ) ;
#3356 = CARTESIAN_POINT ( 'NONE',  ( 1.114936533650183303, 0.1814581686827769491, 0.02485103320822988973 ) ) ;
#3357 = VERTEX_POINT ( 'NONE', #3810 ) ;
#3358 = SURFACE_STYLE_USAGE ( .BOTH. , #5202 ) ;
#3359 = DIRECTION ( 'NONE',  ( 1.000000000000000000, 0.000000000000000000, -3.492703757814028417E-15 ) ) ;
#3360 = FACE_OUTER_BOUND ( 'NONE', #11192, .T. ) ;
#3361 = CARTESIAN_POINT ( 'NONE',  ( 1.140951158227197615, 0.08838425515644002251, -0.02230649118532086403 ) ) ;
#3362 = PRESENTATION_LAYER_ASSIGNMENT (  '', '', ( #6288 ) ) ;
#3363 = CARTESIAN_POINT ( 'NONE',  ( 1.136710790791023440, 0.1209675136913450910, 0.02442862464690144855 ) ) ;
#3364 = LINE ( 'NONE', #10368, #6400 ) ;
#3365 = ORIENTED_EDGE ( 'NONE', *, *, #4221, .F. ) ;
#3366 = CARTESIAN_POINT ( 'NONE',  ( 0.3357876820061004852, 0.000000000000000000, 0.02850246652063925107 ) ) ;
#3367 = CARTESIAN_POINT ( 'NONE',  ( 1.106527466201572940, 0.2143832667404724779, -0.009649280644974899540 ) ) ;
#3368 = ORIENTED_EDGE ( 'NONE', *, *, #8190, .T. ) ;
#3370 = ORIENTED_EDGE ( 'NONE', *, *, #7028, .F. ) ;
#3369 = UNCERTAINTY_MEASURE_WITH_UNIT (LENGTH_MEASURE( 1.000000000000000082E-05 ), #3893, 'distance_accuracy_value', 'NONE');
#3371 = CARTESIAN_POINT ( 'NONE',  ( 1.145748025500087586, 0.008015108676899970058, -0.01900985571310601085 ) ) ;
#3372 = EDGE_CURVE ( 'NONE', #8903, #8197, #4613, .T. ) ;
#3373 = CARTESIAN_POINT ( 'NONE',  ( 1.129476007115471248, 0.1002937813878873458, -0.02595792449772837962 ) ) ;
#3374 = SURFACE_STYLE_USAGE ( .BOTH. , #7736 ) ;
#3375 = UNCERTAINTY_MEASURE_WITH_UNIT (LENGTH_MEASURE( 1.000000000000000082E-05 ), #3641, 'distance_accuracy_value', 'NONE');
#3376 =( LENGTH_UNIT ( ) NAMED_UNIT ( * ) SI_UNIT ( .MILLI., .METRE. ) );
#3377 = CARTESIAN_POINT ( 'NONE',  ( 1.138353972487884169, 0.1094867543692345513, -0.01950651317458672665 ) ) ;
#3378 = ORIENTED_EDGE ( 'NONE', *, *, #5686, .F. ) ;
#3379 = EDGE_CURVE ( 'NONE', #2104, #6239, #455, .T. ) ;
#3380 = AXIS2_PLACEMENT_3D ( 'NONE', #10419, #4177, #4294 ) ;
#3381 = PRESENTATION_STYLE_ASSIGNMENT (( #10448 ) ) ;
#3382 = EDGE_CURVE ( 'NONE', #7757, #5432, #8056, .T. ) ;
#3383 = CARTESIAN_POINT ( 'NONE',  ( 1.132038968508029431, -0.07735559930621173363, 0.03609705215150389029 ) ) ;
#3384 = ORIENTED_EDGE ( 'NONE', *, *, #4175, .F. ) ;
#3385 = DIRECTION ( 'NONE',  ( 1.000000000000000000, 0.000000000000000000, -3.491658038126059717E-15 ) ) ;
#3386 = EDGE_CURVE ( 'NONE', #9892, #7561, #4069, .T. ) ;
#3387 = ORIENTED_EDGE ( 'NONE', *, *, #6488, .T. ) ;
#3388 = ORIENTED_EDGE ( 'NONE', *, *, #1823, .T. ) ;
#3389 = CARTESIAN_POINT ( 'NONE',  ( 1.128301182461124874, 0.1091895214593594649, -0.01660829032125828511 ) ) ;
#3390 = CARTESIAN_POINT ( 'NONE',  ( 1.123379391302499419, 0.1403541928393184091, -0.02468074154554796354 ) ) ;
#3391 = DIRECTION ( 'NONE',  ( 0.2417162638092019145, -0.9703469728968707742, -8.439478243847122923E-16 ) ) ;
#3392 = EDGE_CURVE ( 'NONE', #8999, #1915, #1497, .T. ) ;
#3393 = DIRECTION ( 'NONE',  ( -1.000000000000000000, 1.224646799147353207E-16, 0.000000000000000000 ) ) ;
#3394 = EDGE_CURVE ( 'NONE', #6714, #4493, #3514, .T. ) ;
#3395 = SURFACE_STYLE_FILL_AREA ( #8027 ) ;
#3396 = CARTESIAN_POINT ( 'NONE',  ( 1.141992323369950491, -0.07832034373894262991, 0.03609903428749287185 ) ) ;
#3397 = ORIENTED_EDGE ( 'NONE', *, *, #4662, .T. ) ;
#3398 = ORIENTED_EDGE ( 'NONE', *, *, #6810, .F. ) ;
#3399 = CARTESIAN_POINT ( 'NONE',  ( 1.131010868397307689, 0.08729309151253333843, 0.05687885185883342215 ) ) ;
#3400 = SURFACE_STYLE_FILL_AREA ( #10515 ) ;
#3401 = FILL_AREA_STYLE ('',( #8603 ) ) ;
#3402 = DIRECTION ( 'NONE',  ( 0.9676523359732190910, 0.2522874485295933389, -3.379661459544658747E-15 ) ) ;
#3403 = FILL_AREA_STYLE ('',( #6147 ) ) ;
#3404 = B_SPLINE_SURFACE_WITH_KNOTS ( 'NONE', 1, 3, ( 
 ( #4485, #7959, #143, #7100 ),
 ( #2492, #5939, #10817, #4596 ) ),
 .UNSPECIFIED., .F., .F., .F.,
 ( 2, 2 ),
 ( 4, 4 ),
 ( 0.000000000000000000, 1.000000000000000000 ),
 ( 0.000000000000000000, 1.000000000000000000 ),
 .UNSPECIFIED. ) ;
#3405 = EDGE_CURVE ( 'NONE', #9730, #9901, #9933, .T. ) ;
#3406 = DIRECTION ( 'NONE',  ( 0.9940289829890088802, 0.1091163643906666869, -3.472835083742631785E-15 ) ) ;
#3407 = DIRECTION ( 'NONE',  ( 1.000000000000000000, 0.000000000000000000, -3.489775742687717791E-15 ) ) ;
#3408 = FACE_OUTER_BOUND ( 'NONE', #6832, .T. ) ;
#3409 = CARTESIAN_POINT ( 'NONE',  ( 1.135774615970368551, -0.005472340844449660388, 0.05162633922791918378 ) ) ;
#3410 = CARTESIAN_POINT ( 'NONE',  ( 1.145155728951505303, 0.03211807076856192794, 0.04243836179981661655 ) ) ;
#3411 = ORIENTED_EDGE ( 'NONE', *, *, #10535, .T. ) ;
#3412 = CARTESIAN_POINT ( 'NONE',  ( 1.137133584838323719, 0.1180878656510025160, -0.02134041690087841101 ) ) ;
#3413 = CARTESIAN_POINT ( 'NONE',  ( 1.124935003225782548, 0.1313259510218749426, 0.05687885185883353317 ) ) ;
#3414 = FILL_AREA_STYLE_COLOUR ( '', #10005 ) ;
#3415 =( LENGTH_UNIT ( ) NAMED_UNIT ( * ) SI_UNIT ( .MILLI., .METRE. ) );
#3416 = B_SPLINE_CURVE_WITH_KNOTS ( 'NONE', 1,
 ( #8021, #8186 ),
 .UNSPECIFIED., .F., .F.,
 ( 2, 2 ),
 ( 0.000000000000000000, 1.000000000000000000 ),
 .UNSPECIFIED. ) ;
#3417 = CARTESIAN_POINT ( 'NONE',  ( 1.125535338668716356, 0.1276661223500845654, -0.02308426285510322903 ) ) ;
#3418 = CARTESIAN_POINT ( 'NONE',  ( 0.3357876820061003187, 0.000000000000000000, -0.02595792449772507324 ) ) ;
#3419 = CARTESIAN_POINT ( 'NONE',  ( 0.3357876820061016510, 0.000000000000000000, 0.3561756190388909449 ) ) ;
#3420 = VECTOR ( 'NONE', #4969, 1000.000000000000000 ) ;
#3421 = CARTESIAN_POINT ( 'NONE',  ( 1.145585255619583576, -0.02339061893858863928, 0.05103880334804693220 ) ) ;
#3422 = ORIENTED_EDGE ( 'NONE', *, *, #3194, .F. ) ;
#3423 = EDGE_CURVE ( 'NONE', #1637, #5883, #9320, .T. ) ;
#3424 = UNCERTAINTY_MEASURE_WITH_UNIT (LENGTH_MEASURE( 1.000000000000000082E-05 ), #10919, 'distance_accuracy_value', 'NONE');
#3425 = FILL_AREA_STYLE ('',( #8844 ) ) ;
#3426 = B_SPLINE_SURFACE_WITH_KNOTS ( 'NONE', 1, 3, ( 
 ( #2784, #6359, #2827, #6250, #4779, #9733 ),
 ( #9918, #8087, #5562, #9089, #1196, #6307 ) ),
 .UNSPECIFIED., .F., .F., .F.,
 ( 2, 2 ),
 ( 4, 2, 4 ),
 ( 0.000000000000000000, 1.000000000000000000 ),
 ( 0.000000000000000000, 0.5000000000000000000, 1.000000000000000000 ),
 .UNSPECIFIED. ) ;
#3427 = ORIENTED_EDGE ( 'NONE', *, *, #11091, .F. ) ;
#3428 = PRESENTATION_LAYER_ASSIGNMENT (  '', '', ( #3606 ) ) ;
#3429 = VERTEX_POINT ( 'NONE', #11076 ) ;
#3430 = FILL_AREA_STYLE_COLOUR ( '', #2588 ) ;
#3431 = LINE ( 'NONE', #11172, #7113 ) ;
#3432 = UNCERTAINTY_MEASURE_WITH_UNIT (LENGTH_MEASURE( 1.000000000000000082E-05 ), #6547, 'distance_accuracy_value', 'NONE');
#3433 = LINE ( 'NONE', #9376, #5974 ) ;
#3434 = CARTESIAN_POINT ( 'NONE',  ( 1.100812469239133229, 0.2339595582981232880, 0.001976359049128044530 ) ) ;
#3435 =( GEOMETRIC_REPRESENTATION_CONTEXT ( 3 ) GLOBAL_UNCERTAINTY_ASSIGNED_CONTEXT ( ( #11216 ) ) GLOBAL_UNIT_ASSIGNED_CONTEXT ( ( #5801, #5642, #7554 ) ) REPRESENTATION_CONTEXT ( 'NONE', 'WORKASPACE' ) );
#3436 = FILL_AREA_STYLE_COLOUR ( '', #6978 ) ;
#3437 = CARTESIAN_POINT ( 'NONE',  ( 1.141397181222574275, 0.08422193759457324846, 0.3561756190388881138 ) ) ;
#3438 = AXIS2_PLACEMENT_3D ( 'NONE', #11072, #1333, #451 ) ;
#3439 = CARTESIAN_POINT ( 'NONE',  ( 1.098822225963057342, 0.2403711395496533620, -0.01719775937616182387 ) ) ;
#3440 =( GEOMETRIC_REPRESENTATION_CONTEXT ( 3 ) GLOBAL_UNCERTAINTY_ASSIGNED_CONTEXT ( ( #24 ) ) GLOBAL_UNIT_ASSIGNED_CONTEXT ( ( #625, #9386, #4153 ) ) REPRESENTATION_CONTEXT ( 'NONE', 'WORKASPACE' ) );
#3441 = CARTESIAN_POINT ( 'NONE',  ( 1.126831638718250872, 0.1742109598997315656, 0.05018182842931852294 ) ) ;
#3442 = EDGE_LOOP ( 'NONE', ( #9224, #2415, #6430 ) ) ;
#3443 = DIRECTION ( 'NONE',  ( 3.491481338843133355E-15, -0.000000000000000000, 1.000000000000000000 ) ) ;
#3444 = FILL_AREA_STYLE_COLOUR ( '', #7958 ) ;
#3445 = B_SPLINE_CURVE_WITH_KNOTS ( 'NONE', 1,
 ( #9288, #1615 ),
 .UNSPECIFIED., .F., .F.,
 ( 2, 2 ),
 ( 0.000000000000000000, 1.000000000000000000 ),
 .UNSPECIFIED. ) ;
#3446 = VERTEX_POINT ( 'NONE', #6887 ) ;
#3447 = CARTESIAN_POINT ( 'NONE',  ( 1.128792378800347551, 0.1055630184404761779, 0.04050471144449686867 ) ) ;
#3448 = CARTESIAN_POINT ( 'NONE',  ( 1.134163366521091287, 0.1367384508761280149, -0.006101550221888614109 ) ) ;
#3449 = DIRECTION ( 'NONE',  ( 1.000000000000000000, 0.000000000000000000, -3.523657060577891383E-15 ) ) ;
#3450 = ORIENTED_EDGE ( 'NONE', *, *, #3749, .F. ) ;
#3451 = ADVANCED_FACE ( 'NONE', ( #9522 ), #10755, .T. ) ;
#3452 = ORIENTED_EDGE ( 'NONE', *, *, #10338, .F. ) ;
#3453 = MECHANICAL_DESIGN_GEOMETRIC_PRESENTATION_REPRESENTATION (  '', ( #10229 ), #2906 ) ;
#3454 =( GEOMETRIC_REPRESENTATION_CONTEXT ( 3 ) GLOBAL_UNCERTAINTY_ASSIGNED_CONTEXT ( ( #1385 ) ) GLOBAL_UNIT_ASSIGNED_CONTEXT ( ( #243, #5587, #2910 ) ) REPRESENTATION_CONTEXT ( 'NONE', 'WORKASPACE' ) );
#3455 = DIRECTION ( 'NONE',  ( 3.491481338843133355E-15, 0.000000000000000000, 1.000000000000000000 ) ) ;
#3456 = SURFACE_STYLE_FILL_AREA ( #9575 ) ;
#3457 = MECHANICAL_DESIGN_GEOMETRIC_PRESENTATION_REPRESENTATION (  '', ( #1109 ), #1478 ) ;
#3458 = B_SPLINE_CURVE_WITH_KNOTS ( 'NONE', 3,
 ( #5797, #9285, #1510, #3295 ),
 .UNSPECIFIED., .F., .F.,
 ( 4, 4 ),
 ( 0.000000000000000000, 1.000000000000000000 ),
 .UNSPECIFIED. ) ;
#3459 = CARTESIAN_POINT ( 'NONE',  ( 1.112065260323596760, 0.1933730110473615149, -0.009944015172426153709 ) ) ;
#3460 = B_SPLINE_SURFACE_WITH_KNOTS ( 'NONE', 1, 3, ( 
 ( #4975, #9532, #8829, #4562 ),
 ( #5193, #4408, #7817, #6091 ) ),
 .UNSPECIFIED., .F., .F., .F.,
 ( 2, 2 ),
 ( 4, 4 ),
 ( 0.000000000000000000, 1.000000000000000000 ),
 ( 0.000000000000000000, 1.000000000000000000 ),
 .UNSPECIFIED. ) ;
#3461 = CARTESIAN_POINT ( 'NONE',  ( 1.128691550378154052, 0.1063177102868227281, -0.008584961518158181620 ) ) ;
#3462 =( GEOMETRIC_REPRESENTATION_CONTEXT ( 3 ) GLOBAL_UNCERTAINTY_ASSIGNED_CONTEXT ( ( #4313 ) ) GLOBAL_UNIT_ASSIGNED_CONTEXT ( ( #1803, #947, #11211 ) ) REPRESENTATION_CONTEXT ( 'NONE', 'WORKASPACE' ) );
#3463 = AXIS2_PLACEMENT_3D ( 'NONE', #10624, #7239, #10034 ) ;
#3464 =( GEOMETRIC_REPRESENTATION_CONTEXT ( 3 ) GLOBAL_UNCERTAINTY_ASSIGNED_CONTEXT ( ( #5596 ) ) GLOBAL_UNIT_ASSIGNED_CONTEXT ( ( #9425, #662, #11219 ) ) REPRESENTATION_CONTEXT ( 'NONE', 'WORKASPACE' ) );
#3465 =( GEOMETRIC_REPRESENTATION_CONTEXT ( 3 ) GLOBAL_UNCERTAINTY_ASSIGNED_CONTEXT ( ( #1826 ) ) GLOBAL_UNIT_ASSIGNED_CONTEXT ( ( #6172, #141, #1875 ) ) REPRESENTATION_CONTEXT ( 'NONE', 'WORKASPACE' ) );
#3466 = CARTESIAN_POINT ( 'NONE',  ( 1.136431787001314753, 0.1227606529019884402, -0.004496943768441806488 ) ) ;
#3467 = ORIENTED_EDGE ( 'NONE', *, *, #3960, .T. ) ;
#3468 = EDGE_LOOP ( 'NONE', ( #5659, #9791, #7923, #3427 ) ) ;
#3470 = EDGE_CURVE ( 'NONE', #5702, #7101, #601, .T. ) ;
#3469 = CARTESIAN_POINT ( 'NONE',  ( 1.142402898209580853, -0.07416412583162240724, -0.01994234866540792531 ) ) ;
#3471 = PRESENTATION_LAYER_ASSIGNMENT (  '', '', ( #11142 ) ) ;
#3472 = CARTESIAN_POINT ( 'NONE',  ( 1.133312766200428534, 0.1416219956495733401, -0.01496541823291715548 ) ) ;
#3473 = CARTESIAN_POINT ( 'NONE',  ( -0.06921231799389893080, 4.959819536546784298E-17, 0.2101939685163967120 ) ) ;
#3474 = SURFACE_STYLE_USAGE ( .BOTH. , #11304 ) ;
#3475 =( GEOMETRIC_REPRESENTATION_CONTEXT ( 3 ) GLOBAL_UNCERTAINTY_ASSIGNED_CONTEXT ( ( #10117 ) ) GLOBAL_UNIT_ASSIGNED_CONTEXT ( ( #4730, #2058, #1384 ) ) REPRESENTATION_CONTEXT ( 'NONE', 'WORKASPACE' ) );
#3476 = SURFACE_STYLE_FILL_AREA ( #10568 ) ;
#3477 = EDGE_CURVE ( 'NONE', #6588, #4402, #7702, .T. ) ;
#3478 = COLOUR_RGB ( '',0.000000000000000000, 0.000000000000000000, 0.000000000000000000 ) ;
#3479 = STYLED_ITEM ( 'NONE', ( #2845 ), #7880 ) ;
#3480 = SURFACE_STYLE_USAGE ( .BOTH. , #11306 ) ;
#3481 = COLOUR_RGB ( '',0.000000000000000000, 0.000000000000000000, 0.000000000000000000 ) ;
#3482 = DIRECTION ( 'NONE',  ( 0.9721472588380550839, 0.2343708751821684810, -3.392366953753473647E-15 ) ) ;
#3483 = CARTESIAN_POINT ( 'NONE',  ( 1.127458414788078844, 0.1713649425048748287, 0.05204445357503847958 ) ) ;
#3484 = COLOUR_RGB ( '',0.000000000000000000, 0.000000000000000000, 0.000000000000000000 ) ;
#3485 =( NAMED_UNIT ( * ) SI_UNIT ( $, .STERADIAN. ) SOLID_ANGLE_UNIT ( ) );
#3486 = ORIENTED_EDGE ( 'NONE', *, *, #3679, .T. ) ;
#3487 = B_SPLINE_SURFACE_WITH_KNOTS ( 'NONE', 1, 3, ( 
 ( #4996, #5045, #8463, #774 ),
 ( #536, #2425, #4138, #9369 ) ),
 .UNSPECIFIED., .F., .F., .F.,
 ( 2, 2 ),
 ( 4, 4 ),
 ( 0.000000000000000000, 1.000000000000000000 ),
 ( 0.000000000000000000, 1.000000000000000000 ),
 .UNSPECIFIED. ) ;
#3488 = VECTOR ( 'NONE', #6330, 1000.000000000000000 ) ;
#3489 = CARTESIAN_POINT ( 'NONE',  ( 1.128727410421646482, 0.1060499273940342102, -0.02469711568594331122 ) ) ;
#3490 = LINE ( 'NONE', #1907, #6768 ) ;
#3491 = SURFACE_STYLE_FILL_AREA ( #8789 ) ;
#3492 = SURFACE_SIDE_STYLE ('',( #7990 ) ) ;
#3493 = CARTESIAN_POINT ( 'NONE',  ( 0.3357876820061004852, 0.000000000000000000, 0.02485103320823222120 ) ) ;
#3494 = CARTESIAN_POINT ( 'NONE',  ( 1.131358200791927615, -0.08426913473075096916, -0.007593641226609266007 ) ) ;
#3495 = MECHANICAL_DESIGN_GEOMETRIC_PRESENTATION_REPRESENTATION (  '', ( #4232 ), #8594 ) ;
#3496 = CARTESIAN_POINT ( 'NONE',  ( 1.128008985091504934, 0.1112897431826653655, -0.02649827113144429674 ) ) ;
#3497 = ORIENTED_EDGE ( 'NONE', *, *, #3245, .F. ) ;
#3498 = PRESENTATION_LAYER_ASSIGNMENT (  '', '', ( #8418 ) ) ;
#3499 = B_SPLINE_CURVE_WITH_KNOTS ( 'NONE', 1,
 ( #8421, #5114 ),
 .UNSPECIFIED., .F., .F.,
 ( 2, 2 ),
 ( 0.000000000000000000, 1.000000000000000000 ),
 .UNSPECIFIED. ) ;
#3500 = CARTESIAN_POINT ( 'NONE',  ( 0.3357876820061014844, 0.000000000000000000, 0.3101939685163953020 ) ) ;
#3501 = DIRECTION ( 'NONE',  ( -3.491481338843133355E-15, 0.000000000000000000, -1.000000000000000000 ) ) ;
#3502 = AXIS2_PLACEMENT_3D ( 'NONE', #1539, #547, #9158 ) ;
#3503 = ORIENTED_EDGE ( 'NONE', *, *, #5611, .F. ) ;
#3504 = SURFACE_SIDE_STYLE ('',( #10436 ) ) ;
#3505 = DIRECTION ( 'NONE',  ( -3.491481338843133355E-15, 0.000000000000000000, -1.000000000000000000 ) ) ;
#3506 = FILL_AREA_STYLE ('',( #9610 ) ) ;
#3507 = COLOUR_RGB ( '',0.000000000000000000, 0.000000000000000000, 0.000000000000000000 ) ;
#3508 = UNCERTAINTY_MEASURE_WITH_UNIT (LENGTH_MEASURE( 1.000000000000000082E-05 ), #5032, 'distance_accuracy_value', 'NONE');
#3509 = CARTESIAN_POINT ( 'NONE',  ( 1.116469405313945007, 0.1747456634457454361, -0.007864499339870075281 ) ) ;
#3510 = LINE ( 'NONE', #3327, #8733 ) ;
#3511 = FILL_AREA_STYLE_COLOUR ( '', #6498 ) ;
#3512 = ORIENTED_EDGE ( 'NONE', *, *, #682, .T. ) ;
#3513 = CARTESIAN_POINT ( 'NONE',  ( 1.116408555218666887, 0.1750172914453036188, 0.05263794949152367231 ) ) ;
#3514 = B_SPLINE_CURVE_WITH_KNOTS ( 'NONE', 3,
 ( #7754, #635, #8597, #2400 ),
 .UNSPECIFIED., .F., .F.,
 ( 4, 4 ),
 ( 0.000000000000000000, 1.000000000000000000 ),
 .UNSPECIFIED. ) ;
#3515 = DIRECTION ( 'NONE',  ( 3.491481338843133355E-15, 0.000000000000000000, 1.000000000000000000 ) ) ;
#3516 = DIRECTION ( 'NONE',  ( -1.000000000000000000, 0.000000000000000000, 3.491481338843133355E-15 ) ) ;
#3517 = UNCERTAINTY_MEASURE_WITH_UNIT (LENGTH_MEASURE( 1.000000000000000082E-05 ), #8692, 'distance_accuracy_value', 'NONE');
#3518 = ORIENTED_EDGE ( 'NONE', *, *, #8769, .T. ) ;
#3519 = VERTEX_POINT ( 'NONE', #8371 ) ;
#3520 = AXIS2_PLACEMENT_3D ( 'NONE', #8156, #7945, #5323 ) ;
#3521 =( NAMED_UNIT ( * ) SI_UNIT ( $, .STERADIAN. ) SOLID_ANGLE_UNIT ( ) );
#3522 =( GEOMETRIC_REPRESENTATION_CONTEXT ( 3 ) GLOBAL_UNCERTAINTY_ASSIGNED_CONTEXT ( ( #8945 ) ) GLOBAL_UNIT_ASSIGNED_CONTEXT ( ( #6170, #307, #3556 ) ) REPRESENTATION_CONTEXT ( 'NONE', 'WORKASPACE' ) );
#3523 = CARTESIAN_POINT ( 'NONE',  ( 1.133566011618894809, 0.1401910505314182820, -0.02577319814836044262 ) ) ;
#3524 = FACE_OUTER_BOUND ( 'NONE', #3468, .T. ) ;
#3525 = CARTESIAN_POINT ( 'NONE',  ( 1.130295040599592848, 0.1187538849170589744, -0.02237049316085213541 ) ) ;
#3526 = VERTEX_POINT ( 'NONE', #4109 ) ;
#3527 = EDGE_LOOP ( 'NONE', ( #712, #10957, #8347, #36 ) ) ;
#3528 = FACE_OUTER_BOUND ( 'NONE', #3806, .T. ) ;
#3529 = CARTESIAN_POINT ( 'NONE',  ( 1.121924584193570995, 0.1482861120236397268, 0.02667674986443329538 ) ) ;
#3530 = CARTESIAN_POINT ( 'NONE',  ( 1.105907788277096016, 0.2166168681033929233, -0.001190318923948319868 ) ) ;
#3531 = DIRECTION ( 'NONE',  ( 0.9921629215550940017, 0.1249509387370111579, -3.328839482709401121E-15 ) ) ;
#3532 =( NAMED_UNIT ( * ) PLANE_ANGLE_UNIT ( ) SI_UNIT ( $, .RADIAN. ) );
#3533 = EDGE_CURVE ( 'NONE', #8412, #3690, #10346, .T. ) ;
#3534 = DIRECTION ( 'NONE',  ( 0.9994477317573292607, 0.03322997871093832933, -3.489553104579812752E-15 ) ) ;
#3535 = SURFACE_STYLE_USAGE ( .BOTH. , #4565 ) ;
#3536 = CARTESIAN_POINT ( 'NONE',  ( 1.139272848092965473, 0.1025260351245642632, 0.04025909933812345937 ) ) ;
#3537 = ADVANCED_FACE ( 'NONE', ( #7592 ), #3652, .T. ) ;
#3538 = ORIENTED_EDGE ( 'NONE', *, *, #755, .T. ) ;
#3539 = AXIS2_PLACEMENT_3D ( 'NONE', #10563, #3624, #10464 ) ;
#3540 = CARTESIAN_POINT ( 'NONE',  ( 1.125545875957405517, 0.1799723258818505534, 0.04961863875314328348 ) ) ;
#3541 = EDGE_CURVE ( 'NONE', #5846, #1291, #2562, .T. ) ;
#3542 = CARTESIAN_POINT ( 'NONE',  ( 1.122258802216517637, 0.1465051284183355174, -0.03298788878239430900 ) ) ;
#3543 = EDGE_CURVE ( 'NONE', #1635, #7834, #5277, .T. ) ;
#3544 = PRESENTATION_LAYER_ASSIGNMENT (  '', '', ( #6088 ) ) ;
#3545 = CARTESIAN_POINT ( 'NONE',  ( 1.135839162738410568, 0.1265607687162099149, 0.05610926725935862225 ) ) ;
#3546 = B_SPLINE_CURVE_WITH_KNOTS ( 'NONE', 1,
 ( #614, #2374 ),
 .UNSPECIFIED., .F., .F.,
 ( 2, 2 ),
 ( 0.000000000000000000, 1.000000000000000000 ),
 .UNSPECIFIED. ) ;
#3547 = CARTESIAN_POINT ( 'NONE',  ( 1.131010868397307689, 0.08729309151253317189, 0.02850246652063648592 ) ) ;
#3548 = DIRECTION ( 'NONE',  ( 3.491481338843133355E-15, -0.000000000000000000, 1.000000000000000000 ) ) ;
#3549 = LINE ( 'NONE', #6163, #5663 ) ;
#3550 = EDGE_LOOP ( 'NONE', ( #4614, #10385, #9168, #4016 ) ) ;
#3551 = ADVANCED_FACE ( 'NONE', ( #9796, #10673 ), #907, .F. ) ;
#3552 =( LENGTH_UNIT ( ) NAMED_UNIT ( * ) SI_UNIT ( .MILLI., .METRE. ) );
#3553 = CARTESIAN_POINT ( 'NONE',  ( -0.2542123179939027033, 7.225416114969380249E-17, -0.9798060314836027906 ) ) ;
#3554 = EDGE_LOOP ( 'NONE', ( #7690, #10086, #4176, #10675 ) ) ;
#3555 = CARTESIAN_POINT ( 'NONE',  ( 1.135655916436075552, 0.01451921312862097108, -0.02606900220520724787 ) ) ;
#3556 =( NAMED_UNIT ( * ) SI_UNIT ( $, .STERADIAN. ) SOLID_ANGLE_UNIT ( ) );
#3557 = EDGE_CURVE ( 'NONE', #7330, #8313, #927, .T. ) ;
#3558 = CARTESIAN_POINT ( 'NONE',  ( 1.132762035276840384, 0.1446785410096670388, -0.01973575114034626515 ) ) ;
#3559 = CARTESIAN_POINT ( 'NONE',  ( 1.134676858138161215, 0.1337118558141230373, -0.01489446362443029234 ) ) ;
#3560 = CARTESIAN_POINT ( 'NONE',  ( 1.128822595057868750, 0.1053357806302039484, 0.02868258206520829523 ) ) ;
#3561 = CARTESIAN_POINT ( 'NONE',  ( 1.123613871190262570, 0.1882283072111125000, 0.02485103320822994524 ) ) ;
#3562 = EDGE_LOOP ( 'NONE', ( #1331, #7547, #4326, #5494 ) ) ;
#3563 = CARTESIAN_POINT ( 'NONE',  ( 1.128985489904669404, 0.1041020535095472099, -0.01983399598272112679 ) ) ;
#3564 = CARTESIAN_POINT ( 'NONE',  ( 1.129476007115471248, 0.1002937813878873458, -0.02413220784152459580 ) ) ;
#3565 = FILL_AREA_STYLE ('',( #6132 ) ) ;
#3566 = ORIENTED_EDGE ( 'NONE', *, *, #10469, .F. ) ;
#3567 = VERTEX_POINT ( 'NONE', #7921 ) ;
#3568 = CARTESIAN_POINT ( 'NONE',  ( 1.117107165148713666, 0.2136348877448618622, -0.0006271292766393669373 ) ) ;
#3569 = B_SPLINE_CURVE_WITH_KNOTS ( 'NONE', 3,
 ( #3616, #3732, #9857, #1321 ),
 .UNSPECIFIED., .F., .F.,
 ( 4, 4 ),
 ( 0.000000000000000000, 1.000000000000000000 ),
 .UNSPECIFIED. ) ;
#3570 = FILL_AREA_STYLE ('',( #10617 ) ) ;
#3571 = CARTESIAN_POINT ( 'NONE',  ( 1.114970639955905396, 0.2213005152289355681, -0.009534661662203604282 ) ) ;
#3572 = ORIENTED_EDGE ( 'NONE', *, *, #812, .T. ) ;
#3573 = ORIENTED_EDGE ( 'NONE', *, *, #11018, .F. ) ;
#3574 = COLOUR_RGB ( '',0.000000000000000000, 0.000000000000000000, 0.000000000000000000 ) ;
#3575 = SURFACE_STYLE_FILL_AREA ( #6956 ) ;
#3576 = CARTESIAN_POINT ( 'NONE',  ( 1.130913336478305498, 0.1545171399049305450, -0.02868148985342819368 ) ) ;
#3577 = SURFACE_SIDE_STYLE ('',( #5958 ) ) ;
#3578 = VERTEX_POINT ( 'NONE', #9578 ) ;
#3579 =( NAMED_UNIT ( * ) SI_UNIT ( $, .STERADIAN. ) SOLID_ANGLE_UNIT ( ) );
#3580 = AXIS2_PLACEMENT_3D ( 'NONE', #170, #2649, #5414 ) ;
#3581 = DIRECTION ( 'NONE',  ( -1.000000000000000000, 0.000000000000000000, 3.491481338843133355E-15 ) ) ;
#3582 = CARTESIAN_POINT ( 'NONE',  ( 1.137191934007828475, 0.1176912268334008860, 0.02431087365259123126 ) ) ;
#3583 = SURFACE_STYLE_FILL_AREA ( #7933 ) ;
#3584 =( GEOMETRIC_REPRESENTATION_CONTEXT ( 3 ) GLOBAL_UNCERTAINTY_ASSIGNED_CONTEXT ( ( #2484 ) ) GLOBAL_UNIT_ASSIGNED_CONTEXT ( ( #357, #1289, #3712 ) ) REPRESENTATION_CONTEXT ( 'NONE', 'WORKASPACE' ) );
#3585 = CARTESIAN_POINT ( 'NONE',  ( 1.126227926855292827, 0.1769299842388186716, -0.01153230679267294202 ) ) ;
#3586 = DIRECTION ( 'NONE',  ( -3.491481338843133355E-15, 0.000000000000000000, -1.000000000000000000 ) ) ;
#3587 = CARTESIAN_POINT ( 'NONE',  ( 1.125117018546059056, 0.1302274874110244118, -0.004376807431639181782 ) ) ;
#3588 = ORIENTED_EDGE ( 'NONE', *, *, #3541, .T. ) ;
#3589 = CARTESIAN_POINT ( 'NONE',  ( 0.3357876820061004852, 0.000000000000000000, 0.02334504061165593863 ) ) ;
#3590 = ADVANCED_FACE ( 'NONE', ( #2732 ), #8816, .F. ) ;
#3591 = PRESENTATION_STYLE_ASSIGNMENT (( #1691 ) ) ;
#3592 = CARTESIAN_POINT ( 'NONE',  ( 1.125961983963937652, 0.1249982900900845767, 0.03013988056217909925 ) ) ;
#3593 = B_SPLINE_CURVE_WITH_KNOTS ( 'NONE', 1,
 ( #5139, #7762 ),
 .UNSPECIFIED., .F., .F.,
 ( 2, 2 ),
 ( 0.000000000000000000, 1.000000000000000000 ),
 .UNSPECIFIED. ) ;
#3594 =( LENGTH_UNIT ( ) NAMED_UNIT ( * ) SI_UNIT ( .MILLI., .METRE. ) );
#3595 = DIRECTION ( 'NONE',  ( 1.000000000000000000, 0.000000000000000000, -3.480155121558409533E-15 ) ) ;
#3596 = SURFACE_STYLE_FILL_AREA ( #299 ) ;
#3597 = ORIENTED_EDGE ( 'NONE', *, *, #1041, .T. ) ;
#3598 = DIRECTION ( 'NONE',  ( -3.491481338843133355E-15, 0.000000000000000000, -1.000000000000000000 ) ) ;
#3599 = ORIENTED_EDGE ( 'NONE', *, *, #5561, .T. ) ;
#3600 = CARTESIAN_POINT ( 'NONE',  ( 1.137504567772833042, 0.1155423518736383576, -0.002559441173946347316 ) ) ;
#3601 = DIRECTION ( 'NONE',  ( 1.000000000000000000, 0.000000000000000000, -3.493540333564414264E-15 ) ) ;
#3602 =( LENGTH_UNIT ( ) NAMED_UNIT ( * ) SI_UNIT ( .MILLI., .METRE. ) );
#3603 = CARTESIAN_POINT ( 'NONE',  ( 1.128791628246635703, 0.1650598111199036155, 0.05319467026563515222 ) ) ;
#3604 = VERTEX_POINT ( 'NONE', #5349 ) ;
#3605 = FACE_BOUND ( 'NONE', #539, .T. ) ;
#3606 = STYLED_ITEM ( 'NONE', ( #6676 ), #6120 ) ;
#3607 = CARTESIAN_POINT ( 'NONE',  ( 1.120367508153516711, 0.1563153748115962416, -0.02941286812516781535 ) ) ;
#3608 = DIRECTION ( 'NONE',  ( -3.491481338843133355E-15, 0.000000000000000000, -1.000000000000000000 ) ) ;
#3609 = VERTEX_POINT ( 'NONE', #4497 ) ;
#3610 = ORIENTED_EDGE ( 'NONE', *, *, #3179, .F. ) ;
#3611 = ADVANCED_FACE ( 'NONE', ( #154 ), #8038, .T. ) ;
#3612 = FACE_OUTER_BOUND ( 'NONE', #1795, .T. ) ;
#3613 = SURFACE_STYLE_USAGE ( .BOTH. , #1723 ) ;
#3614 = COLOUR_RGB ( '',0.000000000000000000, 0.000000000000000000, 0.000000000000000000 ) ;
#3615 = B_SPLINE_CURVE_WITH_KNOTS ( 'NONE', 3,
 ( #1596, #11182, #11009, #4042 ),
 .UNSPECIFIED., .F., .F.,
 ( 4, 4 ),
 ( 0.000000000000000000, 1.000000000000000000 ),
 .UNSPECIFIED. ) ;
#3616 = CARTESIAN_POINT ( 'NONE',  ( 1.125348979795322446, 0.1288136523564147873, -0.01287498630665485054 ) ) ;
#3617 = CARTESIAN_POINT ( 'NONE',  ( 1.132229647680669027, 0.1475811482284539455, -0.03640462608224261098 ) ) ;
#3618 = PRESENTATION_LAYER_ASSIGNMENT (  '', '', ( #5795 ) ) ;
#3619 = CARTESIAN_POINT ( 'NONE',  ( 0.3357876820061016510, 0.000000000000000000, 0.3561756190388909449 ) ) ;
#3620 =( LENGTH_UNIT ( ) NAMED_UNIT ( * ) SI_UNIT ( .MILLI., .METRE. ) );
#3621 = ORIENTED_EDGE ( 'NONE', *, *, #7835, .T. ) ;
#3622 = VERTEX_POINT ( 'NONE', #9919 ) ;
#3623 = STYLED_ITEM ( 'NONE', ( #10497 ), #10670 ) ;
#3624 = DIRECTION ( 'NONE',  ( 3.491481338843133355E-15, 0.000000000000000000, 1.000000000000000000 ) ) ;
#3625 = CARTESIAN_POINT ( 'NONE',  ( 1.136877951131481490, 0.1198097688530631866, -0.01141768780968361457 ) ) ;
#3626 = CARTESIAN_POINT ( 'NONE',  ( 1.118273080978316125, 0.1664830333556310271, -0.003083250338843971598 ) ) ;
#3627 = MECHANICAL_DESIGN_GEOMETRIC_PRESENTATION_REPRESENTATION (  '', ( #2007 ), #10024 ) ;
#3628 = B_SPLINE_CURVE_WITH_KNOTS ( 'NONE', 3,
 ( #1168, #6935, #10498, #8750 ),
 .UNSPECIFIED., .F., .F.,
 ( 4, 4 ),
 ( 0.000000000000000000, 1.000000000000000000 ),
 .UNSPECIFIED. ) ;
#3629 = VERTEX_POINT ( 'NONE', #4611 ) ;
#3630 = EDGE_CURVE ( 'NONE', #1877, #272, #109, .T. ) ;
#3631 = DIRECTION ( 'NONE',  ( -3.491481338843133355E-15, 0.000000000000000000, -1.000000000000000000 ) ) ;
#3632 = AXIS2_PLACEMENT_3D ( 'NONE', #6315, #277, #7240 ) ;
#3633 =( NAMED_UNIT ( * ) PLANE_ANGLE_UNIT ( ) SI_UNIT ( $, .RADIAN. ) );
#3634 = CARTESIAN_POINT ( 'NONE',  ( 1.125081957751246087, 0.1819740263772446076, 0.04127429604397188367 ) ) ;
#3635 = CARTESIAN_POINT ( 'NONE',  ( 1.122569528271899486, 0.1925469459289888552, 0.03722988336162972450 ) ) ;
#3636 = MECHANICAL_DESIGN_GEOMETRIC_PRESENTATION_REPRESENTATION (  '', ( #3259 ), #9096 ) ;
#3637 = CARTESIAN_POINT ( 'NONE',  ( 1.124067529499903184, 0.1364435487824997573, -0.01726871398460388604 ) ) ;
#3638 = COLOUR_RGB ( '',0.000000000000000000, 0.000000000000000000, 0.000000000000000000 ) ;
#3639 = FILL_AREA_STYLE ('',( #9705 ) ) ;
#3640 = DIRECTION ( 'NONE',  ( -1.000000000000000000, 0.000000000000000000, 3.491481338843133355E-15 ) ) ;
#3641 =( LENGTH_UNIT ( ) NAMED_UNIT ( * ) SI_UNIT ( .MILLI., .METRE. ) );
#3642 = AXIS2_PLACEMENT_3D ( 'NONE', #9605, #5880, #5261 ) ;
#3643 = SURFACE_STYLE_USAGE ( .BOTH. , #3758 ) ;
#3644 = ORIENTED_EDGE ( 'NONE', *, *, #3386, .T. ) ;
#3645 = VECTOR ( 'NONE', #8058, 1000.000000000000000 ) ;
#3646 = CARTESIAN_POINT ( 'NONE',  ( 1.133496223107700374, 0.1405741208528688002, -0.02012873051028123486 ) ) ;
#3647 = MECHANICAL_DESIGN_GEOMETRIC_PRESENTATION_REPRESENTATION (  '', ( #10598 ), #4013 ) ;
#3648 = DIRECTION ( 'NONE',  ( -1.000000000000000000, 0.000000000000000000, 3.491481338843133355E-15 ) ) ;
#3649 = COLOUR_RGB ( '',0.000000000000000000, 0.000000000000000000, 0.000000000000000000 ) ;
#3650 = UNCERTAINTY_MEASURE_WITH_UNIT (LENGTH_MEASURE( 1.000000000000000082E-05 ), #3221, 'distance_accuracy_value', 'NONE');
#3651 = CARTESIAN_POINT ( 'NONE',  ( 1.119034806486419953, 0.1628617266066855751, 0.02485103320822988973 ) ) ;
#3652 = B_SPLINE_SURFACE_WITH_KNOTS ( 'NONE', 1, 3, ( 
 ( #5953, #218, #8706, #1834 ),
 ( #6139, #1934, #6081, #11294 ) ),
 .UNSPECIFIED., .F., .F., .F.,
 ( 2, 2 ),
 ( 4, 4 ),
 ( 0.000000000000000000, 1.000000000000000000 ),
 ( 0.000000000000000000, 1.000000000000000000 ),
 .UNSPECIFIED. ) ;
#3653 =( NAMED_UNIT ( * ) PLANE_ANGLE_UNIT ( ) SI_UNIT ( $, .RADIAN. ) );
#3654 = VERTEX_POINT ( 'NONE', #5672 ) ;
#3655 = CARTESIAN_POINT ( 'NONE',  ( 1.121208475530091953, 0.1520334736173032109, -0.03006783374187219429 ) ) ;
#3656 = CARTESIAN_POINT ( 'NONE',  ( 1.128754516913359929, 0.1058470535119574313, 0.05270344605310696429 ) ) ;
#3657 = ORIENTED_EDGE ( 'NONE', *, *, #468, .F. ) ;
#3658 = CARTESIAN_POINT ( 'NONE',  ( 1.144836768010198069, -0.03923743666365536731, -0.04109791807730252267 ) ) ;
#3659 = B_SPLINE_CURVE_WITH_KNOTS ( 'NONE', 3,
 ( #5271, #6870, #10380, #10548 ),
 .UNSPECIFIED., .F., .F.,
 ( 4, 4 ),
 ( 0.000000000000000000, 1.000000000000000000 ),
 .UNSPECIFIED. ) ;
#3660 = CARTESIAN_POINT ( 'NONE',  ( 1.119973114417822657, 0.1582820507614192407, 0.05319467026563515222 ) ) ;
#3661 = CIRCLE ( 'NONE', #957, 0.4000000000000000222 ) ;
#3662 = SURFACE_STYLE_USAGE ( .BOTH. , #5434 ) ;
#3663 = CARTESIAN_POINT ( 'NONE',  ( 1.120367508153516711, 0.1563153748115962416, -0.02941286812516781535 ) ) ;
#3664 = EDGE_CURVE ( 'NONE', #3357, #264, #9090, .T. ) ;
#3665 = PLANE ( 'NONE',  #5865 ) ;
#3666 = CARTESIAN_POINT ( 'NONE',  ( 1.128059049390397695, 0.1685836386336327097, 0.02872765109106575898 ) ) ;
#3667 = STYLED_ITEM ( 'NONE', ( #7248 ), #3353 ) ;
#3668 = CARTESIAN_POINT ( 'NONE',  ( 1.134380418910822641, 0.1354608451288605853, -0.02649827113144429674 ) ) ;
#3669 = ORIENTED_EDGE ( 'NONE', *, *, #5214, .F. ) ;
#3670 = EDGE_CURVE ( 'NONE', #2330, #9066, #510, .T. ) ;
#3671 = CIRCLE ( 'NONE', #5147, 0.5999999999999998668 ) ;
#3672 = SURFACE_STYLE_USAGE ( .BOTH. , #8854 ) ;
#3673 = EDGE_CURVE ( 'NONE', #3609, #8982, #10481, .T. ) ;
#3674 = SURFACE_STYLE_FILL_AREA ( #9616 ) ;
#3675 = FACE_OUTER_BOUND ( 'NONE', #5199, .T. ) ;
#3676 = ORIENTED_EDGE ( 'NONE', *, *, #2226, .F. ) ;
#3677 = ORIENTED_EDGE ( 'NONE', *, *, #9625, .F. ) ;
#3678 = STYLED_ITEM ( 'NONE', ( #7174 ), #3590 ) ;
#3679 = EDGE_CURVE ( 'NONE', #2501, #6619, #8599, .T. ) ;
#3680 = AXIS2_PLACEMENT_3D ( 'NONE', #4547, #322, #3795 ) ;
#3681 =( NAMED_UNIT ( * ) PLANE_ANGLE_UNIT ( ) SI_UNIT ( $, .RADIAN. ) );
#3682 = SURFACE_STYLE_FILL_AREA ( #271 ) ;
#3683 = B_SPLINE_CURVE_WITH_KNOTS ( 'NONE', 3,
 ( #4202, #3324, #10326, #1639 ),
 .UNSPECIFIED., .F., .F.,
 ( 4, 4 ),
 ( 0.000000000000000000, 1.000000000000000000 ),
 .UNSPECIFIED. ) ;
#3684 = CARTESIAN_POINT ( 'NONE',  ( 1.123161560344022369, 0.1415710977251334046, -0.01595332470455390964 ) ) ;
#3685 = ORIENTED_EDGE ( 'NONE', *, *, #50, .T. ) ;
#3686 = DIRECTION ( 'NONE',  ( -1.000000000000000000, 0.000000000000000000, 3.491481338843133355E-15 ) ) ;
#3687 = CARTESIAN_POINT ( 'NONE',  ( 1.133003733823246373, 0.1433407364466975920, -0.01595332470455390964 ) ) ;
#3688 = UNCERTAINTY_MEASURE_WITH_UNIT (LENGTH_MEASURE( 1.000000000000000082E-05 ), #723, 'distance_accuracy_value', 'NONE');
#3689 = AXIS2_PLACEMENT_3D ( 'NONE', #9481, #8729, #10259 ) ;
#3690 = VERTEX_POINT ( 'NONE', #9971 ) ;
#3691 = ORIENTED_EDGE ( 'NONE', *, *, #2848, .T. ) ;
#3692 = PLANE ( 'NONE',  #534 ) ;
#3693 =( NAMED_UNIT ( * ) PLANE_ANGLE_UNIT ( ) SI_UNIT ( $, .RADIAN. ) );
#3694 = EDGE_CURVE ( 'NONE', #5681, #2104, #7595, .T. ) ;
#3695 = CARTESIAN_POINT ( 'NONE',  ( 1.145737446682031146, 0.009084142604201280932, -0.01389017943011439278 ) ) ;
#3696 = COLOUR_RGB ( '',0.000000000000000000, 0.000000000000000000, 0.000000000000000000 ) ;
#3697 = LINE ( 'NONE', #2750, #8050 ) ;
#3698 = ORIENTED_EDGE ( 'NONE', *, *, #1421, .T. ) ;
#3699 = CARTESIAN_POINT ( 'NONE',  ( 1.135477945782553677, 0.02225942544512677507, 0.05363107046182945953 ) ) ;
#3700 = LINE ( 'NONE', #5581, #5484 ) ;
#3701 = CARTESIAN_POINT ( 'NONE',  ( 1.145742138379734598, -0.008589447042203561880, 0.05180912280806410780 ) ) ;
#3702 = PRESENTATION_LAYER_ASSIGNMENT (  '', '', ( #8625 ) ) ;
#3703 = FILL_AREA_STYLE_COLOUR ( '', #9198 ) ;
#3704 = STYLED_ITEM ( 'NONE', ( #5184 ), #903 ) ;
#3705 = PRESENTATION_STYLE_ASSIGNMENT (( #2117 ) ) ;
#3706 = CARTESIAN_POINT ( 'NONE',  ( 1.136686950657934236, 0.1211137459954526457, 0.02811804747472965160 ) ) ;
#3707 = EDGE_CURVE ( 'NONE', #11185, #2091, #7335, .T. ) ;
#3708 = CARTESIAN_POINT ( 'NONE',  ( 1.138278833981932747, 0.1100361349762070395, 0.03136921950282883786 ) ) ;
#3709 = ORIENTED_EDGE ( 'NONE', *, *, #4063, .T. ) ;
#3710 = B_SPLINE_SURFACE_WITH_KNOTS ( 'NONE', 1, 3, ( 
 ( #932, #1950, #3540, #2752 ),
 ( #287, #6216, #7887, #2851 ) ),
 .UNSPECIFIED., .F., .F., .F.,
 ( 2, 2 ),
 ( 4, 4 ),
 ( 0.000000000000000000, 1.000000000000000000 ),
 ( 0.000000000000000000, 1.000000000000000000 ),
 .UNSPECIFIED. ) ;
#3711 = ORIENTED_EDGE ( 'NONE', *, *, #1407, .F. ) ;
#3712 =( NAMED_UNIT ( * ) SI_UNIT ( $, .STERADIAN. ) SOLID_ANGLE_UNIT ( ) );
#3713 = ORIENTED_EDGE ( 'NONE', *, *, #8912, .F. ) ;
#3714 = FILL_AREA_STYLE_COLOUR ( '', #2027 ) ;
#3715 = AXIS2_PLACEMENT_3D ( 'NONE', #8011, #7051, #10552 ) ;
#3716 = FILL_AREA_STYLE_COLOUR ( '', #995 ) ;
#3717 = CARTESIAN_POINT ( 'NONE',  ( 1.137911371620307310, 0.1126835682772401870, -0.02649789567208364616 ) ) ;
#3718 = CARTESIAN_POINT ( 'NONE',  ( 1.134976350896375719, -0.03602043194341548321, 0.05659135959181665204 ) ) ;
#3719 =( LENGTH_UNIT ( ) NAMED_UNIT ( * ) SI_UNIT ( .MILLI., .METRE. ) );
#3720 = CARTESIAN_POINT ( 'NONE',  ( 1.102723220116998748, 0.2276178384541661381, -0.01719775937616182387 ) ) ;
#3721 = FILL_AREA_STYLE_COLOUR ( '', #2987 ) ;
#3722 = VERTEX_POINT ( 'NONE', #5563 ) ;
#3723 = CARTESIAN_POINT ( 'NONE',  ( 1.109838715516870078, 0.2386385629509975292, -0.003208785415467622134 ) ) ;
#3724 = DIRECTION ( 'NONE',  ( 0.2133858948237677133, -0.9769679932783161824, -7.450328697495285523E-16 ) ) ;
#3725 = CARTESIAN_POINT ( 'NONE',  ( 1.145013754927301841, 0.03673902584619394979, -0.01052198755718819663 ) ) ;
#3726 = FILL_AREA_STYLE_COLOUR ( '', #3649 ) ;
#3727 = VERTEX_POINT ( 'NONE', #4780 ) ;
#3728 = ORIENTED_EDGE ( 'NONE', *, *, #8425, .T. ) ;
#3729 = ADVANCED_FACE ( 'NONE', ( #1197 ), #8132, .T. ) ;
#3730 = SURFACE_STYLE_FILL_AREA ( #4608 ) ;
#3731 = SURFACE_STYLE_USAGE ( .BOTH. , #8131 ) ;
#3732 = CARTESIAN_POINT ( 'NONE',  ( 1.125084009933419171, 0.1304377810431821827, -0.01388472496559165978 ) ) ;
#3733 = CARTESIAN_POINT ( 'NONE',  ( 1.132070560479797372, 0.1484396841898351360, -0.03651378701836058976 ) ) ;
#3734 = ADVANCED_FACE ( 'NONE', ( #618 ), #5487, .F. ) ;
#3735 = CARTESIAN_POINT ( 'NONE',  ( 1.107359943222026688, 0.2465283872541707555, -0.02595792449772778288 ) ) ;
#3736 = ORIENTED_EDGE ( 'NONE', *, *, #3945, .T. ) ;
#3737 = MECHANICAL_DESIGN_GEOMETRIC_PRESENTATION_REPRESENTATION (  '', ( #6288 ), #1936 ) ;
#3738 =( GEOMETRIC_REPRESENTATION_CONTEXT ( 3 ) GLOBAL_UNCERTAINTY_ASSIGNED_CONTEXT ( ( #4852 ) ) GLOBAL_UNIT_ASSIGNED_CONTEXT ( ( #8539, #4064, #4117 ) ) REPRESENTATION_CONTEXT ( 'NONE', 'WORKASPACE' ) );
#3739 = VERTEX_POINT ( 'NONE', #4947 ) ;
#3740 =( LENGTH_UNIT ( ) NAMED_UNIT ( * ) SI_UNIT ( .MILLI., .METRE. ) );
#3741 = CARTESIAN_POINT ( 'NONE',  ( 1.137865048894292963, 0.1130128201829498358, -0.01236853032746170096 ) ) ;
#3742 = CARTESIAN_POINT ( 'NONE',  ( 1.135627812543076098, -0.01599267277829009848, -0.01832670521881009373 ) ) ;
#3743 = EDGE_CURVE ( 'NONE', #3268, #5404, #6636, .T. ) ;
#3744 = ORIENTED_EDGE ( 'NONE', *, *, #9548, .F. ) ;
#3745 = ORIENTED_EDGE ( 'NONE', *, *, #10930, .F. ) ;
#3746 = STYLED_ITEM ( 'NONE', ( #11247 ), #531 ) ;
#3747 = B_SPLINE_SURFACE_WITH_KNOTS ( 'NONE', 1, 3, ( 
 ( #8723, #7888, #5251, #11321 ),
 ( #4295, #6154, #6100, #9470 ) ),
 .UNSPECIFIED., .F., .F., .F.,
 ( 2, 2 ),
 ( 4, 4 ),
 ( 0.000000000000000000, 1.000000000000000000 ),
 ( 0.000000000000000000, 1.000000000000000000 ),
 .UNSPECIFIED. ) ;
#3748 = CARTESIAN_POINT ( 'NONE',  ( 1.104863815815924966, 0.2202768721498757909, -0.02595792449772778288 ) ) ;
#3749 = EDGE_CURVE ( 'NONE', #10947, #279, #1783, .T. ) ;
#3750 = CARTESIAN_POINT ( 'NONE',  ( 1.126812217583958553, 0.1742991225274368727, 0.03184210272429182503 ) ) ;
#3751 = EDGE_CURVE ( 'NONE', #1036, #744, #6493, .T. ) ;
#3752 = SURFACE_STYLE_USAGE ( .BOTH. , #4624 ) ;
#3753 = CARTESIAN_POINT ( 'NONE',  ( 1.135839162738410568, 0.1265607687162099426, 0.05610926725935862225 ) ) ;
#3754 = CARTESIAN_POINT ( 'NONE',  ( 1.123118058767074157, 0.1418128267450560198, -0.003574474551373189955 ) ) ;
#3755 = B_SPLINE_CURVE_WITH_KNOTS ( 'NONE', 3,
 ( #2052, #7126, #3804, #2160 ),
 .UNSPECIFIED., .F., .F.,
 ( 4, 4 ),
 ( 0.000000000000000000, 1.000000000000000000 ),
 .UNSPECIFIED. ) ;
#3756 = FILL_AREA_STYLE_COLOUR ( '', #387 ) ;
#3757 = COLOUR_RGB ( '',0.000000000000000000, 0.000000000000000000, 0.000000000000000000 ) ;
#3758 = SURFACE_SIDE_STYLE ('',( #3814 ) ) ;
#3759 = EDGE_LOOP ( 'NONE', ( #675, #8688, #8741, #7614 ) ) ;
#3760 = CARTESIAN_POINT ( 'NONE',  ( 1.119039806218737443, 0.1628376796579707186, 0.02850246652063675654 ) ) ;
#3761 =( GEOMETRIC_REPRESENTATION_CONTEXT ( 3 ) GLOBAL_UNCERTAINTY_ASSIGNED_CONTEXT ( ( #8343 ) ) GLOBAL_UNIT_ASSIGNED_CONTEXT ( ( #6128, #32, #10607 ) ) REPRESENTATION_CONTEXT ( 'NONE', 'WORKASPACE' ) );
#3762 = CARTESIAN_POINT ( 'NONE',  ( 1.145490092083413680, -0.02195466043896960109, -0.003069660892609702395 ) ) ;
#3763 = CARTESIAN_POINT ( 'NONE',  ( 1.137504184101949756, 0.1155450140300128270, -0.002559277845524488091 ) ) ;
#3764 = B_SPLINE_CURVE_WITH_KNOTS ( 'NONE', 3,
 ( #7885, #1794, #5925, #697 ),
 .UNSPECIFIED., .F., .F.,
 ( 4, 4 ),
 ( 0.000000000000000000, 1.000000000000000000 ),
 .UNSPECIFIED. ) ;
#3765 = EDGE_CURVE ( 'NONE', #1574, #797, #8130, .T. ) ;
#3766 = CARTESIAN_POINT ( 'NONE',  ( 1.135235695081608043, 0.1303275382206324495, -0.005761540176421772047 ) ) ;
#3767 = CARTESIAN_POINT ( 'NONE',  ( 1.121782753829933421, 0.1957338679652761981, 0.05687885185883380379 ) ) ;
#3768 =( NAMED_UNIT ( * ) PLANE_ANGLE_UNIT ( ) SI_UNIT ( $, .RADIAN. ) );
#3769 =( NAMED_UNIT ( * ) SI_UNIT ( $, .STERADIAN. ) SOLID_ANGLE_UNIT ( ) );
#3770 = LINE ( 'NONE', #6398, #7237 ) ;
#3771 = CARTESIAN_POINT ( 'NONE',  ( 1.124521249319406335, 0.1337884890161586127, -0.02649827113144429674 ) ) ;
#3772 = ORIENTED_EDGE ( 'NONE', *, *, #755, .F. ) ;
#3773 = ORIENTED_EDGE ( 'NONE', *, *, #1598, .F. ) ;
#3774 = SURFACE_STYLE_USAGE ( .BOTH. , #5593 ) ;
#3775 = CARTESIAN_POINT ( 'NONE',  ( 1.140925950363567809, -0.08861494108082348942, 0.01988214399894632986 ) ) ;
#3776 = B_SPLINE_CURVE_WITH_KNOTS ( 'NONE', 3,
 ( #653, #823, #11041, #9304 ),
 .UNSPECIFIED., .F., .F.,
 ( 4, 4 ),
 ( 0.000000000000000000, 1.000000000000000000 ),
 .UNSPECIFIED. ) ;
#3777 = VERTEX_POINT ( 'NONE', #4147 ) ;
#3778 = SURFACE_STYLE_USAGE ( .BOTH. , #3843 ) ;
#3779 = FACE_OUTER_BOUND ( 'NONE', #10029, .T. ) ;
#3780 = DIRECTION ( 'NONE',  ( 1.000000000000000000, 0.000000000000000000, -3.523657060577889805E-15 ) ) ;
#3781 = EDGE_CURVE ( 'NONE', #8843, #3739, #3157, .T. ) ;
#3782 = DIRECTION ( 'NONE',  ( -1.000000000000000000, 0.000000000000000000, 3.491481338843133355E-15 ) ) ;
#3783 = SURFACE_STYLE_USAGE ( .BOTH. , #7097 ) ;
#3784 = FACE_OUTER_BOUND ( 'NONE', #9372, .T. ) ;
#3785 = VERTEX_POINT ( 'NONE', #3266 ) ;
#3786 = CARTESIAN_POINT ( 'NONE',  ( 1.137865048894292963, 0.1130128201829498358, -0.01236853032746170096 ) ) ;
#3787 = UNCERTAINTY_MEASURE_WITH_UNIT (LENGTH_MEASURE( 1.000000000000000082E-05 ), #3719, 'distance_accuracy_value', 'NONE');
#3788 = CARTESIAN_POINT ( 'NONE',  ( 1.108667791635609579, 0.2065907656887521204, -0.02559648396583790939 ) ) ;
#3789 = CARTESIAN_POINT ( 'NONE',  ( 1.136893883520511794, 0.1197031908311177589, -0.02242111016831046383 ) ) ;
#3790 = DIRECTION ( 'NONE',  ( 1.000000000000000000, 0.000000000000000000, -3.491481338843133355E-15 ) ) ;
#3791 = EDGE_LOOP ( 'NONE', ( #10760, #6002, #11278, #4151, #11098, #5394, #2765, #9367 ) ) ;
#3792 = EDGE_LOOP ( 'NONE', ( #1977, #2674, #9063, #2974 ) ) ;
#3793 = CARTESIAN_POINT ( 'NONE',  ( 1.128691550378154052, 0.1063177102868227281, -0.004687916099377418926 ) ) ;
#3794 = CARTESIAN_POINT ( 'NONE',  ( 1.145537806890568167, 0.02038752025106099069, 0.04156452518958882181 ) ) ;
#3795 = DIRECTION ( 'NONE',  ( 1.000000000000000000, 0.000000000000000000, -3.491481338843133355E-15 ) ) ;
#3796 = DIRECTION ( 'NONE',  ( 0.9945796286623118654, 0.1039777007340410425, -3.472556213467995103E-15 ) ) ;
#3797 = MECHANICAL_DESIGN_GEOMETRIC_PRESENTATION_REPRESENTATION (  '', ( #7825 ), #1822 ) ;
#3798 =( NAMED_UNIT ( * ) PLANE_ANGLE_UNIT ( ) SI_UNIT ( $, .RADIAN. ) );
#3799 = ORIENTED_EDGE ( 'NONE', *, *, #5769, .F. ) ;
#3800 = CARTESIAN_POINT ( 'NONE',  ( 1.135299299796363348, 0.02794947259603342352, -0.02606900220520719236 ) ) ;
#3801 = EDGE_CURVE ( 'NONE', #8313, #7185, #1215, .T. ) ;
#3802 = ORIENTED_EDGE ( 'NONE', *, *, #1791, .F. ) ;
#3803 = CARTESIAN_POINT ( 'NONE',  ( 1.133921027593575603, 0.1381490931422809376, -0.01726871398460383400 ) ) ;
#3804 = CARTESIAN_POINT ( 'NONE',  ( 1.114330011865558356, 0.2111467540080078642, 0.02485103320822999035 ) ) ;
#3805 = ORIENTED_EDGE ( 'NONE', *, *, #10911, .T. ) ;
#3806 = EDGE_LOOP ( 'NONE', ( #2157, #1756, #2809, #7352 ) ) ;
#3807 = STYLED_ITEM ( 'NONE', ( #6186 ), #5416 ) ;
#3808 = CARTESIAN_POINT ( 'NONE',  ( 1.126166598782286865, 0.1772037469008553301, 0.05263882507410108658 ) ) ;
#3809 = B_SPLINE_SURFACE_WITH_KNOTS ( 'NONE', 1, 3, ( 
 ( #8907, #8295, #8177, #7349 ),
 ( #10769, #3788, #4601, #6350 ) ),
 .UNSPECIFIED., .F., .F., .F.,
 ( 2, 2 ),
 ( 4, 4 ),
 ( 0.000000000000000000, 1.000000000000000000 ),
 ( 0.000000000000000000, 1.000000000000000000 ),
 .UNSPECIFIED. ) ;
#3810 = CARTESIAN_POINT ( 'NONE',  ( 1.131451384935949989, 0.08318216058723285067, -0.02595792449772837962 ) ) ;
#3811 = EDGE_CURVE ( 'NONE', #2549, #797, #3499, .T. ) ;
#3812 = PRESENTATION_LAYER_ASSIGNMENT (  '', '', ( #9459 ) ) ;
#3813 = EDGE_CURVE ( 'NONE', #9083, #247, #2696, .T. ) ;
#3814 = SURFACE_STYLE_FILL_AREA ( #1159 ) ;
#3815 = ORIENTED_EDGE ( 'NONE', *, *, #4418, .F. ) ;
#3816 = EDGE_CURVE ( 'NONE', #2014, #1517, #7184, .T. ) ;
#3817 = SURFACE_STYLE_FILL_AREA ( #8215 ) ;
#3818 = EDGE_CURVE ( 'NONE', #5432, #7671, #5892, .T. ) ;
#3819 = CARTESIAN_POINT ( 'NONE',  ( 0.3357876820060969325, 0.000000000000000000, -0.9898060314836047979 ) ) ;
#3820 = FILL_AREA_STYLE ('',( #9939 ) ) ;
#3821 = STYLED_ITEM ( 'NONE', ( #1568 ), #10493 ) ;
#3822 = CARTESIAN_POINT ( 'NONE',  ( 1.135403215462710502, 0.1292864983472779561, -0.009256301275039008694 ) ) ;
#3823 = PRESENTATION_LAYER_ASSIGNMENT (  '', '', ( #8736 ) ) ;
#3824 = CARTESIAN_POINT ( 'NONE',  ( 1.136997707372932043, 0.1190062824042561751, 0.05368589447794493152 ) ) ;
#3825 = COLOUR_RGB ( '',0.000000000000000000, 0.000000000000000000, 0.000000000000000000 ) ;
#3826 =( GEOMETRIC_REPRESENTATION_CONTEXT ( 3 ) GLOBAL_UNCERTAINTY_ASSIGNED_CONTEXT ( ( #7257 ) ) GLOBAL_UNIT_ASSIGNED_CONTEXT ( ( #7396, #8402, #4762 ) ) REPRESENTATION_CONTEXT ( 'NONE', 'WORKASPACE' ) );
#3827 = DIRECTION ( 'NONE',  ( 0.1927840195525094835, -0.9812412148932482259, -6.731018066947566250E-16 ) ) ;
#3828 = SURFACE_STYLE_FILL_AREA ( #9008 ) ;
#3829 = DIRECTION ( 'NONE',  ( 3.491481338843133355E-15, -0.000000000000000000, 1.000000000000000000 ) ) ;
#3830 = DIRECTION ( 'NONE',  ( 1.000000000000000000, 0.000000000000000000, -3.491658038126059717E-15 ) ) ;
#3831 =( NAMED_UNIT ( * ) SI_UNIT ( $, .STERADIAN. ) SOLID_ANGLE_UNIT ( ) );
#3832 = ORIENTED_EDGE ( 'NONE', *, *, #9837, .F. ) ;
#3833 = EDGE_LOOP ( 'NONE', ( #3802, #10018, #9154, #404 ) ) ;
#3835 = B_SPLINE_CURVE_WITH_KNOTS ( 'NONE', 3,
 ( #876, #9408, #2647, #5080 ),
 .UNSPECIFIED., .F., .F.,
 ( 4, 4 ),
 ( 0.000000000000000000, 1.000000000000000000 ),
 .UNSPECIFIED. ) ;
#3834 = STYLED_ITEM ( 'NONE', ( #477 ), #10905 ) ;
#3836 = PRESENTATION_LAYER_ASSIGNMENT (  '', '', ( #8206 ) ) ;
#3837 = COLOUR_RGB ( '',0.000000000000000000, 0.000000000000000000, 0.000000000000000000 ) ;
#3838 = FILL_AREA_STYLE ('',( #4696 ) ) ;
#3839 = VERTEX_POINT ( 'NONE', #5938 ) ;
#3840 =( NAMED_UNIT ( * ) PLANE_ANGLE_UNIT ( ) SI_UNIT ( $, .RADIAN. ) );
#3841 = AXIS2_PLACEMENT_3D ( 'NONE', #1808, #9555, #7729 ) ;
#3842 = ORIENTED_EDGE ( 'NONE', *, *, #1059, .F. ) ;
#3843 = SURFACE_SIDE_STYLE ('',( #8115 ) ) ;
#3844 = AXIS2_PLACEMENT_3D ( 'NONE', #7437, #10180, #10907 ) ;
#3845 = AXIS2_PLACEMENT_3D ( 'NONE', #4288, #10178, #3407 ) ;
#3846 = CARTESIAN_POINT ( 'NONE',  ( 1.134803276915086201, -0.03986044044036134854, 0.05350304954692997050 ) ) ;
#3847 = CARTESIAN_POINT ( 'NONE',  ( 1.132893902385355256, -0.06850128131710138402, -0.005564439265181360394 ) ) ;
#3848 = CARTESIAN_POINT ( 'NONE',  ( 1.126812022392319257, 0.1743000083664593691, 0.03184279116508713370 ) ) ;
#3849 = PRESENTATION_LAYER_ASSIGNMENT (  '', '', ( #3121 ) ) ;
#3850 = VERTEX_POINT ( 'NONE', #9430 ) ;
#3851 = CARTESIAN_POINT ( 'NONE',  ( 1.128008985091504934, 0.1112897431826653655, -0.02649827113144429674 ) ) ;
#3852 = DIRECTION ( 'NONE',  ( 3.491481338843133355E-15, -0.000000000000000000, 1.000000000000000000 ) ) ;
#3853 = MECHANICAL_DESIGN_GEOMETRIC_PRESENTATION_REPRESENTATION (  '', ( #8043 ), #5130 ) ;
#3854 = ORIENTED_EDGE ( 'NONE', *, *, #5083, .T. ) ;
#3855 = VERTEX_POINT ( 'NONE', #6179 ) ;
#3856 = CARTESIAN_POINT ( 'NONE',  ( 1.109895090332995160, 0.2018854139689602034, -0.02230649118532043035 ) ) ;
#3857 = LINE ( 'NONE', #2944, #10830 ) ;
#3858 = CARTESIAN_POINT ( 'NONE',  ( 1.138236218124254906, 0.1103944205409883167, 0.05542410963011242669 ) ) ;
#3859 = CARTESIAN_POINT ( 'NONE',  ( 1.107359943222026688, 0.2465283872541707555, -0.02595792449772778288 ) ) ;
#3860 = MECHANICAL_DESIGN_GEOMETRIC_PRESENTATION_REPRESENTATION (  '', ( #1346 ), #7146 ) ;
#3861 = FACE_OUTER_BOUND ( 'NONE', #252, .T. ) ;
#3862 = ORIENTED_EDGE ( 'NONE', *, *, #8341, .F. ) ;
#3863 = SURFACE_STYLE_FILL_AREA ( #5675 ) ;
#3864 = VERTEX_POINT ( 'NONE', #844 ) ;
#3865 = CARTESIAN_POINT ( 'NONE',  ( 1.124546030598792434, 0.1336288533439257409, -0.009331040303425210819 ) ) ;
#3866 = SURFACE_SIDE_STYLE ('',( #2051 ) ) ;
#3867 = EDGE_LOOP ( 'NONE', ( #9935, #8280, #10612, #6905, #8034, #355, #1531, #10289, #6517, #1481, #7826, #8240 ) ) ;
#3868 = AXIS2_PLACEMENT_3D ( 'NONE', #573, #11239, #803 ) ;
#3869 = ORIENTED_EDGE ( 'NONE', *, *, #10666, .F. ) ;
#3870 =( GEOMETRIC_REPRESENTATION_CONTEXT ( 3 ) GLOBAL_UNCERTAINTY_ASSIGNED_CONTEXT ( ( #8124 ) ) GLOBAL_UNIT_ASSIGNED_CONTEXT ( ( #6195, #7806, #9690 ) ) REPRESENTATION_CONTEXT ( 'NONE', 'WORKASPACE' ) );
#3871 =( NAMED_UNIT ( * ) PLANE_ANGLE_UNIT ( ) SI_UNIT ( $, .RADIAN. ) );
#3872 = CARTESIAN_POINT ( 'NONE',  ( 1.143846726891710519, -0.05623304715004160542, -0.0003846866438565093639 ) ) ;
#3873 =( NAMED_UNIT ( * ) SI_UNIT ( $, .STERADIAN. ) SOLID_ANGLE_UNIT ( ) );
#3874 = CARTESIAN_POINT ( 'NONE',  ( 1.121650336727727515, 0.1497432714291144218, -0.03299918481034652684 ) ) ;
#3875 = STYLED_ITEM ( 'NONE', ( #6933 ), #8288 ) ;
#3876 = CARTESIAN_POINT ( 'NONE',  ( 1.124521249319406335, 0.1337884890161586127, -0.02649827113144429674 ) ) ;
#3877 = ORIENTED_EDGE ( 'NONE', *, *, #9745, .F. ) ;
#3878 = CARTESIAN_POINT ( 'NONE',  ( 1.138721779931853417, 0.02532348381644931520, 0.02334504061165313879 ) ) ;
#3879 = UNCERTAINTY_MEASURE_WITH_UNIT (LENGTH_MEASURE( 1.000000000000000082E-05 ), #1021, 'distance_accuracy_value', 'NONE');
#3880 = DIRECTION ( 'NONE',  ( 3.491481338843133355E-15, -0.000000000000000000, 1.000000000000000000 ) ) ;
#3881 = EDGE_CURVE ( 'NONE', #10199, #9729, #4736, .T. ) ;
#3882 = B_SPLINE_CURVE_WITH_KNOTS ( 'NONE', 3,
 ( #2995, #1311, #5606, #484 ),
 .UNSPECIFIED., .F., .F.,
 ( 4, 4 ),
 ( 0.0004689251326690663528, 1.000000000000000000 ),
 .UNSPECIFIED. ) ;
#3883 = PRESENTATION_STYLE_ASSIGNMENT (( #7319 ) ) ;
#3884 = CARTESIAN_POINT ( 'NONE',  ( 1.121446935851119653, 0.1508260023550635209, -0.01830028483014591728 ) ) ;
#3885 = AXIS2_PLACEMENT_3D ( 'NONE', #3330, #4035, #10283 ) ;
#3886 = CARTESIAN_POINT ( 'NONE',  ( 1.139489268433083735, 0.1008154748773837511, 0.3561756190388881138 ) ) ;
#3887 = EDGE_CURVE ( 'NONE', #6714, #1895, #9620, .T. ) ;
#3888 = FILL_AREA_STYLE ('',( #5746 ) ) ;
#3889 = DIRECTION ( 'NONE',  ( 3.491481338843133355E-15, 0.000000000000000000, 1.000000000000000000 ) ) ;
#3890 = ORIENTED_EDGE ( 'NONE', *, *, #593, .F. ) ;
#3891 = ORIENTED_EDGE ( 'NONE', *, *, #3887, .F. ) ;
#3892 = EDGE_CURVE ( 'NONE', #3519, #7164, #2546, .T. ) ;
#3893 =( LENGTH_UNIT ( ) NAMED_UNIT ( * ) SI_UNIT ( .MILLI., .METRE. ) );
#3894 = VERTEX_POINT ( 'NONE', #7851 ) ;
#3895 = DIRECTION ( 'NONE',  ( 3.491481338843133355E-15, -0.000000000000000000, 1.000000000000000000 ) ) ;
#3896 = EDGE_CURVE ( 'NONE', #5353, #1630, #5004, .T. ) ;
#3897 = MECHANICAL_DESIGN_GEOMETRIC_PRESENTATION_REPRESENTATION (  '', ( #4275 ), #10659 ) ;
#3898 = ORIENTED_EDGE ( 'NONE', *, *, #122, .T. ) ;
#3899 = CARTESIAN_POINT ( 'NONE',  ( 1.116292633144263746, 0.2165918309835656586, 0.001828991785565779824 ) ) ;
#3900 = UNCERTAINTY_MEASURE_WITH_UNIT (LENGTH_MEASURE( 1.000000000000000082E-05 ), #2128, 'distance_accuracy_value', 'NONE');
#3901 = CARTESIAN_POINT ( 'NONE',  ( 1.129353278141275618, 0.1012602816045079374, 0.04025909933812350794 ) ) ;
#3902 = CARTESIAN_POINT ( 'NONE',  ( 1.134976350896375719, -0.03602043194341548321, 0.05659135959181665204 ) ) ;
#3903 = EDGE_CURVE ( 'NONE', #7101, #2050, #2148, .T. ) ;
#3904 = EDGE_CURVE ( 'NONE', #8229, #11023, #7909, .T. ) ;
#3905 = SURFACE_SIDE_STYLE ('',( #5759 ) ) ;
#3906 = LINE ( 'NONE', #10260, #10772 ) ;
#3907 = EDGE_LOOP ( 'NONE', ( #795, #847, #10967, #4900 ) ) ;
#3908 = CARTESIAN_POINT ( 'NONE',  ( 1.110375279079546029, 0.2368840527768505400, 0.001976359049127990319 ) ) ;
#3909 = VECTOR ( 'NONE', #6606, 1000.000000000000000 ) ;
#3910 =( LENGTH_UNIT ( ) NAMED_UNIT ( * ) SI_UNIT ( .MILLI., .METRE. ) );
#3911 = CARTESIAN_POINT ( 'NONE',  ( 1.142451971856713211, -0.07344513428568807956, 0.02433880687701306389 ) ) ;
#3912 = ORIENTED_EDGE ( 'NONE', *, *, #5071, .F. ) ;
#3913 = VERTEX_POINT ( 'NONE', #4436 ) ;
#3914 = CARTESIAN_POINT ( 'NONE',  ( 1.122258802216517637, 0.1465051284183355174, -0.03298788878239430900 ) ) ;
#3915 = CARTESIAN_POINT ( 'NONE',  ( 1.120746377283082351, 0.1998495601923062359, -0.02230649118532048586 ) ) ;
#3916 = B_SPLINE_CURVE_WITH_KNOTS ( 'NONE', 3,
 ( #4748, #7556, #519, #413 ),
 .UNSPECIFIED., .F., .F.,
 ( 4, 4 ),
 ( 0.000000000000000000, 1.000000000000000000 ),
 .UNSPECIFIED. ) ;
#3917 = CARTESIAN_POINT ( 'NONE',  ( 1.137406555850297263, 0.1162344470236876814, -0.01495996018603239913 ) ) ;
#3918 = SURFACE_STYLE_USAGE ( .BOTH. , #3111 ) ;
#3919 = STYLED_ITEM ( 'NONE', ( #3955 ), #2654 ) ;
#3920 = CARTESIAN_POINT ( 'NONE',  ( 1.130985971872783491, -0.08752092827965737842, 0.01988216801950004262 ) ) ;
#3921 = SURFACE_SIDE_STYLE ('',( #3682 ) ) ;
#3922 = EDGE_LOOP ( 'NONE', ( #6790, #5452, #7972, #7658 ) ) ;
#3923 = EDGE_LOOP ( 'NONE', ( #8266, #7473, #10317, #2063 ) ) ;
#3924 = FILL_AREA_STYLE_COLOUR ( '', #751 ) ;
#3925 =( NAMED_UNIT ( * ) SI_UNIT ( $, .STERADIAN. ) SOLID_ANGLE_UNIT ( ) );
#3926 = EDGE_LOOP ( 'NONE', ( #6459, #3118, #5493, #11153 ) ) ;
#3927 = VERTEX_POINT ( 'NONE', #3439 ) ;
#3928 = B_SPLINE_CURVE_WITH_KNOTS ( 'NONE', 3,
 ( #82, #6988, #8743, #4432 ),
 .UNSPECIFIED., .F., .F.,
 ( 4, 4 ),
 ( 0.000000000000000000, 1.000000000000000000 ),
 .UNSPECIFIED. ) ;
#3929 = CARTESIAN_POINT ( 'NONE',  ( 1.144966369205042023, -0.03646713839880545011, 0.05659367849026816777 ) ) ;
#3930 = CARTESIAN_POINT ( 'NONE',  ( 1.121208475530091953, 0.1520334736173032109, -0.03006783374187219429 ) ) ;
#3931 =( LENGTH_UNIT ( ) NAMED_UNIT ( * ) SI_UNIT ( .MILLI., .METRE. ) );
#3932 = ORIENTED_EDGE ( 'NONE', *, *, #702, .T. ) ;
#3933 = CARTESIAN_POINT ( 'NONE',  ( 1.127100943358721796, 0.1176383757851756501, -0.006858209659594747404 ) ) ;
#3934 = SURFACE_SIDE_STYLE ('',( #7489 ) ) ;
#3935 = B_SPLINE_CURVE_WITH_KNOTS ( 'NONE', 3,
 ( #5733, #9217, #10890, #1555 ),
 .UNSPECIFIED., .F., .F.,
 ( 4, 4 ),
 ( 9.825691542174021719E-05, 1.000000000000000000 ),
 .UNSPECIFIED. ) ;
#3936 =( NAMED_UNIT ( * ) SI_UNIT ( $, .STERADIAN. ) SOLID_ANGLE_UNIT ( ) );
#3937 = FACE_OUTER_BOUND ( 'NONE', #1653, .T. ) ;
#3938 = CARTESIAN_POINT ( 'NONE',  ( 1.140872178391330705, -0.08910080628221116184, 0.01013760047613242871 ) ) ;
#3939 = CARTESIAN_POINT ( 'NONE',  ( 1.109895090332995160, 0.2018854139689602034, -0.02230649118532043035 ) ) ;
#3940 = CARTESIAN_POINT ( 'NONE',  ( 1.115431771422763285, 0.1793189047608619024, 0.04583075934634281423 ) ) ;
#3941 = CARTESIAN_POINT ( 'NONE',  ( 1.127762199581942681, 0.1130325772090155223, -0.01520011424547607938 ) ) ;
#3942 = PLANE ( 'NONE',  #6584 ) ;
#3943 = EDGE_LOOP ( 'NONE', ( #3610, #7346, #2694, #2705 ) ) ;
#3944 = FILL_AREA_STYLE_COLOUR ( '', #6689 ) ;
#3945 = EDGE_CURVE ( 'NONE', #9494, #7813, #3628, .T. ) ;
#3946 = ORIENTED_EDGE ( 'NONE', *, *, #4125, .T. ) ;
#3947 = VECTOR ( 'NONE', #1711, 1000.000000000000000 ) ;
#3948 =( NAMED_UNIT ( * ) SI_UNIT ( $, .STERADIAN. ) SOLID_ANGLE_UNIT ( ) );
#3949 = CARTESIAN_POINT ( 'NONE',  ( 1.124867651102908983, 0.1317529620467695894, -0.02298835935942886849 ) ) ;
#3950 = SURFACE_STYLE_USAGE ( .BOTH. , #6467 ) ;
#3951 =( NAMED_UNIT ( * ) PLANE_ANGLE_UNIT ( ) SI_UNIT ( $, .RADIAN. ) );
#3952 = CARTESIAN_POINT ( 'NONE',  ( 1.135839162738410346, 0.1265607687162106088, 0.02617733858181596138 ) ) ;
#3953 = VERTEX_POINT ( 'NONE', #5540 ) ;
#3954 = CARTESIAN_POINT ( 'NONE',  ( 1.116469405313944563, 0.1747456634457466018, -0.02230649118532043035 ) ) ;
#3955 = PRESENTATION_STYLE_ASSIGNMENT (( #10082 ) ) ;
#3956 = PLANE ( 'NONE',  #4919 ) ;
#3957 =( NAMED_UNIT ( * ) PLANE_ANGLE_UNIT ( ) SI_UNIT ( $, .RADIAN. ) );
#3958 = ORIENTED_EDGE ( 'NONE', *, *, #5825, .T. ) ;
#3959 = ORIENTED_EDGE ( 'NONE', *, *, #10713, .T. ) ;
#3960 = EDGE_CURVE ( 'NONE', #9798, #10622, #10342, .T. ) ;
#3961 = PRESENTATION_STYLE_ASSIGNMENT (( #5767 ) ) ;
#3962 = DIRECTION ( 'NONE',  ( 3.491481338843133355E-15, -0.000000000000000000, 1.000000000000000000 ) ) ;
#3963 = CARTESIAN_POINT ( 'NONE',  ( 1.123466777506683556, 0.1398735759501273102, -0.01496541823287723429 ) ) ;
#3964 = CARTESIAN_POINT ( 'NONE',  ( 1.134313780915835013, 0.1358531168578787918, -0.02322344304857634767 ) ) ;
#3965 = CARTESIAN_POINT ( 'NONE',  ( 1.131910085071114791, 0.1492979629155103127, -0.03662294795447749302 ) ) ;
#3966 = FACE_OUTER_BOUND ( 'NONE', #10099, .T. ) ;
#3967 = EDGE_LOOP ( 'NONE', ( #7886, #3538, #3588, #6525 ) ) ;
#3968 = FILL_AREA_STYLE_COLOUR ( '', #1285 ) ;
#3969 = CARTESIAN_POINT ( 'NONE',  ( 1.122777631125657427, 0.1917388074290618805, 0.04620291230633698926 ) ) ;
#3970 = ORIENTED_EDGE ( 'NONE', *, *, #2896, .F. ) ;
#3971 = ORIENTED_EDGE ( 'NONE', *, *, #5071, .T. ) ;
#3972 = LINE ( 'NONE', #1202, #3909 ) ;
#3973 = SURFACE_STYLE_USAGE ( .BOTH. , #3866 ) ;
#3974 = FILL_AREA_STYLE_COLOUR ( '', #9278 ) ;
#3975 = ORIENTED_EDGE ( 'NONE', *, *, #5912, .F. ) ;
#3976 = ORIENTED_EDGE ( 'NONE', *, *, #5742, .F. ) ;
#3977 = CARTESIAN_POINT ( 'NONE',  ( 1.134359743151652111, 0.1355890594692250317, -0.01167967405638045859 ) ) ;
#3978 =( GEOMETRIC_REPRESENTATION_CONTEXT ( 3 ) GLOBAL_UNCERTAINTY_ASSIGNED_CONTEXT ( ( #10054 ) ) GLOBAL_UNIT_ASSIGNED_CONTEXT ( ( #4227, #11193, #2511 ) ) REPRESENTATION_CONTEXT ( 'NONE', 'WORKASPACE' ) );
#3979 = UNCERTAINTY_MEASURE_WITH_UNIT (LENGTH_MEASURE( 1.000000000000000082E-05 ), #9925, 'distance_accuracy_value', 'NONE');
#3980 = CARTESIAN_POINT ( 'NONE',  ( 1.109895090332995160, 0.2018854139689602034, -0.02230649118532043035 ) ) ;
#3981 = ORIENTED_EDGE ( 'NONE', *, *, #4036, .F. ) ;
#3983 = EDGE_CURVE ( 'NONE', #11181, #6686, #7727, .T. ) ;
#3982 = B_SPLINE_CURVE_WITH_KNOTS ( 'NONE', 3,
 ( #4382, #9615, #896, #2718 ),
 .UNSPECIFIED., .F., .F.,
 ( 4, 4 ),
 ( 0.000000000000000000, 1.000000000000000000 ),
 .UNSPECIFIED. ) ;
#3984 = CARTESIAN_POINT ( 'NONE',  ( 1.143965874678408268, 0.05455451854596441580, -0.009398677753781087274 ) ) ;
#3985 = CIRCLE ( 'NONE', #2173, 0.8100000000000001643 ) ;
#3986 = CARTESIAN_POINT ( 'NONE',  ( 1.140951158227198947, 0.08838425515644002251, 0.3561756190388881138 ) ) ;
#3987 = SURFACE_STYLE_USAGE ( .BOTH. , #2116 ) ;
#3988 = MECHANICAL_DESIGN_GEOMETRIC_PRESENTATION_REPRESENTATION (  '', ( #9641 ), #11308 ) ;
#3989 = PRESENTATION_STYLE_ASSIGNMENT (( #7651 ) ) ;
#3990 = COLOUR_RGB ( '',0.000000000000000000, 0.000000000000000000, 0.000000000000000000 ) ;
#3991 = PLANE ( 'NONE',  #8892 ) ;
#3992 = CARTESIAN_POINT ( 'NONE',  ( 1.131267676524144505, 0.1527113273846953945, -0.01830028483064150002 ) ) ;
#3993 = COLOUR_RGB ( '',0.000000000000000000, 0.000000000000000000, 0.000000000000000000 ) ;
#3994 = DIRECTION ( 'NONE',  ( 3.491481338843133355E-15, -0.000000000000000000, 1.000000000000000000 ) ) ;
#3995 = CARTESIAN_POINT ( 'NONE',  ( 1.114014216965687032, 0.1854184312093636322, 0.03552697276067737220 ) ) ;
#3996 = B_SPLINE_CURVE_WITH_KNOTS ( 'NONE', 1,
 ( #8711, #5357 ),
 .UNSPECIFIED., .F., .F.,
 ( 2, 2 ),
 ( 0.000000000000000000, 1.000000000000000000 ),
 .UNSPECIFIED. ) ;
#3997 = FILL_AREA_STYLE ('',( #11094 ) ) ;
#3998 = ORIENTED_EDGE ( 'NONE', *, *, #1276, .T. ) ;
#3999 = CARTESIAN_POINT ( 'NONE',  ( 0.3357876820061001522, 0.000000000000000000, -0.07980603148360476684 ) ) ;
#4000 = EDGE_CURVE ( 'NONE', #10140, #1980, #124, .T. ) ;
#4001 = MECHANICAL_DESIGN_GEOMETRIC_PRESENTATION_REPRESENTATION (  '', ( #3821 ), #6365 ) ;
#4002 = ORIENTED_EDGE ( 'NONE', *, *, #8972, .T. ) ;
#4003 = VECTOR ( 'NONE', #7458, 1000.000000000000000 ) ;
#4004 = MECHANICAL_DESIGN_GEOMETRIC_PRESENTATION_REPRESENTATION (  '', ( #10953 ), #10591 ) ;
#4005 = MECHANICAL_DESIGN_GEOMETRIC_PRESENTATION_REPRESENTATION (  '', ( #8375 ), #1850 ) ;
#4006 = DIRECTION ( 'NONE',  ( -1.000000000000000000, 1.224646799147355426E-16, 0.000000000000000000 ) ) ;
#4007 = PRESENTATION_LAYER_ASSIGNMENT (  '', '', ( #8904 ) ) ;
#4008 = B_SPLINE_CURVE_WITH_KNOTS ( 'NONE', 3,
 ( #4511, #6265, #10408, #3929 ),
 .UNSPECIFIED., .F., .F.,
 ( 4, 4 ),
 ( 0.000000000000000000, 0.9998572396968784526 ),
 .UNSPECIFIED. ) ;
#4009 =( NAMED_UNIT ( * ) SI_UNIT ( $, .STERADIAN. ) SOLID_ANGLE_UNIT ( ) );
#4010 = CARTESIAN_POINT ( 'NONE',  ( 1.115313658588585000, 0.1941228896281134431, 0.05687885185883384542 ) ) ;
#4011 = CARTESIAN_POINT ( 'NONE',  ( 0.3357876820061004852, 0.000000000000000000, 0.02850246652063946617 ) ) ;
#4012 = MECHANICAL_DESIGN_GEOMETRIC_PRESENTATION_REPRESENTATION (  '', ( #5820 ), #10421 ) ;
#4013 =( GEOMETRIC_REPRESENTATION_CONTEXT ( 3 ) GLOBAL_UNCERTAINTY_ASSIGNED_CONTEXT ( ( #9140 ) ) GLOBAL_UNIT_ASSIGNED_CONTEXT ( ( #1787, #10516, #1248 ) ) REPRESENTATION_CONTEXT ( 'NONE', 'WORKASPACE' ) );
#4014 = STYLED_ITEM ( 'NONE', ( #10134 ), #2864 ) ;
#4015 =( NAMED_UNIT ( * ) PLANE_ANGLE_UNIT ( ) SI_UNIT ( $, .RADIAN. ) );
#4016 = ORIENTED_EDGE ( 'NONE', *, *, #5001, .F. ) ;
#4017 = MECHANICAL_DESIGN_GEOMETRIC_PRESENTATION_REPRESENTATION (  '', ( #5472 ), #941 ) ;
#4018 = UNCERTAINTY_MEASURE_WITH_UNIT (LENGTH_MEASURE( 1.000000000000000082E-05 ), #820, 'distance_accuracy_value', 'NONE');
#4019 = LINE ( 'NONE', #711, #9841 ) ;
#4020 = SURFACE_SIDE_STYLE ('',( #10822 ) ) ;
#4021 = EDGE_LOOP ( 'NONE', ( #5579, #4385, #3946, #1987 ) ) ;
#4022 = ORIENTED_EDGE ( 'NONE', *, *, #2503, .T. ) ;
#4023 = AXIS2_PLACEMENT_3D ( 'NONE', #4749, #4068, #3889 ) ;
#4024 = PRESENTATION_LAYER_ASSIGNMENT (  '', '', ( #3479 ) ) ;
#4025 = CARTESIAN_POINT ( 'NONE',  ( 1.144836915451344250, -0.03923439641007622769, -0.04109815672384146967 ) ) ;
#4026 = MECHANICAL_DESIGN_GEOMETRIC_PRESENTATION_REPRESENTATION (  '', ( #2399 ), #5306 ) ;
#4027 =( GEOMETRIC_REPRESENTATION_CONTEXT ( 3 ) GLOBAL_UNCERTAINTY_ASSIGNED_CONTEXT ( ( #94 ) ) GLOBAL_UNIT_ASSIGNED_CONTEXT ( ( #8337, #6521, #4009 ) ) REPRESENTATION_CONTEXT ( 'NONE', 'WORKASPACE' ) );
#4028 = EDGE_CURVE ( 'NONE', #2015, #983, #6125, .T. ) ;
#4029 = CARTESIAN_POINT ( 'NONE',  ( 1.144288847086290639, 0.04925308177134522097, -0.01582396203677764734 ) ) ;
#4030 = DIRECTION ( 'NONE',  ( -1.000000000000000000, 0.000000000000000000, 3.491481338843133355E-15 ) ) ;
#4031 = CARTESIAN_POINT ( 'NONE',  ( 1.126166074092232350, 0.1772060871509236746, 0.02933887994793402815 ) ) ;
#4032 = PRESENTATION_STYLE_ASSIGNMENT (( #6822 ) ) ;
#4033 = UNCERTAINTY_MEASURE_WITH_UNIT (LENGTH_MEASURE( 1.000000000000000082E-05 ), #8880, 'distance_accuracy_value', 'NONE');
#4034 = CARTESIAN_POINT ( 'NONE',  ( 1.138207601216812748, 0.1105543904776014469, -0.01660829032125834062 ) ) ;
#4035 = DIRECTION ( 'NONE',  ( 3.491481338843133355E-15, -0.000000000000000000, 1.000000000000000000 ) ) ;
#4036 = EDGE_CURVE ( 'NONE', #156, #3567, #3770, .T. ) ;
#4037 =( GEOMETRIC_REPRESENTATION_CONTEXT ( 3 ) GLOBAL_UNCERTAINTY_ASSIGNED_CONTEXT ( ( #1861 ) ) GLOBAL_UNIT_ASSIGNED_CONTEXT ( ( #8724, #8151, #3936 ) ) REPRESENTATION_CONTEXT ( 'NONE', 'WORKASPACE' ) );
#4038 = PRESENTATION_LAYER_ASSIGNMENT (  '', '', ( #9692 ) ) ;
#4039 = DIRECTION ( 'NONE',  ( -3.491481338843133355E-15, 0.000000000000000000, -1.000000000000000000 ) ) ;
#4040 = ORIENTED_EDGE ( 'NONE', *, *, #9612, .F. ) ;
#4041 = ORIENTED_EDGE ( 'NONE', *, *, #2101, .T. ) ;
#4042 = CARTESIAN_POINT ( 'NONE',  ( 1.145625814174788593, -0.01619258118801872315, -0.01604956006815403888 ) ) ;
#4043 = DIRECTION ( 'NONE',  ( 3.491481338843133355E-15, -0.000000000000000000, 1.000000000000000000 ) ) ;
#4044 = CARTESIAN_POINT ( 'NONE',  ( 0.3357876820061004852, 0.000000000000000000, 0.02485103320823259937 ) ) ;
#4045 = UNCERTAINTY_MEASURE_WITH_UNIT (LENGTH_MEASURE( 1.000000000000000082E-05 ), #1779, 'distance_accuracy_value', 'NONE');
#4046 = VERTEX_POINT ( 'NONE', #9890 ) ;
#4047 = ORIENTED_EDGE ( 'NONE', *, *, #2265, .T. ) ;
#4048 = EDGE_CURVE ( 'NONE', #7500, #661, #9763, .T. ) ;
#4049 = B_SPLINE_SURFACE_WITH_KNOTS ( 'NONE', 1, 3, ( 
 ( #838, #9318, #9499, #780 ),
 ( #6929, #1704, #7843, #10438 ) ),
 .UNSPECIFIED., .F., .F., .F.,
 ( 2, 2 ),
 ( 4, 4 ),
 ( 0.000000000000000000, 1.000000000000000000 ),
 ( 0.000000000000000000, 1.000000000000000000 ),
 .UNSPECIFIED. ) ;
#4050 = B_SPLINE_CURVE_WITH_KNOTS ( 'NONE', 3,
 ( #5847, #676, #2387, #2497 ),
 .UNSPECIFIED., .F., .F.,
 ( 4, 4 ),
 ( 0.000000000000000000, 1.000000000000000000 ),
 .UNSPECIFIED. ) ;
#4051 =( NAMED_UNIT ( * ) PLANE_ANGLE_UNIT ( ) SI_UNIT ( $, .RADIAN. ) );
#4052 = PRESENTATION_STYLE_ASSIGNMENT (( #5951 ) ) ;
#4053 = STYLED_ITEM ( 'NONE', ( #10894 ), #9823 ) ;
#4054 = CARTESIAN_POINT ( 'NONE',  ( 1.102001536562877915, 0.2413726859644435840, -0.01719775937616184122 ) ) ;
#4055 = DIRECTION ( 'NONE',  ( 3.491481338843133355E-15, -0.000000000000000000, 1.000000000000000000 ) ) ;
#4056 = EDGE_CURVE ( 'NONE', #558, #3526, #11070, .T. ) ;
#4057 = SURFACE_SIDE_STYLE ('',( #9274 ) ) ;
#4058 = ORIENTED_EDGE ( 'NONE', *, *, #6501, .T. ) ;
#4059 = PRESENTATION_STYLE_ASSIGNMENT (( #6675 ) ) ;
#4060 = MECHANICAL_DESIGN_GEOMETRIC_PRESENTATION_REPRESENTATION (  '', ( #9520 ), #2056 ) ;
#4061 = UNCERTAINTY_MEASURE_WITH_UNIT (LENGTH_MEASURE( 1.000000000000000082E-05 ), #9180, 'distance_accuracy_value', 'NONE');
#4062 = SURFACE_STYLE_FILL_AREA ( #4974 ) ;
#4063 = EDGE_CURVE ( 'NONE', #9382, #2553, #2071, .T. ) ;
#4064 =( NAMED_UNIT ( * ) PLANE_ANGLE_UNIT ( ) SI_UNIT ( $, .RADIAN. ) );
#4065 = CARTESIAN_POINT ( 'NONE',  ( 1.135627812543076098, -0.01599267277829009848, -0.01718813264348204028 ) ) ;
#4066 = CARTESIAN_POINT ( 'NONE',  ( 1.137003795778972259, 0.1189652849813638141, 0.05741919849254912417 ) ) ;
#4067 = CARTESIAN_POINT ( 'NONE',  ( 1.132842975657309736, 0.1442326738691231958, -0.01847494232841549733 ) ) ;
#4068 = DIRECTION ( 'NONE',  ( -0.1692532024055916906, 0.9855726018287297441, 5.909443977385630660E-16 ) ) ;
#4069 = B_SPLINE_CURVE_WITH_KNOTS ( 'NONE', 3,
 ( #6497, #7374, #9051, #4733 ),
 .UNSPECIFIED., .F., .F.,
 ( 4, 4 ),
 ( 0.000000000000000000, 1.000000000000000000 ),
 .UNSPECIFIED. ) ;
#4070 = ORIENTED_EDGE ( 'NONE', *, *, #1812, .T. ) ;
#4071 = FACE_OUTER_BOUND ( 'NONE', #9948, .T. ) ;
#4072 = ORIENTED_EDGE ( 'NONE', *, *, #1898, .T. ) ;
#4073 = FILL_AREA_STYLE ('',( #5869 ) ) ;
#4074 = COLOUR_RGB ( '',0.000000000000000000, 0.000000000000000000, 0.000000000000000000 ) ;
#4075 = CARTESIAN_POINT ( 'NONE',  ( 0.3357876820061025391, 0.000000000000000000, 0.6101939685163952909 ) ) ;
#4076 = FILL_AREA_STYLE ('',( #2193 ) ) ;
#4077 = CARTESIAN_POINT ( 'NONE',  ( 1.113190967483567606, 0.2274733648778240747, -0.02595792449772778288 ) ) ;
#4078 = CARTESIAN_POINT ( 'NONE',  ( 1.128613388262275530, 0.1069176939617456634, 0.04747255464087343779 ) ) ;
#4079 = MECHANICAL_DESIGN_GEOMETRIC_PRESENTATION_REPRESENTATION (  '', ( #7906 ), #5875 ) ;
#4080 = SURFACE_STYLE_USAGE ( .BOTH. , #3249 ) ;
#4081 = ORIENTED_EDGE ( 'NONE', *, *, #7791, .T. ) ;
#4082 = B_SPLINE_CURVE_WITH_KNOTS ( 'NONE', 3,
 ( #6512, #4857, #7557, #5645 ),
 .UNSPECIFIED., .F., .F.,
 ( 4, 4 ),
 ( 0.000000000000000000, 1.000000000000000000 ),
 .UNSPECIFIED. ) ;
#4083 = FILL_AREA_STYLE_COLOUR ( '', #1658 ) ;
#4084 = CARTESIAN_POINT ( 'NONE',  ( 1.116292978616385323, 0.2165905860449423848, 0.001829867368143033631 ) ) ;
#4085 = VERTEX_POINT ( 'NONE', #9563 ) ;
#4086 = ORIENTED_EDGE ( 'NONE', *, *, #11174, .T. ) ;
#4087 = CARTESIAN_POINT ( 'NONE',  ( 1.136587616404308498, 0.1217672206399146723, 0.05351441099665240481 ) ) ;
#4088 = CARTESIAN_POINT ( 'NONE',  ( 1.135299082614587896, 0.1072036912058795810, -0.008584961518158204172 ) ) ;
#4089 = CIRCLE ( 'NONE', #4461, 0.4050000000000000822 ) ;
#4090 = CARTESIAN_POINT ( 'NONE',  ( 1.123399543859102456, 0.1891231214538502126, 0.006069894152875587347 ) ) ;
#4091 = CARTESIAN_POINT ( 'NONE',  ( 1.114936533650183303, 0.1814581686827769491, 0.02485103320822988973 ) ) ;
#4092 = COLOUR_RGB ( '',0.000000000000000000, 0.000000000000000000, 0.000000000000000000 ) ;
#4093 =( NAMED_UNIT ( * ) SI_UNIT ( $, .STERADIAN. ) SOLID_ANGLE_UNIT ( ) );
#4094 = CARTESIAN_POINT ( 'NONE',  ( 1.128148337177349081, 0.1102979323138628537, -0.02251935501083282901 ) ) ;
#4095 = CARTESIAN_POINT ( 'NONE',  ( 1.124546030598792434, 0.1336288533439257409, -0.009331040303425210819 ) ) ;
#4096 =( NAMED_UNIT ( * ) SI_UNIT ( $, .STERADIAN. ) SOLID_ANGLE_UNIT ( ) );
#4097 = CARTESIAN_POINT ( 'NONE',  ( 1.121924584193570995, 0.1482861120236397268, 0.02850246652063670449 ) ) ;
#4098 =( LENGTH_UNIT ( ) NAMED_UNIT ( * ) SI_UNIT ( .MILLI., .METRE. ) );
#4099 = CARTESIAN_POINT ( 'NONE',  ( 1.134144113130430176, -0.05125435476545827512, 0.04702734930824172682 ) ) ;
#4100 = CARTESIAN_POINT ( 'NONE',  ( 1.112856172145161082, 0.1901698231397422889, 0.03722988336162978001 ) ) ;
#4101 = CARTESIAN_POINT ( 'NONE',  ( 1.134837591180994254, -0.03897746332939385633, 0.02994877370923433937 ) ) ;
#4102 = ADVANCED_FACE ( 'NONE', ( #5223 ), #10701, .T. ) ;
#4103 = ORIENTED_EDGE ( 'NONE', *, *, #2814, .T. ) ;
#4104 = ORIENTED_EDGE ( 'NONE', *, *, #8170, .F. ) ;
#4105 = CARTESIAN_POINT ( 'NONE',  ( 1.133914149879059474, 0.1381815518824220934, -0.01298960528964358298 ) ) ;
#4106 = COLOUR_RGB ( '',0.000000000000000000, 0.000000000000000000, 0.000000000000000000 ) ;
#4107 = DIRECTION ( 'NONE',  ( 0.000000000000000000, -1.000000000000000000, -0.000000000000000000 ) ) ;
#4108 = EDGE_CURVE ( 'NONE', #3041, #10500, #10716, .T. ) ;
#4109 = CARTESIAN_POINT ( 'NONE',  ( 1.119911320098948559, 0.2031012559883281776, 0.03722988336162972450 ) ) ;
#4110 = ORIENTED_EDGE ( 'NONE', *, *, #2976, .F. ) ;
#4111 = LINE ( 'NONE', #3399, #7642 ) ;
#4112 =( NAMED_UNIT ( * ) SI_UNIT ( $, .STERADIAN. ) SOLID_ANGLE_UNIT ( ) );
#4113 = ADVANCED_FACE ( 'NONE', ( #3116 ), #2842, .T. ) ;
#4114 = SURFACE_SIDE_STYLE ('',( #640 ) ) ;
#4115 = ADVANCED_FACE ( 'NONE', ( #5010 ), #11062, .T. ) ;
#4116 = FILL_AREA_STYLE_COLOUR ( '', #8560 ) ;
#4117 =( NAMED_UNIT ( * ) SI_UNIT ( $, .STERADIAN. ) SOLID_ANGLE_UNIT ( ) );
#4118 = CARTESIAN_POINT ( 'NONE',  ( 1.127863673027581282, 0.1123192968609521003, -0.02320706890818121509 ) ) ;
#4119 =( NAMED_UNIT ( * ) SI_UNIT ( $, .STERADIAN. ) SOLID_ANGLE_UNIT ( ) );
#4120 = SURFACE_STYLE_USAGE ( .BOTH. , #760 ) ;
#4121 = CARTESIAN_POINT ( 'NONE',  ( 1.128341356078030655, 0.1088975376906425457, 0.05013270600813111988 ) ) ;
#4122 = ORIENTED_EDGE ( 'NONE', *, *, #4934, .F. ) ;
#4123 = CYLINDRICAL_SURFACE ( 'NONE', #2135, 0.7999999999999999334 ) ;
#4124 = B_SPLINE_SURFACE_WITH_KNOTS ( 'NONE', 1, 3, ( 
 ( #367, #3666, #7161, #3848 ),
 ( #6293, #7343, #8964, #2032 ) ),
 .UNSPECIFIED., .F., .F., .F.,
 ( 2, 2 ),
 ( 4, 4 ),
 ( 0.000000000000000000, 1.000000000000000000 ),
 ( 0.000000000000000000, 1.000000000000000000 ),
 .UNSPECIFIED. ) ;
#4125 = EDGE_CURVE ( 'NONE', #4716, #214, #3220, .T. ) ;
#4126 = ORIENTED_EDGE ( 'NONE', *, *, #8576, .F. ) ;
#4127 = CARTESIAN_POINT ( 'NONE',  ( 1.125961983963937652, 0.1249982900900838689, 0.05394788072471412566 ) ) ;
#4128 =( NAMED_UNIT ( * ) PLANE_ANGLE_UNIT ( ) SI_UNIT ( $, .RADIAN. ) );
#4129 = CARTESIAN_POINT ( 'NONE',  ( 1.141397181222572943, 0.08422193759457324846, -0.02595792449772843513 ) ) ;
#4130 = B_SPLINE_CURVE_WITH_KNOTS ( 'NONE', 1,
 ( #4945, #5005 ),
 .UNSPECIFIED., .F., .F.,
 ( 2, 2 ),
 ( 0.000000000000000000, 1.000000000000000000 ),
 .UNSPECIFIED. ) ;
#4131 = FILL_AREA_STYLE ('',( #8457 ) ) ;
#4132 = CARTESIAN_POINT ( 'NONE',  ( 1.136877951131481712, 0.1198097688530632005, -0.01141768780968361457 ) ) ;
#4133 = SURFACE_STYLE_FILL_AREA ( #1524 ) ;
#4134 = ORIENTED_EDGE ( 'NONE', *, *, #10175, .T. ) ;
#4135 =( GEOMETRIC_REPRESENTATION_CONTEXT ( 3 ) GLOBAL_UNCERTAINTY_ASSIGNED_CONTEXT ( ( #627 ) ) GLOBAL_UNIT_ASSIGNED_CONTEXT ( ( #556, #6660, #9258 ) ) REPRESENTATION_CONTEXT ( 'NONE', 'WORKASPACE' ) );
#4136 = EDGE_CURVE ( 'NONE', #2618, #8511, #7046, .T. ) ;
#4137 = UNCERTAINTY_MEASURE_WITH_UNIT (LENGTH_MEASURE( 1.000000000000000082E-05 ), #3208, 'distance_accuracy_value', 'NONE');
#4138 = CARTESIAN_POINT ( 'NONE',  ( 1.116337361635318048, 0.1753346016724777190, 0.03776540596263372462 ) ) ;
#4139 = PRESENTATION_LAYER_ASSIGNMENT (  '', '', ( #9037 ) ) ;
#4140 = EDGE_LOOP ( 'NONE', ( #3744, #10920, #1190, #5651 ) ) ;
#4141 = EDGE_LOOP ( 'NONE', ( #10263, #7236, #3203, #4836 ) ) ;
#4142 =( NAMED_UNIT ( * ) SI_UNIT ( $, .STERADIAN. ) SOLID_ANGLE_UNIT ( ) );
#4143 = SURFACE_SIDE_STYLE ('',( #5836 ) ) ;
#4144 = EDGE_CURVE ( 'NONE', #10996, #5240, #643, .T. ) ;
#4145 = CARTESIAN_POINT ( 'NONE',  ( 1.132038968508029431, -0.07735559930621173363, 0.03609705215150389029 ) ) ;
#4146 = CARTESIAN_POINT ( 'NONE',  ( 1.123788841746067968, 0.1380392376614723582, -0.02218949913269843005 ) ) ;
#4147 = CARTESIAN_POINT ( 'NONE',  ( 1.114970639955905396, 0.2213005152289355959, -0.009534661662203604282 ) ) ;
#4148 = PRESENTATION_STYLE_ASSIGNMENT (( #1480 ) ) ;
#4149 = CARTESIAN_POINT ( 'NONE',  ( 1.126987947808945956, 0.1183306359042599343, -0.01141768780968355906 ) ) ;
#4150 = CARTESIAN_POINT ( 'NONE',  ( 0.9257876820060966239, 0.000000000000000000, -0.9898060314836066853 ) ) ;
#4151 = ORIENTED_EDGE ( 'NONE', *, *, #2077, .F. ) ;
#4152 = CARTESIAN_POINT ( 'NONE',  ( 1.137764785064253381, 0.1137221445913368933, -0.02320668462115659317 ) ) ;
#4153 =( NAMED_UNIT ( * ) SI_UNIT ( $, .STERADIAN. ) SOLID_ANGLE_UNIT ( ) );
#4154 = DIRECTION ( 'NONE',  ( -3.491481338843133355E-15, 0.000000000000000000, -1.000000000000000000 ) ) ;
#4155 = ORIENTED_EDGE ( 'NONE', *, *, #1598, .T. ) ;
#4156 = VERTEX_POINT ( 'NONE', #3383 ) ;
#4157 = CARTESIAN_POINT ( 'NONE',  ( 1.127792261482267078, 0.1129167113237519449, 0.05699639651493305231 ) ) ;
#4158 = B_SPLINE_CURVE_WITH_KNOTS ( 'NONE', 3,
 ( #5244, #8873, #920, #6148 ),
 .UNSPECIFIED., .F., .F.,
 ( 4, 4 ),
 ( 0.000000000000000000, 1.000000000000000000 ),
 .UNSPECIFIED. ) ;
#4159 = CARTESIAN_POINT ( 'NONE',  ( -0.1142123179938987210, 5.510910596163085241E-17, 0.1601939685163969174 ) ) ;
#4160 = EDGE_CURVE ( 'NONE', #2952, #5591, #5229, .T. ) ;
#4161 = SURFACE_STYLE_FILL_AREA ( #743 ) ;
#4162 = VERTEX_POINT ( 'NONE', #4150 ) ;
#4163 = CARTESIAN_POINT ( 'NONE',  ( 0.3357876820061004852, 0.000000000000000000, 0.02485103320823259937 ) ) ;
#4164 = CARTESIAN_POINT ( 'NONE',  ( 1.145041245499591520, 0.03643732473149936119, 0.02194270069201872952 ) ) ;
#4165 = CARTESIAN_POINT ( 'NONE',  ( 1.113887621941075601, 0.1859045009492469314, 0.02485103320822999728 ) ) ;
#4166 = EDGE_CURVE ( 'NONE', #7292, #3739, #8699, .T. ) ;
#4167 = B_SPLINE_CURVE_WITH_KNOTS ( 'NONE', 3,
 ( #8395, #5034, #1399, #10982 ),
 .UNSPECIFIED., .F., .F.,
 ( 4, 4 ),
 ( 0.000000000000000000, 1.000000000000000000 ),
 .UNSPECIFIED. ) ;
#4168 = SURFACE_SIDE_STYLE ('',( #11198 ) ) ;
#4169 = EDGE_CURVE ( 'NONE', #8197, #1031, #3198, .T. ) ;
#4170 = DIRECTION ( 'NONE',  ( 3.491481338843133355E-15, -0.000000000000000000, 1.000000000000000000 ) ) ;
#4171 = ADVANCED_FACE ( 'NONE', ( #10335 ), #6297, .T. ) ;
#4172 = FILL_AREA_STYLE ('',( #7609 ) ) ;
#4173 = SURFACE_STYLE_USAGE ( .BOTH. , #8496 ) ;
#4174 = CARTESIAN_POINT ( 'NONE',  ( 1.122397030820489139, 0.1457591587441520453, -0.03640462608224261098 ) ) ;
#4175 = EDGE_CURVE ( 'NONE', #3913, #2997, #7447, .T. ) ;
#4176 = ORIENTED_EDGE ( 'NONE', *, *, #5912, .T. ) ;
#4177 = DIRECTION ( 'NONE',  ( -0.2343708751821675651, 0.9721472588380553059, 8.183015370668713090E-16 ) ) ;
#4178 = CARTESIAN_POINT ( 'NONE',  ( 1.118745108017201506, 0.2075516057612452614, 0.02485103320822999728 ) ) ;
#4179 = B_SPLINE_CURVE_WITH_KNOTS ( 'NONE', 3,
 ( #10429, #4248, #1750, #7896 ),
 .UNSPECIFIED., .F., .F.,
 ( 4, 4 ),
 ( 0.000000000000000000, 1.000000000000000000 ),
 .UNSPECIFIED. ) ;
#4180 = ORIENTED_EDGE ( 'NONE', *, *, #3670, .F. ) ;
#4181 = CARTESIAN_POINT ( 'NONE',  ( 1.130351803127002119, 0.1573782237856210797, -0.02089788879028364049 ) ) ;
#4182 =( LENGTH_UNIT ( ) NAMED_UNIT ( * ) SI_UNIT ( .MILLI., .METRE. ) );
#4183 = AXIS2_PLACEMENT_3D ( 'NONE', #2433, #4433, #10378 ) ;
#4184 = FACE_OUTER_BOUND ( 'NONE', #2123, .T. ) ;
#4185 = COLOUR_RGB ( '',0.000000000000000000, 0.000000000000000000, 0.000000000000000000 ) ;
#4186 = B_SPLINE_CURVE_WITH_KNOTS ( 'NONE', 3,
 ( #5859, #1727, #7645, #9398 ),
 .UNSPECIFIED., .F., .F.,
 ( 4, 4 ),
 ( 0.7423980676276866753, 0.9998864172437955666 ),
 .UNSPECIFIED. ) ;
#4187 =( LENGTH_UNIT ( ) NAMED_UNIT ( * ) SI_UNIT ( .MILLI., .METRE. ) );
#4188 = COLOUR_RGB ( '',0.000000000000000000, 0.000000000000000000, 0.000000000000000000 ) ;
#4189 = CARTESIAN_POINT ( 'NONE',  ( 1.133921027593571162, 0.1381490931423070834, -0.01726871398461664667 ) ) ;
#4190 = CARTESIAN_POINT ( 'NONE',  ( 1.145340344729537385, 0.02691628275586005481, -0.02606900220520724787 ) ) ;
#4191 = CARTESIAN_POINT ( 'NONE',  ( 1.143466056542854492, -0.06213667937312102041, 0.04638753734110444976 ) ) ;
#4192 = ORIENTED_EDGE ( 'NONE', *, *, #480, .T. ) ;
#4193 = MECHANICAL_DESIGN_GEOMETRIC_PRESENTATION_REPRESENTATION (  '', ( #5800 ), #2187 ) ;
#4194 = PRESENTATION_LAYER_ASSIGNMENT (  '', '', ( #1690 ) ) ;
#4195 = ORIENTED_EDGE ( 'NONE', *, *, #9609, .F. ) ;
#4197 = ORIENTED_EDGE ( 'NONE', *, *, #2723, .F. ) ;
#4196 = UNCERTAINTY_MEASURE_WITH_UNIT (LENGTH_MEASURE( 1.000000000000000082E-05 ), #4235, 'distance_accuracy_value', 'NONE');
#4198 = LINE ( 'NONE', #1469, #8207 ) ;
#4199 = FILL_AREA_STYLE_COLOUR ( '', #10955 ) ;
#4200 = AXIS2_PLACEMENT_3D ( 'NONE', #7566, #6641, #9365 ) ;
#4201 = STYLED_ITEM ( 'NONE', ( #6393 ), #7417 ) ;
#4202 = CARTESIAN_POINT ( 'NONE',  ( 1.128008985091504934, 0.1112897431826653655, -0.02649827113144429674 ) ) ;
#4203 =( GEOMETRIC_REPRESENTATION_CONTEXT ( 3 ) GLOBAL_UNCERTAINTY_ASSIGNED_CONTEXT ( ( #7449 ) ) GLOBAL_UNIT_ASSIGNED_CONTEXT ( ( #8424, #6953, #7971 ) ) REPRESENTATION_CONTEXT ( 'NONE', 'WORKASPACE' ) );
#4204 = B_SPLINE_CURVE_WITH_KNOTS ( 'NONE', 3,
 ( #5206, #8508, #4189, #7668 ),
 .UNSPECIFIED., .F., .F.,
 ( 4, 4 ),
 ( 0.000000000000000000, 1.000000000000000000 ),
 .UNSPECIFIED. ) ;
#4205 = LINE ( 'NONE', #10496, #242 ) ;
#4206 = FACE_OUTER_BOUND ( 'NONE', #2633, .T. ) ;
#4207 = COLOUR_RGB ( '',0.000000000000000000, 0.000000000000000000, 0.000000000000000000 ) ;
#4208 = CARTESIAN_POINT ( 'NONE',  ( 1.144676764360399224, 0.04242192282084004257, 0.01602215722427314040 ) ) ;
#4209 = VERTEX_POINT ( 'NONE', #9435 ) ;
#4210 = FILL_AREA_STYLE_COLOUR ( '', #3080 ) ;
#4211 = CARTESIAN_POINT ( 'NONE',  ( 1.126812217583958553, 0.1742991225274368727, 0.03184210272429182503 ) ) ;
#4212 =( GEOMETRIC_REPRESENTATION_CONTEXT ( 3 ) GLOBAL_UNCERTAINTY_ASSIGNED_CONTEXT ( ( #10495 ) ) GLOBAL_UNIT_ASSIGNED_CONTEXT ( ( #10415, #11315, #2466 ) ) REPRESENTATION_CONTEXT ( 'NONE', 'WORKASPACE' ) );
#4213 = DIRECTION ( 'NONE',  ( 3.491481338843133355E-15, -0.000000000000000000, 1.000000000000000000 ) ) ;
#4214 = SURFACE_SIDE_STYLE ('',( #730 ) ) ;
#4215 = MECHANICAL_DESIGN_GEOMETRIC_PRESENTATION_REPRESENTATION (  '', ( #5295 ), #7132 ) ;
#4216 = CARTESIAN_POINT ( 'NONE',  ( 1.115337583976614866, 0.1797274334590070188, 0.04127429604397193919 ) ) ;
#4217 = ORIENTED_EDGE ( 'NONE', *, *, #4734, .F. ) ;
#4218 = ORIENTED_EDGE ( 'NONE', *, *, #3154, .T. ) ;
#4219 = MECHANICAL_DESIGN_GEOMETRIC_PRESENTATION_REPRESENTATION (  '', ( #11142 ), #7125 ) ;
#4220 = CARTESIAN_POINT ( 'NONE',  ( 1.137692318708395600, 0.1143281703319715403, 0.05699639652557097341 ) ) ;
#4221 = EDGE_CURVE ( 'NONE', #79, #417, #3067, .T. ) ;
#4222 = FACE_OUTER_BOUND ( 'NONE', #11008, .T. ) ;
#4223 =( GEOMETRIC_REPRESENTATION_CONTEXT ( 3 ) GLOBAL_UNCERTAINTY_ASSIGNED_CONTEXT ( ( #7337 ) ) GLOBAL_UNIT_ASSIGNED_CONTEXT ( ( #10761, #4700, #10862 ) ) REPRESENTATION_CONTEXT ( 'NONE', 'WORKASPACE' ) );
#4224 = FILL_AREA_STYLE_COLOUR ( '', #10276 ) ;
#4225 = MECHANICAL_DESIGN_GEOMETRIC_PRESENTATION_REPRESENTATION (  '', ( #6018 ), #2033 ) ;
#4226 = VERTEX_POINT ( 'NONE', #8647 ) ;
#4227 =( LENGTH_UNIT ( ) NAMED_UNIT ( * ) SI_UNIT ( .MILLI., .METRE. ) );
#4228 = SURFACE_STYLE_FILL_AREA ( #10518 ) ;
#4229 = CARTESIAN_POINT ( 'NONE',  ( 1.132546769813586263, 0.1260399425075019453, 0.03013988056217907496 ) ) ;
#4230 = SURFACE_SIDE_STYLE ('',( #11312 ) ) ;
#4231 =( NAMED_UNIT ( * ) SI_UNIT ( $, .STERADIAN. ) SOLID_ANGLE_UNIT ( ) );
#4232 = STYLED_ITEM ( 'NONE', ( #2899 ), #9752 ) ;
#4233 = FACE_OUTER_BOUND ( 'NONE', #4414, .T. ) ;
#4234 = VERTEX_POINT ( 'NONE', #9771 ) ;
#4235 =( LENGTH_UNIT ( ) NAMED_UNIT ( * ) SI_UNIT ( .MILLI., .METRE. ) );
#4236 = EDGE_CURVE ( 'NONE', #7997, #9812, #8653, .T. ) ;
#4237 = ORIENTED_EDGE ( 'NONE', *, *, #10972, .F. ) ;
#4238 = FACE_OUTER_BOUND ( 'NONE', #1454, .T. ) ;
#4239 = PRESENTATION_LAYER_ASSIGNMENT (  '', '', ( #7539 ) ) ;
#4240 = CARTESIAN_POINT ( 'NONE',  ( 1.134837590969379972, -0.03897746766754539571, -0.02743530319401906933 ) ) ;
#4241 = CARTESIAN_POINT ( 'NONE',  ( 1.116302738114169468, 0.1754885956084273890, 0.04115967706098326573 ) ) ;
#4242 = COLOUR_RGB ( '',0.000000000000000000, 0.000000000000000000, 0.000000000000000000 ) ;
#4243 = EDGE_CURVE ( 'NONE', #2182, #7054, #6615, .T. ) ;
#4244 = CARTESIAN_POINT ( 'NONE',  ( 1.121208475530091953, 0.1520334736173032109, -0.03006783374187219429 ) ) ;
#4245 = EDGE_CURVE ( 'NONE', #6168, #8999, #9332, .T. ) ;
#4246 = DIRECTION ( 'NONE',  ( 1.000000000000000000, 0.000000000000000000, -3.492703757814028417E-15 ) ) ;
#4247 = ADVANCED_FACE ( 'NONE', ( #8162, #3083 ), #9894, .T. ) ;
#4248 = CARTESIAN_POINT ( 'NONE',  ( 1.118624781722769024, 0.2080457295805657469, 0.03552697275843125918 ) ) ;
#4249 = B_SPLINE_SURFACE_WITH_KNOTS ( 'NONE', 1, 3, ( 
 ( #4535, #1305, #202, #3668 ),
 ( #7163, #2816, #11045, #8406 ) ),
 .UNSPECIFIED., .F., .F., .F.,
 ( 2, 2 ),
 ( 4, 4 ),
 ( 0.000000000000000000, 1.000000000000000000 ),
 ( 0.000000000000000000, 1.000000000000000000 ),
 .UNSPECIFIED. ) ;
#4250 = EDGE_LOOP ( 'NONE', ( #8283, #1150, #931, #10561 ) ) ;
#4251 = UNCERTAINTY_MEASURE_WITH_UNIT (LENGTH_MEASURE( 1.000000000000000082E-05 ), #2710, 'distance_accuracy_value', 'NONE');
#4252 = CARTESIAN_POINT ( 'NONE',  ( 0.3357876820061003187, 0.000000000000000000, -0.02595792449772507324 ) ) ;
#4253 = DIRECTION ( 'NONE',  ( 0.9676265122178746569, 0.2523864751785868665, -3.379661459544659142E-15 ) ) ;
#4254 = ORIENTED_EDGE ( 'NONE', *, *, #8134, .F. ) ;
#4255 = VERTEX_POINT ( 'NONE', #7389 ) ;
#4256 = FACE_OUTER_BOUND ( 'NONE', #7419, .T. ) ;
#4257 = EDGE_CURVE ( 'NONE', #156, #6804, #2184, .T. ) ;
#4258 = CARTESIAN_POINT ( 'NONE',  ( 0.3357876820061007628, 0.000000000000000000, 0.1001939685163951710 ) ) ;
#4259 = EDGE_CURVE ( 'NONE', #1060, #2798, #783, .T. ) ;
#4260 = CARTESIAN_POINT ( 'NONE',  ( 1.145490083148282157, -0.02195498997005931527, -0.003069830972985104333 ) ) ;
#4261 =( GEOMETRIC_REPRESENTATION_CONTEXT ( 3 ) GLOBAL_UNCERTAINTY_ASSIGNED_CONTEXT ( ( #1986 ) ) GLOBAL_UNIT_ASSIGNED_CONTEXT ( ( #9463, #10414, #6734 ) ) REPRESENTATION_CONTEXT ( 'NONE', 'WORKASPACE' ) );
#4262 = DIRECTION ( 'NONE',  ( 1.000000000000000000, 0.000000000000000000, -3.492703757814028417E-15 ) ) ;
#4263 = CARTESIAN_POINT ( 'NONE',  ( 1.144445989228026317, -0.04660195447585541856, 0.04657192071257245519 ) ) ;
#4264 = FACE_OUTER_BOUND ( 'NONE', #10248, .T. ) ;
#4265 = ORIENTED_EDGE ( 'NONE', *, *, #6828, .F. ) ;
#4266 = FACE_BOUND ( 'NONE', #4841, .T. ) ;
#4267 = CARTESIAN_POINT ( 'NONE',  ( 1.121650336727727515, 0.1497432714291144218, -0.03299918481034652684 ) ) ;
#4268 = EDGE_LOOP ( 'NONE', ( #9581, #3059, #7624, #7677 ) ) ;
#4269 = FILL_AREA_STYLE_COLOUR ( '', #4106 ) ;
#4270 = CARTESIAN_POINT ( 'NONE',  ( 1.134398433539429263, 0.1353545992398177966, -0.01590420228336715536 ) ) ;
#4271 = CARTESIAN_POINT ( 'NONE',  ( 1.113675940626349448, 0.1867882681025681002, 0.002385712559677263204 ) ) ;
#4272 =( GEOMETRIC_REPRESENTATION_CONTEXT ( 3 ) GLOBAL_UNCERTAINTY_ASSIGNED_CONTEXT ( ( #5403 ) ) GLOBAL_UNIT_ASSIGNED_CONTEXT ( ( #7910, #86, #2716 ) ) REPRESENTATION_CONTEXT ( 'NONE', 'WORKASPACE' ) );
#4273 = ORIENTED_EDGE ( 'NONE', *, *, #9242, .T. ) ;
#4274 = ORIENTED_EDGE ( 'NONE', *, *, #3896, .T. ) ;
#4275 = STYLED_ITEM ( 'NONE', ( #809 ), #1050 ) ;
#4276 = DIRECTION ( 'NONE',  ( -0.1249509387370111441, 0.9921629215550941128, 4.362638708712060093E-16 ) ) ;
#4277 = CARTESIAN_POINT ( 'NONE',  ( 1.129353278141275618, 0.1012602816045079374, 0.04025909933812350794 ) ) ;
#4278 = B_SPLINE_SURFACE_WITH_KNOTS ( 'NONE', 1, 3, ( 
 ( #6731, #10243, #11087, #8542 ),
 ( #7553, #5799, #644, #7495 ) ),
 .UNSPECIFIED., .F., .F., .F.,
 ( 2, 2 ),
 ( 4, 4 ),
 ( 0.000000000000000000, 1.000000000000000000 ),
 ( 0.000000000000000000, 1.000000000000000000 ),
 .UNSPECIFIED. ) ;
#4279 = FILL_AREA_STYLE_COLOUR ( '', #5329 ) ;
#4280 = ORIENTED_EDGE ( 'NONE', *, *, #1338, .T. ) ;
#4281 = EDGE_LOOP ( 'NONE', ( #3159, #1262, #6141, #3959 ) ) ;
#4282 = LINE ( 'NONE', #1506, #3420 ) ;
#4283 = CARTESIAN_POINT ( 'NONE',  ( 1.135627812543076098, -0.01599267277829009848, -0.01832670521881009373 ) ) ;
#4284 = SURFACE_STYLE_USAGE ( .BOTH. , #10242 ) ;
#4285 = ADVANCED_FACE ( 'NONE', ( #10757 ), #467, .T. ) ;
#4286 = CARTESIAN_POINT ( 'NONE',  ( 1.137764785064253381, 0.1137221445913368933, -0.02320668462115659317 ) ) ;
#4287 = CARTESIAN_POINT ( 'NONE',  ( 1.129353278141275618, 0.1012602816045079374, 0.04025909933812350794 ) ) ;
#4288 = CARTESIAN_POINT ( 'NONE',  ( 0.3357876820061001522, 0.000000000000000000, -0.07980603148360476684 ) ) ;
#4290 = STYLED_ITEM ( 'NONE', ( #9377 ), #2699 ) ;
#4289 = CARTESIAN_POINT ( 'NONE',  ( 1.121273333350524926, 0.1977682773652674753, 0.05278531675530418604 ) ) ;
#4291 = CARTESIAN_POINT ( 'NONE',  ( 1.106527466201572940, 0.2143832667404724779, -0.009649280644974899540 ) ) ;
#4292 = SURFACE_STYLE_FILL_AREA ( #762 ) ;
#4293 = ORIENTED_EDGE ( 'NONE', *, *, #8218, .F. ) ;
#4294 = DIRECTION ( 'NONE',  ( 3.491481338843133355E-15, 0.000000000000000000, 1.000000000000000000 ) ) ;
#4295 = CARTESIAN_POINT ( 'NONE',  ( 1.124060736695442486, 0.1364756067974539078, -0.01298960528964358298 ) ) ;
#4296 = CARTESIAN_POINT ( 'NONE',  ( 1.098165767050902408, 0.2424476048630097025, -0.02303786945720290649 ) ) ;
#4297 = CARTESIAN_POINT ( 'NONE',  ( 0.3357876820061025391, 0.000000000000000000, 0.6101939685163952909 ) ) ;
#4298 =( NAMED_UNIT ( * ) SI_UNIT ( $, .STERADIAN. ) SOLID_ANGLE_UNIT ( ) );
#4299 = STYLED_ITEM ( 'NONE', ( #1954 ), #333 ) ;
#4300 = SURFACE_SIDE_STYLE ('',( #826 ) ) ;
#4301 = LINE ( 'NONE', #5979, #8382 ) ;
#4302 = MECHANICAL_DESIGN_GEOMETRIC_PRESENTATION_REPRESENTATION (  '', ( #1400 ), #855 ) ;
#4303 = CARTESIAN_POINT ( 'NONE',  ( 1.132959688476586235, 0.1435854870793692173, -0.007471519969934293723 ) ) ;
#4304 = EDGE_LOOP ( 'NONE', ( #9800, #7794, #8466, #791 ) ) ;
#4305 = ADVANCED_FACE ( 'NONE', ( #6405 ), #9604, .T. ) ;
#4306 = CARTESIAN_POINT ( 'NONE',  ( 1.144825706643681773, -0.03946485386417276919, 0.02994886269924376676 ) ) ;
#4307 = VERTEX_POINT ( 'NONE', #10065 ) ;
#4308 =( GEOMETRIC_REPRESENTATION_CONTEXT ( 3 ) GLOBAL_UNCERTAINTY_ASSIGNED_CONTEXT ( ( #8153 ) ) GLOBAL_UNIT_ASSIGNED_CONTEXT ( ( #7384, #9883, #4635 ) ) REPRESENTATION_CONTEXT ( 'NONE', 'WORKASPACE' ) );
#4309 = EDGE_LOOP ( 'NONE', ( #6419, #8165, #135, #9643 ) ) ;
#4310 = B_SPLINE_SURFACE_WITH_KNOTS ( 'NONE', 1, 3, ( 
 ( #5316, #7938, #7077, #10579 ),
 ( #9711, #1908, #8559, #2904 ) ),
 .UNSPECIFIED., .F., .F., .F.,
 ( 2, 2 ),
 ( 4, 4 ),
 ( 0.000000000000000000, 1.000000000000000000 ),
 ( 0.000000000000000000, 1.000000000000000000 ),
 .UNSPECIFIED. ) ;
#4311 = CARTESIAN_POINT ( 'NONE',  ( 1.127211755934392823, 0.1168243776219023006, 0.02799486816771251316 ) ) ;
#4312 = DIRECTION ( 'NONE',  ( 3.491481338843133355E-15, -0.000000000000000000, 1.000000000000000000 ) ) ;
#4313 = UNCERTAINTY_MEASURE_WITH_UNIT (LENGTH_MEASURE( 1.000000000000000082E-05 ), #1803, 'distance_accuracy_value', 'NONE');
#4314 = DIRECTION ( 'NONE',  ( -0.1528708361666678284, 0.9882461775538036175, 5.337456717292666605E-16 ) ) ;
#4315 = CARTESIAN_POINT ( 'NONE',  ( 1.144790972127379902, -0.04035868982375167419, 0.05350305440982727062 ) ) ;
#4316 = ADVANCED_FACE ( 'NONE', ( #6516 ), #5392, .T. ) ;
#4317 = CARTESIAN_POINT ( 'NONE',  ( 1.108460590050007299, 0.2430916030316282728, -0.004606045397325341482 ) ) ;
#4318 = SURFACE_STYLE_FILL_AREA ( #4438 ) ;
#4319 = ORIENTED_EDGE ( 'NONE', *, *, #9424, .F. ) ;
#4320 = DIRECTION ( 'NONE',  ( 1.000000000000000000, 0.000000000000000000, -3.488520879062155587E-15 ) ) ;
#4321 = PRODUCT_RELATED_PRODUCT_CATEGORY ( 'part', '', ( #11053 ) ) ;
#4322 = VERTEX_POINT ( 'NONE', #3356 ) ;
#4323 = CARTESIAN_POINT ( 'NONE',  ( 1.128371415695025526, 0.1086785401619074637, 0.03136794109317292412 ) ) ;
#4324 =( LENGTH_UNIT ( ) NAMED_UNIT ( * ) SI_UNIT ( .MILLI., .METRE. ) );
#4325 = CARTESIAN_POINT ( 'NONE',  ( 0.3357876820061003742, 0.000000000000000000, 0.002385712559679973709 ) ) ;
#4326 = ORIENTED_EDGE ( 'NONE', *, *, #5913, .T. ) ;
#4327 = ORIENTED_EDGE ( 'NONE', *, *, #7649, .F. ) ;
#4328 = MECHANICAL_DESIGN_GEOMETRIC_PRESENTATION_REPRESENTATION (  '', ( #7604 ), #4680 ) ;
#4329 = CARTESIAN_POINT ( 'NONE',  ( 1.118683467919205698, 0.2078105956513181807, 0.002239777458633946880 ) ) ;
#4330 = CARTESIAN_POINT ( 'NONE',  ( 1.145742185637077748, -0.008584989685346995636, 0.05180935499299749863 ) ) ;
#4331 = B_SPLINE_CURVE_WITH_KNOTS ( 'NONE', 3,
 ( #5011, #3333, #7634, #3215 ),
 .UNSPECIFIED., .F., .F.,
 ( 4, 4 ),
 ( 0.000000000000000000, 1.000000000000000000 ),
 .UNSPECIFIED. ) ;
#4332 = DIRECTION ( 'NONE',  ( -1.000000000000000000, 0.000000000000000000, 3.491481338843133355E-15 ) ) ;
#4333 = SURFACE_STYLE_USAGE ( .BOTH. , #8022 ) ;
#4334 = CARTESIAN_POINT ( 'NONE',  ( 1.105426403309822891, 0.2183032630171804767, -0.01390256126396639119 ) ) ;
#4335 = PRESENTATION_STYLE_ASSIGNMENT (( #9448 ) ) ;
#4336 = VERTEX_POINT ( 'NONE', #3187 ) ;
#4337 = ORIENTED_EDGE ( 'NONE', *, *, #9093, .F. ) ;
#4338 = CARTESIAN_POINT ( 'NONE',  ( 1.129490161718382790, 0.1617054399481193394, -0.02063632886200916783 ) ) ;
#4339 = CARTESIAN_POINT ( 'NONE',  ( 1.137925891103970688, 0.1126189041245384548, -0.002738966588931647170 ) ) ;
#4340 = DIRECTION ( 'NONE',  ( 0.9769679932783161824, 0.2133858948237674358, -3.411065517178264704E-15 ) ) ;
#4341 =( NAMED_UNIT ( * ) PLANE_ANGLE_UNIT ( ) SI_UNIT ( $, .RADIAN. ) );
#4342 = CARTESIAN_POINT ( 'NONE',  ( 1.111575979630223587, 0.1953266936940913356, 0.05278531675530424155 ) ) ;
#4343 = CARTESIAN_POINT ( 'NONE',  ( 1.123737155674034982, 0.1383306217431962415, -0.01903985017276128497 ) ) ;
#4344 = CARTESIAN_POINT ( 'NONE',  ( 1.125081957751246087, 0.1819740263772446076, 0.04127429604397188367 ) ) ;
#4345 =( NAMED_UNIT ( * ) PLANE_ANGLE_UNIT ( ) SI_UNIT ( $, .RADIAN. ) );
#4346 = EDGE_CURVE ( 'NONE', #7757, #10543, #6852, .T. ) ;
#4347 = CARTESIAN_POINT ( 'NONE',  ( 1.128822595057868750, 0.1053357806302039484, 0.02868258206520829523 ) ) ;
#4348 = CARTESIAN_POINT ( 'NONE',  ( 1.135041350207019351, 0.03454813840680420051, 0.03564162355583494479 ) ) ;
#4349 = ORIENTED_EDGE ( 'NONE', *, *, #1210, .F. ) ;
#4350 = CARTESIAN_POINT ( 'NONE',  ( 1.124546030598792434, 0.1336288533439257409, -0.009331040303425210819 ) ) ;
#4351 =( LENGTH_UNIT ( ) NAMED_UNIT ( * ) SI_UNIT ( .MILLI., .METRE. ) );
#4352 = LINE ( 'NONE', #1856, #11291 ) ;
#4353 = SURFACE_SIDE_STYLE ('',( #880 ) ) ;
#4354 =( NAMED_UNIT ( * ) SI_UNIT ( $, .STERADIAN. ) SOLID_ANGLE_UNIT ( ) );
#4355 = CARTESIAN_POINT ( 'NONE',  ( 1.119523297793410421, 0.2045934616415832352, 0.002385712559677371624 ) ) ;
#4356 = SURFACE_STYLE_FILL_AREA ( #2418 ) ;
#4357 = PRESENTATION_LAYER_ASSIGNMENT (  '', '', ( #7825 ) ) ;
#4358 = SURFACE_STYLE_USAGE ( .BOTH. , #4300 ) ;
#4359 = PRESENTATION_STYLE_ASSIGNMENT (( #8683 ) ) ;
#4360 = COLOUR_RGB ( '',0.000000000000000000, 0.000000000000000000, 0.000000000000000000 ) ;
#4361 = EDGE_CURVE ( 'NONE', #5284, #11015, #8504, .T. ) ;
#4362 = FILL_AREA_STYLE ('',( #6049 ) ) ;
#4363 = VERTEX_POINT ( 'NONE', #1573 ) ;
#4364 = CARTESIAN_POINT ( 'NONE',  ( 1.144648294216561224, -0.04310184692329926959, 0.03182791221539308518 ) ) ;
#4365 = CARTESIAN_POINT ( 'NONE',  ( 1.133676825082067685, 0.1395453881771035742, -0.01795096983524133508 ) ) ;
#4366 = ORIENTED_EDGE ( 'NONE', *, *, #9454, .T. ) ;
#4367 = MECHANICAL_DESIGN_GEOMETRIC_PRESENTATION_REPRESENTATION (  '', ( #8167 ), #10569 ) ;
#4368 = CARTESIAN_POINT ( 'NONE',  ( 1.135116260445654834, -0.03326465824674795096, 0.04375174282232748707 ) ) ;
#4369 = B_SPLINE_CURVE_WITH_KNOTS ( 'NONE', 3,
 ( #10411, #7821, #8607, #814 ),
 .UNSPECIFIED., .F., .F.,
 ( 4, 4 ),
 ( 0.000000000000000000, 1.000000000000000000 ),
 .UNSPECIFIED. ) ;
#4370 = PRESENTATION_STYLE_ASSIGNMENT (( #2487 ) ) ;
#4371 =( GEOMETRIC_REPRESENTATION_CONTEXT ( 3 ) GLOBAL_UNCERTAINTY_ASSIGNED_CONTEXT ( ( #5712 ) ) GLOBAL_UNIT_ASSIGNED_CONTEXT ( ( #10782, #2048, #4668 ) ) REPRESENTATION_CONTEXT ( 'NONE', 'WORKASPACE' ) );
#4372 = UNCERTAINTY_MEASURE_WITH_UNIT (LENGTH_MEASURE( 1.000000000000000082E-05 ), #10320, 'distance_accuracy_value', 'NONE');
#4373 = CARTESIAN_POINT ( 'NONE',  ( 1.145787679351378374, 5.655287035072336061E-09, -0.007595724518063308277 ) ) ;
#4374 = FILL_AREA_STYLE_COLOUR ( '', #2818 ) ;
#4375 = B_SPLINE_CURVE_WITH_KNOTS ( 'NONE', 3,
 ( #9775, #10544, #7156, #1963 ),
 .UNSPECIFIED., .F., .F.,
 ( 4, 4 ),
 ( 0.000000000000000000, 1.000000000000000000 ),
 .UNSPECIFIED. ) ;
#4376 = VECTOR ( 'NONE', #1446, 1000.000000000000341 ) ;
#4377 = CARTESIAN_POINT ( 'NONE',  ( 1.124539041545190576, 0.1336835548047583255, -0.01590420228336715536 ) ) ;
#4378 =( NAMED_UNIT ( * ) PLANE_ANGLE_UNIT ( ) SI_UNIT ( $, .RADIAN. ) );
#4379 = DIRECTION ( 'NONE',  ( 3.491481338843133355E-15, -0.000000000000000000, 1.000000000000000000 ) ) ;
#4380 = MECHANICAL_DESIGN_GEOMETRIC_PRESENTATION_REPRESENTATION (  '', ( #8001 ), #5092 ) ;
#4381 = ORIENTED_EDGE ( 'NONE', *, *, #4169, .T. ) ;
#4382 = CARTESIAN_POINT ( 'NONE',  ( 1.135403215462710502, 0.1292864983472779561, -0.009256301275039008694 ) ) ;
#4383 = DIRECTION ( 'NONE',  ( 3.491481338843133355E-15, 0.000000000000000000, 1.000000000000000000 ) ) ;
#4384 = FACE_OUTER_BOUND ( 'NONE', #1429, .T. ) ;
#4385 = ORIENTED_EDGE ( 'NONE', *, *, #2896, .T. ) ;
#4386 = EDGE_CURVE ( 'NONE', #9511, #9421, #2124, .T. ) ;
#4387 = ORIENTED_EDGE ( 'NONE', *, *, #1747, .T. ) ;
#4388 = AXIS2_PLACEMENT_3D ( 'NONE', #10999, #8416, #665 ) ;
#4389 = PRESENTATION_LAYER_ASSIGNMENT (  '', '', ( #3092 ) ) ;
#4390 = STYLED_ITEM ( 'NONE', ( #3961 ), #1184 ) ;
#4391 = AXIS2_PLACEMENT_3D ( 'NONE', #4759, #250, #9898 ) ;
#4392 = CARTESIAN_POINT ( 'NONE',  ( 1.133953866812366540, 0.1379755305157292500, -0.02637904226237777414 ) ) ;
#4393 = PRESENTATION_LAYER_ASSIGNMENT (  '', '', ( #8200 ) ) ;
#4394 = STYLED_ITEM ( 'NONE', ( #3087 ), #190 ) ;
#4395 = EDGE_CURVE ( 'NONE', #10500, #3041, #9979, .T. ) ;
#4396 = SURFACE_STYLE_FILL_AREA ( #8596 ) ;
#4397 = B_SPLINE_SURFACE_WITH_KNOTS ( 'NONE', 1, 3, ( 
 ( #2067, #5534, #6509, #4687 ),
 ( #346, #6450, #3884, #10851 ) ),
 .UNSPECIFIED., .F., .F., .F.,
 ( 2, 2 ),
 ( 4, 4 ),
 ( 0.000000000000000000, 1.000000000000000000 ),
 ( 0.000000000000000000, 1.000000000000000000 ),
 .UNSPECIFIED. ) ;
#4398 = CARTESIAN_POINT ( 'NONE',  ( 1.128032466752274976, 0.1111533197370268428, -0.006028080668868981799 ) ) ;
#4399 = COLOUR_RGB ( '',0.000000000000000000, 0.000000000000000000, 0.000000000000000000 ) ;
#4400 = EDGE_CURVE ( 'NONE', #7054, #9511, #6199, .T. ) ;
#4401 = PRESENTATION_LAYER_ASSIGNMENT (  '', '', ( #8384 ) ) ;
#4402 = VERTEX_POINT ( 'NONE', #11151 ) ;
#4403 = ORIENTED_EDGE ( 'NONE', *, *, #5561, .F. ) ;
#4404 =( NAMED_UNIT ( * ) SI_UNIT ( $, .STERADIAN. ) SOLID_ANGLE_UNIT ( ) );
#4405 = EDGE_CURVE ( 'NONE', #1827, #1381, #4167, .T. ) ;
#4406 = CARTESIAN_POINT ( 'NONE',  ( 1.135514532212987371, -0.02501898753019329499, -0.03990289874730669484 ) ) ;
#4407 = CARTESIAN_POINT ( 'NONE',  ( 1.118332272286971740, 0.1662370240939754495, 0.05304873532335858261 ) ) ;
#4408 = CARTESIAN_POINT ( 'NONE',  ( 1.128964771772203335, 0.1042599137697623191, -0.02177399018123951646 ) ) ;
#4409 = COLOUR_RGB ( '',0.000000000000000000, 0.000000000000000000, 0.000000000000000000 ) ;
#4410 = MECHANICAL_DESIGN_GEOMETRIC_PRESENTATION_REPRESENTATION (  '', ( #5307 ), #8222 ) ;
#4411 = CARTESIAN_POINT ( 'NONE',  ( 1.137909713183401506, 0.1127001111015381307, -0.02286321195950396026 ) ) ;
#4412 = CARTESIAN_POINT ( 'NONE',  ( 1.137004077501577060, 0.1189633875998678120, 0.05741902542574350149 ) ) ;
#4413 = CARTESIAN_POINT ( 'NONE',  ( 1.132989942210047785, -0.06720029339828241521, -0.02358576429148314182 ) ) ;
#4414 = EDGE_LOOP ( 'NONE', ( #8142, #3003, #8121, #9206 ) ) ;
#4415 =( NAMED_UNIT ( * ) SI_UNIT ( $, .STERADIAN. ) SOLID_ANGLE_UNIT ( ) );
#4416 = SURFACE_STYLE_USAGE ( .BOTH. , #10476 ) ;
#4417 = MECHANICAL_DESIGN_GEOMETRIC_PRESENTATION_REPRESENTATION (  '', ( #9692 ), #2940 ) ;
#4418 = EDGE_CURVE ( 'NONE', #5717, #272, #489, .T. ) ;
#4419 = FILL_AREA_STYLE ('',( #1051 ) ) ;
#4420 = SURFACE_STYLE_FILL_AREA ( #2757 ) ;
#4421 = SURFACE_STYLE_USAGE ( .BOTH. , #10583 ) ;
#4422 = AXIS2_PLACEMENT_3D ( 'NONE', #1999, #5528, #7192 ) ;
#4423 = B_SPLINE_CURVE_WITH_KNOTS ( 'NONE', 1,
 ( #8385, #5920 ),
 .UNSPECIFIED., .F., .F.,
 ( 2, 2 ),
 ( 0.000000000000000000, 1.000000000000000000 ),
 .UNSPECIFIED. ) ;
#4424 = CARTESIAN_POINT ( 'NONE',  ( 1.137133744029834359, 0.1180867853701424164, -0.02134140042960540676 ) ) ;
#4425 = CARTESIAN_POINT ( 'NONE',  ( 1.128340706138008853, 0.1089029573151875374, -0.02128583635181894099 ) ) ;
#4426 = ORIENTED_EDGE ( 'NONE', *, *, #5363, .T. ) ;
#4427 = COLOUR_RGB ( '',0.000000000000000000, 0.000000000000000000, 0.000000000000000000 ) ;
#4428 = DIRECTION ( 'NONE',  ( 1.000000000000000000, 0.000000000000000000, -3.499639923845615483E-15 ) ) ;
#4429 = CARTESIAN_POINT ( 'NONE',  ( 1.138900462503401601, 0.1054033291784165494, -0.01983399598272118231 ) ) ;
#4430 =( GEOMETRIC_REPRESENTATION_CONTEXT ( 3 ) GLOBAL_UNCERTAINTY_ASSIGNED_CONTEXT ( ( #7223 ) ) GLOBAL_UNIT_ASSIGNED_CONTEXT ( ( #9218, #7699, #571 ) ) REPRESENTATION_CONTEXT ( 'NONE', 'WORKASPACE' ) );
#4431 = VERTEX_POINT ( 'NONE', #1518 ) ;
#4432 = CARTESIAN_POINT ( 'NONE',  ( 1.109847549450357462, 0.2020676164361316085, 0.002385712559677371624 ) ) ;
#4433 = DIRECTION ( 'NONE',  ( -3.491481338843133355E-15, 0.000000000000000000, -1.000000000000000000 ) ) ;
#4434 = CARTESIAN_POINT ( 'NONE',  ( 1.109296190747626865, 0.2403912500713530076, -0.008393929879950315365 ) ) ;
#4435 = CARTESIAN_POINT ( 'NONE',  ( 1.128148337921739408, 0.1102979269167601861, -0.02251935453959781966 ) ) ;
#4436 = CARTESIAN_POINT ( 'NONE',  ( 1.125531418753369817, 0.1276903687380523122, -0.009256301275038954918 ) ) ;
#4437 = PRESENTATION_LAYER_ASSIGNMENT (  '', '', ( #10290 ) ) ;
#4438 = FILL_AREA_STYLE ('',( #7740 ) ) ;
#4439 = ORIENTED_EDGE ( 'NONE', *, *, #1558, .T. ) ;
#4440 = CARTESIAN_POINT ( 'NONE',  ( 1.145625814174788593, -0.01619258118801872315, -0.01604956006815403888 ) ) ;
#4441 = SURFACE_SIDE_STYLE ('',( #3674 ) ) ;
#4442 = CARTESIAN_POINT ( 'NONE',  ( 1.135792783354741653, -0.002697861533472338535, 0.06501650115134426089 ) ) ;
#4443 = UNCERTAINTY_MEASURE_WITH_UNIT (LENGTH_MEASURE( 1.000000000000000082E-05 ), #475, 'distance_accuracy_value', 'NONE');
#4444 = VERTEX_POINT ( 'NONE', #10251 ) ;
#4445 = ORIENTED_EDGE ( 'NONE', *, *, #6347, .T. ) ;
#4446 = PLANE ( 'NONE',  #10582 ) ;
#4447 = STYLED_ITEM ( 'NONE', ( #2708 ), #131 ) ;
#4448 = PRESENTATION_STYLE_ASSIGNMENT (( #6948 ) ) ;
#4449 = CARTESIAN_POINT ( 'NONE',  ( 1.145738372182772524, 0.008937532228337216958, 0.01286980209940261771 ) ) ;
#4450 = ADVANCED_FACE ( 'NONE', ( #4071 ), #4123, .T. ) ;
#4451 = CARTESIAN_POINT ( 'NONE',  ( 1.126547280555832531, 0.1212451624784677412, -0.004497412932913835704 ) ) ;
#4452 = EDGE_LOOP ( 'NONE', ( #3975, #445, #5105, #579 ) ) ;
#4453 = ORIENTED_EDGE ( 'NONE', *, *, #10972, .T. ) ;
#4454 = CARTESIAN_POINT ( 'NONE',  ( 1.119550742171233626, 0.1603739419738319516, -0.008825115577589611252 ) ) ;
#4455 = SURFACE_SIDE_STYLE ('',( #5459 ) ) ;
#4456 = B_SPLINE_CURVE_WITH_KNOTS ( 'NONE', 3,
 ( #7962, #10608, #9680, #9727 ),
 .UNSPECIFIED., .F., .F.,
 ( 4, 4 ),
 ( 0.000000000000000000, 1.000000000000000000 ),
 .UNSPECIFIED. ) ;
#4457 = EDGE_LOOP ( 'NONE', ( #806, #10359, #4134, #6072 ) ) ;
#4458 = FACE_OUTER_BOUND ( 'NONE', #4819, .T. ) ;
#4459 =( NAMED_UNIT ( * ) SI_UNIT ( $, .STERADIAN. ) SOLID_ANGLE_UNIT ( ) );
#4460 = CARTESIAN_POINT ( 'NONE',  ( 1.136877951131482822, 0.1198097688530632005, 0.3561756190388881138 ) ) ;
#4461 = AXIS2_PLACEMENT_3D ( 'NONE', #10009, #6694, #10262 ) ;
#4462 = FILL_AREA_STYLE_COLOUR ( '', #1316 ) ;
#4463 = PRESENTATION_STYLE_ASSIGNMENT (( #2691 ) ) ;
#4464 =( NAMED_UNIT ( * ) PLANE_ANGLE_UNIT ( ) SI_UNIT ( $, .RADIAN. ) );
#4465 = CARTESIAN_POINT ( 'NONE',  ( 1.137558488835720638, 0.1151675879567664734, -0.005817731787995897297 ) ) ;
#4466 = ORIENTED_EDGE ( 'NONE', *, *, #3142, .F. ) ;
#4467 = CIRCLE ( 'NONE', #3715, 0.8100000000000001643 ) ;
#4468 = CARTESIAN_POINT ( 'NONE',  ( 1.135787679384126836, 5.554695229173148510E-09, -0.007595724534329247393 ) ) ;
#4469 =( NAMED_UNIT ( * ) PLANE_ANGLE_UNIT ( ) SI_UNIT ( $, .RADIAN. ) );
#4470 = DIRECTION ( 'NONE',  ( 0.9826711277343380679, 0.1853576400295496585, -3.091670257478196238E-15 ) ) ;
#4471 = B_SPLINE_CURVE_WITH_KNOTS ( 'NONE', 3,
 ( #10483, #2600, #9549, #7721 ),
 .UNSPECIFIED., .F., .F.,
 ( 4, 4 ),
 ( 0.000000000000000000, 1.000000000000000000 ),
 .UNSPECIFIED. ) ;
#4472 = CARTESIAN_POINT ( 'NONE',  ( 1.122119512467397273, 0.1472509014617155165, -0.03314071409297287413 ) ) ;
#4473 = UNCERTAINTY_MEASURE_WITH_UNIT (LENGTH_MEASURE( 1.000000000000000082E-05 ), #4574, 'distance_accuracy_value', 'NONE');
#4474 = VECTOR ( 'NONE', #4312, 1000.000000000000000 ) ;
#4475 = CARTESIAN_POINT ( 'NONE',  ( 1.120689078674309558, 0.2000744799025975795, 0.05687885185883380379 ) ) ;
#4476 = SURFACE_STYLE_USAGE ( .BOTH. , #1912 ) ;
#4477 = CARTESIAN_POINT ( 'NONE',  ( 1.129476007115471248, 0.1002937813878873458, -0.02230649118532080852 ) ) ;
#4478 = ORIENTED_EDGE ( 'NONE', *, *, #10527, .F. ) ;
#4479 = ADVANCED_FACE ( 'NONE', ( #4914 ), #10184, .F. ) ;
#4480 = ORIENTED_EDGE ( 'NONE', *, *, #10261, .T. ) ;
#4481 = CARTESIAN_POINT ( 'NONE',  ( 1.134983635252808654, 0.1318553310036622295, -0.004376807431639181782 ) ) ;
#4482 = FILL_AREA_STYLE ('',( #8961 ) ) ;
#4483 = FILL_AREA_STYLE ('',( #1069 ) ) ;
#4484 = SURFACE_SIDE_STYLE ('',( #1764 ) ) ;
#4485 = CARTESIAN_POINT ( 'NONE',  ( 1.138602848732804818, 0.1076466816654080144, -0.008584961518158237131 ) ) ;
#4486 = ORIENTED_EDGE ( 'NONE', *, *, #8086, .T. ) ;
#4487 = EDGE_CURVE ( 'NONE', #7568, #5557, #5372, .T. ) ;
#4488 = CARTESIAN_POINT ( 'NONE',  ( 1.118968072844303885, 0.1631823379122852857, 0.05687885185883358868 ) ) ;
#4489 = CARTESIAN_POINT ( 'NONE',  ( 1.124127681709584214, 0.1360883715367013636, -0.005817731787995843520 ) ) ;
#4490 = CARTESIAN_POINT ( 'NONE',  ( 1.138900462503401601, 0.1054033291784165494, -0.01983399598272118231 ) ) ;
#4491 = VERTEX_POINT ( 'NONE', #9596 ) ;
#4492 = B_SPLINE_CURVE_WITH_KNOTS ( 'NONE', 1,
 ( #3065, #6552 ),
 .UNSPECIFIED., .F., .F.,
 ( 2, 2 ),
 ( 0.000000000000000000, 1.000000000000000000 ),
 .UNSPECIFIED. ) ;
#4493 = VERTEX_POINT ( 'NONE', #6907 ) ;
#4494 = ADVANCED_FACE ( 'NONE', ( #998 ), #3747, .T. ) ;
#4495 = SURFACE_STYLE_USAGE ( .BOTH. , #6192 ) ;
#4496 = CARTESIAN_POINT ( 'NONE',  ( 1.117107165148713666, 0.2136348877448618622, -0.0006271292766393669373 ) ) ;
#4497 = CARTESIAN_POINT ( 'NONE',  ( 1.097834359750225142, 0.2434848269176995150, -0.02595792449772773083 ) ) ;
#4498 = CARTESIAN_POINT ( 'NONE',  ( 1.136556613316611841, 0.1221197947930494493, -0.003390854063644601311 ) ) ;
#4499 = ORIENTED_EDGE ( 'NONE', *, *, #10858, .F. ) ;
#4500 = ORIENTED_EDGE ( 'NONE', *, *, #3903, .F. ) ;
#4501 = STYLED_ITEM ( 'NONE', ( #4838 ), #4115 ) ;
#4502 = SURFACE_STYLE_USAGE ( .BOTH. , #10623 ) ;
#4503 = CARTESIAN_POINT ( 'NONE',  ( 1.126227926855294159, 0.1769299842388186716, 0.3561756190388881693 ) ) ;
#4504 = UNCERTAINTY_MEASURE_WITH_UNIT (LENGTH_MEASURE( 1.000000000000000082E-05 ), #1682, 'distance_accuracy_value', 'NONE');
#4505 = EDGE_LOOP ( 'NONE', ( #4403, #104, #7136, #3378, #7571, #2085, #4695, #8334 ) ) ;
#4506 = SURFACE_SIDE_STYLE ('',( #8349 ) ) ;
#4507 = PRESENTATION_LAYER_ASSIGNMENT (  '', '', ( #10710 ) ) ;
#4508 = FILL_AREA_STYLE_COLOUR ( '', #3093 ) ;
#4509 = SURFACE_STYLE_FILL_AREA ( #10735 ) ;
#4510 = B_SPLINE_CURVE_WITH_KNOTS ( 'NONE', 3,
 ( #9506, #4435, #1710, #7908 ),
 .UNSPECIFIED., .F., .F.,
 ( 4, 4 ),
 ( 0.000000000000000000, 1.000000000000000000 ),
 .UNSPECIFIED. ) ;
#4511 = CARTESIAN_POINT ( 'NONE',  ( 1.145739765047277592, -0.008810401651392119754, 0.06547198176484779475 ) ) ;
#4512 = CARTESIAN_POINT ( 'NONE',  ( 0.3357876820061004852, 0.000000000000000000, 0.02850246652063946617 ) ) ;
#4513 = COLOUR_RGB ( '',0.000000000000000000, 0.000000000000000000, 0.000000000000000000 ) ;
#4514 =( LENGTH_UNIT ( ) NAMED_UNIT ( * ) SI_UNIT ( .MILLI., .METRE. ) );
#4515 = ORIENTED_EDGE ( 'NONE', *, *, #6966, .T. ) ;
#4516 = CARTESIAN_POINT ( 'NONE',  ( 1.120872059137890009, 0.1537612460394031932, -0.02590880207654016470 ) ) ;
#4517 = ADVANCED_FACE ( 'NONE', ( #1047 ), #8614, .T. ) ;
#4518 = SURFACE_SIDE_STYLE ('',( #8618 ) ) ;
#4519 = EDGE_CURVE ( 'NONE', #7294, #2014, #7864, .T. ) ;
#4520 = SURFACE_STYLE_FILL_AREA ( #6220 ) ;
#4521 = EDGE_CURVE ( 'NONE', #7185, #1635, #3490, .T. ) ;
#4522 = CARTESIAN_POINT ( 'NONE',  ( 1.129767733854248668, 0.1603125761813574690, -0.01456698081618309180 ) ) ;
#4523 = EDGE_CURVE ( 'NONE', #7676, #2014, #4854, .T. ) ;
#4524 = CARTESIAN_POINT ( 'NONE',  ( 1.134983890654777339, 0.1318537829627218216, -0.004378210225517093282 ) ) ;
#4525 = CARTESIAN_POINT ( 'NONE',  ( 1.136686950796421680, 0.1211137450572741525, 0.02811804743388074748 ) ) ;
#4526 = ORIENTED_EDGE ( 'NONE', *, *, #2976, .T. ) ;
#4527 = SURFACE_SIDE_STYLE ('',( #1649 ) ) ;
#4528 = CARTESIAN_POINT ( 'NONE',  ( 1.117362076628753753, 0.1707087158590139819, 0.006069894152875641991 ) ) ;
#4529 = VERTEX_POINT ( 'NONE', #10361 ) ;
#4530 = B_SPLINE_CURVE_WITH_KNOTS ( 'NONE', 3,
 ( #5186, #7969, #802, #5952 ),
 .UNSPECIFIED., .F., .F.,
 ( 4, 4 ),
 ( 0.000000000000000000, 1.000000000000000000 ),
 .UNSPECIFIED. ) ;
#4531 = CARTESIAN_POINT ( 'NONE',  ( 1.127411276049536504, 0.1154705968543140171, -0.02240938304970668121 ) ) ;
#4532 = FILL_AREA_STYLE_COLOUR ( '', #1095 ) ;
#4533 = DIRECTION ( 'NONE',  ( -0.9802317905146524790, -0.1978525634517740439, 3.422461004322701203E-15 ) ) ;
#4534 = FILL_AREA_STYLE_COLOUR ( '', #6237 ) ;
#4535 = CARTESIAN_POINT ( 'NONE',  ( 1.135407184376999057, 0.1292619488794606308, -0.02515559161746130576 ) ) ;
#4536 = EDGE_LOOP ( 'NONE', ( #1205, #11163, #4753, #4041, #149, #4863, #1959, #8528 ) ) ;
#4537 = B_SPLINE_CURVE_WITH_KNOTS ( 'NONE', 3,
 ( #6082, #3525, #5297, #7009 ),
 .UNSPECIFIED., .F., .F.,
 ( 4, 4 ),
 ( 0.000000000000000000, 1.000000000000000000 ),
 .UNSPECIFIED. ) ;
#4538 = CARTESIAN_POINT ( 'NONE',  ( 1.121768730052566942, 0.1957901736854535391, 0.3561756190388881693 ) ) ;
#4539 = STYLED_ITEM ( 'NONE', ( #749 ), #6173 ) ;
#4540 = CARTESIAN_POINT ( 'NONE',  ( 1.145787680498965067, 2.039511435611266844E-12, 0.008258988519687119820 ) ) ;
#4541 = DIRECTION ( 'NONE',  ( 3.491481338843133355E-15, -0.000000000000000000, 1.000000000000000000 ) ) ;
#4542 = ORIENTED_EDGE ( 'NONE', *, *, #3533, .F. ) ;
#4543 = ORIENTED_EDGE ( 'NONE', *, *, #6961, .F. ) ;
#4544 = EDGE_CURVE ( 'NONE', #7332, #7061, #3700, .T. ) ;
#4545 = TOROIDAL_SURFACE ( 'NONE', #8174, 0.7900000000000000355, 0.01000000000000000021 ) ;
#4546 = LINE ( 'NONE', #5560, #1371 ) ;
#4547 = CARTESIAN_POINT ( 'NONE',  ( 0.3357876820060969880, 0.000000000000000000, -0.9798060314836047890 ) ) ;
#4548 = B_SPLINE_CURVE_WITH_KNOTS ( 'NONE', 1,
 ( #10532, #2695 ),
 .UNSPECIFIED., .F., .F.,
 ( 2, 2 ),
 ( 0.000000000000000000, 1.000000000000000000 ),
 .UNSPECIFIED. ) ;
#4549 = PRESENTATION_STYLE_ASSIGNMENT (( #9537 ) ) ;
#4550 = FACE_OUTER_BOUND ( 'NONE', #8095, .T. ) ;
#4551 = ORIENTED_EDGE ( 'NONE', *, *, #2021, .T. ) ;
#4552 = COLOUR_RGB ( '',0.000000000000000000, 0.000000000000000000, 0.000000000000000000 ) ;
#4553 = CARTESIAN_POINT ( 'NONE',  ( 1.118277923316879141, 0.1665023499144814567, 0.02872765052391683394 ) ) ;
#4554 = EDGE_LOOP ( 'NONE', ( #895, #10051, #8648, #9410 ) ) ;
#4555 = COLOUR_RGB ( '',0.000000000000000000, 0.000000000000000000, 0.000000000000000000 ) ;
#4556 = ORIENTED_EDGE ( 'NONE', *, *, #9546, .F. ) ;
#4557 = AXIS2_PLACEMENT_3D ( 'NONE', #4671, #3008, #4722 ) ;
#4558 = CARTESIAN_POINT ( 'NONE',  ( 1.134848653310044808, -0.03875002114575430007, -0.04109815672384141416 ) ) ;
#4559 = EDGE_CURVE ( 'NONE', #9928, #7924, #1600, .T. ) ;
#4560 = B_SPLINE_CURVE_WITH_KNOTS ( 'NONE', 3,
 ( #986, #9585, #4407, #6207 ),
 .UNSPECIFIED., .F., .F.,
 ( 4, 4 ),
 ( 0.000000000000000000, 1.000000000000000000 ),
 .UNSPECIFIED. ) ;
#4561 = DIRECTION ( 'NONE',  ( -3.491481338843133355E-15, 0.000000000000000000, -1.000000000000000000 ) ) ;
#4562 = CARTESIAN_POINT ( 'NONE',  ( 1.138639157026840820, 0.1073755514864596361, -0.02469711568594336673 ) ) ;
#4563 = PRESENTATION_LAYER_ASSIGNMENT (  '', '', ( #6376 ) ) ;
#4564 = MECHANICAL_DESIGN_GEOMETRIC_PRESENTATION_REPRESENTATION (  '', ( #3092 ), #2908 ) ;
#4565 = SURFACE_SIDE_STYLE ('',( #6093 ) ) ;
#4566 = FACE_OUTER_BOUND ( 'NONE', #4894, .T. ) ;
#4567 = MECHANICAL_DESIGN_GEOMETRIC_PRESENTATION_REPRESENTATION (  '', ( #4390 ), #5640 ) ;
#4568 = CIRCLE ( 'NONE', #6203, 0.5999999999999996447 ) ;
#4569 = SURFACE_STYLE_FILL_AREA ( #1097 ) ;
#4570 = VERTEX_POINT ( 'NONE', #3760 ) ;
#4571 = SURFACE_STYLE_USAGE ( .BOTH. , #9756 ) ;
#4572 = AXIS2_PLACEMENT_3D ( 'NONE', #7148, #2807, #7082 ) ;
#4573 = VECTOR ( 'NONE', #4908, 1000.000000000000114 ) ;
#4574 =( LENGTH_UNIT ( ) NAMED_UNIT ( * ) SI_UNIT ( .MILLI., .METRE. ) );
#4575 =( LENGTH_UNIT ( ) NAMED_UNIT ( * ) SI_UNIT ( .MILLI., .METRE. ) );
#4576 =( NAMED_UNIT ( * ) PLANE_ANGLE_UNIT ( ) SI_UNIT ( $, .RADIAN. ) );
#4577 = B_SPLINE_SURFACE_WITH_KNOTS ( 'NONE', 1, 3, ( 
 ( #4657, #1075, #9027, #5341 ),
 ( #7167, #2822, #8080, #6302 ) ),
 .UNSPECIFIED., .F., .F., .F.,
 ( 2, 2 ),
 ( 4, 4 ),
 ( 0.000000000000000000, 1.000000000000000000 ),
 ( 0.000000000000000000, 1.000000000000000000 ),
 .UNSPECIFIED. ) ;
#4578 = DIRECTION ( 'NONE',  ( -0.1833459538002277789, 0.9830484531421046501, 6.401489762458905729E-16 ) ) ;
#4579 = CARTESIAN_POINT ( 'NONE',  ( 1.124245763469084558, 0.1354025619244733636, 0.04294445836608781764 ) ) ;
#4580 = ADVANCED_FACE ( 'NONE', ( #8268 ), #6327, .T. ) ;
#4581 = CARTESIAN_POINT ( 'NONE',  ( 1.125535338668716356, 0.1276661223500845654, -0.02101293409274514884 ) ) ;
#4582 = VERTEX_POINT ( 'NONE', #5636 ) ;
#4583 = ORIENTED_EDGE ( 'NONE', *, *, #7696, .T. ) ;
#4584 = PRESENTATION_LAYER_ASSIGNMENT (  '', '', ( #2223 ) ) ;
#4585 = ADVANCED_FACE ( 'NONE', ( #10848 ), #2064, .T. ) ;
#4586 = CARTESIAN_POINT ( 'NONE',  ( 1.128329389308143416, 0.1090319517245689901, 0.05542447295591297618 ) ) ;
#4587 = ORIENTED_EDGE ( 'NONE', *, *, #5690, .F. ) ;
#4588 = B_SPLINE_CURVE_WITH_KNOTS ( 'NONE', 3,
 ( #5458, #8927, #1549, #4100 ),
 .UNSPECIFIED., .F., .F.,
 ( 4, 4 ),
 ( 0.000000000000000000, 1.000000000000000000 ),
 .UNSPECIFIED. ) ;
#4589 = DIRECTION ( 'NONE',  ( 0.9855726018287297441, 0.1692532024055916906, -3.441108347360083608E-15 ) ) ;
#4590 = CARTESIAN_POINT ( 'NONE',  ( 1.134848653520424300, -0.03875001680754269762, 0.004672461670102427689 ) ) ;
#4591 = ADVANCED_FACE ( 'NONE', ( #3015 ), #204, .T. ) ;
#4592 = SURFACE_STYLE_USAGE ( .BOTH. , #8116 ) ;
#4593 = CARTESIAN_POINT ( 'NONE',  ( 1.122226444519784261, 0.1466767630401822065, 0.03927665091328538111 ) ) ;
#4594 =( LENGTH_UNIT ( ) NAMED_UNIT ( * ) SI_UNIT ( .MILLI., .METRE. ) );
#4595 = STYLED_ITEM ( 'NONE', ( #5864 ), #3242 ) ;
#4596 = CARTESIAN_POINT ( 'NONE',  ( 1.127660083813132763, 0.1137457658832261437, -0.005817731787995843520 ) ) ;
#4597 = ORIENTED_EDGE ( 'NONE', *, *, #1753, .T. ) ;
#4598 = CARTESIAN_POINT ( 'NONE',  ( -0.4642123179938983935, 9.797174393178826150E-17, 0.3561756190388937204 ) ) ;
#4599 = UNCERTAINTY_MEASURE_WITH_UNIT (LENGTH_MEASURE( 1.000000000000000082E-05 ), #9250, 'distance_accuracy_value', 'NONE');
#4600 = ADVANCED_FACE ( 'NONE', ( #686 ), #11082, .T. ) ;
#4601 = CARTESIAN_POINT ( 'NONE',  ( 1.107579976529684762, 0.2105910119829024207, -0.02410097202029410496 ) ) ;
#4602 = FILL_AREA_STYLE_COLOUR ( '', #3993 ) ;
#4603 = CARTESIAN_POINT ( 'NONE',  ( 1.138639007566222716, 0.1073766690038141375, -0.02469787592213919247 ) ) ;
#4604 = ADVANCED_FACE ( 'NONE', ( #2404 ), #1135, .T. ) ;
#4605 = ORIENTED_EDGE ( 'NONE', *, *, #9977, .F. ) ;
#4606 = ORIENTED_EDGE ( 'NONE', *, *, #6895, .T. ) ;
#4607 = VECTOR ( 'NONE', #3796, 1000.000000000000114 ) ;
#4608 = FILL_AREA_STYLE ('',( #8084 ) ) ;
#4609 = B_SPLINE_CURVE_WITH_KNOTS ( 'NONE', 3,
 ( #9600, #8623, #7894, #72 ),
 .UNSPECIFIED., .F., .F.,
 ( 4, 4 ),
 ( 0.000000000000000000, 1.000000000000000000 ),
 .UNSPECIFIED. ) ;
#4610 = FACE_OUTER_BOUND ( 'NONE', #4140, .T. ) ;
#4611 = CARTESIAN_POINT ( 'NONE',  ( 1.136893883520511794, 0.1197031908311177589, -0.02242111016831046383 ) ) ;
#4612 = DIRECTION ( 'NONE',  ( -0.1772660334313200248, 0.9841629709512170754, 6.189210477361969021E-16 ) ) ;
#4613 = B_SPLINE_CURVE_WITH_KNOTS ( 'NONE', 3,
 ( #3754, #10843, #2108, #7308 ),
 .UNSPECIFIED., .F., .F.,
 ( 4, 4 ),
 ( 0.000000000000000000, 1.000000000000000000 ),
 .UNSPECIFIED. ) ;
#4614 = ORIENTED_EDGE ( 'NONE', *, *, #3405, .F. ) ;
#4615 = VERTEX_POINT ( 'NONE', #3473 ) ;
#4616 = ADVANCED_FACE ( 'NONE', ( #9528 ), #1945, .T. ) ;
#4617 =( NAMED_UNIT ( * ) PLANE_ANGLE_UNIT ( ) SI_UNIT ( $, .RADIAN. ) );
#4618 = CARTESIAN_POINT ( 'NONE',  ( 1.137545179183067523, 0.1152829133073911827, -0.01205082123899916223 ) ) ;
#4619 = CARTESIAN_POINT ( 'NONE',  ( 1.138300936922985285, 0.1098755188077251282, -0.02039617480377643385 ) ) ;
#4620 = CIRCLE ( 'NONE', #6246, 0.8000000000000000444 ) ;
#4621 = ORIENTED_EDGE ( 'NONE', *, *, #9093, .T. ) ;
#4622 = ORIENTED_EDGE ( 'NONE', *, *, #2362, .F. ) ;
#4623 = CARTESIAN_POINT ( 'NONE',  ( 1.144837071409571250, -0.03923118027629247939, 0.004672290736132487382 ) ) ;
#4624 = SURFACE_SIDE_STYLE ('',( #1156 ) ) ;
#4625 = CARTESIAN_POINT ( 'NONE',  ( 1.127962219587985038, 0.1116221394120677363, -0.01236738795373066267 ) ) ;
#4626 = CARTESIAN_POINT ( 'NONE',  ( 1.126831638718250872, 0.1742109598997315656, 0.05018182842931852294 ) ) ;
#4627 =( NAMED_UNIT ( * ) PLANE_ANGLE_UNIT ( ) SI_UNIT ( $, .RADIAN. ) );
#4628 =( NAMED_UNIT ( * ) PLANE_ANGLE_UNIT ( ) SI_UNIT ( $, .RADIAN. ) );
#4629 = VERTEX_POINT ( 'NONE', #747 ) ;
#4630 =( LENGTH_UNIT ( ) NAMED_UNIT ( * ) SI_UNIT ( .MILLI., .METRE. ) );
#4631 = CARTESIAN_POINT ( 'NONE',  ( 1.126987947808945956, 0.1183306359042599343, -0.01447965206718851428 ) ) ;
#4632 = MECHANICAL_DESIGN_GEOMETRIC_PRESENTATION_REPRESENTATION (  '', ( #7722 ), #4272 ) ;
#4633 = DIRECTION ( 'NONE',  ( -3.491481338843133355E-15, 0.000000000000000000, -1.000000000000000000 ) ) ;
#4634 = EDGE_CURVE ( 'NONE', #2073, #8982, #6890, .T. ) ;
#4635 =( NAMED_UNIT ( * ) SI_UNIT ( $, .STERADIAN. ) SOLID_ANGLE_UNIT ( ) );
#4636 = MECHANICAL_DESIGN_GEOMETRIC_PRESENTATION_REPRESENTATION (  '', ( #3704 ), #5704 ) ;
#4637 = UNCERTAINTY_MEASURE_WITH_UNIT (LENGTH_MEASURE( 1.000000000000000082E-05 ), #4648, 'distance_accuracy_value', 'NONE');
#4638 = CARTESIAN_POINT ( 'NONE',  ( 1.141879598730533463, -0.07947214475229522068, -0.01468052549281049536 ) ) ;
#4639 = CARTESIAN_POINT ( 'NONE',  ( 1.120872059137890009, 0.1537612460394031932, -0.02590880207654016470 ) ) ;
#4640 = CARTESIAN_POINT ( 'NONE',  ( 1.136877951131481712, 0.1198097688530632005, -0.01141768780968361457 ) ) ;
#4641 = ORIENTED_EDGE ( 'NONE', *, *, #180, .T. ) ;
#4642 = B_SPLINE_SURFACE_WITH_KNOTS ( 'NONE', 1, 3, ( 
 ( #9696, #1148, #8193, #8093 ),
 ( #2886, #4840, #9980, #2158 ) ),
 .UNSPECIFIED., .F., .F., .F.,
 ( 2, 2 ),
 ( 4, 4 ),
 ( 0.000000000000000000, 1.000000000000000000 ),
 ( 0.000000000000000000, 1.000000000000000000 ),
 .UNSPECIFIED. ) ;
#4643 = ORIENTED_EDGE ( 'NONE', *, *, #4400, .F. ) ;
#4644 = SURFACE_STYLE_FILL_AREA ( #5496 ) ;
#4645 = ORIENTED_EDGE ( 'NONE', *, *, #7802, .T. ) ;
#4646 = CARTESIAN_POINT ( 'NONE',  ( 1.140951158227197615, 0.08838425515644002251, 0.002385712559676775313 ) ) ;
#4647 = MECHANICAL_DESIGN_GEOMETRIC_PRESENTATION_REPRESENTATION (  '', ( #81 ), #3167 ) ;
#4648 =( LENGTH_UNIT ( ) NAMED_UNIT ( * ) SI_UNIT ( .MILLI., .METRE. ) );
#4649 = SURFACE_STYLE_FILL_AREA ( #4482 ) ;
#4650 = DIRECTION ( 'NONE',  ( 3.491481338843133355E-15, -0.000000000000000000, 1.000000000000000000 ) ) ;
#4651 = ADVANCED_FACE ( 'NONE', ( #10466 ), #9765, .T. ) ;
#4652 = FILL_AREA_STYLE_COLOUR ( '', #1 ) ;
#4653 = B_SPLINE_CURVE_WITH_KNOTS ( 'NONE', 3,
 ( #4824, #2140, #10924, #8296 ),
 .UNSPECIFIED., .F., .F.,
 ( 4, 4 ),
 ( 0.0001128533551645497733, 1.000000000000000000 ),
 .UNSPECIFIED. ) ;
#4654 = ORIENTED_EDGE ( 'NONE', *, *, #9703, .F. ) ;
#4655 =( NAMED_UNIT ( * ) SI_UNIT ( $, .STERADIAN. ) SOLID_ANGLE_UNIT ( ) );
#4656 = CARTESIAN_POINT ( 'NONE',  ( 1.113887621941075379, 0.1859045009492469314, -0.01153230679267288825 ) ) ;
#4657 = CARTESIAN_POINT ( 'NONE',  ( 1.117083110845507488, 0.2137228412562564295, -0.01896616654087048340 ) ) ;
#4658 = ORIENTED_EDGE ( 'NONE', *, *, #7453, .F. ) ;
#4659 = ORIENTED_EDGE ( 'NONE', *, *, #2567, .F. ) ;
#4660 = SURFACE_STYLE_USAGE ( .BOTH. , #5448 ) ;
#4661 = SURFACE_SIDE_STYLE ('',( #7172 ) ) ;
#4662 = EDGE_CURVE ( 'NONE', #7936, #11228, #2191, .T. ) ;
#4663 = EDGE_CURVE ( 'NONE', #557, #4798, #177, .T. ) ;
#4664 = FILL_AREA_STYLE_COLOUR ( '', #599 ) ;
#4665 = DIRECTION ( 'NONE',  ( 3.491481338843133355E-15, -0.000000000000000000, 1.000000000000000000 ) ) ;
#4666 = FILL_AREA_STYLE_COLOUR ( '', #6075 ) ;
#4667 = VERTEX_POINT ( 'NONE', #1149 ) ;
#4668 =( NAMED_UNIT ( * ) SI_UNIT ( $, .STERADIAN. ) SOLID_ANGLE_UNIT ( ) );
#4669 = EDGE_LOOP ( 'NONE', ( #4915, #5905, #5942, #8984 ) ) ;
#4670 = SURFACE_SIDE_STYLE ('',( #5621 ) ) ;
#4671 = CARTESIAN_POINT ( 'NONE',  ( 0.3357876820061003742, 0.000000000000000000, -0.003083250338841261092 ) ) ;
#4672 = EDGE_LOOP ( 'NONE', ( #8764, #2496, #2621, #6364 ) ) ;
#4673 = EDGE_LOOP ( 'NONE', ( #10944, #11232, #4583, #203 ) ) ;
#4674 =( GEOMETRIC_REPRESENTATION_CONTEXT ( 3 ) GLOBAL_UNCERTAINTY_ASSIGNED_CONTEXT ( ( #4061 ) ) GLOBAL_UNIT_ASSIGNED_CONTEXT ( ( #9180, #2240, #10747 ) ) REPRESENTATION_CONTEXT ( 'NONE', 'WORKASPACE' ) );
#4675 = B_SPLINE_CURVE_WITH_KNOTS ( 'NONE', 3,
 ( #10573, #10470, #7017, #9588 ),
 .UNSPECIFIED., .F., .F.,
 ( 4, 4 ),
 ( 0.000000000000000000, 0.9999005983555137034 ),
 .UNSPECIFIED. ) ;
#4676 =( LENGTH_UNIT ( ) NAMED_UNIT ( * ) SI_UNIT ( .MILLI., .METRE. ) );
#4677 = CARTESIAN_POINT ( 'NONE',  ( 1.134307221508455088, 0.04864714825092519845, -0.01582184902780103819 ) ) ;
#4678 =( NAMED_UNIT ( * ) PLANE_ANGLE_UNIT ( ) SI_UNIT ( $, .RADIAN. ) );
#4679 =( LENGTH_UNIT ( ) NAMED_UNIT ( * ) SI_UNIT ( .MILLI., .METRE. ) );
#4680 =( GEOMETRIC_REPRESENTATION_CONTEXT ( 3 ) GLOBAL_UNCERTAINTY_ASSIGNED_CONTEXT ( ( #9264 ) ) GLOBAL_UNIT_ASSIGNED_CONTEXT ( ( #10030, #7532, #10946 ) ) REPRESENTATION_CONTEXT ( 'NONE', 'WORKASPACE' ) );
#4681 = CARTESIAN_POINT ( 'NONE',  ( 1.134625701707343559, -0.04319559697695861400, 0.05016323821820052598 ) ) ;
#4682 = VERTEX_POINT ( 'NONE', #3742 ) ;
#4683 = CARTESIAN_POINT ( 'NONE',  ( 1.121979162136835795, 0.1479964748561366505, -0.03329353940355230662 ) ) ;
#4684 = CARTESIAN_POINT ( 'NONE',  ( 1.110375279079546029, 0.2368840527768505400, 0.001976359049127990319 ) ) ;
#4685 = AXIS2_PLACEMENT_3D ( 'NONE', #8646, #3443, #4707 ) ;
#4686 = CARTESIAN_POINT ( 'NONE',  ( 1.145627981620290337, 0.01608381549258649720, 0.0008013131769034993399 ) ) ;
#4687 = CARTESIAN_POINT ( 'NONE',  ( 1.130685613852037363, 0.1556832616148957349, -0.02590880207654016470 ) ) ;
#4688 = SURFACE_STYLE_USAGE ( .BOTH. , #9006 ) ;
#4689 = CARTESIAN_POINT ( 'NONE',  ( 1.120780653920699033, 0.1542272156420075868, 0.04086494253353179645 ) ) ;
#4690 = SURFACE_SIDE_STYLE ('',( #3828 ) ) ;
#4691 = CARTESIAN_POINT ( 'NONE',  ( 1.122954028654730374, 0.1427206123252065806, -0.02163910487946253680 ) ) ;
#4692 = CARTESIAN_POINT ( 'NONE',  ( 1.134380097845930857, 0.1354627379138017840, -0.02649818129418237550 ) ) ;
#4693 = CARTESIAN_POINT ( 'NONE',  ( 1.143497682621195333, -0.06086505488671906106, -0.01035669719184065772 ) ) ;
#4694 = ORIENTED_EDGE ( 'NONE', *, *, #7618, .T. ) ;
#4695 = ORIENTED_EDGE ( 'NONE', *, *, #9534, .F. ) ;
#4696 = FILL_AREA_STYLE_COLOUR ( '', #4513 ) ;
#4697 = ORIENTED_EDGE ( 'NONE', *, *, #11292, .T. ) ;
#4698 = CARTESIAN_POINT ( 'NONE',  ( 1.145787682006101704, 0.000000000000000000, 0.3561756190388881138 ) ) ;
#4699 = ORIENTED_EDGE ( 'NONE', *, *, #356, .T. ) ;
#4700 =( NAMED_UNIT ( * ) PLANE_ANGLE_UNIT ( ) SI_UNIT ( $, .RADIAN. ) );
#4701 = CARTESIAN_POINT ( 'NONE',  ( 1.134355673253246044, -0.04784520201126598454, -0.02335198188334049185 ) ) ;
#4702 = CARTESIAN_POINT ( 'NONE',  ( 1.128727410421646482, 0.1060499273940342102, -0.02469711568594331122 ) ) ;
#4703 = CARTESIAN_POINT ( 'NONE',  ( 0.3357876820061004852, 0.000000000000000000, 0.03722988336163249312 ) ) ;
#4704 =( NAMED_UNIT ( * ) PLANE_ANGLE_UNIT ( ) SI_UNIT ( $, .RADIAN. ) );
#4705 =( NAMED_UNIT ( * ) SI_UNIT ( $, .STERADIAN. ) SOLID_ANGLE_UNIT ( ) );
#4706 = ORIENTED_EDGE ( 'NONE', *, *, #9607, .F. ) ;
#4707 = DIRECTION ( 'NONE',  ( 1.000000000000000000, 0.000000000000000000, -3.523657060577889805E-15 ) ) ;
#4708 = DIRECTION ( 'NONE',  ( -1.000000000000000000, 0.000000000000000000, 3.491481338843133355E-15 ) ) ;
#4709 = CARTESIAN_POINT ( 'NONE',  ( 1.125961983963937652, 0.1249982900900845767, 0.02617733858181601689 ) ) ;
#4710 = CARTESIAN_POINT ( 'NONE',  ( 0.3357876820061003187, 0.000000000000000000, -0.02606900220520442721 ) ) ;
#4711 = ORIENTED_EDGE ( 'NONE', *, *, #9740, .F. ) ;
#4712 = ORIENTED_EDGE ( 'NONE', *, *, #9895, .T. ) ;
#4713 = SURFACE_STYLE_FILL_AREA ( #6305 ) ;
#4714 = SURFACE_STYLE_FILL_AREA ( #10616 ) ;
#4715 = CARTESIAN_POINT ( 'NONE',  ( 1.134380097845930857, 0.1354627379138017840, -0.02649818129418237550 ) ) ;
#4716 = VERTEX_POINT ( 'NONE', #396 ) ;
#4717 = AXIS2_PLACEMENT_3D ( 'NONE', #7252, #10968, #7378 ) ;
#4718 = CARTESIAN_POINT ( 'NONE',  ( 1.135735861580759343, 0.009194846544245552714, -0.02395610339102458020 ) ) ;
#4719 = ADVANCED_FACE ( 'NONE', ( #6491 ), #5521, .T. ) ;
#4720 = EDGE_LOOP ( 'NONE', ( #8127, #1234, #7853, #9632, #10551, #2205, #8299, #5617, #4110, #766, #4870, #9232, #8812, #6609, #4122, #504, #1976 ) ) ;
#4721 = CARTESIAN_POINT ( 'NONE',  ( 1.130593066069631503, 0.1561550558375326969, 0.05687885185883380379 ) ) ;
#4722 = DIRECTION ( 'NONE',  ( 0.9781067487152698137, 0.2081037916945387423, -3.415130964210931391E-15 ) ) ;
#4723 = VERTEX_POINT ( 'NONE', #10838 ) ;
#4724 = VERTEX_POINT ( 'NONE', #2887 ) ;
#4725 = STYLED_ITEM ( 'NONE', ( #197 ), #10265 ) ;
#4726 = AXIS2_PLACEMENT_3D ( 'NONE', #3553, #10542, #2704 ) ;
#4727 = B_SPLINE_CURVE_WITH_KNOTS ( 'NONE', 1,
 ( #91, #851 ),
 .UNSPECIFIED., .F., .F.,
 ( 2, 2 ),
 ( 0.000000000000000000, 1.000000000000000000 ),
 .UNSPECIFIED. ) ;
#4728 = EDGE_CURVE ( 'NONE', #9353, #1377, #6194, .T. ) ;
#4729 = CARTESIAN_POINT ( 'NONE',  ( 1.116161713504016273, 0.2170630575747283797, -0.009649280644974899540 ) ) ;
#4730 =( LENGTH_UNIT ( ) NAMED_UNIT ( * ) SI_UNIT ( .MILLI., .METRE. ) );
#4731 = CARTESIAN_POINT ( 'NONE',  ( 1.138278712366137091, 0.1100370219139313183, 0.03136794109317282003 ) ) ;
#4732 = EDGE_CURVE ( 'NONE', #150, #5716, #2008, .T. ) ;
#4733 = CARTESIAN_POINT ( 'NONE',  ( 1.127240425544098423, 0.1166299907664222479, -0.02134041690087835896 ) ) ;
#4734 = EDGE_CURVE ( 'NONE', #728, #4752, #2790, .T. ) ;
#4735 =( GEOMETRIC_REPRESENTATION_CONTEXT ( 3 ) GLOBAL_UNCERTAINTY_ASSIGNED_CONTEXT ( ( #6656 ) ) GLOBAL_UNIT_ASSIGNED_CONTEXT ( ( #2078, #3840, #1357 ) ) REPRESENTATION_CONTEXT ( 'NONE', 'WORKASPACE' ) );
#4736 = B_SPLINE_CURVE_WITH_KNOTS ( 'NONE', 3,
 ( #1816, #2012, #9611, #5272 ),
 .UNSPECIFIED., .F., .F.,
 ( 4, 4 ),
 ( 0.0001191832094275353050, 1.000000000000000000 ),
 .UNSPECIFIED. ) ;
#4737 = ORIENTED_EDGE ( 'NONE', *, *, #9471, .F. ) ;
#4738 = CARTESIAN_POINT ( 'NONE',  ( 1.124546030598792434, 0.1336288533439257409, -0.009331040303425210819 ) ) ;
#4739 = PRESENTATION_STYLE_ASSIGNMENT (( #1273 ) ) ;
#4740 = EDGE_CURVE ( 'NONE', #4570, #2338, #2530, .T. ) ;
#4741 = CARTESIAN_POINT ( 'NONE',  ( 1.122059318799187189, 0.1475700280365919992, 0.05319467026563504813 ) ) ;
#4742 = MECHANICAL_DESIGN_GEOMETRIC_PRESENTATION_REPRESENTATION (  '', ( #7665 ), #1107 ) ;
#4743 = COLOUR_RGB ( '',0.000000000000000000, 0.000000000000000000, 0.000000000000000000 ) ;
#4744 = B_SPLINE_CURVE_WITH_KNOTS ( 'NONE', 3,
 ( #7399, #4818, #5041, #5658 ),
 .UNSPECIFIED., .F., .F.,
 ( 4, 4 ),
 ( 0.000000000000000000, 1.000000000000000000 ),
 .UNSPECIFIED. ) ;
#4745 = VECTOR ( 'NONE', #1942, 1000.000000000000000 ) ;
#4746 = AXIS2_PLACEMENT_3D ( 'NONE', #1123, #2869, #5499 ) ;
#4747 = CARTESIAN_POINT ( 'NONE',  ( 1.127211755934392823, 0.1168243776219023006, 0.02799486816771251316 ) ) ;
#4748 = CARTESIAN_POINT ( 'NONE',  ( 1.119128013084608853, 0.1624128249425294268, -0.003083250338843971598 ) ) ;
#4749 = CARTESIAN_POINT ( 'NONE',  ( 1.124245763469084558, 0.1354025619244733636, 0.03388955871696104627 ) ) ;
#4750 = FILL_AREA_STYLE ('',( #3511 ) ) ;
#4751 = DIRECTION ( 'NONE',  ( -0.1692532024055916906, 0.9855726018287297441, 5.909443977385630660E-16 ) ) ;
#4752 = VERTEX_POINT ( 'NONE', #1086 ) ;
#4753 = ORIENTED_EDGE ( 'NONE', *, *, #3038, .T. ) ;
#4754 = CIRCLE ( 'NONE', #8204, 0.8100000000000001643 ) ;
#4755 = AXIS2_PLACEMENT_3D ( 'NONE', #2789, #8315, #1260 ) ;
#4756 = COLOUR_RGB ( '',0.000000000000000000, 0.000000000000000000, 0.000000000000000000 ) ;
#4757 = CIRCLE ( 'NONE', #564, 0.8000000000000000444 ) ;
#4758 = ORIENTED_EDGE ( 'NONE', *, *, #6966, .F. ) ;
#4759 = CARTESIAN_POINT ( 'NONE',  ( 0.3357876820061003187, 0.000000000000000000, -0.01357907434454321688 ) ) ;
#4760 = ORIENTED_EDGE ( 'NONE', *, *, #1266, .T. ) ;
#4761 =( NAMED_UNIT ( * ) PLANE_ANGLE_UNIT ( ) SI_UNIT ( $, .RADIAN. ) );
#4762 =( NAMED_UNIT ( * ) SI_UNIT ( $, .STERADIAN. ) SOLID_ANGLE_UNIT ( ) );
#4763 = VECTOR ( 'NONE', #527, 1000.000000000000000 ) ;
#4764 = FILL_AREA_STYLE_COLOUR ( '', #3837 ) ;
#4765 = CARTESIAN_POINT ( 'NONE',  ( 1.126166074092232350, 0.1772060871509236746, 0.02933887994793402815 ) ) ;
#4766 = FACE_BOUND ( 'NONE', #9102, .T. ) ;
#4767 = CARTESIAN_POINT ( 'NONE',  ( 1.137973534731889558, 0.1122626575217499784, 0.02941472167436681717 ) ) ;
#4768 = ORIENTED_EDGE ( 'NONE', *, *, #7613, .T. ) ;
#4769 = CARTESIAN_POINT ( 'NONE',  ( 1.127211755934392823, 0.1168243776219023006, 0.02799486816771251316 ) ) ;
#4770 = B_SPLINE_CURVE_WITH_KNOTS ( 'NONE', 3,
 ( #3753, #6322, #5310, #4412 ),
 .UNSPECIFIED., .F., .F.,
 ( 4, 4 ),
 ( 0.000000000000000000, 1.000000000000000000 ),
 .UNSPECIFIED. ) ;
#4771 = PRESENTATION_STYLE_ASSIGNMENT (( #7225 ) ) ;
#4772 = PRESENTATION_STYLE_ASSIGNMENT (( #1466 ) ) ;
#4773 = CIRCLE ( 'NONE', #5844, 0.8099999999999999423 ) ;
#4774 = ORIENTED_EDGE ( 'NONE', *, *, #10431, .T. ) ;
#4775 = ORIENTED_EDGE ( 'NONE', *, *, #4985, .F. ) ;
#4776 = CARTESIAN_POINT ( 'NONE',  ( 1.135629953229991385, 0.01588524986922123031, 0.0008013131769034993399 ) ) ;
#4777 = CARTESIAN_POINT ( 'NONE',  ( 1.129518019250175698, 0.09996075098960890970, 0.02485103320822956707 ) ) ;
#4778 =( GEOMETRIC_REPRESENTATION_CONTEXT ( 3 ) GLOBAL_UNCERTAINTY_ASSIGNED_CONTEXT ( ( #1433 ) ) GLOBAL_UNIT_ASSIGNED_CONTEXT ( ( #2508, #2566, #9337 ) ) REPRESENTATION_CONTEXT ( 'NONE', 'WORKASPACE' ) );
#4779 = CARTESIAN_POINT ( 'NONE',  ( 1.145039529923154831, -0.03479686173663314869, -0.01078164919049592017 ) ) ;
#4780 = CARTESIAN_POINT ( 'NONE',  ( 1.138194018417720388, 0.1106529316669103008, -0.02217549806215568520 ) ) ;
#4781 = COLOUR_RGB ( '',0.000000000000000000, 0.000000000000000000, 0.000000000000000000 ) ;
#4782 = CARTESIAN_POINT ( 'NONE',  ( 1.123129068340240400, 0.1902488390506371363, 0.03069114328941971795 ) ) ;
#4783 = ORIENTED_EDGE ( 'NONE', *, *, #9220, .T. ) ;
#4784 = CARTESIAN_POINT ( 'NONE',  ( 1.144288715752234342, 0.04925523760406175927, -0.01582184902780109023 ) ) ;
#4785 = FILL_AREA_STYLE ('',( #6709 ) ) ;
#4786 = ORIENTED_EDGE ( 'NONE', *, *, #9516, .T. ) ;
#4787 = CARTESIAN_POINT ( 'NONE',  ( 1.134577802342496611, 0.1342920088946685520, -0.01102470843974886171 ) ) ;
#4788 =( NAMED_UNIT ( * ) SI_UNIT ( $, .STERADIAN. ) SOLID_ANGLE_UNIT ( ) );
#4789 = ORIENTED_EDGE ( 'NONE', *, *, #5895, .F. ) ;
#4790 = MECHANICAL_DESIGN_GEOMETRIC_PRESENTATION_REPRESENTATION (  '', ( #1341 ), #2953 ) ;
#4791 = ORIENTED_EDGE ( 'NONE', *, *, #1300, .T. ) ;
#4792 = CARTESIAN_POINT ( 'NONE',  ( 1.144837071409571250, -0.03923118027629247939, 0.004672290736132487382 ) ) ;
#4793 = DIRECTION ( 'NONE',  ( 3.491481338843133355E-15, -0.000000000000000000, 1.000000000000000000 ) ) ;
#4794 = CARTESIAN_POINT ( 'NONE',  ( 1.128691550378154052, 0.1063177102868227281, -0.006636438808767772951 ) ) ;
#4795 = EDGE_CURVE ( 'NONE', #1719, #10543, #330, .T. ) ;
#4796 = B_SPLINE_CURVE_WITH_KNOTS ( 'NONE', 3,
 ( #1754, #1807, #4364, #4306 ),
 .UNSPECIFIED., .F., .F.,
 ( 4, 4 ),
 ( 0.000000000000000000, 0.9999842139903311056 ),
 .UNSPECIFIED. ) ;
#4797 = FILL_AREA_STYLE_COLOUR ( '', #10447 ) ;
#4798 = VERTEX_POINT ( 'NONE', #2951 ) ;
#4799 = SURFACE_STYLE_FILL_AREA ( #9119 ) ;
#4800 = UNCERTAINTY_MEASURE_WITH_UNIT (LENGTH_MEASURE( 1.000000000000000082E-05 ), #1622, 'distance_accuracy_value', 'NONE');
#4801 = CARTESIAN_POINT ( 'NONE',  ( 1.136877951131482822, 0.1198097688530632005, 0.3561756190388881138 ) ) ;
#4802 = CARTESIAN_POINT ( 'NONE',  ( 1.134983890654777339, 0.1318537829627218216, -0.004378210225517093282 ) ) ;
#4803 = FACE_OUTER_BOUND ( 'NONE', #6549, .T. ) ;
#4804 = SURFACE_SIDE_STYLE ('',( #2969 ) ) ;
#4805 = CARTESIAN_POINT ( 'NONE',  ( 1.114936533650183303, 0.1814581686827769491, 0.02485103320822988973 ) ) ;
#4806 = SURFACE_SIDE_STYLE ('',( #4912 ) ) ;
#4807 = ORIENTED_EDGE ( 'NONE', *, *, #7791, .F. ) ;
#4808 =( NAMED_UNIT ( * ) SI_UNIT ( $, .STERADIAN. ) SOLID_ANGLE_UNIT ( ) );
#4809 =( GEOMETRIC_REPRESENTATION_CONTEXT ( 3 ) GLOBAL_UNCERTAINTY_ASSIGNED_CONTEXT ( ( #4504 ) ) GLOBAL_UNIT_ASSIGNED_CONTEXT ( ( #1682, #7655, #3299 ) ) REPRESENTATION_CONTEXT ( 'NONE', 'WORKASPACE' ) );
#4810 = ORIENTED_EDGE ( 'NONE', *, *, #3881, .F. ) ;
#4811 = CARTESIAN_POINT ( 'NONE',  ( 1.127792261482267078, 0.1129167113237519449, 0.05699639651493305231 ) ) ;
#4812 =( GEOMETRIC_REPRESENTATION_CONTEXT ( 3 ) GLOBAL_UNCERTAINTY_ASSIGNED_CONTEXT ( ( #515 ) ) GLOBAL_UNIT_ASSIGNED_CONTEXT ( ( #6612, #7544, #10457 ) ) REPRESENTATION_CONTEXT ( 'NONE', 'WORKASPACE' ) );
#4813 = FILL_AREA_STYLE ('',( #1358 ) ) ;
#4814 = UNCERTAINTY_MEASURE_WITH_UNIT (LENGTH_MEASURE( 1.000000000000000082E-05 ), #9373, 'distance_accuracy_value', 'NONE');
#4815 = SURFACE_STYLE_USAGE ( .BOTH. , #9904 ) ;
#4816 = SURFACE_SIDE_STYLE ('',( #3088 ) ) ;
#4817 = CARTESIAN_POINT ( 'NONE',  ( 1.128792378800347551, 0.1055630184404761779, 0.04050471144449691724 ) ) ;
#4818 = CARTESIAN_POINT ( 'NONE',  ( 1.138979893529954213, 0.01503694475081594935, -0.01217842026157466354 ) ) ;
#4819 = EDGE_LOOP ( 'NONE', ( #2942, #9738, #11168, #8181 ) ) ;
#4820 = FILL_AREA_STYLE ('',( #7448 ) ) ;
#4821 = UNCERTAINTY_MEASURE_WITH_UNIT (LENGTH_MEASURE( 1.000000000000000082E-05 ), #5453, 'distance_accuracy_value', 'NONE');
#4822 = VECTOR ( 'NONE', #6876, 1000.000000000000000 ) ;
#4823 = DIRECTION ( 'NONE',  ( -3.491481338843133355E-15, 0.000000000000000000, -1.000000000000000000 ) ) ;
#4824 = CARTESIAN_POINT ( 'NONE',  ( 1.126166598782286865, 0.1772037469008553301, 0.05263882507410108658 ) ) ;
#4825 = DIRECTION ( 'NONE',  ( 1.000000000000000000, 0.000000000000000000, -3.480155121558409533E-15 ) ) ;
#4826 = ORIENTED_EDGE ( 'NONE', *, *, #2350, .F. ) ;
#4827 = ORIENTED_EDGE ( 'NONE', *, *, #10181, .T. ) ;
#4828 = FACE_OUTER_BOUND ( 'NONE', #6189, .T. ) ;
#4829 = CARTESIAN_POINT ( 'NONE',  ( 1.145759444997629162, 0.01228545644630862910, 0.06179784095606243033 ) ) ;
#4830 = CARTESIAN_POINT ( 'NONE',  ( 1.137133744029834359, 0.1180867853701424164, -0.02134140042960540676 ) ) ;
#4831 = CARTESIAN_POINT ( 'NONE',  ( 1.123161560344022369, 0.1415710977251334046, -0.01595332470455390964 ) ) ;
#4832 = EDGE_CURVE ( 'NONE', #5179, #3839, #3755, .T. ) ;
#4833 =( GEOMETRIC_REPRESENTATION_CONTEXT ( 3 ) GLOBAL_UNCERTAINTY_ASSIGNED_CONTEXT ( ( #6505 ) ) GLOBAL_UNIT_ASSIGNED_CONTEXT ( ( #10870, #9025, #5660 ) ) REPRESENTATION_CONTEXT ( 'NONE', 'WORKASPACE' ) );
#4834 = CARTESIAN_POINT ( 'NONE',  ( 1.116353103542271796, 0.1752645868926189232, 0.04479987234755985342 ) ) ;
#4835 = CARTESIAN_POINT ( 'NONE',  ( 1.097834359750225142, 0.2434848269176995150, -0.02595792449772773083 ) ) ;
#4836 = ORIENTED_EDGE ( 'NONE', *, *, #7468, .T. ) ;
#4837 = CARTESIAN_POINT ( 'NONE',  ( 1.123826341834216258, 0.1378226056070158689, -0.01795096983524133508 ) ) ;
#4838 = PRESENTATION_STYLE_ASSIGNMENT (( #9163 ) ) ;
#4839 = ORIENTED_EDGE ( 'NONE', *, *, #631, .T. ) ;
#4840 = CARTESIAN_POINT ( 'NONE',  ( 1.108960126170935423, 0.2054772637824489601, 0.03552697276067791343 ) ) ;
#4841 = EDGE_LOOP ( 'NONE', ( #6721, #3862, #7587, #10463, #5209, #3970, #6084, #8298, #3669, #5934, #1147, #2055, #4337, #10218 ) ) ;
#4842 = ORIENTED_EDGE ( 'NONE', *, *, #9356, .T. ) ;
#4843 = LINE ( 'NONE', #568, #8725 ) ;
#4844 = CARTESIAN_POINT ( 'NONE',  ( 1.145032021059530836, 0.03497999013688925241, 0.03564162355583488928 ) ) ;
#4845 = CARTESIAN_POINT ( 'NONE',  ( 1.125961983963937652, 0.1249982900900845767, 0.02617733858181601689 ) ) ;
#4846 = PRESENTATION_STYLE_ASSIGNMENT (( #7424 ) ) ;
#4847 = ADVANCED_FACE ( 'NONE', ( #6260 ), #2036, .F. ) ;
#4848 = STYLED_ITEM ( 'NONE', ( #9749 ), #553 ) ;
#4849 = CARTESIAN_POINT ( 'NONE',  ( 1.144138307394682474, -0.05166494395514906190, 0.03336449143510910459 ) ) ;
#4850 = EDGE_LOOP ( 'NONE', ( #2347, #5824, #9165 ) ) ;
#4851 = DIRECTION ( 'NONE',  ( 3.491481338843133355E-15, 0.000000000000000000, 1.000000000000000000 ) ) ;
#4852 = UNCERTAINTY_MEASURE_WITH_UNIT (LENGTH_MEASURE( 1.000000000000000082E-05 ), #8539, 'distance_accuracy_value', 'NONE');
#4853 = FILL_AREA_STYLE_COLOUR ( '', #11034 ) ;
#4854 = B_SPLINE_CURVE_WITH_KNOTS ( 'NONE', 3,
 ( #2521, #3878, #5475, #1218 ),
 .UNSPECIFIED., .F., .F.,
 ( 4, 4 ),
 ( 0.000000000000000000, 1.000000000000000000 ),
 .UNSPECIFIED. ) ;
#4855 = CYLINDRICAL_SURFACE ( 'NONE', #3286, 0.7999999999999999334 ) ;
#4856 = CARTESIAN_POINT ( 'NONE',  ( 1.113675940626349226, 0.1867882681025681002, 0.006069894152875641991 ) ) ;
#4857 = CARTESIAN_POINT ( 'NONE',  ( 1.106588994444860141, 0.2141620635389629435, -0.006009085358451097744 ) ) ;
#4858 = VECTOR ( 'NONE', #10080, 1000.000000000000114 ) ;
#4859 =( NAMED_UNIT ( * ) PLANE_ANGLE_UNIT ( ) SI_UNIT ( $, .RADIAN. ) );
#4860 = ORIENTED_EDGE ( 'NONE', *, *, #6165, .F. ) ;
#4861 = CARTESIAN_POINT ( 'NONE',  ( 1.145322766961295979, 0.02797276015215587747, 0.04843254283748990585 ) ) ;
#4862 = EDGE_CURVE ( 'NONE', #5511, #8431, #11126, .T. ) ;
#4863 = ORIENTED_EDGE ( 'NONE', *, *, #4000, .T. ) ;
#4864 = AXIS2_PLACEMENT_3D ( 'NONE', #7528, #4884, #550 ) ;
#4865 = ADVANCED_FACE ( 'NONE', ( #3278 ), #3217, .T. ) ;
#4866 = CARTESIAN_POINT ( 'NONE',  ( -0.4542123179938998834, 9.674709713264089868E-17, -0.07980603148360199128 ) ) ;
#4867 = ADVANCED_FACE ( 'NONE', ( #10161 ), #9263, .T. ) ;
#4868 = CARTESIAN_POINT ( 'NONE',  ( 1.118548206209259099, 0.1949283787966948067, 0.05687885185883383848 ) ) ;
#4869 = SURFACE_SIDE_STYLE ('',( #1410 ) ) ;
#4870 = ORIENTED_EDGE ( 'NONE', *, *, #8435, .F. ) ;
#4871 = ADVANCED_FACE ( 'NONE', ( #9213 ), #1432, .T. ) ;
#4872 = FILL_AREA_STYLE_COLOUR ( '', #11245 ) ;
#4873 = SURFACE_SIDE_STYLE ('',( #6589 ) ) ;
#4874 = SURFACE_STYLE_USAGE ( .BOTH. , #7570 ) ;
#4875 = SURFACE_STYLE_USAGE ( .BOTH. , #7451 ) ;
#4876 = ORIENTED_EDGE ( 'NONE', *, *, #11214, .T. ) ;
#4877 = ORIENTED_EDGE ( 'NONE', *, *, #1898, .F. ) ;
#4878 =( NAMED_UNIT ( * ) PLANE_ANGLE_UNIT ( ) SI_UNIT ( $, .RADIAN. ) );
#4879 = CARTESIAN_POINT ( 'NONE',  ( 1.136877951131481712, 0.1198097688530632005, -0.02595792449772843513 ) ) ;
#4880 = CARTESIAN_POINT ( 'NONE',  ( 1.132842975657309514, 0.1442326738691233345, -0.01847494232841591366 ) ) ;
#4881 = SURFACE_STYLE_FILL_AREA ( #2266 ) ;
#4882 = DIRECTION ( 'NONE',  ( 0.9940289829890087692, 0.1091163643906666592, -3.470633644375342749E-15 ) ) ;
#4883 = CARTESIAN_POINT ( 'NONE',  ( 1.115046877858577812, 0.2210320871394173825, -0.01390201890728838367 ) ) ;
#4884 = DIRECTION ( 'NONE',  ( 3.491481338843133355E-15, -0.000000000000000000, 1.000000000000000000 ) ) ;
#4885 = DIRECTION ( 'NONE',  ( 3.491481338843133355E-15, -0.000000000000000000, 1.000000000000000000 ) ) ;
#4886 = ORIENTED_EDGE ( 'NONE', *, *, #5567, .T. ) ;
#4887 =( NAMED_UNIT ( * ) SI_UNIT ( $, .STERADIAN. ) SOLID_ANGLE_UNIT ( ) );
#4888 = B_SPLINE_CURVE_WITH_KNOTS ( 'NONE', 3,
 ( #10557, #9574, #39, #1776 ),
 .UNSPECIFIED., .F., .F.,
 ( 4, 4 ),
 ( 0.000000000000000000, 1.000000000000000000 ),
 .UNSPECIFIED. ) ;
#4889 = ORIENTED_EDGE ( 'NONE', *, *, #1020, .T. ) ;
#4890 = EDGE_CURVE ( 'NONE', #7234, #1483, #11231, .T. ) ;
#4891 = LINE ( 'NONE', #9329, #10126 ) ;
#4892 = CARTESIAN_POINT ( 'NONE',  ( 1.124935003225782770, 0.1313259510218747206, 0.05687885185883353317 ) ) ;
#4893 = CARTESIAN_POINT ( 'NONE',  ( 1.128393365874628573, 0.1085190309212098470, -0.02039617480377600017 ) ) ;
#4894 = EDGE_LOOP ( 'NONE', ( #9850, #3805, #2604, #8452 ) ) ;
#4895 = ORIENTED_EDGE ( 'NONE', *, *, #2982, .T. ) ;
#4896 = CARTESIAN_POINT ( 'NONE',  ( 1.128791628246635703, 0.1650598111199036155, 0.05319467026563515222 ) ) ;
#4897 = FILL_AREA_STYLE_COLOUR ( '', #6035 ) ;
#4898 = UNCERTAINTY_MEASURE_WITH_UNIT (LENGTH_MEASURE( 1.000000000000000082E-05 ), #2653, 'distance_accuracy_value', 'NONE');
#4899 = FILL_AREA_STYLE ('',( #4797 ) ) ;
#4900 = ORIENTED_EDGE ( 'NONE', *, *, #3896, .F. ) ;
#4901 = CARTESIAN_POINT ( 'NONE',  ( 1.120443983761350903, 0.1559303978996560702, -0.02071828101250875603 ) ) ;
#4902 =( GEOMETRIC_REPRESENTATION_CONTEXT ( 3 ) GLOBAL_UNCERTAINTY_ASSIGNED_CONTEXT ( ( #2321 ) ) GLOBAL_UNIT_ASSIGNED_CONTEXT ( ( #10172, #7491, #1443 ) ) REPRESENTATION_CONTEXT ( 'NONE', 'WORKASPACE' ) );
#4903 = B_SPLINE_CURVE_WITH_KNOTS ( 'NONE', 3,
 ( #9562, #8694, #7849, #7045 ),
 .UNSPECIFIED., .F., .F.,
 ( 4, 4 ),
 ( 0.000000000000000000, 1.000000000000000000 ),
 .UNSPECIFIED. ) ;
#4904 =( NAMED_UNIT ( * ) PLANE_ANGLE_UNIT ( ) SI_UNIT ( $, .RADIAN. ) );
#4905 = CARTESIAN_POINT ( 'NONE',  ( 1.139272848092965473, 0.1025260351245642632, 0.04025909933812345937 ) ) ;
#4906 = CARTESIAN_POINT ( 'NONE',  ( 1.135808315489691633, 0.008109698320148624878, 0.06301712450269544852 ) ) ;
#4907 = COLOUR_RGB ( '',0.000000000000000000, 0.000000000000000000, 0.000000000000000000 ) ;
#4908 = DIRECTION ( 'NONE',  ( 0.9945796286623118654, 0.1039777007340408066, -3.472556213467995103E-15 ) ) ;
#4909 = AXIS2_PLACEMENT_3D ( 'NONE', #3166, #10107, #11017 ) ;
#4910 = SURFACE_STYLE_FILL_AREA ( #3135 ) ;
#4911 = DIRECTION ( 'NONE',  ( -3.491481338843133355E-15, 0.000000000000000000, -1.000000000000000000 ) ) ;
#4912 = SURFACE_STYLE_FILL_AREA ( #3997 ) ;
#4913 = ORIENTED_EDGE ( 'NONE', *, *, #628, .T. ) ;
#4914 = FACE_OUTER_BOUND ( 'NONE', #9169, .T. ) ;
#4915 = ORIENTED_EDGE ( 'NONE', *, *, #3477, .F. ) ;
#4916 = STYLED_ITEM ( 'NONE', ( #10273 ), #7392 ) ;
#4917 = PRESENTATION_STYLE_ASSIGNMENT (( #3307 ) ) ;
#4918 = PRESENTATION_LAYER_ASSIGNMENT (  '', '', ( #7112 ) ) ;
#4919 = AXIS2_PLACEMENT_3D ( 'NONE', #3366, #7674, #5879 ) ;
#4920 = CARTESIAN_POINT ( 'NONE',  ( 1.135331257154856832, -0.02885716113741874228, -0.02495378137859381035 ) ) ;
#4921 = LINE ( 'NONE', #9237, #2912 ) ;
#4922 = MECHANICAL_DESIGN_GEOMETRIC_PRESENTATION_REPRESENTATION (  '', ( #8904 ), #5463 ) ;
#4923 = CARTESIAN_POINT ( 'NONE',  ( 0.3357876820061004852, 0.000000000000000000, 0.03722988336163249312 ) ) ;
#4924 = SURFACE_STYLE_FILL_AREA ( #8405 ) ;
#4925 = AXIS2_PLACEMENT_3D ( 'NONE', #1703, #5049, #10997 ) ;
#4926 = AXIS2_PLACEMENT_3D ( 'NONE', #9836, #9019, #3780 ) ;
#4927 = EDGE_CURVE ( 'NONE', #4582, #8858, #5780, .T. ) ;
#4928 = FILL_AREA_STYLE ('',( #9146 ) ) ;
#4929 = ORIENTED_EDGE ( 'NONE', *, *, #7770, .T. ) ;
#4930 = VECTOR ( 'NONE', #5555, 1000.000000000000000 ) ;
#4931 = CARTESIAN_POINT ( 'NONE',  ( 1.126357260540307159, 0.1224995567667086505, 0.05654591100386101993 ) ) ;
#4932 = COLOUR_RGB ( '',0.000000000000000000, 0.000000000000000000, 0.000000000000000000 ) ;
#4933 = EDGE_LOOP ( 'NONE', ( #5304, #6853, #9017, #6012 ) ) ;
#4934 = EDGE_CURVE ( 'NONE', #6370, #1036, #9897, .T. ) ;
#4935 = ORIENTED_EDGE ( 'NONE', *, *, #3423, .T. ) ;
#4936 = STYLED_ITEM ( 'NONE', ( #5924 ), #11307 ) ;
#4937 = MECHANICAL_DESIGN_GEOMETRIC_PRESENTATION_REPRESENTATION (  '', ( #10773 ), #2586 ) ;
#4938 = CARTESIAN_POINT ( 'NONE',  ( 1.128691550378154052, 0.1063177102868227281, -0.008584961518158181620 ) ) ;
#4939 = PRESENTATION_LAYER_ASSIGNMENT (  '', '', ( #1688 ) ) ;
#4940 = PRESENTATION_LAYER_ASSIGNMENT (  '', '', ( #9862 ) ) ;
#4941 = B_SPLINE_SURFACE_WITH_KNOTS ( 'NONE', 1, 3, ( 
 ( #5247, #10472, #761, #7656 ),
 ( #6095, #9464, #6800, #9407 ) ),
 .UNSPECIFIED., .F., .F., .F.,
 ( 2, 2 ),
 ( 4, 4 ),
 ( 0.000000000000000000, 1.000000000000000000 ),
 ( 0.000000000000000000, 1.000000000000000000 ),
 .UNSPECIFIED. ) ;
#4942 = DIRECTION ( 'NONE',  ( 0.9830484531421046501, 0.1833459538002277789, -3.432295329324266711E-15 ) ) ;
#4943 = CARTESIAN_POINT ( 'NONE',  ( 1.135407184376999057, 0.1292619488794606308, -0.02515559161746130576 ) ) ;
#4944 = AXIS2_PLACEMENT_3D ( 'NONE', #1623, #2348, #9645 ) ;
#4945 = CARTESIAN_POINT ( 'NONE',  ( 1.132038968508029431, -0.07735559930621173363, 0.03609705215150389029 ) ) ;
#4946 = CARTESIAN_POINT ( 'NONE',  ( 1.111055529193243130, 0.1973822816714135842, 0.002385712559677371624 ) ) ;
#4947 = CARTESIAN_POINT ( 'NONE',  ( 1.141397181222573165, 0.08422193759457324846, 0.02485103320822940401 ) ) ;
#4948 = UNCERTAINTY_MEASURE_WITH_UNIT (LENGTH_MEASURE( 1.000000000000000082E-05 ), #8650, 'distance_accuracy_value', 'NONE');
#4949 = CARTESIAN_POINT ( 'NONE',  ( 1.127646938477179006, 0.1138596674640900419, -0.01205082123899910845 ) ) ;
#4950 = EDGE_CURVE ( 'NONE', #6558, #361, #11248, .T. ) ;
#4951 = AXIS2_PLACEMENT_3D ( 'NONE', #5419, #7255, #1348 ) ;
#4952 = EDGE_CURVE ( 'NONE', #2558, #10818, #8104, .T. ) ;
#4953 = COLOUR_RGB ( '',0.000000000000000000, 0.000000000000000000, 0.000000000000000000 ) ;
#4954 = CARTESIAN_POINT ( 'NONE',  ( 1.130685613852037585, 0.1556832616148957349, -0.02590880207654016470 ) ) ;
#4955 = VERTEX_POINT ( 'NONE', #1597 ) ;
#4956 = LINE ( 'NONE', #7747, #2655 ) ;
#4957 = PRESENTATION_STYLE_ASSIGNMENT (( #7692 ) ) ;
#4958 = UNCERTAINTY_MEASURE_WITH_UNIT (LENGTH_MEASURE( 1.000000000000000082E-05 ), #8587, 'distance_accuracy_value', 'NONE');
#4959 = VERTEX_POINT ( 'NONE', #4216 ) ;
#4960 = ORIENTED_EDGE ( 'NONE', *, *, #8595, .F. ) ;
#4961 = B_SPLINE_SURFACE_WITH_KNOTS ( 'NONE', 1, 3, ( 
 ( #1947, #1899, #873, #2687 ),
 ( #4342, #6209, #8715, #1790 ) ),
 .UNSPECIFIED., .F., .F., .F.,
 ( 2, 2 ),
 ( 4, 4 ),
 ( 0.000000000000000000, 1.000000000000000000 ),
 ( 0.000000000000000000, 1.000000000000000000 ),
 .UNSPECIFIED. ) ;
#4962 = CARTESIAN_POINT ( 'NONE',  ( 1.125961983963937652, 0.1249982900900838689, 0.05610926725935867776 ) ) ;
#4963 =( GEOMETRIC_REPRESENTATION_CONTEXT ( 3 ) GLOBAL_UNCERTAINTY_ASSIGNED_CONTEXT ( ( #9491 ) ) GLOBAL_UNIT_ASSIGNED_CONTEXT ( ( #3931, #6499, #9988 ) ) REPRESENTATION_CONTEXT ( 'NONE', 'WORKASPACE' ) );
#4964 = B_SPLINE_CURVE_WITH_KNOTS ( 'NONE', 3,
 ( #1536, #6650, #8469, #437 ),
 .UNSPECIFIED., .F., .F.,
 ( 4, 4 ),
 ( 0.000000000000000000, 1.000000000000000000 ),
 .UNSPECIFIED. ) ;
#4965 = CARTESIAN_POINT ( 'NONE',  ( 1.119034806486419953, 0.1628617266066855751, 0.02485103320822988973 ) ) ;
#4966 = DIRECTION ( 'NONE',  ( 1.224646799147353207E-16, 1.000000000000000000, -4.275831445896958607E-31 ) ) ;
#4967 = ADVANCED_FACE ( 'NONE', ( #7914 ), #7749, .T. ) ;
#4968 = VERTEX_POINT ( 'NONE', #9569 ) ;
#4969 = DIRECTION ( 'NONE',  ( -3.491481338843133355E-15, 0.000000000000000000, -1.000000000000000000 ) ) ;
#4970 = SURFACE_SIDE_STYLE ('',( #9343 ) ) ;
#4971 = VECTOR ( 'NONE', #9321, 1000.000000000000000 ) ;
#4972 = B_SPLINE_CURVE_WITH_KNOTS ( 'NONE', 1,
 ( #5138, #6090 ),
 .UNSPECIFIED., .F., .F.,
 ( 2, 2 ),
 ( 0.000000000000000000, 1.000000000000000000 ),
 .UNSPECIFIED. ) ;
#4973 = DIRECTION ( 'NONE',  ( -1.000000000000000000, 0.000000000000000000, 3.491481338843133355E-15 ) ) ;
#4974 = FILL_AREA_STYLE ('',( #1509 ) ) ;
#4975 = CARTESIAN_POINT ( 'NONE',  ( 1.138900462503401601, 0.1054033291784165494, -0.01983399598272118231 ) ) ;
#4976 = CARTESIAN_POINT ( 'NONE',  ( 1.138900462503401601, 0.1054033291784165494, -0.01983399598272118231 ) ) ;
#4977 = CARTESIAN_POINT ( 'NONE',  ( 1.130985971872783491, -0.08752092827965737842, 0.01988216801950004262 ) ) ;
#4978 = FACE_BOUND ( 'NONE', #3190, .T. ) ;
#4979 = CARTESIAN_POINT ( 'NONE',  ( 1.131451384935949989, 0.08318216058723285067, 0.02485103320822945605 ) ) ;
#4980 = PRESENTATION_STYLE_ASSIGNMENT (( #1515 ) ) ;
#4981 = CARTESIAN_POINT ( 'NONE',  ( 1.143480324515949054, -0.06109496898646864238, -0.02561357143766564495 ) ) ;
#4982 = ORIENTED_EDGE ( 'NONE', *, *, #8836, .F. ) ;
#4983 = FILL_AREA_STYLE_COLOUR ( '', #3206 ) ;
#4984 = B_SPLINE_CURVE_WITH_KNOTS ( 'NONE', 3,
 ( #5393, #2089, #6424, #10553 ),
 .UNSPECIFIED., .F., .F.,
 ( 4, 4 ),
 ( 0.000000000000000000, 1.000000000000000000 ),
 .UNSPECIFIED. ) ;
#4985 = EDGE_CURVE ( 'NONE', #4968, #2142, #1350, .T. ) ;
#4986 = VERTEX_POINT ( 'NONE', #4271 ) ;
#4987 =( NAMED_UNIT ( * ) PLANE_ANGLE_UNIT ( ) SI_UNIT ( $, .RADIAN. ) );
#4988 = VECTOR ( 'NONE', #8611, 1000.000000000000000 ) ;
#4989 = SURFACE_SIDE_STYLE ('',( #9236 ) ) ;
#4990 = SURFACE_SIDE_STYLE ('',( #2599 ) ) ;
#4991 = CARTESIAN_POINT ( 'NONE',  ( 1.135839162738410568, 0.1265607687162106088, 0.03013988056217904374 ) ) ;
#4992 = CARTESIAN_POINT ( 'NONE',  ( 1.132746985084240876, -0.07006770916342361377, 0.04274404510425057480 ) ) ;
#4993 = FACE_OUTER_BOUND ( 'NONE', #4536, .T. ) ;
#4994 = PRESENTATION_STYLE_ASSIGNMENT (( #3035 ) ) ;
#4995 = ORIENTED_EDGE ( 'NONE', *, *, #11158, .F. ) ;
#4996 = CARTESIAN_POINT ( 'NONE',  ( 1.126812022392319257, 0.1743000083664593691, 0.03184279116508713370 ) ) ;
#4997 = VERTEX_POINT ( 'NONE', #5282 ) ;
#4998 = VERTEX_POINT ( 'NONE', #3334 ) ;
#4999 = FILL_AREA_STYLE_COLOUR ( '', #936 ) ;
#5000 = CARTESIAN_POINT ( 'NONE',  ( 1.135328570508965740, 0.02762586907735453678, 0.04843482187879660783 ) ) ;
#5001 = EDGE_CURVE ( 'NONE', #9901, #9893, #93, .T. ) ;
#5002 = CARTESIAN_POINT ( 'NONE',  ( 1.141397181222573165, 0.08422193759457324846, 0.05687885185883337358 ) ) ;
#5003 = CARTESIAN_POINT ( 'NONE',  ( 1.144584325190594276, -0.04412885649106503688, -0.01078138772493339448 ) ) ;
#5004 = B_SPLINE_CURVE_WITH_KNOTS ( 'NONE', 3,
 ( #9507, #5490, #4317, #8950 ),
 .UNSPECIFIED., .F., .F.,
 ( 4, 4 ),
 ( 0.000000000000000000, 1.000000000000000000 ),
 .UNSPECIFIED. ) ;
#5005 = CARTESIAN_POINT ( 'NONE',  ( 1.141992323369950491, -0.07832034373894262991, 0.03609903428749287185 ) ) ;
#5006 = CARTESIAN_POINT ( 'NONE',  ( 1.123647969513853484, 0.1388386378793766140, -0.02012873051028128690 ) ) ;
#5007 = CYLINDRICAL_SURFACE ( 'NONE', #431, 0.4000000000000000222 ) ;
#5008 = COLOUR_RGB ( '',0.000000000000000000, 0.000000000000000000, 0.000000000000000000 ) ;
#5009 = DIRECTION ( 'NONE',  ( -1.000000000000000000, 0.000000000000000000, 3.491481338843133355E-15 ) ) ;
#5010 = FACE_OUTER_BOUND ( 'NONE', #9913, .T. ) ;
#5011 = CARTESIAN_POINT ( 'NONE',  ( 1.134307221508455088, 0.04864714825092519845, -0.01582184902780103819 ) ) ;
#5012 = PRESENTATION_STYLE_ASSIGNMENT (( #6712 ) ) ;
#5013 = ADVANCED_FACE ( 'NONE', ( #6074 ), #6831, .F. ) ;
#5014 = ORIENTED_EDGE ( 'NONE', *, *, #8377, .F. ) ;
#5015 = ORIENTED_EDGE ( 'NONE', *, *, #7214, .T. ) ;
#5016 = B_SPLINE_CURVE_WITH_KNOTS ( 'NONE', 1,
 ( #3148, #5710 ),
 .UNSPECIFIED., .F., .F.,
 ( 2, 2 ),
 ( 0.000000000000000000, 1.000000000000000000 ),
 .UNSPECIFIED. ) ;
#5017 = EDGE_CURVE ( 'NONE', #10995, #10399, #5998, .T. ) ;
#5018 = FILL_AREA_STYLE_COLOUR ( '', #8006 ) ;
#5019 = EDGE_CURVE ( 'NONE', #630, #9028, #9041, .T. ) ;
#5020 = MECHANICAL_DESIGN_GEOMETRIC_PRESENTATION_REPRESENTATION (  '', ( #3919 ), #11215 ) ;
#5021 = CARTESIAN_POINT ( 'NONE',  ( 1.145789309318518745, -2.400488834688712238E-05, 0.05059846250077132401 ) ) ;
#5022 = PRESENTATION_STYLE_ASSIGNMENT (( #9395 ) ) ;
#5023 = CARTESIAN_POINT ( 'NONE',  ( 1.118090240167239235, 0.1673954246219735154, 0.05663785623911071071 ) ) ;
#5024 = CARTESIAN_POINT ( 'NONE',  ( 1.134837591180994254, -0.03897746332939385633, 0.02994877370923433937 ) ) ;
#5025 = VERTEX_POINT ( 'NONE', #5444 ) ;
#5026 = CARTESIAN_POINT ( 'NONE',  ( 1.134690479308109401, 0.04189819695818629980, 0.01602214174807397445 ) ) ;
#5027 =( NAMED_UNIT ( * ) SI_UNIT ( $, .STERADIAN. ) SOLID_ANGLE_UNIT ( ) );
#5028 = CARTESIAN_POINT ( 'NONE',  ( 0.3357876820061016510, 0.000000000000000000, 0.3561756190388909449 ) ) ;
#5029 = CARTESIAN_POINT ( 'NONE',  ( 1.135839162738410568, 0.1265607687162106088, 0.03013988056217904374 ) ) ;
#5030 = CARTESIAN_POINT ( 'NONE',  ( 1.138639007566222716, 0.1073766690038141375, -0.02469787592213919247 ) ) ;
#5031 = CARTESIAN_POINT ( 'NONE',  ( 1.133003733823246373, 0.1433407364466975920, -0.01595332470455390964 ) ) ;
#5032 =( LENGTH_UNIT ( ) NAMED_UNIT ( * ) SI_UNIT ( .MILLI., .METRE. ) );
#5033 = ORIENTED_EDGE ( 'NONE', *, *, #5072, .F. ) ;
#5034 = CARTESIAN_POINT ( 'NONE',  ( 1.128511290096553932, 0.1076658680749478514, -0.02581030304531917174 ) ) ;
#5035 = VERTEX_POINT ( 'NONE', #7226 ) ;
#5036 = CARTESIAN_POINT ( 'NONE',  ( 1.120584308214832125, 0.1552232440435133143, -0.02027609777406109981 ) ) ;
#5037 = CARTESIAN_POINT ( 'NONE',  ( 1.113135058571253166, 0.2026709169854399861, 0.03361119833001463553 ) ) ;
#5038 = FACE_OUTER_BOUND ( 'NONE', #1725, .T. ) ;
#5039 = SURFACE_STYLE_USAGE ( .BOTH. , #11102 ) ;
#5040 = CARTESIAN_POINT ( 'NONE',  ( 1.137935526352009008, 0.1125427376928824219, -0.006028080551937054984 ) ) ;
#5041 = CARTESIAN_POINT ( 'NONE',  ( 1.142312640511797150, 0.01509933869776339081, -0.01217842026157467394 ) ) ;
#5042 = ORIENTED_EDGE ( 'NONE', *, *, #8428, .F. ) ;
#5043 = VECTOR ( 'NONE', #2490, 999.9999999999998863 ) ;
#5044 = UNCERTAINTY_MEASURE_WITH_UNIT (LENGTH_MEASURE( 1.000000000000000082E-05 ), #1439, 'distance_accuracy_value', 'NONE');
#5045 = CARTESIAN_POINT ( 'NONE',  ( 1.126349337283130581, 0.1763998085141040284, 0.03465977947294032746 ) ) ;
#5046 = FACE_OUTER_BOUND ( 'NONE', #3527, .T. ) ;
#5047 = EDGE_LOOP ( 'NONE', ( #4086, #1621, #10195, #9678, #2788, #8391, #4445 ) ) ;
#5048 = ORIENTED_EDGE ( 'NONE', *, *, #2354, .F. ) ;
#5049 = DIRECTION ( 'NONE',  ( -0.1091163643906666730, 0.9940289829890088802, 3.809777500324200542E-16 ) ) ;
#5050 = B_SPLINE_CURVE_WITH_KNOTS ( 'NONE', 3,
 ( #11118, #9204, #4883, #8353 ),
 .UNSPECIFIED., .F., .F.,
 ( 4, 4 ),
 ( 0.0001236984946162137300, 1.000000000000000000 ),
 .UNSPECIFIED. ) ;
#5051 = VECTOR ( 'NONE', #5806, 1000.000000000000114 ) ;
#5052 = CARTESIAN_POINT ( 'NONE',  ( 1.128727410421646482, 0.1060499273940342102, -0.02469711568594331122 ) ) ;
#5053 = CARTESIAN_POINT ( 'NONE',  ( 1.099746702985385793, 0.2374234568605958218, -0.008393929879951073439 ) ) ;
#5054 = LINE ( 'NONE', #7629, #4971 ) ;
#5055 = LINE ( 'NONE', #4946, #7295 ) ;
#5056 =( LENGTH_UNIT ( ) NAMED_UNIT ( * ) SI_UNIT ( .MILLI., .METRE. ) );
#5057 = CARTESIAN_POINT ( 'NONE',  ( 1.101415663247545140, 0.2319780040007037858, 0.006069894152875912607 ) ) ;
#5058 = CARTESIAN_POINT ( 'NONE',  ( 1.134306944723997512, -0.04992055021145356403, 0.003513306129119251643 ) ) ;
#5059 = DIRECTION ( 'NONE',  ( 1.000000000000000000, 0.000000000000000000, -3.480155121558408744E-15 ) ) ;
#5060 =( LENGTH_UNIT ( ) NAMED_UNIT ( * ) SI_UNIT ( .MILLI., .METRE. ) );
#5061 = CARTESIAN_POINT ( 'NONE',  ( 1.126384624049143079, 0.1222966689333342682, -0.02595792449772837962 ) ) ;
#5062 = VERTEX_POINT ( 'NONE', #10721 ) ;
#5063 = ORIENTED_EDGE ( 'NONE', *, *, #3904, .F. ) ;
#5064 = SURFACE_STYLE_USAGE ( .BOTH. , #5125 ) ;
#5065 = PRESENTATION_STYLE_ASSIGNMENT (( #2398 ) ) ;
#5066 = CARTESIAN_POINT ( 'NONE',  ( 1.116408555218666887, 0.1750172914453036188, 0.05263794949152372782 ) ) ;
#5067 = EDGE_CURVE ( 'NONE', #278, #7242, #7964, .T. ) ;
#5068 = VERTEX_POINT ( 'NONE', #2876 ) ;
#5069 = CARTESIAN_POINT ( 'NONE',  ( 1.135407184376999057, 0.1292619488794606308, -0.02101293409274520435 ) ) ;
#5070 = CARTESIAN_POINT ( 'NONE',  ( 1.135050460764146951, 0.03598748124663878056, 0.02194270068806757415 ) ) ;
#5071 = EDGE_CURVE ( 'NONE', #7782, #1060, #6468, .T. ) ;
#5072 = EDGE_CURVE ( 'NONE', #5624, #1871, #5517, .T. ) ;
#5073 = DIRECTION ( 'NONE',  ( 1.000000000000000000, 0.000000000000000000, -3.480155121558409533E-15 ) ) ;
#5074 = SURFACE_SIDE_STYLE ('',( #3229 ) ) ;
#5075 = ADVANCED_FACE ( 'NONE', ( #3675 ), #4577, .F. ) ;
#5076 = FACE_OUTER_BOUND ( 'NONE', #8360, .T. ) ;
#5077 = DIRECTION ( 'NONE',  ( 3.491481338843133355E-15, -0.000000000000000000, 1.000000000000000000 ) ) ;
#5078 = B_SPLINE_CURVE_WITH_KNOTS ( 'NONE', 1,
 ( #8010, #2992 ),
 .UNSPECIFIED., .F., .F.,
 ( 2, 2 ),
 ( 0.000000000000000000, 1.000000000000000000 ),
 .UNSPECIFIED. ) ;
#5079 = PRESENTATION_STYLE_ASSIGNMENT (( #10245 ) ) ;
#5080 = CARTESIAN_POINT ( 'NONE',  ( 1.135748515086581367, 0.007916156717925896397, -0.01900985571310601085 ) ) ;
#5081 =( GEOMETRIC_REPRESENTATION_CONTEXT ( 3 ) GLOBAL_UNCERTAINTY_ASSIGNED_CONTEXT ( ( #8474 ) ) GLOBAL_UNIT_ASSIGNED_CONTEXT ( ( #10363, #1798, #11258 ) ) REPRESENTATION_CONTEXT ( 'NONE', 'WORKASPACE' ) );
#5082 = ORIENTED_EDGE ( 'NONE', *, *, #6427, .F. ) ;
#5083 = EDGE_CURVE ( 'NONE', #7311, #2162, #8916, .T. ) ;
#5084 = DIRECTION ( 'NONE',  ( 1.000000000000000000, 0.000000000000000000, -3.523657060577889805E-15 ) ) ;
#5085 = ADVANCED_FACE ( 'NONE', ( #9728 ), #1245, .F. ) ;
#5086 = EDGE_CURVE ( 'NONE', #247, #11039, #4984, .T. ) ;
#5087 = ORIENTED_EDGE ( 'NONE', *, *, #3317, .F. ) ;
#5088 = CARTESIAN_POINT ( 'NONE',  ( 1.144836768010198069, -0.03923743666365536731, -0.04109791807730252267 ) ) ;
#5089 =( NAMED_UNIT ( * ) SI_UNIT ( $, .STERADIAN. ) SOLID_ANGLE_UNIT ( ) );
#5090 = CIRCLE ( 'NONE', #9267, 0.8100000000000000533 ) ;
#5091 = CARTESIAN_POINT ( 'NONE',  ( 1.125787682006100798, 9.674709713264089868E-17, 0.1001939685163924093 ) ) ;
#5092 =( GEOMETRIC_REPRESENTATION_CONTEXT ( 3 ) GLOBAL_UNCERTAINTY_ASSIGNED_CONTEXT ( ( #8690 ) ) GLOBAL_UNIT_ASSIGNED_CONTEXT ( ( #5060, #10286, #1487 ) ) REPRESENTATION_CONTEXT ( 'NONE', 'WORKASPACE' ) );
#5093 = PRESENTATION_LAYER_ASSIGNMENT (  '', '', ( #7648 ) ) ;
#5094 = DIRECTION ( 'NONE',  ( 3.491481338843133355E-15, -0.000000000000000000, 1.000000000000000000 ) ) ;
#5095 = SURFACE_SIDE_STYLE ('',( #1749 ) ) ;
#5096 = CARTESIAN_POINT ( 'NONE',  ( 1.142340451086743647, -0.07465005484490092047, 0.01059303993007697058 ) ) ;
#5097 = ORIENTED_EDGE ( 'NONE', *, *, #1249, .F. ) ;
#5098 = CIRCLE ( 'NONE', #9649, 0.8000000000000000444 ) ;
#5099 = CIRCLE ( 'NONE', #2361, 0.4050000000000000822 ) ;
#5100 = VECTOR ( 'NONE', #1064, 1000.000000000000000 ) ;
#5101 = PRESENTATION_STYLE_ASSIGNMENT (( #7622 ) ) ;
#5102 = MECHANICAL_DESIGN_GEOMETRIC_PRESENTATION_REPRESENTATION (  '', ( #11316 ), #10594 ) ;
#5103 = ORIENTED_EDGE ( 'NONE', *, *, #1343, .T. ) ;
#5105 = ORIENTED_EDGE ( 'NONE', *, *, #987, .T. ) ;
#5104 = UNCERTAINTY_MEASURE_WITH_UNIT (LENGTH_MEASURE( 1.000000000000000082E-05 ), #10693, 'distance_accuracy_value', 'NONE');
#5106 = CARTESIAN_POINT ( 'NONE',  ( 1.135041350207019351, 0.03454813840680420051, 0.03564162355583494479 ) ) ;
#5107 = COLOUR_RGB ( '',0.000000000000000000, 0.000000000000000000, 0.000000000000000000 ) ;
#5108 = VECTOR ( 'NONE', #5796, 1000.000000000000000 ) ;
#5109 = DIRECTION ( 'NONE',  ( 1.000000000000000000, 0.000000000000000000, -3.492703757814028417E-15 ) ) ;
#5110 = VECTOR ( 'NONE', #2612, 1000.000000000000000 ) ;
#5111 = CARTESIAN_POINT ( 'NONE',  ( 1.100282529917971930, 0.2356924078528368494, -0.003208785415466863192 ) ) ;
#5112 = UNCERTAINTY_MEASURE_WITH_UNIT (LENGTH_MEASURE( 1.000000000000000082E-05 ), #10918, 'distance_accuracy_value', 'NONE');
#5113 = CARTESIAN_POINT ( 'NONE',  ( 1.145755424500024322, 0.008054006692235351345, 0.06249598704939441501 ) ) ;
#5114 = CARTESIAN_POINT ( 'NONE',  ( 1.119481405851483702, 0.2047538698177787941, 0.006069894152875641991 ) ) ;
#5115 = FACE_OUTER_BOUND ( 'NONE', #3234, .T. ) ;
#5116 = CARTESIAN_POINT ( 'NONE',  ( 1.135218496017687873, 0.1304238230108699936, -0.01287498630665485054 ) ) ;
#5117 = FACE_BOUND ( 'NONE', #3867, .T. ) ;
#5118 = PRESENTATION_STYLE_ASSIGNMENT (( #6874 ) ) ;
#5119 = ORIENTED_EDGE ( 'NONE', *, *, #7250, .T. ) ;
#5120 = AXIS2_PLACEMENT_3D ( 'NONE', #5309, #992, #6963 ) ;
#5121 = MECHANICAL_DESIGN_GEOMETRIC_PRESENTATION_REPRESENTATION (  '', ( #9671 ), #1488 ) ;
#5122 = CIRCLE ( 'NONE', #5296, 0.8099999999999999423 ) ;
#5123 = ORIENTED_EDGE ( 'NONE', *, *, #631, .F. ) ;
#5124 = ORIENTED_EDGE ( 'NONE', *, *, #6537, .F. ) ;
#5125 = SURFACE_SIDE_STYLE ('',( #7865 ) ) ;
#5126 = CARTESIAN_POINT ( 'NONE',  ( 1.145340345021797823, 0.02691627396562468535, -0.01217842026157467741 ) ) ;
#5127 = DIRECTION ( 'NONE',  ( 1.000000000000000000, 0.000000000000000000, -3.523657060577889805E-15 ) ) ;
#5128 = CIRCLE ( 'NONE', #10970, 0.8100000000000000533 ) ;
#5129 =( NAMED_UNIT ( * ) PLANE_ANGLE_UNIT ( ) SI_UNIT ( $, .RADIAN. ) );
#5130 =( GEOMETRIC_REPRESENTATION_CONTEXT ( 3 ) GLOBAL_UNCERTAINTY_ASSIGNED_CONTEXT ( ( #6861 ) ) GLOBAL_UNIT_ASSIGNED_CONTEXT ( ( #2658, #13, #6111 ) ) REPRESENTATION_CONTEXT ( 'NONE', 'WORKASPACE' ) );
#5131 =( NAMED_UNIT ( * ) SI_UNIT ( $, .STERADIAN. ) SOLID_ANGLE_UNIT ( ) );
#5132 = EDGE_LOOP ( 'NONE', ( #3070, #4982, #7446, #5413 ) ) ;
#5133 = ORIENTED_EDGE ( 'NONE', *, *, #6045, .F. ) ;
#5134 = CARTESIAN_POINT ( 'NONE',  ( 0.3357876820061004852, 0.000000000000000000, 0.02485103320823259937 ) ) ;
#5135 = B_SPLINE_CURVE_WITH_KNOTS ( 'NONE', 3,
 ( #10792, #2232, #7488, #6386 ),
 .UNSPECIFIED., .F., .F.,
 ( 4, 4 ),
 ( 0.000000000000000000, 1.000000000000000000 ),
 .UNSPECIFIED. ) ;
#5136 = CARTESIAN_POINT ( 'NONE',  ( 1.138289101330266950, 0.1099865696153359551, -0.003448458233689806387 ) ) ;
#5137 = VECTOR ( 'NONE', #10247, 1000.000000000000000 ) ;
#5138 = CARTESIAN_POINT ( 'NONE',  ( 1.135493757208255294, -0.02168394071116969135, -0.003069830972985104333 ) ) ;
#5139 = CARTESIAN_POINT ( 'NONE',  ( 1.130932863621142870, -0.08800079632810978159, 0.01013760047613253626 ) ) ;
#5140 = EDGE_CURVE ( 'NONE', #6588, #9353, #4568, .T. ) ;
#5141 = CARTESIAN_POINT ( 'NONE',  ( 0.3357876820061003187, 0.000000000000000000, -0.02595792449772561794 ) ) ;
#5142 = DIRECTION ( 'NONE',  ( 0.9922241807740518338, 0.1244635492313379832, -3.464364754270088387E-15 ) ) ;
#5143 = CARTESIAN_POINT ( 'NONE',  ( 1.122397030820489139, 0.1457591587441520453, -0.03461984477702871599 ) ) ;
#5144 = B_SPLINE_CURVE_WITH_KNOTS ( 'NONE', 3,
 ( #5057, #8522, #11006, #6824 ),
 .UNSPECIFIED., .F., .F.,
 ( 4, 4 ),
 ( 0.000000000000000000, 1.000000000000000000 ),
 .UNSPECIFIED. ) ;
#5145 = PRESENTATION_LAYER_ASSIGNMENT (  '', '', ( #3667 ) ) ;
#5146 = CARTESIAN_POINT ( 'NONE',  ( 1.135627812543076098, -0.01599267277829009848, -0.01604956006815403888 ) ) ;
#5147 = AXIS2_PLACEMENT_3D ( 'NONE', #10112, #9223, #1340 ) ;
#5148 = DIRECTION ( 'NONE',  ( 3.491481338843133355E-15, 0.000000000000000000, 1.000000000000000000 ) ) ;
#5149 = ORIENTED_EDGE ( 'NONE', *, *, #9453, .F. ) ;
#5150 =( NAMED_UNIT ( * ) SI_UNIT ( $, .STERADIAN. ) SOLID_ANGLE_UNIT ( ) );
#5151 = PRESENTATION_LAYER_ASSIGNMENT (  '', '', ( #6228 ) ) ;
#5152 = CARTESIAN_POINT ( 'NONE',  ( 1.101330437039455878, 0.2322658544412777581, -0.003208785415462363753 ) ) ;
#5153 = COLOUR_RGB ( '',0.000000000000000000, 0.000000000000000000, 0.000000000000000000 ) ;
#5154 = CARTESIAN_POINT ( 'NONE',  ( 1.130932863621142870, -0.08800079632810978159, 0.01013760047613253626 ) ) ;
#5155 = EDGE_CURVE ( 'NONE', #9421, #10393, #8501, .T. ) ;
#5156 =( NAMED_UNIT ( * ) SI_UNIT ( $, .STERADIAN. ) SOLID_ANGLE_UNIT ( ) );
#5157 = CARTESIAN_POINT ( 'NONE',  ( 1.145627986111443120, 0.01608358935580373947, 0.0008011950998592634252 ) ) ;
#5158 = DIRECTION ( 'NONE',  ( 3.491481338843133355E-15, -0.000000000000000000, 1.000000000000000000 ) ) ;
#5159 = B_SPLINE_SURFACE_WITH_KNOTS ( 'NONE', 1, 3, ( 
 ( #8720, #5198, #8673, #3351 ),
 ( #9352, #930, #4413, #10307 ) ),
 .UNSPECIFIED., .F., .F., .F.,
 ( 2, 2 ),
 ( 4, 4 ),
 ( 0.000000000000000000, 1.000000000000000000 ),
 ( 0.000000000000000000, 1.000000000000000000 ),
 .UNSPECIFIED. ) ;
#5160 = EDGE_LOOP ( 'NONE', ( #5173, #4453, #8532, #5608 ) ) ;
#5161 = VECTOR ( 'NONE', #8803, 1000.000000000000000 ) ;
#5162 = UNCERTAINTY_MEASURE_WITH_UNIT (LENGTH_MEASURE( 1.000000000000000082E-05 ), #6451, 'distance_accuracy_value', 'NONE');
#5163 = CARTESIAN_POINT ( 'NONE',  ( 1.135345867411963861, 0.02658398296875067249, -0.02606900220520719236 ) ) ;
#5164 = EDGE_LOOP ( 'NONE', ( #10446, #3174, #9192, #5568 ) ) ;
#5165 = ORIENTED_EDGE ( 'NONE', *, *, #10110, .T. ) ;
#5166 =( NAMED_UNIT ( * ) SI_UNIT ( $, .STERADIAN. ) SOLID_ANGLE_UNIT ( ) );
#5167 = DIRECTION ( 'NONE',  ( -1.000000000000000000, 0.000000000000000000, 3.489775742687717397E-15 ) ) ;
#5168 = UNCERTAINTY_MEASURE_WITH_UNIT (LENGTH_MEASURE( 1.000000000000000082E-05 ), #4324, 'distance_accuracy_value', 'NONE');
#5169 = CARTESIAN_POINT ( 'NONE',  ( 1.133981678438849894, 0.1377909433116554505, -0.005817835657525032185 ) ) ;
#5170 = DIRECTION ( 'NONE',  ( 0.9921104063867137723, 0.1253672267348591718, -3.463934969971288772E-15 ) ) ;
#5171 = DIRECTION ( 'NONE',  ( 0.9758521541348058603, 0.2184320793071818367, -3.407169585631548019E-15 ) ) ;
#5172 = LINE ( 'NONE', #788, #9551 ) ;
#5173 = ORIENTED_EDGE ( 'NONE', *, *, #4544, .F. ) ;
#5174 = CARTESIAN_POINT ( 'NONE',  ( 1.135629953229991385, 0.01588524986922123031, 0.0008013131769034993399 ) ) ;
#5175 = CARTESIAN_POINT ( 'NONE',  ( 1.121979162136835795, 0.1479964748561366505, -0.03329353940355230662 ) ) ;
#5176 = ORIENTED_EDGE ( 'NONE', *, *, #9424, .T. ) ;
#5177 = CARTESIAN_POINT ( 'NONE',  ( 1.119691365672553784, 0.1597090764919610606, -0.02063632886203144862 ) ) ;
#5178 = PRESENTATION_STYLE_ASSIGNMENT (( #1928 ) ) ;
#5179 = VERTEX_POINT ( 'NONE', #1530 ) ;
#5180 = B_SPLINE_CURVE_WITH_KNOTS ( 'NONE', 3,
 ( #8335, #5037, #8562, #10255 ),
 .UNSPECIFIED., .F., .F.,
 ( 4, 4 ),
 ( 0.000000000000000000, 1.000000000000000000 ),
 .UNSPECIFIED. ) ;
#5181 = ORIENTED_EDGE ( 'NONE', *, *, #5895, .T. ) ;
#5182 = MECHANICAL_DESIGN_GEOMETRIC_PRESENTATION_REPRESENTATION (  '', ( #5878 ), #6635 ) ;
#5183 = ADVANCED_FACE ( 'NONE', ( #8464 ), #6696, .T. ) ;
#5184 = PRESENTATION_STYLE_ASSIGNMENT (( #3613 ) ) ;
#5185 = B_SPLINE_SURFACE_WITH_KNOTS ( 'NONE', 1, 3, ( 
 ( #4731, #9171, #11188, #5685 ),
 ( #6717, #3170, #5856, #1606 ) ),
 .UNSPECIFIED., .F., .F., .F.,
 ( 2, 2 ),
 ( 4, 4 ),
 ( 0.000000000000000000, 1.000000000000000000 ),
 ( 0.000000000000000000, 1.000000000000000000 ),
 .UNSPECIFIED. ) ;
#5186 = CARTESIAN_POINT ( 'NONE',  ( 1.119565156902578851, 0.2044330448946553580, -0.02595792449772794594 ) ) ;
#5187 = EDGE_LOOP ( 'NONE', ( #4758, #5623, #8553, #6436 ) ) ;
#5188 = EDGE_LOOP ( 'NONE', ( #5063, #834, #7840, #8357 ) ) ;
#5189 = DIRECTION ( 'NONE',  ( 3.491481338843133355E-15, -0.000000000000000000, 1.000000000000000000 ) ) ;
#5190 = COLOUR_RGB ( '',0.000000000000000000, 0.000000000000000000, 0.000000000000000000 ) ;
#5191 = FILL_AREA_STYLE ('',( #10352 ) ) ;
#5192 = CIRCLE ( 'NONE', #3169, 0.5999999999999996447 ) ;
#5193 = CARTESIAN_POINT ( 'NONE',  ( 1.128985489904669404, 0.1041020535095472099, -0.01983399598272112679 ) ) ;
#5194 = EDGE_CURVE ( 'NONE', #1988, #11224, #3882, .T. ) ;
#5195 = CARTESIAN_POINT ( 'NONE',  ( 1.133914501002047492, 0.1381795238065703091, -0.002559397173155760277 ) ) ;
#5196 =( LENGTH_UNIT ( ) NAMED_UNIT ( * ) SI_UNIT ( .MILLI., .METRE. ) );
#5197 = FACE_OUTER_BOUND ( 'NONE', #3101, .T. ) ;
#5198 = CARTESIAN_POINT ( 'NONE',  ( 1.142402896664758583, -0.07416414150132268068, -0.01994233313355769227 ) ) ;
#5199 = EDGE_LOOP ( 'NONE', ( #6492, #7122, #7695, #3271 ) ) ;
#5200 = FACE_OUTER_BOUND ( 'NONE', #1726, .T. ) ;
#5201 = DIRECTION ( 'NONE',  ( 3.491481338843133355E-15, 0.000000000000000000, 1.000000000000000000 ) ) ;
#5202 = SURFACE_SIDE_STYLE ('',( #2524 ) ) ;
#5203 = FILL_AREA_STYLE ('',( #1742 ) ) ;
#5204 = CARTESIAN_POINT ( 'NONE',  ( 1.101842780231214292, 0.2305704304691036099, -0.008393929879955410248 ) ) ;
#5205 = SURFACE_STYLE_FILL_AREA ( #5887 ) ;
#5206 = CARTESIAN_POINT ( 'NONE',  ( 1.134398433539429263, 0.1353545992398177966, -0.01590420228336715536 ) ) ;
#5207 = CARTESIAN_POINT ( 'NONE',  ( 1.111055529193243130, 0.1973822816714135842, 0.002385712559677371624 ) ) ;
#5208 = SURFACE_STYLE_USAGE ( .BOTH. , #9552 ) ;
#5209 = ORIENTED_EDGE ( 'NONE', *, *, #11292, .F. ) ;
#5210 = SURFACE_STYLE_FILL_AREA ( #3425 ) ;
#5211 = FACE_OUTER_BOUND ( 'NONE', #9580, .T. ) ;
#5212 = EDGE_LOOP ( 'NONE', ( #4895, #5858 ) ) ;
#5213 = B_SPLINE_CURVE_WITH_KNOTS ( 'NONE', 3,
 ( #5819, #9308, #655, #1458 ),
 .UNSPECIFIED., .F., .F.,
 ( 4, 4 ),
 ( 0.000000000000000000, 1.000000000000000000 ),
 .UNSPECIFIED. ) ;
#5214 = EDGE_CURVE ( 'NONE', #7011, #9022, #578, .T. ) ;
#5215 = B_SPLINE_SURFACE_WITH_KNOTS ( 'NONE', 1, 3, ( 
 ( #3899, #2926, #2981, #6518 ),
 ( #7442, #2868, #6340, #6410 ) ),
 .UNSPECIFIED., .F., .F., .F.,
 ( 2, 2 ),
 ( 4, 4 ),
 ( 0.000000000000000000, 1.000000000000000000 ),
 ( 0.000000000000000000, 1.000000000000000000 ),
 .UNSPECIFIED. ) ;
#5216 = CARTESIAN_POINT ( 'NONE',  ( 1.137661881051640567, 0.1144454844241282465, -0.01520011424547613316 ) ) ;
#5217 = ADVANCED_FACE ( 'NONE', ( #2203 ), #9195, .T. ) ;
#5218 = CARTESIAN_POINT ( 'NONE',  ( 1.128985489904669404, 0.1041020535095472099, -0.01983399598272112679 ) ) ;
#5219 = UNCERTAINTY_MEASURE_WITH_UNIT (LENGTH_MEASURE( 1.000000000000000082E-05 ), #827, 'distance_accuracy_value', 'NONE');
#5220 =( NAMED_UNIT ( * ) PLANE_ANGLE_UNIT ( ) SI_UNIT ( $, .RADIAN. ) );
#5221 = CARTESIAN_POINT ( 'NONE',  ( 1.137192700193411010, 0.1176860094667016438, 0.02431068657451375750 ) ) ;
#5222 =( GEOMETRIC_REPRESENTATION_CONTEXT ( 3 ) GLOBAL_UNCERTAINTY_ASSIGNED_CONTEXT ( ( #2329 ) ) GLOBAL_UNIT_ASSIGNED_CONTEXT ( ( #1284, #10802, #8254 ) ) REPRESENTATION_CONTEXT ( 'NONE', 'WORKASPACE' ) );
#5223 = FACE_OUTER_BOUND ( 'NONE', #1774, .T. ) ;
#5224 = EDGE_CURVE ( 'NONE', #3777, #9571, #8997, .T. ) ;
#5225 = FILL_AREA_STYLE_COLOUR ( '', #6991 ) ;
#5226 = ORIENTED_EDGE ( 'NONE', *, *, #267, .T. ) ;
#5227 = B_SPLINE_CURVE_WITH_KNOTS ( 'NONE', 3,
 ( #4769, #7401, #1242, #3037 ),
 .UNSPECIFIED., .F., .F.,
 ( 4, 4 ),
 ( 0.000000000000000000, 1.000000000000000000 ),
 .UNSPECIFIED. ) ;
#5228 = CARTESIAN_POINT ( 'NONE',  ( 1.118090240167239235, 0.1673954246219735154, 0.05663785623911071071 ) ) ;
#5229 = LINE ( 'NONE', #2495, #7426 ) ;
#5230 = CARTESIAN_POINT ( 'NONE',  ( 1.135742747320645840, -0.008479002158367401898, 0.05180935499299749863 ) ) ;
#5231 =( LENGTH_UNIT ( ) NAMED_UNIT ( * ) SI_UNIT ( .MILLI., .METRE. ) );
#5232 = UNCERTAINTY_MEASURE_WITH_UNIT (LENGTH_MEASURE( 1.000000000000000082E-05 ), #9654, 'distance_accuracy_value', 'NONE');
#5233 = ORIENTED_EDGE ( 'NONE', *, *, #9714, .F. ) ;
#5234 = EDGE_CURVE ( 'NONE', #2248, #8213, #8749, .T. ) ;
#5235 = ORIENTED_EDGE ( 'NONE', *, *, #7326, .F. ) ;
#5236 = SURFACE_STYLE_USAGE ( .BOTH. , #10458 ) ;
#5237 = CARTESIAN_POINT ( 'NONE',  ( 1.135738983417690751, 0.008826968330258200268, 0.01287018508051515284 ) ) ;
#5238 = EDGE_CURVE ( 'NONE', #3609, #1247, #1669, .T. ) ;
#5239 = VERTEX_POINT ( 'NONE', #11267 ) ;
#5240 = VERTEX_POINT ( 'NONE', #4365 ) ;
#5241 = CARTESIAN_POINT ( 'NONE',  ( 1.133914149879059474, 0.1381815518824220934, -0.01298960528964358298 ) ) ;
#5242 = CARTESIAN_POINT ( 'NONE',  ( 1.120367508153516711, 0.1563153748115962416, -0.02941286812516781535 ) ) ;
#5243 = FACE_OUTER_BOUND ( 'NONE', #10652, .T. ) ;
#5244 = CARTESIAN_POINT ( 'NONE',  ( 1.133508810410889245, -0.06034071011009248253, -0.02561357143766559291 ) ) ;
#5245 = CARTESIAN_POINT ( 'NONE',  ( 1.112065260323597204, 0.1933730110473606267, 0.006069894152875641991 ) ) ;
#5246 = DIRECTION ( 'NONE',  ( 3.491481338843133355E-15, -0.000000000000000000, 1.000000000000000000 ) ) ;
#5247 = CARTESIAN_POINT ( 'NONE',  ( 1.132959688476586235, 0.1435854870793692173, -0.003574474551373189955 ) ) ;
#5248 = SURFACE_STYLE_USAGE ( .BOTH. , #7712 ) ;
#5249 = ORIENTED_EDGE ( 'NONE', *, *, #9314, .T. ) ;
#5250 =( NAMED_UNIT ( * ) PLANE_ANGLE_UNIT ( ) SI_UNIT ( $, .RADIAN. ) );
#5251 = CARTESIAN_POINT ( 'NONE',  ( 1.134359743151649003, 0.1355890594692428786, -0.01167967405638943405 ) ) ;
#5252 = FACE_OUTER_BOUND ( 'NONE', #1342, .T. ) ;
#5253 = CARTESIAN_POINT ( 'NONE',  ( 1.134626819849680945, 0.1340004450050174545, -0.01031516235513133331 ) ) ;
#5254 = CARTESIAN_POINT ( 'NONE',  ( 1.131010868397307689, 0.08729309151253317189, 0.02850246652063648592 ) ) ;
#5255 = COLOUR_RGB ( '',0.000000000000000000, 0.000000000000000000, 0.000000000000000000 ) ;
#5256 = DIRECTION ( 'NONE',  ( 1.000000000000000000, 0.000000000000000000, -3.480155121558409533E-15 ) ) ;
#5257 = PRESENTATION_LAYER_ASSIGNMENT (  '', '', ( #6899 ) ) ;
#5258 = CARTESIAN_POINT ( 'NONE',  ( 1.132038968508029431, -0.07735559930621173363, 0.03609705215150389029 ) ) ;
#5259 = ORIENTED_EDGE ( 'NONE', *, *, #3470, .F. ) ;
#5260 = COLOUR_RGB ( '',0.000000000000000000, 0.000000000000000000, 0.000000000000000000 ) ;
#5261 = DIRECTION ( 'NONE',  ( 0.9508048059054752255, 0.3097906084229342105, -3.320369153236856540E-15 ) ) ;
#5262 = ORIENTED_EDGE ( 'NONE', *, *, #3664, .F. ) ;
#5263 =( GEOMETRIC_REPRESENTATION_CONTEXT ( 3 ) GLOBAL_UNCERTAINTY_ASSIGNED_CONTEXT ( ( #5168 ) ) GLOBAL_UNIT_ASSIGNED_CONTEXT ( ( #4324, #6998, #1824 ) ) REPRESENTATION_CONTEXT ( 'NONE', 'WORKASPACE' ) );
#5264 = B_SPLINE_CURVE_WITH_KNOTS ( 'NONE', 3,
 ( #3607, #5177, #10503, #5280 ),
 .UNSPECIFIED., .F., .F.,
 ( 4, 4 ),
 ( 0.000000000000000000, 1.000000000000000000 ),
 .UNSPECIFIED. ) ;
#5265 = CARTESIAN_POINT ( 'NONE',  ( 1.145742852481480556, 0.009820630303106306011, -0.02476413821476123114 ) ) ;
#5266 = FILL_AREA_STYLE_COLOUR ( '', #10296 ) ;
#5267 = MECHANICAL_DESIGN_GEOMETRIC_PRESENTATION_REPRESENTATION (  '', ( #10214 ), #4371 ) ;
#5268 = CARTESIAN_POINT ( 'NONE',  ( 1.124455434015714905, 0.1341759178843247580, -0.02322344304857634767 ) ) ;
#5269 = EDGE_CURVE ( 'NONE', #3519, #4986, #8563, .T. ) ;
#5270 = LINE ( 'NONE', #2933, #10811 ) ;
#5271 = CARTESIAN_POINT ( 'NONE',  ( 1.119034806486419953, 0.1628617266066855751, 0.02485103320822988973 ) ) ;
#5272 = CARTESIAN_POINT ( 'NONE',  ( 1.139272848092965473, 0.1025260351245642632, 0.04025909933812345937 ) ) ;
#5273 = B_SPLINE_CURVE_WITH_KNOTS ( 'NONE', 3,
 ( #11121, #7466, #11060, #3212 ),
 .UNSPECIFIED., .F., .F.,
 ( 4, 4 ),
 ( 0.000000000000000000, 1.000000000000000000 ),
 .UNSPECIFIED. ) ;
#5274 = COLOUR_RGB ( '',0.000000000000000000, 0.000000000000000000, 0.000000000000000000 ) ;
#5275 = DIRECTION ( 'NONE',  ( -3.491481338843133355E-15, 0.000000000000000000, -1.000000000000000000 ) ) ;
#5276 = EDGE_LOOP ( 'NONE', ( #4807, #1891, #3321, #1313, #6303, #3890, #5149, #10909 ) ) ;
#5277 = B_SPLINE_CURVE_WITH_KNOTS ( 'NONE', 3,
 ( #3461, #9691, #4398, #10459 ),
 .UNSPECIFIED., .F., .F.,
 ( 4, 4 ),
 ( 0.000000000000000000, 1.000000000000000000 ),
 .UNSPECIFIED. ) ;
#5278 = CARTESIAN_POINT ( 'NONE',  ( 1.145787682006100594, 0.002979162262123127933, 0.009796054042597051106 ) ) ;
#5279 = EDGE_CURVE ( 'NONE', #7960, #7311, #7839, .T. ) ;
#5280 = CARTESIAN_POINT ( 'NONE',  ( 1.118273080978316125, 0.1664830333556310271, -0.003083250338843971598 ) ) ;
#5281 = CARTESIAN_POINT ( 'NONE',  ( 1.134520007007010056, 0.1346353333959597331, -0.006669187089668247685 ) ) ;
#5282 = CARTESIAN_POINT ( 'NONE',  ( 1.138248142702603882, 0.1102597343491973914, 0.05013350318598924077 ) ) ;
#5283 = ORIENTED_EDGE ( 'NONE', *, *, #9309, .F. ) ;
#5284 = VERTEX_POINT ( 'NONE', #7675 ) ;
#5285 = STYLED_ITEM ( 'NONE', ( #8031 ), #7444 ) ;
#5286 = TOROIDAL_SURFACE ( 'NONE', #2196, 0.7900000000000000355, 0.01000000000000000021 ) ;
#5287 = AXIS2_PLACEMENT_3D ( 'NONE', #11206, #7025, #2755 ) ;
#5288 = CARTESIAN_POINT ( 'NONE',  ( 1.129518019250175698, 0.09996075098960890970, 0.02667674986443302476 ) ) ;
#5289 = CARTESIAN_POINT ( 'NONE',  ( 1.135787682006101695, 0.000000000000000000, 0.3561756190388881138 ) ) ;
#5290 = PRESENTATION_LAYER_ASSIGNMENT (  '', '', ( #6373 ) ) ;
#5291 = EDGE_CURVE ( 'NONE', #8075, #8890, #1817, .T. ) ;
#5292 = DIRECTION ( 'NONE',  ( 1.000000000000000000, 0.000000000000000000, -3.491481338843133355E-15 ) ) ;
#5293 = ADVANCED_FACE ( 'NONE', ( #5211 ), #8931, .F. ) ;
#5294 = MECHANICAL_DESIGN_GEOMETRIC_PRESENTATION_REPRESENTATION (  '', ( #3834 ), #378 ) ;
#5295 = STYLED_ITEM ( 'NONE', ( #6928 ), #6324 ) ;
#5296 = AXIS2_PLACEMENT_3D ( 'NONE', #6856, #2525, #9480 ) ;
#5297 = CARTESIAN_POINT ( 'NONE',  ( 1.133591722138727498, 0.1192468370596659194, -0.02237021600911077643 ) ) ;
#5298 = ORIENTED_EDGE ( 'NONE', *, *, #1554, .T. ) ;
#5299 = ORIENTED_EDGE ( 'NONE', *, *, #7541, .T. ) ;
#5300 =( LENGTH_UNIT ( ) NAMED_UNIT ( * ) SI_UNIT ( .MILLI., .METRE. ) );
#5301 = MECHANICAL_DESIGN_GEOMETRIC_PRESENTATION_REPRESENTATION (  '', ( #10776 ), #5826 ) ;
#5302 = CARTESIAN_POINT ( 'NONE',  ( 1.130685613852037585, 0.1556832616148957349, -0.02590880207654016470 ) ) ;
#5303 = CARTESIAN_POINT ( 'NONE',  ( 1.107695493113962204, 0.2454781999237983792, -0.02303786945720580001 ) ) ;
#5304 = ORIENTED_EDGE ( 'NONE', *, *, #9814, .F. ) ;
#5305 = CARTESIAN_POINT ( 'NONE',  ( 1.132056929051205252, 0.1485102225781844698, 0.03927665091328538111 ) ) ;
#5306 =( GEOMETRIC_REPRESENTATION_CONTEXT ( 3 ) GLOBAL_UNCERTAINTY_ASSIGNED_CONTEXT ( ( #1054 ) ) GLOBAL_UNIT_ASSIGNED_CONTEXT ( ( #10423, #1799, #1909 ) ) REPRESENTATION_CONTEXT ( 'NONE', 'WORKASPACE' ) );
#5307 = STYLED_ITEM ( 'NONE', ( #5321 ), #3054 ) ;
#5308 = ADVANCED_FACE ( 'NONE', ( #5046 ), #6925, .T. ) ;
#5309 = CARTESIAN_POINT ( 'NONE',  ( 0.3357876820061016510, 0.000000000000000000, 0.3561756190388909449 ) ) ;
#5310 = CARTESIAN_POINT ( 'NONE',  ( 1.136627597108502252, 0.1214989353383361254, 0.05698255474815231564 ) ) ;
#5311 = CARTESIAN_POINT ( 'NONE',  ( 1.110986013013062879, 0.2348777290507125248, 0.006069894152875858831 ) ) ;
#5312 = ORIENTED_EDGE ( 'NONE', *, *, #500, .F. ) ;
#5313 = B_SPLINE_CURVE_WITH_KNOTS ( 'NONE', 3,
 ( #786, #4315, #6065, #4263 ),
 .UNSPECIFIED., .F., .F.,
 ( 4, 4 ),
 ( 0.000000000000000000, 1.000000000000000000 ),
 .UNSPECIFIED. ) ;
#5314 = DIRECTION ( 'NONE',  ( 3.491481338843133355E-15, -0.000000000000000000, 1.000000000000000000 ) ) ;
#5315 = STYLED_ITEM ( 'NONE', ( #1736 ), #9737 ) ;
#5316 = CARTESIAN_POINT ( 'NONE',  ( 1.142340451086743647, -0.07465005484490092047, 0.01059303993007697058 ) ) ;
#5317 = DIRECTION ( 'NONE',  ( -1.000000000000000000, 0.000000000000000000, 3.491481338843133355E-15 ) ) ;
#5318 = CARTESIAN_POINT ( 'NONE',  ( 1.123788841746067968, 0.1380392376614723582, -0.02218949913269843005 ) ) ;
#5319 = PLANE ( 'NONE',  #1664 ) ;
#5320 = EDGE_CURVE ( 'NONE', #2593, #7782, #2474, .T. ) ;
#5321 = PRESENTATION_STYLE_ASSIGNMENT (( #7031 ) ) ;
#5322 = PRESENTATION_LAYER_ASSIGNMENT (  '', '', ( #4232 ) ) ;
#5323 = DIRECTION ( 'NONE',  ( 1.000000000000000000, 0.000000000000000000, -3.523657060577891383E-15 ) ) ;
#5324 = FACE_BOUND ( 'NONE', #7428, .T. ) ;
#5325 = ORIENTED_EDGE ( 'NONE', *, *, #10488, .F. ) ;
#5326 = EDGE_CURVE ( 'NONE', #4046, #5551, #1464, .T. ) ;
#5327 = CARTESIAN_POINT ( 'NONE',  ( 1.139489268433082403, 0.1008154748773837511, 0.006069894152875315863 ) ) ;
#5328 = DIRECTION ( 'NONE',  ( -1.000000000000000000, 0.000000000000000000, 3.491481338843133355E-15 ) ) ;
#5329 = COLOUR_RGB ( '',0.000000000000000000, 0.000000000000000000, 0.000000000000000000 ) ;
#5330 = EDGE_LOOP ( 'NONE', ( #3676, #7207, #11036, #8136, #1306, #9315, #4103, #4768, #3898, #6945, #4480, #5119, #7611, #10786, #5779, #2838 ) ) ;
#5331 = CARTESIAN_POINT ( 'NONE',  ( 1.125531418753369817, 0.1276903687380523122, -0.009256301275038954918 ) ) ;
#5332 = SURFACE_STYLE_FILL_AREA ( #5501 ) ;
#5333 = UNCERTAINTY_MEASURE_WITH_UNIT (LENGTH_MEASURE( 1.000000000000000082E-05 ), #7946, 'distance_accuracy_value', 'NONE');
#5334 = CARTESIAN_POINT ( 'NONE',  ( 1.121924584193570995, 0.1482861120236397268, 0.02485103320822983769 ) ) ;
#5335 = CARTESIAN_POINT ( 'NONE',  ( 1.134577802342496611, 0.1342920088946685520, -0.01102470843974886171 ) ) ;
#5336 = PRESENTATION_LAYER_ASSIGNMENT (  '', '', ( #3875 ) ) ;
#5337 = SURFACE_SIDE_STYLE ('',( #6995 ) ) ;
#5338 = ORIENTED_EDGE ( 'NONE', *, *, #3372, .F. ) ;
#5339 = DIRECTION ( 'NONE',  ( 3.491481338843133355E-15, -0.000000000000000000, 1.000000000000000000 ) ) ;
#5340 = DIRECTION ( 'NONE',  ( 3.491481338843133355E-15, 0.000000000000000000, 1.000000000000000000 ) ) ;
#5341 = CARTESIAN_POINT ( 'NONE',  ( 1.116161713504016273, 0.2170630575747283797, -0.009649280644974899540 ) ) ;
#5342 = ORIENTED_EDGE ( 'NONE', *, *, #10930, .T. ) ;
#5343 = EDGE_CURVE ( 'NONE', #1548, #1261, #6276, .T. ) ;
#5344 = ORIENTED_EDGE ( 'NONE', *, *, #3230, .F. ) ;
#5345 = VECTOR ( 'NONE', #11210, 1000.000000000000000 ) ;
#5346 = CIRCLE ( 'NONE', #3885, 0.5999999999999998668 ) ;
#5347 = CARTESIAN_POINT ( 'NONE',  ( 1.133224287668704422, 0.1421086202498099138, -0.02468074154554796354 ) ) ;
#5348 = CARTESIAN_POINT ( 'NONE',  ( 1.111133547202116212, 0.1970839235622867391, 0.04760017229070954980 ) ) ;
#5349 = CARTESIAN_POINT ( 'NONE',  ( 1.129476007115471248, 0.1002937813878873458, -0.02595792449772837962 ) ) ;
#5350 =( GEOMETRIC_REPRESENTATION_CONTEXT ( 3 ) GLOBAL_UNCERTAINTY_ASSIGNED_CONTEXT ( ( #7127 ) ) GLOBAL_UNIT_ASSIGNED_CONTEXT ( ( #6541, #325, #10028 ) ) REPRESENTATION_CONTEXT ( 'NONE', 'WORKASPACE' ) );
#5351 = SURFACE_STYLE_FILL_AREA ( #2679 ) ;
#5352 = ADVANCED_FACE ( 'NONE', ( #6167 ), #7222, .T. ) ;
#5353 = VERTEX_POINT ( 'NONE', #2555 ) ;
#5354 = ORIENTED_EDGE ( 'NONE', *, *, #11095, .F. ) ;
#5356 = EDGE_CURVE ( 'NONE', #11050, #11213, #2343, .T. ) ;
#5355 = FILL_AREA_STYLE_COLOUR ( '', #8815 ) ;
#5357 = CARTESIAN_POINT ( 'NONE',  ( 1.135839162738410568, 0.1265607687162099426, 0.05178649419006951804 ) ) ;
#5358 = CARTESIAN_POINT ( 'NONE',  ( 1.128985489904669404, 0.1041020535095472099, -0.01983399598272112679 ) ) ;
#5359 = ORIENTED_EDGE ( 'NONE', *, *, #2021, .F. ) ;
#5360 = EDGE_CURVE ( 'NONE', #7164, #278, #904, .T. ) ;
#5361 = FACE_OUTER_BOUND ( 'NONE', #8160, .T. ) ;
#5362 = B_SPLINE_CURVE_WITH_KNOTS ( 'NONE', 1,
 ( #9704, #8830 ),
 .UNSPECIFIED., .F., .F.,
 ( 2, 2 ),
 ( 0.000000000000000000, 1.000000000000000000 ),
 .UNSPECIFIED. ) ;
#5363 = EDGE_CURVE ( 'NONE', #8632, #19, #2900, .T. ) ;
#5364 = CYLINDRICAL_SURFACE ( 'NONE', #1848, 0.8099999999999999423 ) ;
#5365 =( NAMED_UNIT ( * ) PLANE_ANGLE_UNIT ( ) SI_UNIT ( $, .RADIAN. ) );
#5366 = CARTESIAN_POINT ( 'NONE',  ( 1.116469405313944785, 0.1747456634457468239, -0.01153230679267288825 ) ) ;
#5367 = CARTESIAN_POINT ( 'NONE',  ( 0.3357876820061003187, 0.000000000000000000, -0.02230649118531772071 ) ) ;
#5368 = CARTESIAN_POINT ( 'NONE',  ( 1.114477267488547696, 0.2230303330517492133, -0.02595792449772778288 ) ) ;
#5369 = ORIENTED_EDGE ( 'NONE', *, *, #976, .F. ) ;
#5370 = PRESENTATION_LAYER_ASSIGNMENT (  '', '', ( #824 ) ) ;
#5371 = FACE_OUTER_BOUND ( 'NONE', #7454, .T. ) ;
#5372 = LINE ( 'NONE', #3413, #1330 ) ;
#5373 = CARTESIAN_POINT ( 'NONE',  ( 1.134314657554180705, 0.1358479639966517494, -0.02322294849804365860 ) ) ;
#5374 = DIRECTION ( 'NONE',  ( 1.000000000000000000, 0.000000000000000000, -3.478481970057662294E-15 ) ) ;
#5375 = UNCERTAINTY_MEASURE_WITH_UNIT (LENGTH_MEASURE( 1.000000000000000082E-05 ), #2563, 'distance_accuracy_value', 'NONE');
#5376 = CARTESIAN_POINT ( 'NONE',  ( 1.127828133538606004, 0.1696936072145064089, 0.02521247373064367664 ) ) ;
#5377 = FACE_OUTER_BOUND ( 'NONE', #7917, .T. ) ;
#5378 = SURFACE_STYLE_FILL_AREA ( #7033 ) ;
#5379 = CARTESIAN_POINT ( 'NONE',  ( 1.128830457771395679, 0.1648731506536953995, 0.02850246652063670449 ) ) ;
#5380 = ORIENTED_EDGE ( 'NONE', *, *, #576, .F. ) ;
#5381 = EDGE_CURVE ( 'NONE', #4491, #11203, #535, .T. ) ;
#5382 = LINE ( 'NONE', #9554, #2363 ) ;
#5383 = ORIENTED_EDGE ( 'NONE', *, *, #10697, .T. ) ;
#5384 = CARTESIAN_POINT ( 'NONE',  ( 1.138248142702603882, 0.1102597343491973914, 0.05013350318598924077 ) ) ;
#5385 = DIRECTION ( 'NONE',  ( 3.491481338843133355E-15, -0.000000000000000000, 1.000000000000000000 ) ) ;
#5386 = CARTESIAN_POINT ( 'NONE',  ( 1.145737697430536217, 0.009058803416248054075, -0.01401153052691441088 ) ) ;
#5387 = CARTESIAN_POINT ( 'NONE',  ( 1.142405513881634249, -0.07394708714457820520, 0.001418721430074851124 ) ) ;
#5388 = SURFACE_SIDE_STYLE ('',( #1923 ) ) ;
#5389 =( NAMED_UNIT ( * ) PLANE_ANGLE_UNIT ( ) SI_UNIT ( $, .RADIAN. ) );
#5390 = ORIENTED_EDGE ( 'NONE', *, *, #2420, .T. ) ;
#5391 = CARTESIAN_POINT ( 'NONE',  ( 1.138704937510275794, 0.1068825561709821348, 0.04050471144449681316 ) ) ;
#5392 = B_SPLINE_SURFACE_WITH_KNOTS ( 'NONE', 1, 3, ( 
 ( #303, #650, #11097, #4178 ),
 ( #9354, #11204, #8450, #8500 ) ),
 .UNSPECIFIED., .F., .F., .F.,
 ( 2, 2 ),
 ( 4, 4 ),
 ( 0.000000000000000000, 1.000000000000000000 ),
 ( 0.000000000000000000, 1.000000000000000000 ),
 .UNSPECIFIED. ) ;
#5393 = CARTESIAN_POINT ( 'NONE',  ( 1.134724375931994267, 0.1334172368877528936, -0.008896070185896201923 ) ) ;
#5394 = ORIENTED_EDGE ( 'NONE', *, *, #538, .F. ) ;
#5395 = ORIENTED_EDGE ( 'NONE', *, *, #5654, .F. ) ;
#5396 = CARTESIAN_POINT ( 'NONE',  ( 1.135799305724266572, 0.01245354978944892416, 0.04726779211300239508 ) ) ;
#5397 = DIRECTION ( 'NONE',  ( 0.9758521541348055273, 0.2184320793071832800, -3.407169585631546441E-15 ) ) ;
#5398 = EDGE_LOOP ( 'NONE', ( #9185, #10756, #8243, #9046 ) ) ;
#5399 = B_SPLINE_CURVE_WITH_KNOTS ( 'NONE', 3,
 ( #7323, #3940, #5699, #9292 ),
 .UNSPECIFIED., .F., .F.,
 ( 4, 4 ),
 ( 0.000000000000000000, 1.000000000000000000 ),
 .UNSPECIFIED. ) ;
#5400 = STYLED_ITEM ( 'NONE', ( #6456 ), #4102 ) ;
#5401 = CARTESIAN_POINT ( 'NONE',  ( 1.127962219587985038, 0.1116221394120677363, -0.01236738795373066267 ) ) ;
#5402 = SURFACE_STYLE_USAGE ( .BOTH. , #7976 ) ;
#5403 = UNCERTAINTY_MEASURE_WITH_UNIT (LENGTH_MEASURE( 1.000000000000000082E-05 ), #7910, 'distance_accuracy_value', 'NONE');
#5404 = VERTEX_POINT ( 'NONE', #4270 ) ;
#5405 = ORIENTED_EDGE ( 'NONE', *, *, #1775, .T. ) ;
#5406 = SURFACE_SIDE_STYLE ('',( #3105 ) ) ;
#5407 = FACE_OUTER_BOUND ( 'NONE', #3161, .T. ) ;
#5408 = ADVANCED_FACE ( 'NONE', ( #8362 ), #9437, .F. ) ;
#5409 =( LENGTH_UNIT ( ) NAMED_UNIT ( * ) SI_UNIT ( .MILLI., .METRE. ) );
#5410 = PRESENTATION_STYLE_ASSIGNMENT (( #1094 ) ) ;
#5411 = FILL_AREA_STYLE_COLOUR ( '', #10073 ) ;
#5412 = ADVANCED_FACE ( 'NONE', ( #10504 ), #2821, .T. ) ;
#5413 = ORIENTED_EDGE ( 'NONE', *, *, #6739, .T. ) ;
#5414 = DIRECTION ( 'NONE',  ( 1.000000000000000000, 0.000000000000000000, -3.488520879062155587E-15 ) ) ;
#5415 = PRESENTATION_STYLE_ASSIGNMENT (( #4571 ) ) ;
#5416 = ADVANCED_FACE ( 'NONE', ( #4384 ), #8675, .T. ) ;
#5417 = PRESENTATION_STYLE_ASSIGNMENT (( #8837 ) ) ;
#5418 = ADVANCED_FACE ( 'NONE', ( #7963 ), #11238, .T. ) ;
#5419 = CARTESIAN_POINT ( 'NONE',  ( 0.3357876820061004852, 0.000000000000000000, 0.02485103320823222120 ) ) ;
#5420 = FILL_AREA_STYLE ('',( #7666 ) ) ;
#5421 = CARTESIAN_POINT ( 'NONE',  ( 1.123082358422069271, 0.1420115938819201395, -0.01721413351648436868 ) ) ;
#5422 = FILL_AREA_STYLE ('',( #943 ) ) ;
#5423 = DIRECTION ( 'NONE',  ( -3.491481338843133355E-15, 0.000000000000000000, -1.000000000000000000 ) ) ;
#5424 = LINE ( 'NONE', #4579, #3645 ) ;
#5425 = EDGE_CURVE ( 'NONE', #11183, #567, #7086, .T. ) ;
#5426 = EDGE_CURVE ( 'NONE', #4682, #8910, #9848, .T. ) ;
#5427 = B_SPLINE_CURVE_WITH_KNOTS ( 'NONE', 1,
 ( #4896, #7589 ),
 .UNSPECIFIED., .F., .F.,
 ( 2, 2 ),
 ( 0.000000000000000000, 1.000000000000000000 ),
 .UNSPECIFIED. ) ;
#5428 = ORIENTED_EDGE ( 'NONE', *, *, #6362, .T. ) ;
#5429 = EDGE_CURVE ( 'NONE', #11183, #7902, #8172, .T. ) ;
#5430 = CARTESIAN_POINT ( 'NONE',  ( 0.3357876820061007628, 0.000000000000000000, 0.1001939685163951710 ) ) ;
#5431 = FILL_AREA_STYLE ('',( #10651 ) ) ;
#5432 = VERTEX_POINT ( 'NONE', #4656 ) ;
#5433 =( NAMED_UNIT ( * ) SI_UNIT ( $, .STERADIAN. ) SOLID_ANGLE_UNIT ( ) );
#5434 = SURFACE_SIDE_STYLE ('',( #5332 ) ) ;
#5435 = LINE ( 'NONE', #9722, #9485 ) ;
#5436 = AXIS2_PLACEMENT_3D ( 'NONE', #8148, #7429, #9118 ) ;
#5437 = ADVANCED_FACE ( 'NONE', ( #8125 ), #6015, .T. ) ;
#5438 = FACE_OUTER_BOUND ( 'NONE', #6271, .T. ) ;
#5439 =( NAMED_UNIT ( * ) SI_UNIT ( $, .STERADIAN. ) SOLID_ANGLE_UNIT ( ) );
#5440 = VERTEX_POINT ( 'NONE', #2875 ) ;
#5441 = LINE ( 'NONE', #4598, #7779 ) ;
#5442 = STYLED_ITEM ( 'NONE', ( #5417 ), #6107 ) ;
#5443 = SURFACE_SIDE_STYLE ('',( #1974 ) ) ;
#5444 = CARTESIAN_POINT ( 'NONE',  ( 1.136877951131481712, 0.1198097688530632005, -0.01447965206718856979 ) ) ;
#5445 = ORIENTED_EDGE ( 'NONE', *, *, #2217, .T. ) ;
#5446 = VERTEX_POINT ( 'NONE', #9026 ) ;
#5447 = B_SPLINE_SURFACE_WITH_KNOTS ( 'NONE', 1, 3, ( 
 ( #958, #4434, #7846, #9427 ),
 ( #781, #5053, #5111, #3434 ) ),
 .UNSPECIFIED., .F., .F., .F.,
 ( 2, 2 ),
 ( 4, 4 ),
 ( 0.000000000000000000, 1.000000000000000000 ),
 ( 0.000000000000000000, 1.000000000000000000 ),
 .UNSPECIFIED. ) ;
#5448 = SURFACE_SIDE_STYLE ('',( #3730 ) ) ;
#5449 =( NAMED_UNIT ( * ) SI_UNIT ( $, .STERADIAN. ) SOLID_ANGLE_UNIT ( ) );
#5450 = CARTESIAN_POINT ( 'NONE',  ( 1.118380067252124688, 0.2089692340935042358, 0.005828926194162648532 ) ) ;
#5451 = CARTESIAN_POINT ( 'NONE',  ( 1.126831638718250872, 0.1742109598997315933, 0.05018182842931846743 ) ) ;
#5452 = ORIENTED_EDGE ( 'NONE', *, *, #8078, .T. ) ;
#5453 =( LENGTH_UNIT ( ) NAMED_UNIT ( * ) SI_UNIT ( .MILLI., .METRE. ) );
#5454 = VERTEX_POINT ( 'NONE', #1244 ) ;
#5455 = EDGE_CURVE ( 'NONE', #3722, #10779, #4653, .T. ) ;
#5456 = COLOUR_RGB ( '',0.000000000000000000, 0.000000000000000000, 0.000000000000000000 ) ;
#5457 = COLOUR_RGB ( '',0.000000000000000000, 0.000000000000000000, 0.000000000000000000 ) ;
#5458 = CARTESIAN_POINT ( 'NONE',  ( 1.111575979630223587, 0.1953266936940913356, 0.05278531675530424155 ) ) ;
#5459 = SURFACE_STYLE_FILL_AREA ( #7013 ) ;
#5460 = STYLED_ITEM ( 'NONE', ( #10239 ), #6756 ) ;
#5461 = ORIENTED_EDGE ( 'NONE', *, *, #3382, .T. ) ;
#5462 = ORIENTED_EDGE ( 'NONE', *, *, #4166, .T. ) ;
#5463 =( GEOMETRIC_REPRESENTATION_CONTEXT ( 3 ) GLOBAL_UNCERTAINTY_ASSIGNED_CONTEXT ( ( #6817 ) ) GLOBAL_UNIT_ASSIGNED_CONTEXT ( ( #9926, #10679, #8868 ) ) REPRESENTATION_CONTEXT ( 'NONE', 'WORKASPACE' ) );
#5464 = CARTESIAN_POINT ( 'NONE',  ( 1.114477267488547696, 0.2230303330517492133, -0.02595792449772778288 ) ) ;
#5465 = CARTESIAN_POINT ( 'NONE',  ( 1.133224287668704422, 0.1421086202498099138, -0.02468074154554796354 ) ) ;
#5466 = AXIS2_PLACEMENT_3D ( 'NONE', #2084, #9723, #1302 ) ;
#5467 = AXIS2_PLACEMENT_3D ( 'NONE', #4512, #1792, #9535 ) ;
#5468 =( GEOMETRIC_REPRESENTATION_CONTEXT ( 3 ) GLOBAL_UNCERTAINTY_ASSIGNED_CONTEXT ( ( #10863 ) ) GLOBAL_UNIT_ASSIGNED_CONTEXT ( ( #2513, #2685, #11195 ) ) REPRESENTATION_CONTEXT ( 'NONE', 'WORKASPACE' ) );
#5469 = PRESENTATION_LAYER_ASSIGNMENT (  '', '', ( #1675 ) ) ;
#5470 = CARTESIAN_POINT ( 'NONE',  ( 1.129775432322968953, 0.1602605763959369933, 0.02850246652063670449 ) ) ;
#5471 = SURFACE_STYLE_USAGE ( .BOTH. , #7019 ) ;
#5472 = STYLED_ITEM ( 'NONE', ( #6474 ), #5183 ) ;
#5473 = CARTESIAN_POINT ( 'NONE',  ( 1.134803276915086201, -0.03986044044036134854, 0.05350304954692997050 ) ) ;
#5474 = VERTEX_POINT ( 'NONE', #6473 ) ;
#5475 = CARTESIAN_POINT ( 'NONE',  ( 1.142053456686732194, 0.02542856051278313129, 0.02334504061165312491 ) ) ;
#5476 = AXIS2_PLACEMENT_3D ( 'NONE', #11133, #4107, #6665 ) ;
#5477 = AXIS2_PLACEMENT_3D ( 'NONE', #1112, #8108, #3595 ) ;
#5478 = COLOUR_RGB ( '',0.000000000000000000, 0.000000000000000000, 0.000000000000000000 ) ;
#5479 = CARTESIAN_POINT ( 'NONE',  ( 1.131546203041997600, 0.1512229354256866554, -0.003083250338844025808 ) ) ;
#5480 = AXIS2_PLACEMENT_3D ( 'NONE', #4075, #7718, #6855 ) ;
#5481 = ADVANCED_FACE ( 'NONE', ( #483 ), #3956, .F. ) ;
#5482 = CYLINDRICAL_SURFACE ( 'NONE', #9099, 0.8099999999999999423 ) ;
#5483 = FILL_AREA_STYLE ('',( #4853 ) ) ;
#5484 = VECTOR ( 'NONE', #6387, 1000.000000000000227 ) ;
#5485 = CARTESIAN_POINT ( 'NONE',  ( 1.127106225578279775, 0.1175370690412406716, 0.05368589447794498704 ) ) ;
#5486 = DIRECTION ( 'NONE',  ( 1.000000000000000000, 0.000000000000000000, -3.501069515317776050E-15 ) ) ;
#5487 = B_SPLINE_SURFACE_WITH_KNOTS ( 'NONE', 1, 3, ( 
 ( #11119, #9205, #721, #3377 ),
 ( #9322, #1541, #8354, #10095 ) ),
 .UNSPECIFIED., .F., .F., .F.,
 ( 2, 2 ),
 ( 4, 4 ),
 ( 0.000000000000000000, 1.000000000000000000 ),
 ( 0.000000000000000000, 1.000000000000000000 ),
 .UNSPECIFIED. ) ;
#5488 = FILL_AREA_STYLE ('',( #349 ) ) ;
#5489 = DIRECTION ( 'NONE',  ( -3.491481338843133355E-15, 0.000000000000000000, -1.000000000000000000 ) ) ;
#5490 = CARTESIAN_POINT ( 'NONE',  ( 1.107215005317567336, 0.2470158600940836890, -0.01528198494752655567 ) ) ;
#5491 =( GEOMETRIC_REPRESENTATION_CONTEXT ( 3 ) GLOBAL_UNCERTAINTY_ASSIGNED_CONTEXT ( ( #7673 ) ) GLOBAL_UNIT_ASSIGNED_CONTEXT ( ( #2346, #9231, #9295 ) ) REPRESENTATION_CONTEXT ( 'NONE', 'WORKASPACE' ) );
#5492 = CARTESIAN_POINT ( 'NONE',  ( 1.144288443110268227, -0.05054440032274490346, 0.003513322195779948823 ) ) ;
#5493 = ORIENTED_EDGE ( 'NONE', *, *, #10069, .T. ) ;
#5494 = ORIENTED_EDGE ( 'NONE', *, *, #5690, .T. ) ;
#5495 = CARTESIAN_POINT ( 'NONE',  ( 0.3357876820061011514, 0.000000000000000000, 0.2101939685163952964 ) ) ;
#5496 = FILL_AREA_STYLE ('',( #7153 ) ) ;
#5497 = EDGE_CURVE ( 'NONE', #7406, #2391, #10198, .T. ) ;
#5498 = ORIENTED_EDGE ( 'NONE', *, *, #10874, .T. ) ;
#5499 = DIRECTION ( 'NONE',  ( -1.000000000000000000, 0.000000000000000000, 3.491481338843133355E-15 ) ) ;
#5500 = B_SPLINE_CURVE_WITH_KNOTS ( 'NONE', 3,
 ( #10409, #9750, #6028, #8669 ),
 .UNSPECIFIED., .F., .F.,
 ( 4, 4 ),
 ( 0.000000000000000000, 1.000000000000000000 ),
 .UNSPECIFIED. ) ;
#5501 = FILL_AREA_STYLE ('',( #4532 ) ) ;
#5502 = CARTESIAN_POINT ( 'NONE',  ( 1.132972931899501878, 0.1233158078411120406, -0.01123757226533034920 ) ) ;
#5503 = CARTESIAN_POINT ( 'NONE',  ( 1.112309914343384998, 0.2304630614348432416, -0.01719775937616187939 ) ) ;
#5504 = MECHANICAL_DESIGN_GEOMETRIC_PRESENTATION_REPRESENTATION (  '', ( #972 ), #7144 ) ;
#5505 = CARTESIAN_POINT ( 'NONE',  ( 1.120458518820348415, 0.1558592254199631100, -0.02214107568596334827 ) ) ;
#5506 = ORIENTED_EDGE ( 'NONE', *, *, #1815, .F. ) ;
#5507 = CARTESIAN_POINT ( 'NONE',  ( 1.109676184183799652, 0.2391580778421615872, 0.006069894152875858831 ) ) ;
#5508 = UNCERTAINTY_MEASURE_WITH_UNIT (LENGTH_MEASURE( 1.000000000000000082E-05 ), #7848, 'distance_accuracy_value', 'NONE');
#5509 = CARTESIAN_POINT ( 'NONE',  ( 1.135627812543076098, -0.01599267277829009848, -0.01832670521881009373 ) ) ;
#5510 = EDGE_LOOP ( 'NONE', ( #6487, #10362 ) ) ;
#5511 = VERTEX_POINT ( 'NONE', #9420 ) ;
#5512 = DIRECTION ( 'NONE',  ( 0.1978525634517740717, -0.9802317905146525900, -6.907985331341461237E-16 ) ) ;
#5513 = CARTESIAN_POINT ( 'NONE',  ( 1.134799344741029614, 0.1329675254096483739, 0.3561756190388881693 ) ) ;
#5514 = CARTESIAN_POINT ( 'NONE',  ( 1.135093714858782521, 0.1312010836545247638, -0.02225065598624779983 ) ) ;
#5515 = ORIENTED_EDGE ( 'NONE', *, *, #10602, .T. ) ;
#5516 = CARTESIAN_POINT ( 'NONE',  ( 0.7857876820061000522, 0.000000000000000000, 0.3101939685163936922 ) ) ;
#5517 = B_SPLINE_CURVE_WITH_KNOTS ( 'NONE', 1,
 ( #8179, #148 ),
 .UNSPECIFIED., .F., .F.,
 ( 2, 2 ),
 ( 0.000000000000000000, 1.000000000000000000 ),
 .UNSPECIFIED. ) ;
#5518 = VERTEX_POINT ( 'NONE', #9243 ) ;
#5519 = CARTESIAN_POINT ( 'NONE',  ( 1.124305097161523825, 0.1350638588439739551, -0.01658645813400471195 ) ) ;
#5520 = DIRECTION ( 'NONE',  ( 0.1479132948803249248, -0.9890003322535569907, -5.164365088414560997E-16 ) ) ;
#5521 = CYLINDRICAL_SURFACE ( 'NONE', #1851, 0.5999999999999996447 ) ;
#5522 = ORIENTED_EDGE ( 'NONE', *, *, #980, .F. ) ;
#5523 = ORIENTED_EDGE ( 'NONE', *, *, #5320, .T. ) ;
#5524 = CARTESIAN_POINT ( 'NONE',  ( 1.127379515499968621, 0.1717245589137644801, 0.02984109641602177357 ) ) ;
#5525 = FILL_AREA_STYLE ('',( #9875 ) ) ;
#5526 = PRESENTATION_LAYER_ASSIGNMENT (  '', '', ( #7722 ) ) ;
#5527 = DIRECTION ( 'NONE',  ( 1.000000000000000000, 0.000000000000000000, 0.000000000000000000 ) ) ;
#5528 = DIRECTION ( 'NONE',  ( 0.1039777007340410425, -0.9945796286623118654, -3.630362017687202924E-16 ) ) ;
#5529 = B_SPLINE_CURVE_WITH_KNOTS ( 'NONE', 3,
 ( #9527, #1610, #7548, #10350 ),
 .UNSPECIFIED., .F., .F.,
 ( 4, 4 ),
 ( 0.000000000000000000, 1.000000000000000000 ),
 .UNSPECIFIED. ) ;
#5530 = VERTEX_POINT ( 'NONE', #1633 ) ;
#5531 = CARTESIAN_POINT ( 'NONE',  ( 0.3357876820061016510, 0.000000000000000000, 0.3561756190388909449 ) ) ;
#5532 = CIRCLE ( 'NONE', #7000, 0.8000000000000000444 ) ;
#5533 = DIRECTION ( 'NONE',  ( -1.000000000000000000, 0.000000000000000000, 3.491481338843133355E-15 ) ) ;
#5534 = CARTESIAN_POINT ( 'NONE',  ( 1.131833071988907813, 0.1497361288305017191, -0.01069176758524857315 ) ) ;
#5535 =( GEOMETRIC_REPRESENTATION_CONTEXT ( 3 ) GLOBAL_UNCERTAINTY_ASSIGNED_CONTEXT ( ( #10297 ) ) GLOBAL_UNIT_ASSIGNED_CONTEXT ( ( #7409, #8019, #5449 ) ) REPRESENTATION_CONTEXT ( 'NONE', 'WORKASPACE' ) );
#5536 = SURFACE_STYLE_FILL_AREA ( #2068 ) ;
#5537 = UNCERTAINTY_MEASURE_WITH_UNIT (LENGTH_MEASURE( 1.000000000000000082E-05 ), #2417, 'distance_accuracy_value', 'NONE');
#5538 = CARTESIAN_POINT ( 'NONE',  ( 1.136239380271984789, 0.1240308012262917037, 0.05654591100386107544 ) ) ;
#5539 = CARTESIAN_POINT ( 'NONE',  ( 0.3357876820061014844, 0.4499999999999985678, 0.3101939685163953020 ) ) ;
#5540 = CARTESIAN_POINT ( 'NONE',  ( 1.130932863621142870, -0.08800079632810978159, 0.01013760047613253626 ) ) ;
#5541 =( LENGTH_UNIT ( ) NAMED_UNIT ( * ) SI_UNIT ( .MILLI., .METRE. ) );
#5542 = EDGE_LOOP ( 'NONE', ( #8065, #8096, #11269, #10475 ) ) ;
#5543 = B_SPLINE_SURFACE_WITH_KNOTS ( 'NONE', 1, 3, ( 
 ( #394, #9924, #3803, #10731 ),
 ( #2102, #5519, #1329, #5569 ) ),
 .UNSPECIFIED., .F., .F., .F.,
 ( 2, 2 ),
 ( 4, 4 ),
 ( 0.000000000000000000, 1.000000000000000000 ),
 ( 0.000000000000000000, 1.000000000000000000 ),
 .UNSPECIFIED. ) ;
#5544 = ORIENTED_EDGE ( 'NONE', *, *, #1360, .T. ) ;
#5545 = LINE ( 'NONE', #4698, #546 ) ;
#5546 = EDGE_LOOP ( 'NONE', ( #3486, #1828, #1544, #6227, #10105, #3842, #4760 ) ) ;
#5547 = PRESENTATION_STYLE_ASSIGNMENT (( #1176 ) ) ;
#5548 = VECTOR ( 'NONE', #4383, 1000.000000000000000 ) ;
#5549 = CARTESIAN_POINT ( 'NONE',  ( 0.3357876820061001522, 0.000000000000000000, -0.07980603148360476684 ) ) ;
#5550 = EDGE_CURVE ( 'NONE', #5727, #8229, #8409, .T. ) ;
#5551 = VERTEX_POINT ( 'NONE', #11107 ) ;
#5552 = ADVANCED_FACE ( 'NONE', ( #606 ), #3487, .F. ) ;
#5553 = CARTESIAN_POINT ( 'NONE',  ( 0.3357876820061003187, 0.000000000000000000, -0.02595792449772550692 ) ) ;
#5554 = CARTESIAN_POINT ( 'NONE',  ( 1.135345867700616518, 0.02658397428703672752, -0.01217842026157462190 ) ) ;
#5555 = DIRECTION ( 'NONE',  ( 3.491481338843133355E-15, -0.000000000000000000, 1.000000000000000000 ) ) ;
#5556 = ORIENTED_EDGE ( 'NONE', *, *, #5822, .T. ) ;
#5557 = VERTEX_POINT ( 'NONE', #1581 ) ;
#5558 = EDGE_CURVE ( 'NONE', #150, #6311, #4019, .T. ) ;
#5559 = DIRECTION ( 'NONE',  ( 3.491481338843133355E-15, -0.000000000000000000, 1.000000000000000000 ) ) ;
#5560 = CARTESIAN_POINT ( 'NONE',  ( 1.113505489076544341, 0.1874967001457347460, -0.02230649118532043035 ) ) ;
#5561 = EDGE_CURVE ( 'NONE', #10681, #630, #736, .T. ) ;
#5562 = CARTESIAN_POINT ( 'NONE',  ( 1.135221185961123203, -0.03010158614311257697, -0.02335076267855941065 ) ) ;
#5563 = CARTESIAN_POINT ( 'NONE',  ( 1.126166598782286865, 0.1772037469008553301, 0.05263882507410108658 ) ) ;
#5564 = CARTESIAN_POINT ( 'NONE',  ( 1.126371743042100526, 0.1762992194188011119, 0.04780725476731935430 ) ) ;
#5565 = EDGE_LOOP ( 'NONE', ( #6361, #30 ) ) ;
#5566 = CARTESIAN_POINT ( 'NONE',  ( 1.135015664739046359, 0.03606302546391849245, -0.02488043157946841569 ) ) ;
#5567 = EDGE_CURVE ( 'NONE', #2214, #1915, #2212, .T. ) ;
#5568 = ORIENTED_EDGE ( 'NONE', *, *, #3816, .F. ) ;
#5569 = CARTESIAN_POINT ( 'NONE',  ( 1.123826341834216258, 0.1378226056070158689, -0.01795096983524133508 ) ) ;
#5570 = PRESENTATION_STYLE_ASSIGNMENT (( #3973 ) ) ;
#5571 = DIRECTION ( 'NONE',  ( 3.491481338843133355E-15, -0.000000000000000000, 1.000000000000000000 ) ) ;
#5572 = EDGE_LOOP ( 'NONE', ( #830, #9333, #9391, #5369 ) ) ;
#5573 = ORIENTED_EDGE ( 'NONE', *, *, #687, .F. ) ;
#5574 = SURFACE_SIDE_STYLE ('',( #1208 ) ) ;
#5575 = CARTESIAN_POINT ( 'NONE',  ( 1.134653603759400831, 0.04296145020979336149, -0.02146469328769077395 ) ) ;
#5576 = EDGE_CURVE ( 'NONE', #11185, #420, #2761, .T. ) ;
#5577 =( LENGTH_UNIT ( ) NAMED_UNIT ( * ) SI_UNIT ( .MILLI., .METRE. ) );
#5578 = CARTESIAN_POINT ( 'NONE',  ( 0.3357876820061003187, 0.000000000000000000, -0.02595792449772523630 ) ) ;
#5579 = ORIENTED_EDGE ( 'NONE', *, *, #10480, .F. ) ;
#5580 = CARTESIAN_POINT ( 'NONE',  ( 1.119586074144408139, 0.2043528333089706106, 0.03361119833001464247 ) ) ;
#5581 = CARTESIAN_POINT ( 'NONE',  ( 1.129567026625342141, 0.09957083938507038656, 0.002385712559676829523 ) ) ;
#5582 = MECHANICAL_DESIGN_GEOMETRIC_PRESENTATION_REPRESENTATION (  '', ( #9037 ), #10390 ) ;
#5583 = SURFACE_STYLE_FILL_AREA ( #2113 ) ;
#5584 = CARTESIAN_POINT ( 'NONE',  ( 0.3357876820061003187, 0.000000000000000000, -0.02230649118531804337 ) ) ;
#5585 = AXIS2_PLACEMENT_3D ( 'NONE', #3235, #9184, #2297 ) ;
#5586 = CARTESIAN_POINT ( 'NONE',  ( 1.130932863621142870, -0.08800079632810978159, 0.01013760047613253626 ) ) ;
#5587 =( NAMED_UNIT ( * ) PLANE_ANGLE_UNIT ( ) SI_UNIT ( $, .RADIAN. ) );
#5588 = DIRECTION ( 'NONE',  ( 3.491481338843133355E-15, -0.000000000000000000, 1.000000000000000000 ) ) ;
#5589 = CARTESIAN_POINT ( 'NONE',  ( 1.135341911966128770, 0.1296656502985555348, -0.01046252961891066743 ) ) ;
#5590 = CARTESIAN_POINT ( 'NONE',  ( 1.134848653310044808, -0.03875002114575430007, -0.04109815672384141416 ) ) ;
#5591 = VERTEX_POINT ( 'NONE', #9718 ) ;
#5592 = VERTEX_POINT ( 'NONE', #5327 ) ;
#5593 = SURFACE_SIDE_STYLE ('',( #8062 ) ) ;
#5594 = ORIENTED_EDGE ( 'NONE', *, *, #4862, .T. ) ;
#5595 = ORIENTED_EDGE ( 'NONE', *, *, #7726, .T. ) ;
#5596 = UNCERTAINTY_MEASURE_WITH_UNIT (LENGTH_MEASURE( 1.000000000000000082E-05 ), #9425, 'distance_accuracy_value', 'NONE');
#5597 = CARTESIAN_POINT ( 'NONE',  ( 1.134599261486903155, -0.04357920304417915031, -0.02632864455986023283 ) ) ;
#5598 = DIRECTION ( 'NONE',  ( 1.000000000000000000, 0.000000000000000000, -3.488520879062155587E-15 ) ) ;
#5599 = CARTESIAN_POINT ( 'NONE',  ( 1.116515776528856030, 0.2157968156878995736, -0.01614917823299923810 ) ) ;
#5600 = ORIENTED_EDGE ( 'NONE', *, *, #3781, .F. ) ;
#5601 = PRESENTATION_LAYER_ASSIGNMENT (  '', '', ( #4299 ) ) ;
#5602 = CARTESIAN_POINT ( 'NONE',  ( 0.3357876820061007628, 0.000000000000000000, 0.1101939685163951937 ) ) ;
#5603 = B_SPLINE_CURVE_WITH_KNOTS ( 'NONE', 3,
 ( #2881, #5396, #8917, #9036 ),
 .UNSPECIFIED., .F., .F.,
 ( 4, 4 ),
 ( 0.1749987043788165664, 1.000000000000000000 ),
 .UNSPECIFIED. ) ;
#5604 = CARTESIAN_POINT ( 'NONE',  ( 1.117362076628753309, 0.1707087158590141762, -0.009944015172426261262 ) ) ;
#5605 = CARTESIAN_POINT ( 'NONE',  ( 1.127246072664103149, 0.1166031991824709041, -0.02471730568019605417 ) ) ;
#5606 = CARTESIAN_POINT ( 'NONE',  ( 1.136198988591870851, 0.1242861364602059621, 0.05288076434119345220 ) ) ;
#5607 = VERTEX_POINT ( 'NONE', #77 ) ;
#5608 = ORIENTED_EDGE ( 'NONE', *, *, #3058, .F. ) ;
#5609 = CARTESIAN_POINT ( 'NONE',  ( 1.127087877727024567, 0.1176651823800919372, -0.01990106813240115347 ) ) ;
#5610 = CARTESIAN_POINT ( 'NONE',  ( 1.117083350185325674, 0.2137219663122577329, -0.01896685498166574002 ) ) ;
#5611 = EDGE_CURVE ( 'NONE', #9389, #10660, #7099, .T. ) ;
#5612 = CARTESIAN_POINT ( 'NONE',  ( 1.135540894114048793, 0.02013574230762165893, 0.04156497296690697674 ) ) ;
#5613 =( NAMED_UNIT ( * ) PLANE_ANGLE_UNIT ( ) SI_UNIT ( $, .RADIAN. ) );
#5614 =( LENGTH_UNIT ( ) NAMED_UNIT ( * ) SI_UNIT ( .MILLI., .METRE. ) );
#5615 = CARTESIAN_POINT ( 'NONE',  ( 1.135477945782553677, 0.02225942544512677507, 0.05363107046182945953 ) ) ;
#5616 = CIRCLE ( 'NONE', #8886, 0.5899999999999997469 ) ;
#5617 = ORIENTED_EDGE ( 'NONE', *, *, #897, .F. ) ;
#5618 = FACE_OUTER_BOUND ( 'NONE', #6346, .T. ) ;
#5619 = CARTESIAN_POINT ( 'NONE',  ( 1.144445989228026317, -0.04660195447585541856, 0.04657192071257245519 ) ) ;
#5620 = ORIENTED_EDGE ( 'NONE', *, *, #10477, .T. ) ;
#5621 = SURFACE_STYLE_FILL_AREA ( #10837 ) ;
#5622 = SURFACE_SIDE_STYLE ('',( #10287 ) ) ;
#5623 = ORIENTED_EDGE ( 'NONE', *, *, #5234, .T. ) ;
#5624 = VERTEX_POINT ( 'NONE', #7951 ) ;
#5625 = CIRCLE ( 'NONE', #3075, 0.7999999999999998224 ) ;
#5626 = STYLED_ITEM ( 'NONE', ( #5101 ), #5481 ) ;
#5627 = CARTESIAN_POINT ( 'NONE',  ( 1.116292337304989335, 0.2165928970598124670, -0.02147007775802343282 ) ) ;
#5628 = CARTESIAN_POINT ( 'NONE',  ( 1.135713020558304587, 0.01117987392333836920, 0.008847227779120576258 ) ) ;
#5629 =( GEOMETRIC_REPRESENTATION_CONTEXT ( 3 ) GLOBAL_UNCERTAINTY_ASSIGNED_CONTEXT ( ( #9150 ) ) GLOBAL_UNIT_ASSIGNED_CONTEXT ( ( #7469, #1648, #4887 ) ) REPRESENTATION_CONTEXT ( 'NONE', 'WORKASPACE' ) );
#5630 = B_SPLINE_CURVE_WITH_KNOTS ( 'NONE', 3,
 ( #11249, #6900, #4411, #4286 ),
 .UNSPECIFIED., .F., .F.,
 ( 4, 4 ),
 ( 0.000000000000000000, 0.9996274739382458030 ),
 .UNSPECIFIED. ) ;
#5631 = VECTOR ( 'NONE', #5246, 1000.000000000000000 ) ;
#5632 = CARTESIAN_POINT ( 'NONE',  ( 1.123716896442006563, 0.1384602968014192192, -0.02577319815974396869 ) ) ;
#5633 = VECTOR ( 'NONE', #1415, 1000.000000000000000 ) ;
#5634 = VERTEX_POINT ( 'NONE', #5163 ) ;
#5635 = CARTESIAN_POINT ( 'NONE',  ( 1.100122005144568815, 0.2362055089799126872, 0.006069894152875912607 ) ) ;
#5636 = CARTESIAN_POINT ( 'NONE',  ( 1.134837590969379972, -0.03897746766754540265, -0.009673564070785820729 ) ) ;
#5637 = B_SPLINE_CURVE_WITH_KNOTS ( 'NONE', 3,
 ( #6248, #152, #9731, #1831 ),
 .UNSPECIFIED., .F., .F.,
 ( 4, 4 ),
 ( 0.000000000000000000, 1.000000000000000000 ),
 .UNSPECIFIED. ) ;
#5638 = LINE ( 'NONE', #4801, #3488 ) ;
#5639 = CARTESIAN_POINT ( 'NONE',  ( 1.135689445312755952, 0.01466111094627079760, 0.05975944187187858664 ) ) ;
#5640 =( GEOMETRIC_REPRESENTATION_CONTEXT ( 3 ) GLOBAL_UNCERTAINTY_ASSIGNED_CONTEXT ( ( #481 ) ) GLOBAL_UNIT_ASSIGNED_CONTEXT ( ( #11052, #6531, #10998 ) ) REPRESENTATION_CONTEXT ( 'NONE', 'WORKASPACE' ) );
#5641 = MECHANICAL_DESIGN_GEOMETRIC_PRESENTATION_REPRESENTATION (  '', ( #8200 ), #928 ) ;
#5642 =( NAMED_UNIT ( * ) PLANE_ANGLE_UNIT ( ) SI_UNIT ( $, .RADIAN. ) );
#5643 = FACE_OUTER_BOUND ( 'NONE', #5047, .T. ) ;
#5644 = DIRECTION ( 'NONE',  ( 0.9922241807740517228, 0.1244635492313379554, -3.464332211121517264E-15 ) ) ;
#5645 = CARTESIAN_POINT ( 'NONE',  ( 1.107461245603743150, 0.2109974199949253004, -0.0006271292766393669373 ) ) ;
#5646 = DIRECTION ( 'NONE',  ( 0.9830484531421046501, 0.1833459538002277789, -3.432295329324266711E-15 ) ) ;
#5647 = ORIENTED_EDGE ( 'NONE', *, *, #9325, .T. ) ;
#5648 = VERTEX_POINT ( 'NONE', #2607 ) ;
#5649 = COLOUR_RGB ( '',0.000000000000000000, 0.000000000000000000, 0.000000000000000000 ) ;
#5650 = DIRECTION ( 'NONE',  ( 0.9855726018287297441, 0.1692532024055914686, -3.441108347360083608E-15 ) ) ;
#5651 = ORIENTED_EDGE ( 'NONE', *, *, #4000, .F. ) ;
#5652 = CARTESIAN_POINT ( 'NONE',  ( 1.130266877296123740, 0.1578076021687488673, -0.02214147082272872186 ) ) ;
#5653 = AXIS2_PLACEMENT_3D ( 'NONE', #4325, #967, #3516 ) ;
#5654 = EDGE_CURVE ( 'NONE', #1377, #4402, #3085, .T. ) ;
#5655 = CARTESIAN_POINT ( 'NONE',  ( 1.134731150714559877, 0.1333998740844566655, -0.02298835936058858664 ) ) ;
#5656 = FILL_AREA_STYLE ('',( #2927 ) ) ;
#5657 = MECHANICAL_DESIGN_GEOMETRIC_PRESENTATION_REPRESENTATION (  '', ( #3121 ), #738 ) ;
#5658 = CARTESIAN_POINT ( 'NONE',  ( 1.145637000818259699, 0.01560970345644753857, -0.01202446129206988235 ) ) ;
#5659 = ORIENTED_EDGE ( 'NONE', *, *, #1327, .T. ) ;
#5660 =( NAMED_UNIT ( * ) SI_UNIT ( $, .STERADIAN. ) SOLID_ANGLE_UNIT ( ) );
#5661 = SURFACE_SIDE_STYLE ('',( #433 ) ) ;
#5662 = FILL_AREA_STYLE ('',( #5763 ) ) ;
#5663 = VECTOR ( 'NONE', #5158, 1000.000000000000000 ) ;
#5664 = VERTEX_POINT ( 'NONE', #10541 ) ;
#5665 = VERTEX_POINT ( 'NONE', #11266 ) ;
#5666 = DIRECTION ( 'NONE',  ( 3.491481338843133355E-15, 0.000000000000000000, 1.000000000000000000 ) ) ;
#5667 =( NAMED_UNIT ( * ) SI_UNIT ( $, .STERADIAN. ) SOLID_ANGLE_UNIT ( ) );
#5668 = CARTESIAN_POINT ( 'NONE',  ( 1.128301182461124874, 0.1091895214593594649, -0.01660829032125828511 ) ) ;
#5669 = B_SPLINE_CURVE_WITH_KNOTS ( 'NONE', 3,
 ( #1860, #5318, #1002, #6219 ),
 .UNSPECIFIED., .F., .F.,
 ( 4, 4 ),
 ( 0.000000000000000000, 1.000000000000000000 ),
 .UNSPECIFIED. ) ;
#5670 =( GEOMETRIC_REPRESENTATION_CONTEXT ( 3 ) GLOBAL_UNCERTAINTY_ASSIGNED_CONTEXT ( ( #5730 ) ) GLOBAL_UNIT_ASSIGNED_CONTEXT ( ( #4514, #6323, #55 ) ) REPRESENTATION_CONTEXT ( 'NONE', 'WORKASPACE' ) );
#5671 = LINE ( 'NONE', #1590, #41 ) ;
#5672 = CARTESIAN_POINT ( 'NONE',  ( 1.120872059137890009, 0.1537612460394031932, -0.02590880207654016470 ) ) ;
#5673 = CARTESIAN_POINT ( 'NONE',  ( 1.145840905857930636, -0.005435219844678765115, -0.01043260197846403517 ) ) ;
#5674 = ORIENTED_EDGE ( 'NONE', *, *, #256, .T. ) ;
#5675 = FILL_AREA_STYLE ('',( #10728 ) ) ;
#5676 = FILL_AREA_STYLE ('',( #9976 ) ) ;
#5677 = ORIENTED_EDGE ( 'NONE', *, *, #9747, .T. ) ;
#5678 = PRESENTATION_STYLE_ASSIGNMENT (( #6367 ) ) ;
#5679 = FILL_AREA_STYLE ('',( #8257 ) ) ;
#5680 = CARTESIAN_POINT ( 'NONE',  ( 1.128445746679467065, 0.1081350660436884437, -0.01950651317458667461 ) ) ;
#5681 = VERTEX_POINT ( 'NONE', #1869 ) ;
#5682 =( GEOMETRIC_REPRESENTATION_CONTEXT ( 3 ) GLOBAL_UNCERTAINTY_ASSIGNED_CONTEXT ( ( #11013 ) ) GLOBAL_UNIT_ASSIGNED_CONTEXT ( ( #7231, #8307, #8918 ) ) REPRESENTATION_CONTEXT ( 'NONE', 'WORKASPACE' ) );
#5683 = EDGE_LOOP ( 'NONE', ( #835, #733, #5928, #2735 ) ) ;
#5684 = B_SPLINE_CURVE_WITH_KNOTS ( 'NONE', 1,
 ( #9590, #1793 ),
 .UNSPECIFIED., .F., .F.,
 ( 2, 2 ),
 ( 0.000000000000000000, 1.000000000000000000 ),
 .UNSPECIFIED. ) ;
#5685 = CARTESIAN_POINT ( 'NONE',  ( 1.138704937510275794, 0.1068825561709821209, 0.04050471144449681316 ) ) ;
#5686 = EDGE_CURVE ( 'NONE', #1247, #9989, #1268, .T. ) ;
#5687 = UNCERTAINTY_MEASURE_WITH_UNIT (LENGTH_MEASURE( 1.000000000000000082E-05 ), #2221, 'distance_accuracy_value', 'NONE');
#5688 = DIRECTION ( 'NONE',  ( 3.491481338843133355E-15, -0.000000000000000000, 1.000000000000000000 ) ) ;
#5689 = ORIENTED_EDGE ( 'NONE', *, *, #9203, .T. ) ;
#5690 = EDGE_CURVE ( 'NONE', #11228, #4723, #10584, .T. ) ;
#5691 = UNCERTAINTY_MEASURE_WITH_UNIT (LENGTH_MEASURE( 1.000000000000000082E-05 ), #8361, 'distance_accuracy_value', 'NONE');
#5692 = EDGE_CURVE ( 'NONE', #5474, #2863, #5382, .T. ) ;
#5693 = CARTESIAN_POINT ( 'NONE',  ( 1.135713020558304587, 0.01117987392333836920, 0.008847227779120576258 ) ) ;
#5694 = DIRECTION ( 'NONE',  ( 0.9855726018287297441, 0.1692532024055916906, -3.441108347360083608E-15 ) ) ;
#5695 = CARTESIAN_POINT ( 'NONE',  ( 1.135373315728008592, 0.1294714232436851020, -0.007387570578803404932 ) ) ;
#5696 = FILL_AREA_STYLE_COLOUR ( '', #8566 ) ;
#5697 = SURFACE_STYLE_USAGE ( .BOTH. , #4690 ) ;
#5698 = ADVANCED_FACE ( 'NONE', ( #10433 ), #2767, .T. ) ;
#5699 = CARTESIAN_POINT ( 'NONE',  ( 1.115795774803377771, 0.1777504452892488540, 0.04961863878204128553 ) ) ;
#5700 = VERTEX_POINT ( 'NONE', #10372 ) ;
#5701 = STYLED_ITEM ( 'NONE', ( #7175 ), #8970 ) ;
#5702 = VERTEX_POINT ( 'NONE', #10593 ) ;
#5703 = CARTESIAN_POINT ( 'NONE',  ( 1.121153701835583716, 0.1512753176245734410, -0.008814199483975996424 ) ) ;
#5704 =( GEOMETRIC_REPRESENTATION_CONTEXT ( 3 ) GLOBAL_UNCERTAINTY_ASSIGNED_CONTEXT ( ( #7490 ) ) GLOBAL_UNIT_ASSIGNED_CONTEXT ( ( #2729, #6884, #1884 ) ) REPRESENTATION_CONTEXT ( 'NONE', 'WORKASPACE' ) );
#5705 = FACE_OUTER_BOUND ( 'NONE', #8014, .T. ) ;
#5706 = CARTESIAN_POINT ( 'NONE',  ( 1.120970850392186247, 0.1532689169158709119, -0.01454514862892915088 ) ) ;
#5707 = CARTESIAN_POINT ( 'NONE',  ( 1.144611176949598130, -0.04373554200876692694, 0.05016323813100345697 ) ) ;
#5708 = EDGE_CURVE ( 'NONE', #10393, #9798, #4796, .T. ) ;
#5709 = PRESENTATION_STYLE_ASSIGNMENT (( #10007 ) ) ;
#5710 = CARTESIAN_POINT ( 'NONE',  ( 1.109676184183799652, 0.2391580778421615872, 0.006069894152875858831 ) ) ;
#5711 = VERTEX_POINT ( 'NONE', #7784 ) ;
#5712 = UNCERTAINTY_MEASURE_WITH_UNIT (LENGTH_MEASURE( 1.000000000000000082E-05 ), #10782, 'distance_accuracy_value', 'NONE');
#5713 = CIRCLE ( 'NONE', #9000, 0.8100000000000001643 ) ;
#5714 =( NAMED_UNIT ( * ) PLANE_ANGLE_UNIT ( ) SI_UNIT ( $, .RADIAN. ) );
#5715 = DIRECTION ( 'NONE',  ( 0.9597571425647740684, 0.2808313146639812019, -3.350015306390758235E-15 ) ) ;
#5716 = VERTEX_POINT ( 'NONE', #7838 ) ;
#5717 = VERTEX_POINT ( 'NONE', #17 ) ;
#5718 = DIRECTION ( 'NONE',  ( 0.9721472588380549729, 0.2343708751821683978, -3.394234012840574526E-15 ) ) ;
#5719 =( NAMED_UNIT ( * ) PLANE_ANGLE_UNIT ( ) SI_UNIT ( $, .RADIAN. ) );
#5720 = B_SPLINE_CURVE_WITH_KNOTS ( 'NONE', 3,
 ( #1961, #4811, #4586, #3656 ),
 .UNSPECIFIED., .F., .F.,
 ( 4, 4 ),
 ( 0.000000000000000000, 1.000000000000000000 ),
 .UNSPECIFIED. ) ;
#5721 = PLANE ( 'NONE',  #8074 ) ;
#5722 =( NAMED_UNIT ( * ) PLANE_ANGLE_UNIT ( ) SI_UNIT ( $, .RADIAN. ) );
#5723 = FACE_OUTER_BOUND ( 'NONE', #3562, .T. ) ;
#5724 = EDGE_CURVE ( 'NONE', #7902, #10183, #2660, .T. ) ;
#5725 = CARTESIAN_POINT ( 'NONE',  ( 0.3357876820061005962, 0.000000000000000000, 0.05687885185883657241 ) ) ;
#5726 = ORIENTED_EDGE ( 'NONE', *, *, #8170, .T. ) ;
#5727 = VERTEX_POINT ( 'NONE', #4528 ) ;
#5728 = CARTESIAN_POINT ( 'NONE',  ( 1.123118058767074157, 0.1418128267450560198, -0.007471519969934293723 ) ) ;
#5729 = CARTESIAN_POINT ( 'NONE',  ( 1.129679622547766993, 0.09866907693389463663, -0.009698403066271807024 ) ) ;
#5730 = UNCERTAINTY_MEASURE_WITH_UNIT (LENGTH_MEASURE( 1.000000000000000082E-05 ), #4514, 'distance_accuracy_value', 'NONE');
#5731 = ORIENTED_EDGE ( 'NONE', *, *, #2805, .F. ) ;
#5732 = ORIENTED_EDGE ( 'NONE', *, *, #7988, .T. ) ;
#5733 = CARTESIAN_POINT ( 'NONE',  ( 1.138735401195572816, 0.1066534586800852447, 0.02868179413430385280 ) ) ;
#5734 = SURFACE_STYLE_FILL_AREA ( #6786 ) ;
#5735 = DIRECTION ( 'NONE',  ( 0.1328971378585284135, -0.9911298354650672771, -4.640078768187152753E-16 ) ) ;
#5736 = EDGE_LOOP ( 'NONE', ( #8517, #10555, #5689, #11234 ) ) ;
#5737 = MECHANICAL_DESIGN_GEOMETRIC_PRESENTATION_REPRESENTATION (  '', ( #10700 ), #4674 ) ;
#5738 = B_SPLINE_CURVE_WITH_KNOTS ( 'NONE', 3,
 ( #4965, #7640, #8530, #740 ),
 .UNSPECIFIED., .F., .F.,
 ( 4, 4 ),
 ( 0.000000000000000000, 1.000000000000000000 ),
 .UNSPECIFIED. ) ;
#5739 = FILL_AREA_STYLE ('',( #7432 ) ) ;
#5740 = CARTESIAN_POINT ( 'NONE',  ( 1.145738374685335570, 0.008937305434386427425, 0.01287018508051515284 ) ) ;
#5741 = DIRECTION ( 'NONE',  ( 1.000000000000000000, 0.000000000000000000, -3.523657060577889805E-15 ) ) ;
#5742 = EDGE_CURVE ( 'NONE', #4431, #3777, #9687, .T. ) ;
#5743 =( NAMED_UNIT ( * ) SI_UNIT ( $, .STERADIAN. ) SOLID_ANGLE_UNIT ( ) );
#5744 = B_SPLINE_SURFACE_WITH_KNOTS ( 'NONE', 1, 3, ( 
 ( #1317, #4829, #8871, #7457 ),
 ( #6700, #10929, #1944, #1090 ) ),
 .UNSPECIFIED., .F., .F., .F.,
 ( 2, 2 ),
 ( 4, 4 ),
 ( 0.000000000000000000, 1.000000000000000000 ),
 ( 0.000000000000000000, 1.000000000000000000 ),
 .UNSPECIFIED. ) ;
#5745 = B_SPLINE_CURVE_WITH_KNOTS ( 'NONE', 1,
 ( #10397, #2572 ),
 .UNSPECIFIED., .F., .F.,
 ( 2, 2 ),
 ( 0.000000000000000000, 1.000000000000000000 ),
 .UNSPECIFIED. ) ;
#5746 = FILL_AREA_STYLE_COLOUR ( '', #11001 ) ;
#5747 = PRESENTATION_STYLE_ASSIGNMENT (( #9293 ) ) ;
#5748 = CIRCLE ( 'NONE', #3580, 0.8099999999999999423 ) ;
#5749 = EDGE_CURVE ( 'NONE', #7924, #6780, #7301, .T. ) ;
#5750 = ORIENTED_EDGE ( 'NONE', *, *, #7453, .T. ) ;
#5751 = DIRECTION ( 'NONE',  ( 1.000000000000000000, 0.000000000000000000, -3.489775742687717791E-15 ) ) ;
#5752 = ORIENTED_EDGE ( 'NONE', *, *, #7201, .T. ) ;
#5753 = CARTESIAN_POINT ( 'NONE',  ( 1.120388109058279902, 0.1551844382325024141, -0.02027609777406109981 ) ) ;
#5754 = CARTESIAN_POINT ( 'NONE',  ( 1.145039529923154831, -0.03479686173663314869, -0.01078164919049592017 ) ) ;
#5755 = CARTESIAN_POINT ( 'NONE',  ( 1.134837590969379972, -0.03897746766754540265, -0.009673564070785820729 ) ) ;
#5756 = EDGE_CURVE ( 'NONE', #9963, #10142, #10914, .T. ) ;
#5757 = SURFACE_STYLE_USAGE ( .BOTH. , #4816 ) ;
#5758 = EDGE_CURVE ( 'NONE', #9133, #9382, #8007, .T. ) ;
#5759 = SURFACE_STYLE_FILL_AREA ( #425 ) ;
#5760 = DIRECTION ( 'NONE',  ( 3.491481338843133355E-15, 0.000000000000000000, 1.000000000000000000 ) ) ;
#5761 = VERTEX_POINT ( 'NONE', #10003 ) ;
#5762 =( NAMED_UNIT ( * ) PLANE_ANGLE_UNIT ( ) SI_UNIT ( $, .RADIAN. ) );
#5763 = FILL_AREA_STYLE_COLOUR ( '', #2020 ) ;
#5764 = ORIENTED_EDGE ( 'NONE', *, *, #1880, .F. ) ;
#5765 = ORIENTED_EDGE ( 'NONE', *, *, #7325, .F. ) ;
#5766 = CARTESIAN_POINT ( 'NONE',  ( 1.126317533948270500, 0.1227506876590523099, 0.05288127678556241856 ) ) ;
#5767 = SURFACE_STYLE_USAGE ( .BOTH. , #5406 ) ;
#5768 = CARTESIAN_POINT ( 'NONE',  ( 1.123002786846800660, 0.1424520235744427821, -0.01847494232841575060 ) ) ;
#5769 = EDGE_CURVE ( 'NONE', #1261, #45, #5545, .T. ) ;
#5770 = CARTESIAN_POINT ( 'NONE',  ( 1.135041350207019351, 0.03454813840680420051, 0.03564162355583494479 ) ) ;
#5771 = CARTESIAN_POINT ( 'NONE',  ( 1.125513973504025378, 0.1801146001866258117, 0.03292846675355365349 ) ) ;
#5772 =( LENGTH_UNIT ( ) NAMED_UNIT ( * ) SI_UNIT ( .MILLI., .METRE. ) );
#5773 = CARTESIAN_POINT ( 'NONE',  ( 1.128022733032706171, 0.1112301223996088329, -0.002738536148024482177 ) ) ;
#5774 = CARTESIAN_POINT ( 'NONE',  ( 1.127322177331214537, 0.1160958597210904192, -0.01173425452441511502 ) ) ;
#5775 = PLANE ( 'NONE',  #10752 ) ;
#5776 =( NAMED_UNIT ( * ) PLANE_ANGLE_UNIT ( ) SI_UNIT ( $, .RADIAN. ) );
#5777 = CARTESIAN_POINT ( 'NONE',  ( 1.134158670044206119, -0.05102710514088796417, 0.03336449143510916010 ) ) ;
#5778 =( NAMED_UNIT ( * ) PLANE_ANGLE_UNIT ( ) SI_UNIT ( $, .RADIAN. ) );
#5779 = ORIENTED_EDGE ( 'NONE', *, *, #4418, .T. ) ;
#5780 = B_SPLINE_CURVE_WITH_KNOTS ( 'NONE', 1,
 ( #731, #7693 ),
 .UNSPECIFIED., .F., .F.,
 ( 2, 2 ),
 ( 0.000000000000000000, 1.000000000000000000 ),
 .UNSPECIFIED. ) ;
#5781 = ORIENTED_EDGE ( 'NONE', *, *, #4144, .F. ) ;
#5782 = CARTESIAN_POINT ( 'NONE',  ( 1.129254376888761957, 0.1255191162987925602, 0.05610926725935866388 ) ) ;
#5783 = LINE ( 'NONE', #3337, #8754 ) ;
#5784 = CARTESIAN_POINT ( 'NONE',  ( 0.3357876820061004852, 0.000000000000000000, 0.02485103320823232875 ) ) ;
#5785 = CARTESIAN_POINT ( 'NONE',  ( 1.127001148571876055, 0.1734814462111104183, 0.05522422003818178160 ) ) ;
#5786 = VECTOR ( 'NONE', #7925, 1000.000000000000000 ) ;
#5787 = ADVANCED_FACE ( 'NONE', ( #9067 ), #9498, .T. ) ;
#5788 = B_SPLINE_CURVE_WITH_KNOTS ( 'NONE', 1,
 ( #3771, #9946 ),
 .UNSPECIFIED., .F., .F.,
 ( 2, 2 ),
 ( 0.000000000000000000, 1.000000000000000000 ),
 .UNSPECIFIED. ) ;
#5789 = FACE_OUTER_BOUND ( 'NONE', #1024, .T. ) ;
#5790 = VERTEX_POINT ( 'NONE', #9773 ) ;
#5791 = CARTESIAN_POINT ( 'NONE',  ( 1.110998937974702283, 0.1976044245951581180, 0.05687885185883385930 ) ) ;
#5792 =( NAMED_UNIT ( * ) PLANE_ANGLE_UNIT ( ) SI_UNIT ( $, .RADIAN. ) );
#5793 = COLOUR_RGB ( '',0.000000000000000000, 0.000000000000000000, 0.000000000000000000 ) ;
#5794 =( LENGTH_UNIT ( ) NAMED_UNIT ( * ) SI_UNIT ( .MILLI., .METRE. ) );
#5795 = STYLED_ITEM ( 'NONE', ( #8658 ), #1339 ) ;
#5796 = DIRECTION ( 'NONE',  ( 3.491481338843133355E-15, -0.000000000000000000, 1.000000000000000000 ) ) ;
#5797 = CARTESIAN_POINT ( 'NONE',  ( 1.109909550784675902, 0.2018299588236746600, 0.03361119833001464247 ) ) ;
#5798 = PRESENTATION_LAYER_ASSIGNMENT (  '', '', ( #1641 ) ) ;
#5799 = CARTESIAN_POINT ( 'NONE',  ( 1.124793983765622452, 0.1321711811524567126, -0.008153775820486847126 ) ) ;
#5800 = STYLED_ITEM ( 'NONE', ( #2956 ), #6952 ) ;
#5801 =( LENGTH_UNIT ( ) NAMED_UNIT ( * ) SI_UNIT ( .MILLI., .METRE. ) );
#5802 = COLOUR_RGB ( '',0.000000000000000000, 0.000000000000000000, 0.000000000000000000 ) ;
#5803 = CARTESIAN_POINT ( 'NONE',  ( 1.144825714831421148, -0.03946468601338972565, -0.009673564070785876240 ) ) ;
#5804 = CARTESIAN_POINT ( 'NONE',  ( 0.7357876820061025613, 4.898587196589413075E-17, 0.6101939685163939586 ) ) ;
#5805 = VERTEX_POINT ( 'NONE', #9016 ) ;
#5806 = DIRECTION ( 'NONE',  ( 0.9758521541348055273, 0.2184320793071835021, -3.407169585631546441E-15 ) ) ;
#5807 = EDGE_CURVE ( 'NONE', #9022, #6215, #5720, .T. ) ;
#5808 = VERTEX_POINT ( 'NONE', #9830 ) ;
#5809 = MECHANICAL_DESIGN_GEOMETRIC_PRESENTATION_REPRESENTATION (  '', ( #9839 ), #8734 ) ;
#5810 = DIRECTION ( 'NONE',  ( 3.491481338843133355E-15, 0.000000000000000000, 1.000000000000000000 ) ) ;
#5811 = COLOUR_RGB ( '',0.000000000000000000, 0.000000000000000000, 0.000000000000000000 ) ;
#5812 = CIRCLE ( 'NONE', #1665, 0.7999999999999999334 ) ;
#5813 = CARTESIAN_POINT ( 'NONE',  ( 1.122059318799187189, 0.1475700280365919992, 0.05687885185883353317 ) ) ;
#5814 = CARTESIAN_POINT ( 'NONE',  ( 1.123766505046832620, 0.1381750671323716817, -0.01397751176132020282 ) ) ;
#5815 = PRESENTATION_LAYER_ASSIGNMENT (  '', '', ( #10416 ) ) ;
#5816 =( GEOMETRIC_REPRESENTATION_CONTEXT ( 3 ) GLOBAL_UNCERTAINTY_ASSIGNED_CONTEXT ( ( #9885 ) ) GLOBAL_UNIT_ASSIGNED_CONTEXT ( ( #9018, #7338, #1298 ) ) REPRESENTATION_CONTEXT ( 'NONE', 'WORKASPACE' ) );
#5817 = CARTESIAN_POINT ( 'NONE',  ( 1.107664560309918889, 0.2102862079699408526, 0.004415262368773968486 ) ) ;
#5818 = AXIS2_PLACEMENT_3D ( 'NONE', #3419, #3548, #5256 ) ;
#5819 = CARTESIAN_POINT ( 'NONE',  ( 1.134462553336397450, -0.04602662170454856205, 0.04657192071257250376 ) ) ;
#5820 = STYLED_ITEM ( 'NONE', ( #3989 ), #7723 ) ;
#5821 =( GEOMETRIC_REPRESENTATION_CONTEXT ( 3 ) GLOBAL_UNCERTAINTY_ASSIGNED_CONTEXT ( ( #4814 ) ) GLOBAL_UNIT_ASSIGNED_CONTEXT ( ( #9373, #8634, #5166 ) ) REPRESENTATION_CONTEXT ( 'NONE', 'WORKASPACE' ) );
#5822 = EDGE_CURVE ( 'NONE', #5711, #79, #16, .T. ) ;
#5823 = CARTESIAN_POINT ( 'NONE',  ( 1.126823327287620025, 0.1194709920921500634, 0.02442796445951853079 ) ) ;
#5824 = ORIENTED_EDGE ( 'NONE', *, *, #3813, .T. ) ;
#5825 = EDGE_CURVE ( 'NONE', #5035, #8499, #428, .T. ) ;
#5826 =( GEOMETRIC_REPRESENTATION_CONTEXT ( 3 ) GLOBAL_UNCERTAINTY_ASSIGNED_CONTEXT ( ( #9502 ) ) GLOBAL_UNIT_ASSIGNED_CONTEXT ( ( #6352, #8857, #10664 ) ) REPRESENTATION_CONTEXT ( 'NONE', 'WORKASPACE' ) );
#5827 = EDGE_CURVE ( 'NONE', #4336, #6630, #2911, .T. ) ;
#5828 = UNCERTAINTY_MEASURE_WITH_UNIT (LENGTH_MEASURE( 1.000000000000000082E-05 ), #5772, 'distance_accuracy_value', 'NONE');
#5829 =( LENGTH_UNIT ( ) NAMED_UNIT ( * ) SI_UNIT ( .MILLI., .METRE. ) );
#5830 = COLOUR_RGB ( '',0.000000000000000000, 0.000000000000000000, 0.000000000000000000 ) ;
#5831 = ORIENTED_EDGE ( 'NONE', *, *, #5913, .F. ) ;
#5832 = ORIENTED_EDGE ( 'NONE', *, *, #9747, .F. ) ;
#5833 = ADVANCED_FACE ( 'NONE', ( #2019 ), #859, .T. ) ;
#5834 =( NAMED_UNIT ( * ) PLANE_ANGLE_UNIT ( ) SI_UNIT ( $, .RADIAN. ) );
#5835 = AXIS2_PLACEMENT_3D ( 'NONE', #7145, #2806, #5486 ) ;
#5836 = SURFACE_STYLE_FILL_AREA ( #7408 ) ;
#5837 = CARTESIAN_POINT ( 'NONE',  ( 1.125961983963937652, 0.1249982900900845767, 0.02617733858181601689 ) ) ;
#5838 = STYLED_ITEM ( 'NONE', ( #4059 ), #4591 ) ;
#5839 = CARTESIAN_POINT ( 'NONE',  ( 1.125081957751246087, 0.1819740263772446076, 0.04127429604397188367 ) ) ;
#5840 = CARTESIAN_POINT ( 'NONE',  ( 1.133915894924601764, 0.1381918364672559130, -0.02322107112763532877 ) ) ;
#5841 = UNCERTAINTY_MEASURE_WITH_UNIT (LENGTH_MEASURE( 1.000000000000000082E-05 ), #2473, 'distance_accuracy_value', 'NONE');
#5842 = CARTESIAN_POINT ( 'NONE',  ( 1.145625814174788593, -0.01619258118801872662, -0.01604956006815403888 ) ) ;
#5843 = CARTESIAN_POINT ( 'NONE',  ( 1.134326209668360841, 0.1358014889222708688, -0.002699452533809399216 ) ) ;
#5844 = AXIS2_PLACEMENT_3D ( 'NONE', #10703, #2861, #10128 ) ;
#5845 = CARTESIAN_POINT ( 'NONE',  ( 1.113061705827880665, 0.1893716616583508983, 0.04620291230638626928 ) ) ;
#5846 = VERTEX_POINT ( 'NONE', #7615 ) ;
#5847 = CARTESIAN_POINT ( 'NONE',  ( 1.131026235449142048, 0.1539338920375195319, -0.03006783374187219429 ) ) ;
#5848 = DIRECTION ( 'NONE',  ( 0.9542716485078126532, 0.2989408316944704436, -3.330957065077536872E-15 ) ) ;
#5849 = DIRECTION ( 'NONE',  ( -1.000000000000000000, 0.000000000000000000, 3.491481338843133355E-15 ) ) ;
#5850 = ORIENTED_EDGE ( 'NONE', *, *, #4559, .F. ) ;
#5851 = B_SPLINE_CURVE_WITH_KNOTS ( 'NONE', 3,
 ( #10311, #2301, #3308, #8401, #5754, #6806 ),
 .UNSPECIFIED., .F., .F.,
 ( 4, 2, 4 ),
 ( 0.000000000000000000, 0.5000000000000000000, 1.000000000000000000 ),
 .UNSPECIFIED. ) ;
#5852 = VERTEX_POINT ( 'NONE', #8453 ) ;
#5853 = CARTESIAN_POINT ( 'NONE',  ( 1.134138524788937730, 0.1368855789261123890, -0.01233463967301203293 ) ) ;
#5854 = FACE_OUTER_BOUND ( 'NONE', #2675, .T. ) ;
#5855 = AXIS2_PLACEMENT_3D ( 'NONE', #684, #7701, #863 ) ;
#5856 = CARTESIAN_POINT ( 'NONE',  ( 1.128772434349800236, 0.1057128440441084671, 0.03722513020254497595 ) ) ;
#5857 = CYLINDRICAL_SURFACE ( 'NONE', #5855, 0.7999999999999999334 ) ;
#5858 = ORIENTED_EDGE ( 'NONE', *, *, #1982, .T. ) ;
#5859 = CARTESIAN_POINT ( 'NONE',  ( 1.145792207741163304, -1.541303978752700535E-05, 0.06457984270910359370 ) ) ;
#5860 = CARTESIAN_POINT ( 'NONE',  ( 1.114970639955905396, 0.2213005152289355681, -0.009534661662203604282 ) ) ;
#5861 = DIRECTION ( 'NONE',  ( 3.491481338843133355E-15, -0.000000000000000000, 1.000000000000000000 ) ) ;
#5862 = CARTESIAN_POINT ( 'NONE',  ( 1.138602848732804818, 0.1076466816654080144, -0.004687916099377473569 ) ) ;
#5863 =( LENGTH_UNIT ( ) NAMED_UNIT ( * ) SI_UNIT ( .MILLI., .METRE. ) );
#5864 = PRESENTATION_STYLE_ASSIGNMENT (( #9350 ) ) ;
#5865 = AXIS2_PLACEMENT_3D ( 'NONE', #10714, #6415, #3782 ) ;
#5866 = SURFACE_STYLE_FILL_AREA ( #4172 ) ;
#5867 = ORIENTED_EDGE ( 'NONE', *, *, #7028, .T. ) ;
#5868 = ORIENTED_EDGE ( 'NONE', *, *, #2280, .F. ) ;
#5869 = FILL_AREA_STYLE_COLOUR ( '', #5984 ) ;
#5870 = STYLED_ITEM ( 'NONE', ( #5079 ), #8893 ) ;
#5871 = CARTESIAN_POINT ( 'NONE',  ( 1.119565156902578851, 0.2044330448946553580, -0.02595792449772794594 ) ) ;
#5872 = CARTESIAN_POINT ( 'NONE',  ( 1.123399543859102456, 0.1891231214538502126, 0.002385712559677208994 ) ) ;
#5873 = PRESENTATION_STYLE_ASSIGNMENT (( #5039 ) ) ;
#5874 = SURFACE_SIDE_STYLE ('',( #6047 ) ) ;
#5875 =( GEOMETRIC_REPRESENTATION_CONTEXT ( 3 ) GLOBAL_UNCERTAINTY_ASSIGNED_CONTEXT ( ( #6316 ) ) GLOBAL_UNIT_ASSIGNED_CONTEXT ( ( #5056, #7579, #4096 ) ) REPRESENTATION_CONTEXT ( 'NONE', 'WORKASPACE' ) );
#5876 = CARTESIAN_POINT ( 'NONE',  ( 1.144825715045680425, -0.03946468162101127858, 0.02994877370923428733 ) ) ;
#5877 = ORIENTED_EDGE ( 'NONE', *, *, #6848, .T. ) ;
#5878 = STYLED_ITEM ( 'NONE', ( #4448 ), #950 ) ;
#5879 = DIRECTION ( 'NONE',  ( -1.000000000000000000, 0.000000000000000000, 3.491481338843133355E-15 ) ) ;
#5880 = DIRECTION ( 'NONE',  ( 3.491481338843133355E-15, -0.000000000000000000, 1.000000000000000000 ) ) ;
#5881 = ORIENTED_EDGE ( 'NONE', *, *, #921, .F. ) ;
#5883 = VERTEX_POINT ( 'NONE', #1455 ) ;
#5882 = UNCERTAINTY_MEASURE_WITH_UNIT (LENGTH_MEASURE( 1.000000000000000082E-05 ), #2233, 'distance_accuracy_value', 'NONE');
#5884 = SURFACE_STYLE_USAGE ( .BOTH. , #3256 ) ;
#5885 = SURFACE_STYLE_FILL_AREA ( #8574 ) ;
#5886 = ADVANCED_FACE ( 'NONE', ( #10186 ), #704, .T. ) ;
#5887 = FILL_AREA_STYLE ('',( #7029 ) ) ;
#5888 = CARTESIAN_POINT ( 'NONE',  ( 1.116408555218666887, 0.1750172914453036188, 0.02933754768169474780 ) ) ;
#5889 =( NAMED_UNIT ( * ) PLANE_ANGLE_UNIT ( ) SI_UNIT ( $, .RADIAN. ) );
#5890 = CARTESIAN_POINT ( 'NONE',  ( 1.122143244692073383, 0.1942888181791566082, 0.04241502782622121742 ) ) ;
#5891 = CARTESIAN_POINT ( 'NONE',  ( 1.128287767350910409, 0.1092868460907755884, -0.02217549806215562969 ) ) ;
#5892 = LINE ( 'NONE', #10330, #5043 ) ;
#5893 = CARTESIAN_POINT ( 'NONE',  ( 1.124546030598792434, 0.1336288533439257409, -0.009331040303425210819 ) ) ;
#5894 = ORIENTED_EDGE ( 'NONE', *, *, #9456, .T. ) ;
#5895 = EDGE_CURVE ( 'NONE', #6354, #1089, #9820, .T. ) ;
#5896 = B_SPLINE_CURVE_WITH_KNOTS ( 'NONE', 3,
 ( #4938, #8037, #4088, #8350 ),
 .UNSPECIFIED., .F., .F.,
 ( 4, 4 ),
 ( 0.000000000000000000, 1.000000000000000000 ),
 .UNSPECIFIED. ) ;
#5897 = MECHANICAL_DESIGN_GEOMETRIC_PRESENTATION_REPRESENTATION (  '', ( #824 ), #9361 ) ;
#5898 = FACE_OUTER_BOUND ( 'NONE', #1646, .T. ) ;
#5899 = CARTESIAN_POINT ( 'NONE',  ( 1.133676825082067685, 0.1395453881771035742, -0.01795096983524133508 ) ) ;
#5900 = ORIENTED_EDGE ( 'NONE', *, *, #2088, .T. ) ;
#5901 = CARTESIAN_POINT ( 'NONE',  ( 1.124546030598792434, 0.1336288533439257409, -0.009331040303425210819 ) ) ;
#5902 = CARTESIAN_POINT ( 'NONE',  ( 1.123372441846237413, 0.1892388053815452220, 0.02777108824882692367 ) ) ;
#5903 = ADVANCED_FACE ( 'NONE', ( #1626 ), #7828, .T. ) ;
#5904 = DIRECTION ( 'NONE',  ( 0.9882461775538035065, 0.1528708361666678284, -3.450443087112162799E-15 ) ) ;
#5905 = ORIENTED_EDGE ( 'NONE', *, *, #5140, .T. ) ;
#5906 = ORIENTED_EDGE ( 'NONE', *, *, #9770, .T. ) ;
#5907 = ADVANCED_FACE ( 'NONE', ( #4238 ), #1687, .T. ) ;
#5908 = CARTESIAN_POINT ( 'NONE',  ( 1.133750604020139052, 0.05705414174989962423, 0.005811029902011302997 ) ) ;
#5909 = CARTESIAN_POINT ( 'NONE',  ( 0.3357876820061004852, 0.000000000000000000, 0.02334504061165593863 ) ) ;
#5910 = PLANE ( 'NONE',  #7347 ) ;
#5911 = SURFACE_SIDE_STYLE ('',( #8486 ) ) ;
#5912 = EDGE_CURVE ( 'NONE', #6594, #5035, #994, .T. ) ;
#5913 = EDGE_CURVE ( 'NONE', #5968, #11228, #4352, .T. ) ;
#5914 = DIRECTION ( 'NONE',  ( 3.491481338843133355E-15, -0.000000000000000000, 1.000000000000000000 ) ) ;
#5915 = ORIENTED_EDGE ( 'NONE', *, *, #3194, .T. ) ;
#5916 = DIRECTION ( 'NONE',  ( 3.491481338843133355E-15, -0.000000000000000000, 1.000000000000000000 ) ) ;
#5917 = CARTESIAN_POINT ( 'NONE',  ( 1.144676764268749203, 0.04242192452494029931, 0.01602214073417992934 ) ) ;
#5918 =( NAMED_UNIT ( * ) SI_UNIT ( $, .STERADIAN. ) SOLID_ANGLE_UNIT ( ) );
#5919 = CARTESIAN_POINT ( 'NONE',  ( 1.117083350185325674, 0.2137219663122577329, -0.01896685498166574002 ) ) ;
#5920 = CARTESIAN_POINT ( 'NONE',  ( 1.117046289794958458, 0.1721481564113178653, 0.03184279116508718921 ) ) ;
#5921 = CARTESIAN_POINT ( 'NONE',  ( 1.132381764682297787, 0.1467578530957288352, -0.003083250338844025808 ) ) ;
#5922 = B_SPLINE_CURVE_WITH_KNOTS ( 'NONE', 3,
 ( #8070, #9906, #5502, #1238 ),
 .UNSPECIFIED., .F., .F.,
 ( 4, 4 ),
 ( 0.000000000000000000, 1.000000000000000000 ),
 .UNSPECIFIED. ) ;
#5923 = CARTESIAN_POINT ( 'NONE',  ( 0.3357876820061005407, 0.000000000000000000, 0.04294445836609057932 ) ) ;
#5924 = PRESENTATION_STYLE_ASSIGNMENT (( #4173 ) ) ;
#5925 = CARTESIAN_POINT ( 'NONE',  ( 1.135345207078580110, -0.02783658557170043749, 0.06200600697210212342 ) ) ;
#5926 = EDGE_LOOP ( 'NONE', ( #8806, #4381, #2973, #3165 ) ) ;
#5927 = FILL_AREA_STYLE ('',( #4872 ) ) ;
#5928 = ORIENTED_EDGE ( 'NONE', *, *, #337, .F. ) ;
#5929 = CARTESIAN_POINT ( 'NONE',  ( 1.143480324515949054, -0.06109496898646864238, -0.02561357143766564495 ) ) ;
#5930 = CARTESIAN_POINT ( 'NONE',  ( 0.3357876820061000966, 0.000000000000000000, -0.08980603148360478960 ) ) ;
#5931 = EDGE_LOOP ( 'NONE', ( #8697, #8013, #2726, #8952 ) ) ;
#5932 = UNCERTAINTY_MEASURE_WITH_UNIT (LENGTH_MEASURE( 1.000000000000000082E-05 ), #1684, 'distance_accuracy_value', 'NONE');
#5933 = ORIENTED_EDGE ( 'NONE', *, *, #8818, .T. ) ;
#5934 = ORIENTED_EDGE ( 'NONE', *, *, #2265, .F. ) ;
#5935 = DIRECTION ( 'NONE',  ( -3.491481338843133355E-15, 0.000000000000000000, -1.000000000000000000 ) ) ;
#5936 =( GEOMETRIC_REPRESENTATION_CONTEXT ( 3 ) GLOBAL_UNCERTAINTY_ASSIGNED_CONTEXT ( ( #4958 ) ) GLOBAL_UNIT_ASSIGNED_CONTEXT ( ( #8587, #1063, #7744 ) ) REPRESENTATION_CONTEXT ( 'NONE', 'WORKASPACE' ) );
#5937 = CARTESIAN_POINT ( 'NONE',  ( 1.121768730052565610, 0.1957901736854535391, -0.02595792449772800145 ) ) ;
#5938 = CARTESIAN_POINT ( 'NONE',  ( 1.117547128931093425, 0.2120192612559748113, 0.02485103320822999728 ) ) ;
#5939 = CARTESIAN_POINT ( 'NONE',  ( 1.128375186439151134, 0.1086771120306369298, -0.006950490861128469887 ) ) ;
#5940 = CARTESIAN_POINT ( 'NONE',  ( 1.126398602003578109, 0.1424037135231604190, -0.003574474551373201230 ) ) ;
#5941 = DIRECTION ( 'NONE',  ( 3.491481338843133355E-15, -0.000000000000000000, 1.000000000000000000 ) ) ;
#5942 = ORIENTED_EDGE ( 'NONE', *, *, #4728, .T. ) ;
#5943 = CARTESIAN_POINT ( 'NONE',  ( 1.123423162718331758, 0.1401189206689377187, -0.006521058193593987778 ) ) ;
#5944 = DIRECTION ( 'NONE',  ( 1.000000000000000000, 0.000000000000000000, -3.491658038126059717E-15 ) ) ;
#5945 = CARTESIAN_POINT ( 'NONE',  ( 1.134837590969379972, -0.03897746766754539571, -0.02743530319401906933 ) ) ;
#5946 = ADVANCED_FACE ( 'NONE', ( #5252 ), #4310, .T. ) ;
#5947 = EDGE_LOOP ( 'NONE', ( #75, #8009, #3932, #4789 ) ) ;
#5948 = B_SPLINE_SURFACE_WITH_KNOTS ( 'NONE', 1, 3, ( 
 ( #7362, #3114, #3329, #8308 ),
 ( #2439, #8423, #6657, #2270 ) ),
 .UNSPECIFIED., .F., .F., .F.,
 ( 2, 2 ),
 ( 4, 4 ),
 ( 0.000000000000000000, 1.000000000000000000 ),
 ( 0.000000000000000000, 1.000000000000000000 ),
 .UNSPECIFIED. ) ;
#5949 = VERTEX_POINT ( 'NONE', #10850 ) ;
#5950 = CARTESIAN_POINT ( 'NONE',  ( 1.139489268433082403, 0.1008154748773837511, 0.002385712559676775313 ) ) ;
#5951 = SURFACE_STYLE_USAGE ( .BOTH. , #10166 ) ;
#5952 = CARTESIAN_POINT ( 'NONE',  ( 1.116292337304989335, 0.2165928970598124670, -0.02147007775802343282 ) ) ;
#5953 = CARTESIAN_POINT ( 'NONE',  ( 1.134577802342496611, 0.1342920088946685797, -0.01102470843974886171 ) ) ;
#5954 = B_SPLINE_CURVE_WITH_KNOTS ( 'NONE', 1,
 ( #3748, #5464 ),
 .UNSPECIFIED., .F., .F.,
 ( 2, 2 ),
 ( 0.000000000000000000, 1.000000000000000000 ),
 .UNSPECIFIED. ) ;
#5955 = CARTESIAN_POINT ( 'NONE',  ( 1.134662368094150775, -0.04256959015520988404, 0.03182787188674851553 ) ) ;
#5956 = ORIENTED_EDGE ( 'NONE', *, *, #6632, .F. ) ;
#5957 = ORIENTED_EDGE ( 'NONE', *, *, #8775, .T. ) ;
#5958 = SURFACE_STYLE_FILL_AREA ( #2741 ) ;
#5959 = FILL_AREA_STYLE_COLOUR ( '', #8373 ) ;
#5960 = CARTESIAN_POINT ( 'NONE',  ( 1.137471000226327966, 0.1158198373577066231, 0.05347396232241905661 ) ) ;
#5961 =( LENGTH_UNIT ( ) NAMED_UNIT ( * ) SI_UNIT ( .MILLI., .METRE. ) );
#5962 = SURFACE_SIDE_STYLE ('',( #8545 ) ) ;
#5963 = CARTESIAN_POINT ( 'NONE',  ( 1.106656769549965391, 0.2139178577615463150, -0.02147141002426298032 ) ) ;
#5964 = DIRECTION ( 'NONE',  ( -1.000000000000000000, 0.000000000000000000, 3.491481338843133355E-15 ) ) ;
#5965 = DIRECTION ( 'NONE',  ( -1.000000000000000000, 0.000000000000000000, 3.491481338843133355E-15 ) ) ;
#5966 = B_SPLINE_SURFACE_WITH_KNOTS ( 'NONE', 1, 3, ( 
 ( #9406, #1323, #5564, #5451 ),
 ( #9797, #2213, #1198, #2947 ) ),
 .UNSPECIFIED., .F., .F., .F.,
 ( 2, 2 ),
 ( 4, 4 ),
 ( 0.000000000000000000, 1.000000000000000000 ),
 ( 0.000000000000000000, 1.000000000000000000 ),
 .UNSPECIFIED. ) ;
#5967 = CARTESIAN_POINT ( 'NONE',  ( 1.131010868397307689, 0.08729309151253333843, 0.02850246652063648592 ) ) ;
#5968 = VERTEX_POINT ( 'NONE', #1049 ) ;
#5969 = B_SPLINE_CURVE_WITH_KNOTS ( 'NONE', 3,
 ( #7324, #8794, #7260, #4639 ),
 .UNSPECIFIED., .F., .F.,
 ( 4, 4 ),
 ( 0.000000000000000000, 1.000000000000000000 ),
 .UNSPECIFIED. ) ;
#5970 = CARTESIAN_POINT ( 'NONE',  ( 1.119973114417822657, 0.1582820507614190741, 0.02850246652063670449 ) ) ;
#5971 = DIRECTION ( 'NONE',  ( -3.491481338843133355E-15, 0.000000000000000000, -1.000000000000000000 ) ) ;
#5972 = VERTEX_POINT ( 'NONE', #3762 ) ;
#5973 = PRESENTATION_STYLE_ASSIGNMENT (( #3358 ) ) ;
#5974 = VECTOR ( 'NONE', #11220, 999.9999999999998863 ) ;
#5975 = STYLED_ITEM ( 'NONE', ( #9518 ), #7093 ) ;
#5976 = CARTESIAN_POINT ( 'NONE',  ( 1.110899721477372593, 0.2351691776217935959, -0.003208785415462905855 ) ) ;
#5977 = CARTESIAN_POINT ( 'NONE',  ( 1.121096970373710144, 0.1526095208937585102, -0.02868148985342823878 ) ) ;
#5978 = MECHANICAL_DESIGN_GEOMETRIC_PRESENTATION_REPRESENTATION (  '', ( #7648 ), #171 ) ;
#5979 = CARTESIAN_POINT ( 'NONE',  ( 1.126384624049143079, 0.1222966689333342682, -0.02595792449772837962 ) ) ;
#5980 = EDGE_LOOP ( 'NONE', ( #6688, #2680, #10010, #8722 ) ) ;
#5981 = PRESENTATION_LAYER_ASSIGNMENT (  '', '', ( #3623 ) ) ;
#5982 = PRESENTATION_LAYER_ASSIGNMENT (  '', '', ( #9097 ) ) ;
#5983 =( GEOMETRIC_REPRESENTATION_CONTEXT ( 3 ) GLOBAL_UNCERTAINTY_ASSIGNED_CONTEXT ( ( #2759 ) ) GLOBAL_UNIT_ASSIGNED_CONTEXT ( ( #1730, #3532, #8666 ) ) REPRESENTATION_CONTEXT ( 'NONE', 'WORKASPACE' ) );
#5984 = COLOUR_RGB ( '',0.000000000000000000, 0.000000000000000000, 0.000000000000000000 ) ;
#5985 = EDGE_CURVE ( 'NONE', #4162, #4046, #5616, .T. ) ;
#5986 = PRESENTATION_LAYER_ASSIGNMENT (  '', '', ( #1109 ) ) ;
#5987 = CARTESIAN_POINT ( 'NONE',  ( 1.106588994458249431, 0.2141620634908263099, -0.006009084566298424426 ) ) ;
#5988 = EDGE_LOOP ( 'NONE', ( #2535, #3140, #5395, #9487 ) ) ;
#5989 = ORIENTED_EDGE ( 'NONE', *, *, #1254, .T. ) ;
#5990 = SURFACE_STYLE_FILL_AREA ( #2538 ) ;
#5991 = SURFACE_SIDE_STYLE ('',( #6763 ) ) ;
#5992 = COLOUR_RGB ( '',0.000000000000000000, 0.000000000000000000, 0.000000000000000000 ) ;
#5993 = CIRCLE ( 'NONE', #10933, 0.8100000000000000533 ) ;
#5994 = STYLED_ITEM ( 'NONE', ( #9531 ), #6776 ) ;
#5995 = STYLED_ITEM ( 'NONE', ( #4370 ), #1195 ) ;
#5996 = UNCERTAINTY_MEASURE_WITH_UNIT (LENGTH_MEASURE( 1.000000000000000082E-05 ), #3247, 'distance_accuracy_value', 'NONE');
#5997 = CARTESIAN_POINT ( 'NONE',  ( 1.103744191189098167, 0.2241859370050021671, -0.01528198494527959785 ) ) ;
#5998 = CIRCLE ( 'NONE', #9676, 0.8100000000000000533 ) ;
#5999 = DIRECTION ( 'NONE',  ( 1.000000000000000000, 0.000000000000000000, -3.488520879062155193E-15 ) ) ;
#6000 = B_SPLINE_CURVE_WITH_KNOTS ( 'NONE', 3,
 ( #8118, #2815, #8901, #10657 ),
 .UNSPECIFIED., .F., .F.,
 ( 4, 4 ),
 ( 0.000000000000000000, 1.000000000000000000 ),
 .UNSPECIFIED. ) ;
#6001 = CARTESIAN_POINT ( 'NONE',  ( 1.117065663944026621, 0.1720602073083768446, 0.05018182842931857846 ) ) ;
#6002 = ORIENTED_EDGE ( 'NONE', *, *, #11214, .F. ) ;
#6003 = CARTESIAN_POINT ( 'NONE',  ( 1.145787680498965067, 2.039511435611266844E-12, 0.008258988519687119820 ) ) ;
#6004 = CARTESIAN_POINT ( 'NONE',  ( 1.124817482566454085, 0.1320430222167094381, -0.003304952191664851848 ) ) ;
#6005 = VERTEX_POINT ( 'NONE', #1102 ) ;
#6006 = STYLED_ITEM ( 'NONE', ( #6333 ), #11077 ) ;
#6007 = CIRCLE ( 'NONE', #3273, 0.7999999999999998224 ) ;
#6008 = CARTESIAN_POINT ( 'NONE',  ( 1.123613871190262570, 0.1882283072111125000, 0.02485103320822994524 ) ) ;
#6009 = VECTOR ( 'NONE', #7397, 1000.000000000000000 ) ;
#6010 = EDGE_CURVE ( 'NONE', #1460, #3654, #3248, .T. ) ;
#6011 = ORIENTED_EDGE ( 'NONE', *, *, #3042, .T. ) ;
#6012 = ORIENTED_EDGE ( 'NONE', *, *, #424, .F. ) ;
#6013 = PRESENTATION_LAYER_ASSIGNMENT (  '', '', ( #10958 ) ) ;
#6014 = CARTESIAN_POINT ( 'NONE',  ( 1.116543195113756326, 0.2156974758402435688, -0.003001702938691393034 ) ) ;
#6015 = B_SPLINE_SURFACE_WITH_KNOTS ( 'NONE', 1, 3, ( 
 ( #8178, #6423, #3725, #317 ),
 ( #10720, #1366, #374, #5554 ) ),
 .UNSPECIFIED., .F., .F., .F.,
 ( 2, 2 ),
 ( 4, 4 ),
 ( 0.000000000000000000, 1.000000000000000000 ),
 ( 0.000000000000000000, 1.000000000000000000 ),
 .UNSPECIFIED. ) ;
#6016 = CARTESIAN_POINT ( 'NONE',  ( 1.110230781357061769, 0.2005938330748913145, 0.03722988336162978001 ) ) ;
#6017 = COLOUR_RGB ( '',0.000000000000000000, 0.000000000000000000, 0.000000000000000000 ) ;
#6018 = STYLED_ITEM ( 'NONE', ( #2001 ), #4585 ) ;
#6019 = CARTESIAN_POINT ( 'NONE',  ( 1.127606449508173903, 0.1141185323753213104, -0.002559277845524488091 ) ) ;
#6020 = PLANE ( 'NONE',  #6600 ) ;
#6021 = ORIENTED_EDGE ( 'NONE', *, *, #1104, .T. ) ;
#6022 = ORIENTED_EDGE ( 'NONE', *, *, #6266, .T. ) ;
#6023 = PRESENTATION_STYLE_ASSIGNMENT (( #6723 ) ) ;
#6024 = CARTESIAN_POINT ( 'NONE',  ( 1.135599138973118594, -0.01742672149896563535, -0.03231241382011299651 ) ) ;
#6025 =( GEOMETRIC_REPRESENTATION_CONTEXT ( 3 ) GLOBAL_UNCERTAINTY_ASSIGNED_CONTEXT ( ( #5044 ) ) GLOBAL_UNIT_ASSIGNED_CONTEXT ( ( #1439, #8436, #3069 ) ) REPRESENTATION_CONTEXT ( 'NONE', 'WORKASPACE' ) );
#6026 = CARTESIAN_POINT ( 'NONE',  ( 1.125117018546059056, 0.1302274874110244118, -0.004376807431639181782 ) ) ;
#6027 = EDGE_CURVE ( 'NONE', #5432, #11203, #8051, .T. ) ;
#6028 = CARTESIAN_POINT ( 'NONE',  ( 1.122303356736290114, 0.1635161699898789733, 0.02850246652063672184 ) ) ;
#6029 = SURFACE_STYLE_USAGE ( .BOTH. , #4230 ) ;
#6030 = DIRECTION ( 'NONE',  ( 1.000000000000000000, 0.000000000000000000, -3.480155121558409533E-15 ) ) ;
#6031 = AXIS2_PLACEMENT_3D ( 'NONE', #7482, #8996, #6381 ) ;
#6032 = EDGE_CURVE ( 'NONE', #2161, #5949, #3985, .T. ) ;
#6033 = SURFACE_SIDE_STYLE ('',( #8549 ) ) ;
#6034 = DIRECTION ( 'NONE',  ( -3.491481338843133355E-15, 0.000000000000000000, -1.000000000000000000 ) ) ;
#6035 = COLOUR_RGB ( '',0.000000000000000000, 0.000000000000000000, 0.000000000000000000 ) ;
#6036 = CARTESIAN_POINT ( 'NONE',  ( 1.135477945782553677, 0.02225942544512677507, 0.05363107046182945953 ) ) ;
#6037 = EDGE_CURVE ( 'NONE', #7977, #6840, #1103, .T. ) ;
#6038 = VERTEX_POINT ( 'NONE', #3646 ) ;
#6039 = B_SPLINE_CURVE_WITH_KNOTS ( 'NONE', 3,
 ( #6439, #9170, #5628, #335 ),
 .UNSPECIFIED., .F., .F.,
 ( 4, 4 ),
 ( 0.000000000000000000, 1.000000000000000000 ),
 .UNSPECIFIED. ) ;
#6040 = CARTESIAN_POINT ( 'NONE',  ( 1.126987947808945956, 0.1183306359042599343, -0.01667378688284190669 ) ) ;
#6041 = FILL_AREA_STYLE_COLOUR ( '', #6946 ) ;
#6042 = VECTOR ( 'NONE', #3340, 1000.000000000000000 ) ;
#6043 = PLANE ( 'NONE',  #8922 ) ;
#6044 =( NAMED_UNIT ( * ) PLANE_ANGLE_UNIT ( ) SI_UNIT ( $, .RADIAN. ) );
#6045 = EDGE_CURVE ( 'NONE', #6336, #7101, #2185, .T. ) ;
#6046 = STYLED_ITEM ( 'NONE', ( #6344 ), #8396 ) ;
#6047 = SURFACE_STYLE_FILL_AREA ( #1578 ) ;
#6048 = CARTESIAN_POINT ( 'NONE',  ( 1.106527466201572940, 0.2143832667404724779, -0.009649280644974899540 ) ) ;
#6049 = FILL_AREA_STYLE_COLOUR ( '', #4953 ) ;
#6050 = ORIENTED_EDGE ( 'NONE', *, *, #10116, .T. ) ;
#6051 = EDGE_CURVE ( 'NONE', #10622, #10253, #9544, .T. ) ;
#6052 = VECTOR ( 'NONE', #6253, 1000.000000000000000 ) ;
#6053 = UNCERTAINTY_MEASURE_WITH_UNIT (LENGTH_MEASURE( 1.000000000000000082E-05 ), #5409, 'distance_accuracy_value', 'NONE');
#6054 = CARTESIAN_POINT ( 'NONE',  ( 1.098921418345508716, 0.2400904721308206036, -0.004606045399571516083 ) ) ;
#6055 = SURFACE_SIDE_STYLE ('',( #1755 ) ) ;
#6056 = ORIENTED_EDGE ( 'NONE', *, *, #5356, .F. ) ;
#6057 = CARTESIAN_POINT ( 'NONE',  ( 1.137764622915349966, 0.1137232880717140016, -0.02320706890818126714 ) ) ;
#6058 = CARTESIAN_POINT ( 'NONE',  ( 1.135163530845570534, 0.03172155127220419035, 0.04243836205026097624 ) ) ;
#6059 = UNCERTAINTY_MEASURE_WITH_UNIT (LENGTH_MEASURE( 1.000000000000000082E-05 ), #2533, 'distance_accuracy_value', 'NONE');
#6060 = EDGE_CURVE ( 'NONE', #2863, #5025, #10893, .T. ) ;
#6061 = CARTESIAN_POINT ( 'NONE',  ( -0.06921231799389859773, 4.959819536546781833E-17, 0.3101939685163966898 ) ) ;
#6062 = SURFACE_STYLE_USAGE ( .BOTH. , #7790 ) ;
#6063 = CIRCLE ( 'NONE', #1173, 0.5999999999999996447 ) ;
#6064 = CARTESIAN_POINT ( 'NONE',  ( 1.126227926855294603, 0.1769299842388172561, 0.3561756190388881693 ) ) ;
#6065 = CARTESIAN_POINT ( 'NONE',  ( 1.144611177102263788, -0.04373553935964433897, 0.05016324145007922120 ) ) ;
#6066 = CARTESIAN_POINT ( 'NONE',  ( 1.129679622547766993, 0.09866907693389463663, -0.007864499339870401409 ) ) ;
#6067 = CARTESIAN_POINT ( 'NONE',  ( 1.119027606595378588, 0.2064859220783363536, 0.02777108824882485588 ) ) ;
#6068 = B_SPLINE_CURVE_WITH_KNOTS ( 'NONE', 3,
 ( #5901, #792, #5943, #5728 ),
 .UNSPECIFIED., .F., .F.,
 ( 4, 4 ),
 ( 0.000000000000000000, 1.000000000000000000 ),
 .UNSPECIFIED. ) ;
#6069 = ORIENTED_EDGE ( 'NONE', *, *, #5017, .F. ) ;
#6070 = CARTESIAN_POINT ( 'NONE',  ( 1.145511117834858039, -0.02533172499217766979, -0.03990289875743921466 ) ) ;
#6071 = DIRECTION ( 'NONE',  ( -3.491481338843133355E-15, 0.000000000000000000, -1.000000000000000000 ) ) ;
#6072 = ORIENTED_EDGE ( 'NONE', *, *, #3945, .F. ) ;
#6073 = CYLINDRICAL_SURFACE ( 'NONE', #8456, 0.4050000000000000822 ) ;
#6074 = FACE_OUTER_BOUND ( 'NONE', #1601, .T. ) ;
#6075 = COLOUR_RGB ( '',0.000000000000000000, 0.000000000000000000, 0.000000000000000000 ) ;
#6076 = ORIENTED_EDGE ( 'NONE', *, *, #3392, .T. ) ;
#6077 = ORIENTED_EDGE ( 'NONE', *, *, #5363, .F. ) ;
#6078 = MECHANICAL_DESIGN_GEOMETRIC_PRESENTATION_REPRESENTATION (  '', ( #6813 ), #5535 ) ;
#6079 = CARTESIAN_POINT ( 'NONE',  ( 1.108220371980096042, 0.2082210933646026774, 0.001235495884036182882 ) ) ;
#6080 = CARTESIAN_POINT ( 'NONE',  ( 1.128754516913359929, 0.1058470535119574313, 0.05270344605310696429 ) ) ;
#6081 = CARTESIAN_POINT ( 'NONE',  ( 1.124812862960678617, 0.1320581276817505700, -0.009605616270513340008 ) ) ;
#6082 = CARTESIAN_POINT ( 'NONE',  ( 1.126995815655380762, 0.1182780047823115688, -0.02242111016831040832 ) ) ;
#6083 = EDGE_LOOP ( 'NONE', ( #5262, #10888, #286, #5380 ) ) ;
#6084 = ORIENTED_EDGE ( 'NONE', *, *, #10431, .F. ) ;
#6085 = DIRECTION ( 'NONE',  ( -3.491481338843133355E-15, 0.000000000000000000, -1.000000000000000000 ) ) ;
#6086 = CARTESIAN_POINT ( 'NONE',  ( 1.127646938477179006, 0.1138596674640900419, -0.01205082123899910845 ) ) ;
#6087 = CARTESIAN_POINT ( 'NONE',  ( 1.128748299037054981, 0.1060433883923378728, -0.01377106244530271369 ) ) ;
#6088 = STYLED_ITEM ( 'NONE', ( #6422 ), #2640 ) ;
#6089 = DIRECTION ( 'NONE',  ( 0.1641574387773437060, -0.9864341515246026759, -5.731526341233796737E-16 ) ) ;
#6090 = CARTESIAN_POINT ( 'NONE',  ( 1.145490092083413680, -0.02195466043896960109, -0.003069660892609702395 ) ) ;
#6091 = CARTESIAN_POINT ( 'NONE',  ( 1.128727410421646482, 0.1060499273940342102, -0.02469711568594331122 ) ) ;
#6092 = DIRECTION ( 'NONE',  ( 0.9921104063867137723, 0.1253672267348591718, -3.464364754270088387E-15 ) ) ;
#6093 = SURFACE_STYLE_FILL_AREA ( #3639 ) ;
#6094 =( NAMED_UNIT ( * ) SI_UNIT ( $, .STERADIAN. ) SOLID_ANGLE_UNIT ( ) );
#6095 = CARTESIAN_POINT ( 'NONE',  ( 1.123118058767074157, 0.1418128267450560198, -0.003574474551373189955 ) ) ;
#6096 = CARTESIAN_POINT ( 'NONE',  ( 1.135328570508965740, 0.02762586907735453678, 0.04843482187879660783 ) ) ;
#6097 = EDGE_LOOP ( 'NONE', ( #10512, #5461, #430, #10667 ) ) ;
#6098 = B_SPLINE_SURFACE_WITH_KNOTS ( 'NONE', 1, 3, ( 
 ( #7891, #10479, #5, #68 ),
 ( #1053, #4472, #3542, #7027 ) ),
 .UNSPECIFIED., .F., .F., .F.,
 ( 2, 2 ),
 ( 4, 4 ),
 ( 0.000000000000000000, 1.000000000000000000 ),
 ( 0.000000000000000000, 1.000000000000000000 ),
 .UNSPECIFIED. ) ;
#6099 = FACE_OUTER_BOUND ( 'NONE', #5132, .T. ) ;
#6100 = CARTESIAN_POINT ( 'NONE',  ( 1.124500828816518805, 0.1339151204634496939, -0.01167967405638943405 ) ) ;
#6101 = CARTESIAN_POINT ( 'NONE',  ( 1.107695493113962870, 0.2454781999237971302, -0.02303786945720236526 ) ) ;
#6102 = EDGE_CURVE ( 'NONE', #6038, #5681, #284, .T. ) ;
#6103 = PRESENTATION_STYLE_ASSIGNMENT (( #67 ) ) ;
#6104 = CARTESIAN_POINT ( 'NONE',  ( 1.116345985402385610, 0.2035677924187015153, -0.02230649118532044770 ) ) ;
#6105 = SURFACE_STYLE_USAGE ( .BOTH. , #1744 ) ;
#6106 = FILL_AREA_STYLE_COLOUR ( '', #3107 ) ;
#6107 = ADVANCED_FACE ( 'NONE', ( #8220 ), #407, .T. ) ;
#6108 = CARTESIAN_POINT ( 'NONE',  ( 1.132959688476586235, 0.1435854870793692173, -0.007471519969934293723 ) ) ;
#6109 = LINE ( 'NONE', #9417, #9283 ) ;
#6110 = B_SPLINE_CURVE_WITH_KNOTS ( 'NONE', 3,
 ( #5908, #9688, #1193, #8183 ),
 .UNSPECIFIED., .F., .F.,
 ( 4, 4 ),
 ( 0.000000000000000000, 1.000000000000000000 ),
 .UNSPECIFIED. ) ;
#6111 =( NAMED_UNIT ( * ) SI_UNIT ( $, .STERADIAN. ) SOLID_ANGLE_UNIT ( ) );
#6112 = ORIENTED_EDGE ( 'NONE', *, *, #3749, .T. ) ;
#6113 = ADVANCED_FACE ( 'NONE', ( #289 ), #2594, .T. ) ;
#6114 = DIRECTION ( 'NONE',  ( 1.000000000000000000, 0.000000000000000000, -3.523657060577889411E-15 ) ) ;
#6115 = ORIENTED_EDGE ( 'NONE', *, *, #7246, .F. ) ;
#6116 = CIRCLE ( 'NONE', #1225, 0.7999999999999999334 ) ;
#6117 = CARTESIAN_POINT ( 'NONE',  ( 1.135742747320645840, -0.008479002158367401898, 0.05180935499299749863 ) ) ;
#6118 = EDGE_CURVE ( 'NONE', #3526, #8890, #10650, .T. ) ;
#6119 = CARTESIAN_POINT ( 'NONE',  ( 1.135365259734852028, -0.02642294140746605235, 0.001734383743266310410 ) ) ;
#6120 = ADVANCED_FACE ( 'NONE', ( #8380 ), #6622, .T. ) ;
#6121 = FACE_OUTER_BOUND ( 'NONE', #10840, .T. ) ;
#6122 =( NAMED_UNIT ( * ) SI_UNIT ( $, .STERADIAN. ) SOLID_ANGLE_UNIT ( ) );
#6123 = DIRECTION ( 'NONE',  ( 3.491481338843133355E-15, -0.000000000000000000, 1.000000000000000000 ) ) ;
#6124 = PRESENTATION_LAYER_ASSIGNMENT (  '', '', ( #4501 ) ) ;
#6125 = LINE ( 'NONE', #10549, #9403 ) ;
#6126 = CARTESIAN_POINT ( 'NONE',  ( 1.117684702042671452, 0.1692493259080948276, 0.05204445359004470500 ) ) ;
#6127 = ORIENTED_EDGE ( 'NONE', *, *, #3379, .T. ) ;
#6128 =( LENGTH_UNIT ( ) NAMED_UNIT ( * ) SI_UNIT ( .MILLI., .METRE. ) );
#6129 = B_SPLINE_CURVE_WITH_KNOTS ( 'NONE', 3,
 ( #4831, #3963, #2317, #8417 ),
 .UNSPECIFIED., .F., .F.,
 ( 4, 4 ),
 ( 0.000000000000000000, 1.000000000000000000 ),
 .UNSPECIFIED. ) ;
#6130 = FILL_AREA_STYLE_COLOUR ( '', #5190 ) ;
#6131 = SURFACE_STYLE_FILL_AREA ( #2721 ) ;
#6132 = FILL_AREA_STYLE_COLOUR ( '', #9855 ) ;
#6133 = UNCERTAINTY_MEASURE_WITH_UNIT (LENGTH_MEASURE( 1.000000000000000082E-05 ), #1512, 'distance_accuracy_value', 'NONE');
#6134 = VERTEX_POINT ( 'NONE', #9344 ) ;
#6135 = ORIENTED_EDGE ( 'NONE', *, *, #2318, .T. ) ;
#6136 = ADVANCED_FACE ( 'NONE', ( #1347, #10969 ), #3131, .T. ) ;
#6137 = CARTESIAN_POINT ( 'NONE',  ( 1.109847549450357462, 0.2020676164361316085, 0.002385712559677371624 ) ) ;
#6138 = CARTESIAN_POINT ( 'NONE',  ( 1.100812469239133007, 0.2339595582981239819, 0.001976359049128044530 ) ) ;
#6139 = CARTESIAN_POINT ( 'NONE',  ( 1.124716195918590289, 0.1326340828589319121, -0.01102470843974886171 ) ) ;
#6140 = ORIENTED_EDGE ( 'NONE', *, *, #6683, .T. ) ;
#6141 = ORIENTED_EDGE ( 'NONE', *, *, #1545, .T. ) ;
#6142 = CARTESIAN_POINT ( 'NONE',  ( 1.130179614713502589, 0.1582449280368832534, -0.02030884605485261049 ) ) ;
#6143 = CARTESIAN_POINT ( 'NONE',  ( 1.137864401307758566, 0.1130174161547185946, -0.01236738795373071645 ) ) ;
#6144 = CARTESIAN_POINT ( 'NONE',  ( 1.105351097265167226, 0.2185684101026524051, -0.009534661662203604282 ) ) ;
#6145 = ADVANCED_FACE ( 'NONE', ( #4458 ), #7080, .T. ) ;
#6146 = SURFACE_SIDE_STYLE ('',( #49 ) ) ;
#6147 = FILL_AREA_STYLE_COLOUR ( '', #5811 ) ;
#6148 = CARTESIAN_POINT ( 'NONE',  ( 1.134848653310044808, -0.03875002114575430007, -0.04109815672384141416 ) ) ;
#6149 = EDGE_CURVE ( 'NONE', #9564, #4682, #842, .T. ) ;
#6150 = FACE_OUTER_BOUND ( 'NONE', #3759, .T. ) ;
#6151 = CARTESIAN_POINT ( 'NONE',  ( 1.120780653920699033, 0.1542272156420075868, 0.02485103320822983769 ) ) ;
#6152 = CARTESIAN_POINT ( 'NONE',  ( 1.128791628246635703, 0.1650598111199036155, 0.05319467026563515222 ) ) ;
#6153 = VERTEX_POINT ( 'NONE', #5305 ) ;
#6154 = CARTESIAN_POINT ( 'NONE',  ( 1.124282341544708297, 0.1351956335072539706, -0.01233463967300301063 ) ) ;
#6155 = PLANE ( 'NONE',  #2596 ) ;
#6156 = CARTESIAN_POINT ( 'NONE',  ( 0.3357876820061009293, 0.000000000000000000, 0.1601939685163953631 ) ) ;
#6157 = UNCERTAINTY_MEASURE_WITH_UNIT (LENGTH_MEASURE( 1.000000000000000082E-05 ), #1671, 'distance_accuracy_value', 'NONE');
#6158 = CARTESIAN_POINT ( 'NONE',  ( 1.134724375931994267, 0.1334172368877528936, -0.008896070185896201923 ) ) ;
#6159 = CARTESIAN_POINT ( 'NONE',  ( 1.102349487514008741, 0.2288733237763968253, -0.01357907434454592652 ) ) ;
#6160 = FACE_OUTER_BOUND ( 'NONE', #5683, .T. ) ;
#6161 = CARTESIAN_POINT ( 'NONE',  ( 1.137911371620307310, 0.1126835682772401870, -0.02649789567208364616 ) ) ;
#6162 = AXIS2_PLACEMENT_3D ( 'NONE', #7704, #5189, #2403 ) ;
#6163 = CARTESIAN_POINT ( 'NONE',  ( 1.131751295470915686, 0.1501396884239352414, 0.3561756190388881693 ) ) ;
#6164 = ORIENTED_EDGE ( 'NONE', *, *, #7524, .T. ) ;
#6165 = EDGE_CURVE ( 'NONE', #3855, #6697, #8538, .T. ) ;
#6166 = DIRECTION ( 'NONE',  ( 1.000000000000000000, 0.000000000000000000, -3.493540333564414264E-15 ) ) ;
#6167 = FACE_OUTER_BOUND ( 'NONE', #9176, .T. ) ;
#6168 = VERTEX_POINT ( 'NONE', #869 ) ;
#6169 = PRESENTATION_STYLE_ASSIGNMENT (( #955 ) ) ;
#6170 =( LENGTH_UNIT ( ) NAMED_UNIT ( * ) SI_UNIT ( .MILLI., .METRE. ) );
#6171 = CIRCLE ( 'NONE', #8897, 0.8000000000000001554 ) ;
#6172 =( LENGTH_UNIT ( ) NAMED_UNIT ( * ) SI_UNIT ( .MILLI., .METRE. ) );
#6173 = ADVANCED_FACE ( 'NONE', ( #6842 ), #6896, .T. ) ;
#6174 = COLOUR_RGB ( '',0.000000000000000000, 0.000000000000000000, 0.000000000000000000 ) ;
#6175 = DIRECTION ( 'NONE',  ( 3.491481338843133355E-15, -0.000000000000000000, 1.000000000000000000 ) ) ;
#6176 = CARTESIAN_POINT ( 'NONE',  ( 1.145787699319329223, 0.002867529656042555521, 0.06410166848705883824 ) ) ;
#6177 = COLOUR_RGB ( '',0.000000000000000000, 0.000000000000000000, 0.000000000000000000 ) ;
#6178 = EDGE_CURVE ( 'NONE', #398, #6970, #11044, .T. ) ;
#6179 = CARTESIAN_POINT ( 'NONE',  ( 0.9357876820060967438, 0.000000000000000000, -0.9798060314836068985 ) ) ;
#6180 =( GEOMETRIC_REPRESENTATION_CONTEXT ( 3 ) GLOBAL_UNCERTAINTY_ASSIGNED_CONTEXT ( ( #10211 ) ) GLOBAL_UNIT_ASSIGNED_CONTEXT ( ( #6758, #5762, #10139 ) ) REPRESENTATION_CONTEXT ( 'NONE', 'WORKASPACE' ) );
#6181 = ORIENTED_EDGE ( 'NONE', *, *, #5238, .T. ) ;
#6182 = ADVANCED_FACE ( 'NONE', ( #1670 ), #2637, .F. ) ;
#6183 = CARTESIAN_POINT ( 'NONE',  ( 1.129775432322970286, 0.1602605763959369933, 0.3561756190388881693 ) ) ;
#6184 = EDGE_CURVE ( 'NONE', #5518, #1583, #6406, .T. ) ;
#6185 = LINE ( 'NONE', #7105, #8645 ) ;
#6186 = PRESENTATION_STYLE_ASSIGNMENT (( #34 ) ) ;
#6187 = DIRECTION ( 'NONE',  ( 3.491481338843133355E-15, -0.000000000000000000, 1.000000000000000000 ) ) ;
#6188 = EDGE_LOOP ( 'NONE', ( #10723, #3387, #6579, #2122 ) ) ;
#6189 = EDGE_LOOP ( 'NONE', ( #8101, #2557, #7001, #9147 ) ) ;
#6190 = COLOUR_RGB ( '',0.000000000000000000, 0.000000000000000000, 0.000000000000000000 ) ;
#6191 = PRESENTATION_LAYER_ASSIGNMENT (  '', '', ( #4390 ) ) ;
#6192 = SURFACE_SIDE_STYLE ('',( #4713 ) ) ;
#6193 = LINE ( 'NONE', #5289, #637 ) ;
#6194 = CIRCLE ( 'NONE', #1307, 0.1499999999999999667 ) ;
#6195 =( LENGTH_UNIT ( ) NAMED_UNIT ( * ) SI_UNIT ( .MILLI., .METRE. ) );
#6196 = CIRCLE ( 'NONE', #1485, 0.8000000000000000444 ) ;
#6197 = STYLED_ITEM ( 'NONE', ( #10019 ), #6252 ) ;
#6198 = PRESENTATION_LAYER_ASSIGNMENT (  '', '', ( #4014 ) ) ;
#6199 = B_SPLINE_CURVE_WITH_KNOTS ( 'NONE', 3,
 ( #700, #7503, #7660, #6631 ),
 .UNSPECIFIED., .F., .F.,
 ( 4, 4 ),
 ( 0.000000000000000000, 1.000000000000000000 ),
 .UNSPECIFIED. ) ;
#6200 = ORIENTED_EDGE ( 'NONE', *, *, #6178, .T. ) ;
#6201 = ORIENTED_EDGE ( 'NONE', *, *, #3673, .T. ) ;
#6202 = CARTESIAN_POINT ( 'NONE',  ( 1.124521249319406335, 0.1337884890161586127, -0.02649827113144429674 ) ) ;
#6203 = AXIS2_PLACEMENT_3D ( 'NONE', #2939, #6187, #9683 ) ;
#6204 = CARTESIAN_POINT ( 'NONE',  ( 1.116292633144263746, 0.2165918309835656586, 0.001828991785565779824 ) ) ;
#6205 = ORIENTED_EDGE ( 'NONE', *, *, #3557, .F. ) ;
#6206 = PLANE ( 'NONE',  #1318 ) ;
#6207 = CARTESIAN_POINT ( 'NONE',  ( 1.119001456070826794, 0.1630220356739788823, 0.05319467026563520773 ) ) ;
#6208 = SURFACE_STYLE_USAGE ( .BOTH. , #7015 ) ;
#6209 = CARTESIAN_POINT ( 'NONE',  ( 1.112008417349875433, 0.1936091602837189396, 0.04760017229071356049 ) ) ;
#6210 = STYLED_ITEM ( 'NONE', ( #7336 ), #6392 ) ;
#6211 =( NAMED_UNIT ( * ) SI_UNIT ( $, .STERADIAN. ) SOLID_ANGLE_UNIT ( ) );
#6212 = CARTESIAN_POINT ( 'NONE',  ( 1.145748025500087586, 0.008015108676899970058, -0.01900985571310601085 ) ) ;
#6213 = FACE_OUTER_BOUND ( 'NONE', #6083, .T. ) ;
#6214 =( GEOMETRIC_REPRESENTATION_CONTEXT ( 3 ) GLOBAL_UNCERTAINTY_ASSIGNED_CONTEXT ( ( #5104 ) ) GLOBAL_UNIT_ASSIGNED_CONTEXT ( ( #10693, #9813, #10793 ) ) REPRESENTATION_CONTEXT ( 'NONE', 'WORKASPACE' ) );
#6215 = VERTEX_POINT ( 'NONE', #7129 ) ;
#6216 = CARTESIAN_POINT ( 'NONE',  ( 1.115431771422763285, 0.1793189047608619024, 0.04583075934634281423 ) ) ;
#6217 = VECTOR ( 'NONE', #1697, 1000.000000000000114 ) ;
#6218 = DIRECTION ( 'NONE',  ( -3.491481338843133355E-15, 0.000000000000000000, -1.000000000000000000 ) ) ;
#6219 = CARTESIAN_POINT ( 'NONE',  ( 1.124455434015714905, 0.1341759178843247580, -0.02322344304857634767 ) ) ;
#6220 = FILL_AREA_STYLE ('',( #1862 ) ) ;
#6221 = AXIS2_PLACEMENT_3D ( 'NONE', #6798, #5077, #6030 ) ;
#6222 = CARTESIAN_POINT ( 'NONE',  ( 1.130324462641736805, 0.1575156266701916441, -0.02112603636846634506 ) ) ;
#6223 = EDGE_CURVE ( 'NONE', #1915, #5607, #6257, .T. ) ;
#6224 =( NAMED_UNIT ( * ) SI_UNIT ( $, .STERADIAN. ) SOLID_ANGLE_UNIT ( ) );
#6225 = CARTESIAN_POINT ( 'NONE',  ( 1.126987947808945956, 0.1183306359042599343, -0.01141768780968355906 ) ) ;
#6226 = CARTESIAN_POINT ( 'NONE',  ( 1.137587837021293957, 0.1150106064044723736, 0.02829121657819368141 ) ) ;
#6227 = ORIENTED_EDGE ( 'NONE', *, *, #6883, .T. ) ;
#6228 = STYLED_ITEM ( 'NONE', ( #1662 ), #3537 ) ;
#6229 = CARTESIAN_POINT ( 'NONE',  ( 1.137661881051640567, 0.1144454844241282465, -0.01520011424547613316 ) ) ;
#6230 = ORIENTED_EDGE ( 'NONE', *, *, #9693, .T. ) ;
#6231 = CARTESIAN_POINT ( 'NONE',  ( 1.134837591180994254, -0.03897746332939385633, 0.02994877370923433937 ) ) ;
#6232 = SURFACE_STYLE_USAGE ( .BOTH. , #7210 ) ;
#6233 = B_SPLINE_CURVE_WITH_KNOTS ( 'NONE', 1,
 ( #198, #3663 ),
 .UNSPECIFIED., .F., .F.,
 ( 2, 2 ),
 ( 0.000000000000000000, 1.000000000000000000 ),
 .UNSPECIFIED. ) ;
#6234 = CARTESIAN_POINT ( 'NONE',  ( 0.7407876820061015666, 0.000000000000000000, 0.3101939685163938587 ) ) ;
#6235 = DIRECTION ( 'NONE',  ( 0.9864341515246025649, 0.1641574387773436783, -3.444116432045709494E-15 ) ) ;
#6236 = FILL_AREA_STYLE ('',( #7957 ) ) ;
#6237 = COLOUR_RGB ( '',0.000000000000000000, 0.000000000000000000, 0.000000000000000000 ) ;
#6238 = DIRECTION ( 'NONE',  ( 1.000000000000000000, 0.000000000000000000, -3.501069515317776838E-15 ) ) ;
#6239 = VERTEX_POINT ( 'NONE', #9964 ) ;
#6240 = FACE_BOUND ( 'NONE', #4505, .T. ) ;
#6241 = CARTESIAN_POINT ( 'NONE',  ( 1.109806174692898884, 0.2022260442644729095, 0.006069894152875641991 ) ) ;
#6242 = SURFACE_SIDE_STYLE ('',( #852 ) ) ;
#6243 = ORIENTED_EDGE ( 'NONE', *, *, #5067, .T. ) ;
#6244 = EDGE_CURVE ( 'NONE', #7561, #5474, #2331, .T. ) ;
#6245 = EDGE_LOOP ( 'NONE', ( #4180, #5900, #341, #7282 ) ) ;
#6246 = AXIS2_PLACEMENT_3D ( 'NONE', #1514, #2245, #3183 ) ;
#6247 = PRESENTATION_STYLE_ASSIGNMENT (( #4495 ) ) ;
#6248 = CARTESIAN_POINT ( 'NONE',  ( 1.131928067780652469, -0.07848876441088509237, -0.01468327645258259498 ) ) ;
#6249 = ADVANCED_FACE ( 'NONE', ( #4828 ), #6206, .F. ) ;
#6250 = CARTESIAN_POINT ( 'NONE',  ( 1.145213808576958536, -0.03048462733894207952, -0.01375810219837297378 ) ) ;
#6251 = FILL_AREA_STYLE ('',( #2785 ) ) ;
#6252 = ADVANCED_FACE ( 'NONE', ( #3104 ), #9030, .T. ) ;
#6253 = DIRECTION ( 'NONE',  ( 0.9890003322535569907, 0.1479132948803249248, -3.453076204172952693E-15 ) ) ;
#6254 = EDGE_CURVE ( 'NONE', #3690, #9450, #380, .T. ) ;
#6255 = COLOUR_RGB ( '',0.000000000000000000, 0.000000000000000000, 0.000000000000000000 ) ;
#6256 = DIRECTION ( 'NONE',  ( 0.9945796286623118654, 0.1039777007340408205, -3.472556213467995103E-15 ) ) ;
#6257 = B_SPLINE_CURVE_WITH_KNOTS ( 'NONE', 3,
 ( #8828, #10928, #3914, #2743 ),
 .UNSPECIFIED., .F., .F.,
 ( 4, 4 ),
 ( 0.000000000000000000, 1.000000000000000000 ),
 .UNSPECIFIED. ) ;
#6258 = ORIENTED_EDGE ( 'NONE', *, *, #2111, .F. ) ;
#6259 =( LENGTH_UNIT ( ) NAMED_UNIT ( * ) SI_UNIT ( .MILLI., .METRE. ) );
#6260 = FACE_OUTER_BOUND ( 'NONE', #7637, .T. ) ;
#6261 = EDGE_LOOP ( 'NONE', ( #160, #6829 ) ) ;
#6262 = SURFACE_SIDE_STYLE ('',( #3476 ) ) ;
#6263 = CARTESIAN_POINT ( 'NONE',  ( 0.3357876820061001522, 0.000000000000000000, -0.07980603148360476684 ) ) ;
#6264 = ADVANCED_FACE ( 'NONE', ( #7573 ), #10437, .T. ) ;
#6265 = CARTESIAN_POINT ( 'NONE',  ( 1.145629256049318201, -0.01896372894743860588, 0.06496641624868712550 ) ) ;
#6266 = EDGE_CURVE ( 'NONE', #9423, #9494, #4198, .T. ) ;
#6267 = ADVANCED_FACE ( 'NONE', ( #1533 ), #7626, .T. ) ;
#6268 = CARTESIAN_POINT ( 'NONE',  ( 1.135345867411963861, 0.02658398296875067249, -0.02606900220520719236 ) ) ;
#6269 = FACE_OUTER_BOUND ( 'NONE', #6245, .T. ) ;
#6270 = CARTESIAN_POINT ( 'NONE',  ( 1.135771448815126039, 0.005884764851373926013, 0.01133311950402868251 ) ) ;
#6271 = EDGE_LOOP ( 'NONE', ( #608, #864, #9553, #8600 ) ) ;
#6272 = PRESENTATION_STYLE_ASSIGNMENT (( #2799 ) ) ;
#6273 = B_SPLINE_CURVE_WITH_KNOTS ( 'NONE', 3,
 ( #4373, #10274, #10441, #2613 ),
 .UNSPECIFIED., .F., .F.,
 ( 4, 4 ),
 ( 0.5016852651649772454, 0.9999929928234427834 ),
 .UNSPECIFIED. ) ;
#6274 = CARTESIAN_POINT ( 'NONE',  ( 1.133915895520298811, 0.1381918329658299305, -0.02322107113118651242 ) ) ;
#6275 = CARTESIAN_POINT ( 'NONE',  ( 1.126931081137483526, 0.1737939644849764431, 0.02670798582366423757 ) ) ;
#6276 = B_SPLINE_CURVE_WITH_KNOTS ( 'NONE', 3,
 ( #7901, #78, #9665, #7038 ),
 .UNSPECIFIED., .F., .F.,
 ( 4, 4 ),
 ( 0.000000000000000000, 0.5016852651649772454 ),
 .UNSPECIFIED. ) ;
#6277 = AXIS2_PLACEMENT_3D ( 'NONE', #5553, #1243, #4708 ) ;
#6278 = CARTESIAN_POINT ( 'NONE',  ( 1.110998937974702283, 0.1976044245951581180, 0.05687885185883385930 ) ) ;
#6279 = FACE_OUTER_BOUND ( 'NONE', #485, .T. ) ;
#6280 = FACE_OUTER_BOUND ( 'NONE', #1930, .T. ) ;
#6281 = CARTESIAN_POINT ( 'NONE',  ( 1.122883752474023389, 0.1912584007408694442, 0.03361119833001458695 ) ) ;
#6282 = ORIENTED_EDGE ( 'NONE', *, *, #11302, .F. ) ;
#6283 = CARTESIAN_POINT ( 'NONE',  ( 1.131211430215097513, 0.1529771565464948524, -0.03192394952839221894 ) ) ;
#6284 = CARTESIAN_POINT ( 'NONE',  ( 1.120934248314674919, 0.1535357758558562880, -0.03517356395277878439 ) ) ;
#6285 = ORIENTED_EDGE ( 'NONE', *, *, #6266, .F. ) ;
#6286 = CARTESIAN_POINT ( 'NONE',  ( 1.135587754689488360, -0.02310184787358916456, 0.05103880324221861386 ) ) ;
#6287 = FACE_OUTER_BOUND ( 'NONE', #6097, .T. ) ;
#6288 = STYLED_ITEM ( 'NONE', ( #598 ), #239 ) ;
#6289 = DIRECTION ( 'NONE',  ( 3.491481338843133355E-15, 0.000000000000000000, 1.000000000000000000 ) ) ;
#6290 = COLOUR_RGB ( '',0.000000000000000000, 0.000000000000000000, 0.000000000000000000 ) ;
#6291 = ADVANCED_FACE ( 'NONE', ( #4256 ), #6949, .T. ) ;
#6292 = CARTESIAN_POINT ( 'NONE',  ( 1.123737155674034982, 0.1383306217431962415, -0.01903985017276128497 ) ) ;
#6293 = CARTESIAN_POINT ( 'NONE',  ( 1.119039806218737443, 0.1628376796579707186, 0.02850246652063675654 ) ) ;
#6294 = SURFACE_STYLE_FILL_AREA ( #1924 ) ;
#6295 = EDGE_LOOP ( 'NONE', ( #649, #10741, #3368, #1133 ) ) ;
#6296 = DIRECTION ( 'NONE',  ( -3.491481338843133355E-15, 0.000000000000000000, -1.000000000000000000 ) ) ;
#6297 = B_SPLINE_SURFACE_WITH_KNOTS ( 'NONE', 1, 3, ( 
 ( #7151, #6283, #9510, #6939 ),
 ( #3655, #727, #4267, #5175 ) ),
 .UNSPECIFIED., .F., .F., .F.,
 ( 2, 2 ),
 ( 4, 4 ),
 ( 0.000000000000000000, 1.000000000000000000 ),
 ( 0.000000000000000000, 1.000000000000000000 ),
 .UNSPECIFIED. ) ;
#6298 = B_SPLINE_CURVE_WITH_KNOTS ( 'NONE', 3,
 ( #7289, #10777, #5450, #2044 ),
 .UNSPECIFIED., .F., .F.,
 ( 4, 4 ),
 ( 0.0001128533551473410182, 1.000000000000000000 ),
 .UNSPECIFIED. ) ;
#6299 = UNCERTAINTY_MEASURE_WITH_UNIT (LENGTH_MEASURE( 1.000000000000000082E-05 ), #6869, 'distance_accuracy_value', 'NONE');
#6300 = SURFACE_STYLE_USAGE ( .BOTH. , #2201 ) ;
#6301 = CARTESIAN_POINT ( 'NONE',  ( 1.124659114105764246, 0.1329731687861330502, -0.006669187089668247685 ) ) ;
#6302 = CARTESIAN_POINT ( 'NONE',  ( 1.106527466201572940, 0.2143832667404724779, -0.009649280644974899540 ) ) ;
#6303 = ORIENTED_EDGE ( 'NONE', *, *, #1264, .F. ) ;
#6304 = ORIENTED_EDGE ( 'NONE', *, *, #1545, .F. ) ;
#6305 = FILL_AREA_STYLE ('',( #8977 ) ) ;
#6306 = CARTESIAN_POINT ( 'NONE',  ( 1.139439648465726762, 0.1012102603769790415, 0.02850246652063643041 ) ) ;
#6307 = CARTESIAN_POINT ( 'NONE',  ( 1.134837590969379972, -0.03897746766754540265, -0.009673564070785820729 ) ) ;
#6308 = ORIENTED_EDGE ( 'NONE', *, *, #1338, .F. ) ;
#6309 = PRESENTATION_STYLE_ASSIGNMENT (( #273 ) ) ;
#6310 = EDGE_CURVE ( 'NONE', #11213, #9694, #8976, .T. ) ;
#6311 = VERTEX_POINT ( 'NONE', #1010 ) ;
#6312 = AXIS2_PLACEMENT_3D ( 'NONE', #10381, #4379, #5999 ) ;
#6313 =( NAMED_UNIT ( * ) SI_UNIT ( $, .STERADIAN. ) SOLID_ANGLE_UNIT ( ) );
#6314 = CARTESIAN_POINT ( 'NONE',  ( 1.112309914343384998, 0.2304630614348432416, -0.01719775937616187939 ) ) ;
#6315 = CARTESIAN_POINT ( 'NONE',  ( 0.3357876820061025391, 0.000000000000000000, 0.6101939685163952909 ) ) ;
#6316 = UNCERTAINTY_MEASURE_WITH_UNIT (LENGTH_MEASURE( 1.000000000000000082E-05 ), #5056, 'distance_accuracy_value', 'NONE');
#6317 = ORIENTED_EDGE ( 'NONE', *, *, #8218, .T. ) ;
#6318 = ORIENTED_EDGE ( 'NONE', *, *, #8323, .F. ) ;
#6319 = DIRECTION ( 'NONE',  ( 3.491481338843133355E-15, -0.000000000000000000, 1.000000000000000000 ) ) ;
#6320 = FACE_OUTER_BOUND ( 'NONE', #7440, .T. ) ;
#6321 = CARTESIAN_POINT ( 'NONE',  ( 1.133843312886623211, 0.05575750953833066847, 0.02053748684766976140 ) ) ;
#6322 = CARTESIAN_POINT ( 'NONE',  ( 1.136239380271888200, 0.1240308012269037141, 0.05654591100375547935 ) ) ;
#6323 =( NAMED_UNIT ( * ) PLANE_ANGLE_UNIT ( ) SI_UNIT ( $, .RADIAN. ) );
#6324 = ADVANCED_FACE ( 'NONE', ( #2769 ), #9594, .F. ) ;
#6325 = EDGE_LOOP ( 'NONE', ( #7022, #4621, #314, #2662 ) ) ;
#6326 =( NAMED_UNIT ( * ) PLANE_ANGLE_UNIT ( ) SI_UNIT ( $, .RADIAN. ) );
#6327 = PLANE ( 'NONE',  #215 ) ;
#6328 = EDGE_CURVE ( 'NONE', #1367, #4997, #6668, .T. ) ;
#6329 = FILL_AREA_STYLE_COLOUR ( '', #10396 ) ;
#6330 = DIRECTION ( 'NONE',  ( -3.491481338843133355E-15, 0.000000000000000000, -1.000000000000000000 ) ) ;
#6331 = SURFACE_STYLE_USAGE ( .BOTH. , #8885 ) ;
#6332 = SURFACE_STYLE_USAGE ( .BOTH. , #296 ) ;
#6333 = PRESENTATION_STYLE_ASSIGNMENT (( #4476 ) ) ;
#6334 = CARTESIAN_POINT ( 'NONE',  ( 1.136979130155928885, 0.1191359972793274713, -0.01990106796831908262 ) ) ;
#6335 = ORIENTED_EDGE ( 'NONE', *, *, #4136, .T. ) ;
#6336 = VERTEX_POINT ( 'NONE', #8002 ) ;
#6337 = SURFACE_SIDE_STYLE ('',( #7439 ) ) ;
#6338 = DIRECTION ( 'NONE',  ( 3.491481338843133355E-15, -0.000000000000000000, 1.000000000000000000 ) ) ;
#6339 = ORIENTED_EDGE ( 'NONE', *, *, #4405, .T. ) ;
#6340 = CARTESIAN_POINT ( 'NONE',  ( 1.108718308002910824, 0.2063898449197811014, 0.005828898533101478652 ) ) ;
#6341 = DIRECTION ( 'NONE',  ( 0.9921629215550940017, 0.1249509387370111579, -3.464364754270089176E-15 ) ) ;
#6342 = CARTESIAN_POINT ( 'NONE',  ( 1.145748025500087586, 0.008015108676899971793, -0.01900985571310601085 ) ) ;
#6343 = MECHANICAL_DESIGN_GEOMETRIC_PRESENTATION_REPRESENTATION (  '', ( #6899 ), #1452 ) ;
#6344 = PRESENTATION_STYLE_ASSIGNMENT (( #1130 ) ) ;
#6345 = CARTESIAN_POINT ( 'NONE',  ( 1.138278712366137091, 0.1100370219139313183, 0.03136794109317287554 ) ) ;
#6346 = EDGE_LOOP ( 'NONE', ( #5781, #137, #3370 ) ) ;
#6347 = EDGE_CURVE ( 'NONE', #4307, #10956, #4375, .T. ) ;
#6348 = DIRECTION ( 'NONE',  ( 3.491481338843133355E-15, -0.000000000000000000, 1.000000000000000000 ) ) ;
#6349 = AXIS2_PLACEMENT_3D ( 'NONE', #5531, #3880, #6448 ) ;
#6350 = CARTESIAN_POINT ( 'NONE',  ( 1.106656769549965391, 0.2139178577615463150, -0.02147141002426298032 ) ) ;
#6351 = CARTESIAN_POINT ( 'NONE',  ( 1.126374234939389263, 0.1223922534273093055, 0.02505018332537748901 ) ) ;
#6352 =( LENGTH_UNIT ( ) NAMED_UNIT ( * ) SI_UNIT ( .MILLI., .METRE. ) );
#6353 = VERTEX_POINT ( 'NONE', #80 ) ;
#6354 = VERTEX_POINT ( 'NONE', #3658 ) ;
#6355 = B_SPLINE_SURFACE_WITH_KNOTS ( 'NONE', 1, 3, ( 
 ( #9957, #8242, #7165, #9023 ),
 ( #9079, #7348, #8077, #8175 ) ),
 .UNSPECIFIED., .F., .F., .F.,
 ( 2, 2 ),
 ( 4, 4 ),
 ( 0.000000000000000000, 1.000000000000000000 ),
 ( 0.000000000000000000, 1.000000000000000000 ),
 .UNSPECIFIED. ) ;
#6356 = CIRCLE ( 'NONE', #2560, 0.4000000000000000777 ) ;
#6357 = CARTESIAN_POINT ( 'NONE',  ( 1.135445455925693903, 0.02339753427095368418, 0.02334504061165312144 ) ) ;
#6358 = COLOUR_RGB ( '',0.000000000000000000, 0.000000000000000000, 0.000000000000000000 ) ;
#6359 = CARTESIAN_POINT ( 'NONE',  ( 1.145039381867644979, -0.03479447812398914208, -0.02630446206027681200 ) ) ;
#6360 = CARTESIAN_POINT ( 'NONE',  ( 1.118745108017201506, 0.2075516057612452614, 0.02485103320822999728 ) ) ;
#6361 = ORIENTED_EDGE ( 'NONE', *, *, #5654, .T. ) ;
#6362 = EDGE_CURVE ( 'NONE', #3567, #5805, #837, .T. ) ;
#6363 = CARTESIAN_POINT ( 'NONE',  ( 1.134307221508455088, 0.04864714825092519845, -0.01582184902780103819 ) ) ;
#6364 = ORIENTED_EDGE ( 'NONE', *, *, #5279, .T. ) ;
#6365 =( GEOMETRIC_REPRESENTATION_CONTEXT ( 3 ) GLOBAL_UNCERTAINTY_ASSIGNED_CONTEXT ( ( #832 ) ) GLOBAL_UNIT_ASSIGNED_CONTEXT ( ( #2642, #694, #11146 ) ) REPRESENTATION_CONTEXT ( 'NONE', 'WORKASPACE' ) );
#6366 = MECHANICAL_DESIGN_GEOMETRIC_PRESENTATION_REPRESENTATION (  '', ( #4201 ), #3454 ) ;
#6367 = SURFACE_STYLE_USAGE ( .BOTH. , #8986 ) ;
#6368 =( NAMED_UNIT ( * ) SI_UNIT ( $, .STERADIAN. ) SOLID_ANGLE_UNIT ( ) );
#6369 = DIRECTION ( 'NONE',  ( 0.000000000000000000, -1.000000000000000000, -0.000000000000000000 ) ) ;
#6370 = VERTEX_POINT ( 'NONE', #8067 ) ;
#6371 = MECHANICAL_DESIGN_GEOMETRIC_PRESENTATION_REPRESENTATION (  '', ( #1295 ), #7837 ) ;
#6372 = VERTEX_POINT ( 'NONE', #4646 ) ;
#6373 = STYLED_ITEM ( 'NONE', ( #7443 ), #210 ) ;
#6374 = DIRECTION ( 'NONE',  ( 1.000000000000000000, 0.000000000000000000, -3.480155121558408744E-15 ) ) ;
#6375 = CARTESIAN_POINT ( 'NONE',  ( 1.144301093518203860, -0.05028353728091509295, 0.003540057512060872970 ) ) ;
#6376 = STYLED_ITEM ( 'NONE', ( #426 ), #10886 ) ;
#6377 = CARTESIAN_POINT ( 'NONE',  ( 1.143965873686776158, 0.05455453482313187691, -0.009398658024494086285 ) ) ;
#6378 = MECHANICAL_DESIGN_GEOMETRIC_PRESENTATION_REPRESENTATION (  '', ( #8024 ), #6751 ) ;
#6379 = PRESENTATION_LAYER_ASSIGNMENT (  '', '', ( #6931 ) ) ;
#6380 = PRESENTATION_LAYER_ASSIGNMENT (  '', '', ( #381 ) ) ;
#6381 = DIRECTION ( 'NONE',  ( -1.000000000000000000, 0.000000000000000000, 3.491481338843133355E-15 ) ) ;
#6382 = DIRECTION ( 'NONE',  ( 0.000000000000000000, 0.000000000000000000, 1.000000000000000000 ) ) ;
#6383 = MECHANICAL_DESIGN_GEOMETRIC_PRESENTATION_REPRESENTATION (  '', ( #6 ), #2393 ) ;
#6384 =( LENGTH_UNIT ( ) NAMED_UNIT ( * ) SI_UNIT ( .MILLI., .METRE. ) );
#6385 = ORIENTED_EDGE ( 'NONE', *, *, #7456, .F. ) ;
#6386 = CARTESIAN_POINT ( 'NONE',  ( 1.125348979795322446, 0.1288136523564147873, -0.01287498630665485054 ) ) ;
#6387 = DIRECTION ( 'NONE',  ( 0.9922241807740517228, 0.1244635492313379554, -3.464332211121517264E-15 ) ) ;
#6388 = PRESENTATION_LAYER_ASSIGNMENT (  '', '', ( #9294 ) ) ;
#6389 =( GEOMETRIC_REPRESENTATION_CONTEXT ( 3 ) GLOBAL_UNCERTAINTY_ASSIGNED_CONTEXT ( ( #3508 ) ) GLOBAL_UNIT_ASSIGNED_CONTEXT ( ( #5032, #7768, #9538 ) ) REPRESENTATION_CONTEXT ( 'NONE', 'WORKASPACE' ) );
#6390 =( NAMED_UNIT ( * ) PLANE_ANGLE_UNIT ( ) SI_UNIT ( $, .RADIAN. ) );
#6391 =( GEOMETRIC_REPRESENTATION_CONTEXT ( 3 ) GLOBAL_UNCERTAINTY_ASSIGNED_CONTEXT ( ( #6519 ) ) GLOBAL_UNIT_ASSIGNED_CONTEXT ( ( #4182, #4128, #5089 ) ) REPRESENTATION_CONTEXT ( 'NONE', 'WORKASPACE' ) );
#6392 = ADVANCED_FACE ( 'NONE', ( #362 ), #5215, .T. ) ;
#6393 = PRESENTATION_STYLE_ASSIGNMENT (( #4688 ) ) ;
#6394 = CARTESIAN_POINT ( 'NONE',  ( 1.135023309582118056, 0.03628545764023829306, -0.01052198755473502528 ) ) ;
#6395 = EDGE_CURVE ( 'NONE', #7977, #4431, #1654, .T. ) ;
#6396 = B_SPLINE_CURVE_WITH_KNOTS ( 'NONE', 1,
 ( #3496, #6161 ),
 .UNSPECIFIED., .F., .F.,
 ( 2, 2 ),
 ( 0.000000000000000000, 1.000000000000000000 ),
 .UNSPECIFIED. ) ;
#6397 = FILL_AREA_STYLE_COLOUR ( '', #3696 ) ;
#6398 = CARTESIAN_POINT ( 'NONE',  ( 1.124245763469084336, 0.1354025619244733636, 0.02850246652063648592 ) ) ;
#6399 = STYLED_ITEM ( 'NONE', ( #3883 ), #6621 ) ;
#6400 = VECTOR ( 'NONE', #7670, 1000.000000000000000 ) ;
#6401 = CARTESIAN_POINT ( 'NONE',  ( 0.3357876820061003187, 0.000000000000000000, -0.01719775937615916628 ) ) ;
#6402 = ORIENTED_EDGE ( 'NONE', *, *, #10252, .F. ) ;
#6403 = ORIENTED_EDGE ( 'NONE', *, *, #6045, .T. ) ;
#6404 = ADVANCED_FACE ( 'NONE', ( #2023 ), #7772, .T. ) ;
#6405 = FACE_OUTER_BOUND ( 'NONE', #5398, .T. ) ;
#6406 = B_SPLINE_CURVE_WITH_KNOTS ( 'NONE', 3,
 ( #377, #3044, #10087, #4776 ),
 .UNSPECIFIED., .F., .F.,
 ( 4, 4 ),
 ( 0.5016852644607113776, 1.000000000000000000 ),
 .UNSPECIFIED. ) ;
#6407 = CARTESIAN_POINT ( 'NONE',  ( 1.140872178391330705, -0.08910080628221116184, 0.01013760047613248248 ) ) ;
#6408 = EDGE_CURVE ( 'NONE', #9133, #6954, #8895, .T. ) ;
#6409 = EDGE_LOOP ( 'NONE', ( #2919, #7251, #6515, #8939 ) ) ;
#6410 = CARTESIAN_POINT ( 'NONE',  ( 1.109806174692898884, 0.2022260442644729095, 0.006069894152875641991 ) ) ;
#6411 = CARTESIAN_POINT ( 'NONE',  ( 1.144337773143835557, -0.04844326703640708387, -0.01375688538146412933 ) ) ;
#6412 = AXIS2_PLACEMENT_3D ( 'NONE', #6788, #5914, #7811 ) ;
#6413 = PRESENTATION_STYLE_ASSIGNMENT (( #2030 ) ) ;
#6414 = EDGE_CURVE ( 'NONE', #9973, #1980, #5180, .T. ) ;
#6415 = DIRECTION ( 'NONE',  ( -3.491481338843133355E-15, 0.000000000000000000, -1.000000000000000000 ) ) ;
#6416 = PRESENTATION_STYLE_ASSIGNMENT (( #3783 ) ) ;
#6417 = AXIS2_PLACEMENT_3D ( 'NONE', #7982, #165, #3640 ) ;
#6418 = CARTESIAN_POINT ( 'NONE',  ( 1.120443983761350903, 0.1559303978996560702, -0.02071828101250875603 ) ) ;
#6419 = ORIENTED_EDGE ( 'NONE', *, *, #4890, .F. ) ;
#6420 = COLOUR_RGB ( '',0.000000000000000000, 0.000000000000000000, 0.000000000000000000 ) ;
#6421 = DIRECTION ( 'NONE',  ( 0.9864341515246025649, 0.1641574387773433730, -3.444116432045709494E-15 ) ) ;
#6422 = PRESENTATION_STYLE_ASSIGNMENT (( #9151 ) ) ;
#6423 = CARTESIAN_POINT ( 'NONE',  ( 1.144685283313480406, 0.04226352544530564276, -0.004601434221573105082 ) ) ;
#6424 = CARTESIAN_POINT ( 'NONE',  ( 1.134588439536222237, 0.1342293532436117931, -0.007411481455077590340 ) ) ;
#6425 = VERTEX_POINT ( 'NONE', #10986 ) ;
#6426 = ORIENTED_EDGE ( 'NONE', *, *, #2031, .F. ) ;
#6427 = EDGE_CURVE ( 'NONE', #7936, #4723, #1325, .T. ) ;
#6428 =( NAMED_UNIT ( * ) PLANE_ANGLE_UNIT ( ) SI_UNIT ( $, .RADIAN. ) );
#6429 = FACE_OUTER_BOUND ( 'NONE', #8654, .T. ) ;
#6430 = ORIENTED_EDGE ( 'NONE', *, *, #7026, .F. ) ;
#6431 = ORIENTED_EDGE ( 'NONE', *, *, #2903, .F. ) ;
#6432 =( NAMED_UNIT ( * ) SI_UNIT ( $, .STERADIAN. ) SOLID_ANGLE_UNIT ( ) );
#6433 = CARTESIAN_POINT ( 'NONE',  ( 1.143725140545314378, 0.05776731852177337256, 0.005811029902011249221 ) ) ;
#6434 = PRESENTATION_STYLE_ASSIGNMENT (( #5402 ) ) ;
#6435 = AXIS2_PLACEMENT_3D ( 'NONE', #3619, #7116, #11092 ) ;
#6436 = ORIENTED_EDGE ( 'NONE', *, *, #9903, .F. ) ;
#6437 = ORIENTED_EDGE ( 'NONE', *, *, #4386, .F. ) ;
#6438 = DIRECTION ( 'NONE',  ( 0.9922241807740518338, 0.1244635492313379832, -3.464364754270088387E-15 ) ) ;
#6439 = CARTESIAN_POINT ( 'NONE',  ( 1.135629953229991385, 0.01588524986922123031, 0.0008013131769034993399 ) ) ;
#6440 =( LENGTH_UNIT ( ) NAMED_UNIT ( * ) SI_UNIT ( .MILLI., .METRE. ) );
#6441 = DIRECTION ( 'NONE',  ( 0.9726249249187185475, 0.2323806261865586642, -3.396602118489744360E-15 ) ) ;
#6442 = STYLED_ITEM ( 'NONE', ( #7632 ), #9031 ) ;
#6443 = DIRECTION ( 'NONE',  ( 3.491481338843133355E-15, 0.000000000000000000, 1.000000000000000000 ) ) ;
#6444 = ORIENTED_EDGE ( 'NONE', *, *, #1164, .F. ) ;
#6445 = CARTESIAN_POINT ( 'NONE',  ( 1.136997130440177584, 0.1190101665403514725, 0.05368565291744746559 ) ) ;
#6446 = DIRECTION ( 'NONE',  ( 3.491481338843133355E-15, -0.000000000000000000, 1.000000000000000000 ) ) ;
#6447 = B_SPLINE_CURVE_WITH_KNOTS ( 'NONE', 3,
 ( #3258, #5253, #69, #6158 ),
 .UNSPECIFIED., .F., .F.,
 ( 4, 4 ),
 ( 0.000000000000000000, 1.000000000000000000 ),
 .UNSPECIFIED. ) ;
#6448 = DIRECTION ( 'NONE',  ( 1.000000000000000000, 0.000000000000000000, -3.480155121558409533E-15 ) ) ;
#6449 = MECHANICAL_DESIGN_GEOMETRIC_PRESENTATION_REPRESENTATION (  '', ( #8451 ), #9355 ) ;
#6450 = CARTESIAN_POINT ( 'NONE',  ( 1.122005351124923056, 0.1478875346474051444, -0.01069176758523832788 ) ) ;
#6451 =( LENGTH_UNIT ( ) NAMED_UNIT ( * ) SI_UNIT ( .MILLI., .METRE. ) );
#6452 =( NAMED_UNIT ( * ) SI_UNIT ( $, .STERADIAN. ) SOLID_ANGLE_UNIT ( ) );
#6454 = STYLED_ITEM ( 'NONE', ( #2739 ), #2228 ) ;
#6453 = CARTESIAN_POINT ( 'NONE',  ( 1.125531418753369817, 0.1276903687380523122, -0.009256301275038899407 ) ) ;
#6455 = CARTESIAN_POINT ( 'NONE',  ( 0.3357876820061009293, 0.000000000000000000, 0.1601939685163953631 ) ) ;
#6456 = PRESENTATION_STYLE_ASSIGNMENT (( #2971 ) ) ;
#6457 = CARTESIAN_POINT ( 'NONE',  ( 1.124455434015714905, 0.1341759178843247580, -0.02322344304857634767 ) ) ;
#6458 = ORIENTED_EDGE ( 'NONE', *, *, #2031, .T. ) ;
#6459 = ORIENTED_EDGE ( 'NONE', *, *, #7739, .F. ) ;
#6460 = EDGE_CURVE ( 'NONE', #621, #3429, #2049, .T. ) ;
#6461 = VERTEX_POINT ( 'NONE', #5813 ) ;
#6462 = CARTESIAN_POINT ( 'NONE',  ( 1.144236953819777414, -0.05012878872964469934, 0.04687534672749248121 ) ) ;
#6463 = EDGE_LOOP ( 'NONE', ( #854, #1698, #9744, #7110 ) ) ;
#6464 = CARTESIAN_POINT ( 'NONE',  ( 1.106656769549965391, 0.2139178577615463150, -0.02147141002426298032 ) ) ;
#6465 = COLOUR_RGB ( '',0.000000000000000000, 0.000000000000000000, 0.000000000000000000 ) ;
#6466 = FACE_OUTER_BOUND ( 'NONE', #10845, .T. ) ;
#6467 = SURFACE_SIDE_STYLE ('',( #9189 ) ) ;
#6468 = B_SPLINE_CURVE_WITH_KNOTS ( 'NONE', 3,
 ( #4490, #8909, #1137, #4603 ),
 .UNSPECIFIED., .F., .F.,
 ( 4, 4 ),
 ( 0.000000000000000000, 1.000000000000000000 ),
 .UNSPECIFIED. ) ;
#6469 = LINE ( 'NONE', #5334, #5161 ) ;
#6470 = PRESENTATION_STYLE_ASSIGNMENT (( #2990 ) ) ;
#6471 = EDGE_LOOP ( 'NONE', ( #2186, #7694, #7227, #7241 ) ) ;
#6472 = CARTESIAN_POINT ( 'NONE',  ( 1.138546246024044306, 0.1080859047384614136, 0.03418046388270336994 ) ) ;
#6473 = CARTESIAN_POINT ( 'NONE',  ( 1.126987947808945956, 0.1183306359042599343, -0.01667378688284185118 ) ) ;
#6474 = PRESENTATION_STYLE_ASSIGNMENT (( #4875 ) ) ;
#6475 = ORIENTED_EDGE ( 'NONE', *, *, #3630, .T. ) ;
#6476 = EDGE_LOOP ( 'NONE', ( #2779, #1492, #469, #3677 ) ) ;
#6477 = CARTESIAN_POINT ( 'NONE',  ( 1.126987947808945956, 0.1183306359042599343, -0.01557671947501521048 ) ) ;
#6478 = DIRECTION ( 'NONE',  ( 3.491481338843133355E-15, 0.000000000000000000, 1.000000000000000000 ) ) ;
#6479 = CARTESIAN_POINT ( 'NONE',  ( 1.145441178099688706, 0.02369000344934060406, 0.02334504061165312144 ) ) ;
#6480 = CARTESIAN_POINT ( 'NONE',  ( 1.144825714831420926, -0.03946468601338971871, -0.02743530319401912485 ) ) ;
#6481 = B_SPLINE_CURVE_WITH_KNOTS ( 'NONE', 3,
 ( #4540, #2671, #8808, #33 ),
 .UNSPECIFIED., .F., .F.,
 ( 4, 4 ),
 ( 0.2892843107184031037, 0.9999893299746490660 ),
 .UNSPECIFIED. ) ;
#6482 =( NAMED_UNIT ( * ) PLANE_ANGLE_UNIT ( ) SI_UNIT ( $, .RADIAN. ) );
#6483 = CARTESIAN_POINT ( 'NONE',  ( 1.122397030820489139, 0.1457591587441520453, -0.03640462608224261098 ) ) ;
#6484 = ORIENTED_EDGE ( 'NONE', *, *, #57, .T. ) ;
#6485 = CARTESIAN_POINT ( 'NONE',  ( 1.133616845517835925, 0.1398883378347890727, -0.01867689006025458065 ) ) ;
#6486 = DIRECTION ( 'NONE',  ( 0.1039777007340410425, -0.9945796286623118654, -3.630362017687202924E-16 ) ) ;
#6487 = ORIENTED_EDGE ( 'NONE', *, *, #4395, .T. ) ;
#6488 = EDGE_CURVE ( 'NONE', #4986, #8833, #7563, .T. ) ;
#6489 = CARTESIAN_POINT ( 'NONE',  ( 1.125531418753369817, 0.1276903687380523122, -0.009256301275038954918 ) ) ;
#6490 = FACE_OUTER_BOUND ( 'NONE', #1356, .T. ) ;
#6491 = FACE_OUTER_BOUND ( 'NONE', #9962, .T. ) ;
#6492 = ORIENTED_EDGE ( 'NONE', *, *, #11302, .T. ) ;
#6493 = B_SPLINE_CURVE_WITH_KNOTS ( 'NONE', 1,
 ( #11004, #2320 ),
 .UNSPECIFIED., .F., .F.,
 ( 2, 2 ),
 ( 0.000000000000000000, 1.000000000000000000 ),
 .UNSPECIFIED. ) ;
#6494 = VERTEX_POINT ( 'NONE', #2416 ) ;
#6495 = DIRECTION ( 'NONE',  ( 3.491481338843133355E-15, -0.000000000000000000, 1.000000000000000000 ) ) ;
#6496 = FILL_AREA_STYLE ('',( #2958 ) ) ;
#6497 = CARTESIAN_POINT ( 'NONE',  ( 1.127863673027581282, 0.1123192968609521003, -0.02320706890818121509 ) ) ;
#6498 = COLOUR_RGB ( '',0.000000000000000000, 0.000000000000000000, 0.000000000000000000 ) ;
#6499 =( NAMED_UNIT ( * ) PLANE_ANGLE_UNIT ( ) SI_UNIT ( $, .RADIAN. ) );
#6500 = ORIENTED_EDGE ( 'NONE', *, *, #1757, .T. ) ;
#6501 = EDGE_CURVE ( 'NONE', #2142, #8858, #5851, .T. ) ;
#6502 = CARTESIAN_POINT ( 'NONE',  ( 1.097691211202876049, 0.2439662815735902102, -0.01528198494528030214 ) ) ;
#6503 = CARTESIAN_POINT ( 'NONE',  ( 1.145385133441610748, 0.02553363720911694390, 0.02334504061165312144 ) ) ;
#6504 =( GEOMETRIC_REPRESENTATION_CONTEXT ( 3 ) GLOBAL_UNCERTAINTY_ASSIGNED_CONTEXT ( ( #1413 ) ) GLOBAL_UNIT_ASSIGNED_CONTEXT ( ( #1926, #1308, #1134 ) ) REPRESENTATION_CONTEXT ( 'NONE', 'WORKASPACE' ) );
#6505 = UNCERTAINTY_MEASURE_WITH_UNIT (LENGTH_MEASURE( 1.000000000000000082E-05 ), #10870, 'distance_accuracy_value', 'NONE');
#6506 = CARTESIAN_POINT ( 'NONE',  ( 1.116292337304989335, 0.2165928970598124670, -0.02147007775802343282 ) ) ;
#6507 = SURFACE_STYLE_FILL_AREA ( #1165 ) ;
#6508 = EDGE_CURVE ( 'NONE', #8213, #5062, #7215, .T. ) ;
#6509 = CARTESIAN_POINT ( 'NONE',  ( 1.131267676524183141, 0.1527113273844978025, -0.01830028483013561649 ) ) ;
#6510 = SURFACE_STYLE_USAGE ( .BOTH. , #347 ) ;
#6511 = PLANE ( 'NONE',  #9167 ) ;
#6512 = CARTESIAN_POINT ( 'NONE',  ( 1.106527466201572940, 0.2143832667404724779, -0.009649280644974899540 ) ) ;
#6513 = CARTESIAN_POINT ( 'NONE',  ( 1.144281125795967746, -0.05069439885448914079, -0.04019824351803337470 ) ) ;
#6514 = ORIENTED_EDGE ( 'NONE', *, *, #7524, .F. ) ;
#6515 = ORIENTED_EDGE ( 'NONE', *, *, #480, .F. ) ;
#6516 = FACE_OUTER_BOUND ( 'NONE', #3923, .T. ) ;
#6517 = ORIENTED_EDGE ( 'NONE', *, *, #5269, .F. ) ;
#6518 = CARTESIAN_POINT ( 'NONE',  ( 1.119481405851483924, 0.2047538698177788219, 0.006069894152875641991 ) ) ;
#6519 = UNCERTAINTY_MEASURE_WITH_UNIT (LENGTH_MEASURE( 1.000000000000000082E-05 ), #4182, 'distance_accuracy_value', 'NONE');
#6520 = CARTESIAN_POINT ( 'NONE',  ( 1.127762199581942681, 0.1130325772090155223, -0.01520011424547607938 ) ) ;
#6521 =( NAMED_UNIT ( * ) PLANE_ANGLE_UNIT ( ) SI_UNIT ( $, .RADIAN. ) );
#6522 = CARTESIAN_POINT ( 'NONE',  ( 1.112309914343384998, 0.2304630614348432138, -0.01719775937616187939 ) ) ;
#6523 =( NAMED_UNIT ( * ) SI_UNIT ( $, .STERADIAN. ) SOLID_ANGLE_UNIT ( ) );
#6524 = DIRECTION ( 'NONE',  ( 3.491481338843133355E-15, -0.000000000000000000, 1.000000000000000000 ) ) ;
#6525 = ORIENTED_EDGE ( 'NONE', *, *, #8166, .F. ) ;
#6526 = CARTESIAN_POINT ( 'NONE',  ( 1.138684746818478200, 0.1070342315745791417, 0.03722562787564553943 ) ) ;
#6527 =( NAMED_UNIT ( * ) SI_UNIT ( $, .STERADIAN. ) SOLID_ANGLE_UNIT ( ) );
#6528 = FILL_AREA_STYLE_COLOUR ( '', #8386 ) ;
#6529 = ORIENTED_EDGE ( 'NONE', *, *, #7315, .F. ) ;
#6530 = ORIENTED_EDGE ( 'NONE', *, *, #8270, .T. ) ;
#6531 =( NAMED_UNIT ( * ) PLANE_ANGLE_UNIT ( ) SI_UNIT ( $, .RADIAN. ) );
#6532 = EDGE_CURVE ( 'NONE', #3010, #9423, #9390, .T. ) ;
#6533 = CARTESIAN_POINT ( 'NONE',  ( 1.145441178099688928, 0.02369000344934040631, 0.02334504061165312144 ) ) ;
#6534 = PRESENTATION_STYLE_ASSIGNMENT (( #1320 ) ) ;
#6535 = ADVANCED_FACE ( 'NONE', ( #10188 ), #8454, .F. ) ;
#6536 = CARTESIAN_POINT ( 'NONE',  ( 1.128124628861203904, 0.1104709732838682623, -0.01613889829599039413 ) ) ;
#6537 = EDGE_CURVE ( 'NONE', #4968, #4582, #2602, .T. ) ;
#6538 = CARTESIAN_POINT ( 'NONE',  ( 1.145675287623129313, 0.01370189886772653354, 0.004824142817736531280 ) ) ;
#6539 = CARTESIAN_POINT ( 'NONE',  ( 1.135407184376999057, 0.1292619488794606308, -0.02101293409274520435 ) ) ;
#6540 = COLOUR_RGB ( '',0.000000000000000000, 0.000000000000000000, 0.000000000000000000 ) ;
#6541 =( LENGTH_UNIT ( ) NAMED_UNIT ( * ) SI_UNIT ( .MILLI., .METRE. ) );
#6542 = ORIENTED_EDGE ( 'NONE', *, *, #4361, .T. ) ;
#6543 = EDGE_CURVE ( 'NONE', #3446, #983, #5128, .T. ) ;
#6544 = PRESENTATION_STYLE_ASSIGNMENT (( #2831 ) ) ;
#6545 = EDGE_LOOP ( 'NONE', ( #8293, #8762, #8478 ) ) ;
#6546 = DIRECTION ( 'NONE',  ( 3.491481338843133355E-15, -0.000000000000000000, 1.000000000000000000 ) ) ;
#6547 =( LENGTH_UNIT ( ) NAMED_UNIT ( * ) SI_UNIT ( .MILLI., .METRE. ) );
#6548 = ORIENTED_EDGE ( 'NONE', *, *, #9546, .T. ) ;
#6549 = EDGE_LOOP ( 'NONE', ( #10704, #1666, #1427, #4040 ) ) ;
#6550 = PRESENTATION_LAYER_ASSIGNMENT (  '', '', ( #2897 ) ) ;
#6551 = AXIS2_PLACEMENT_3D ( 'NONE', #2328, #4043, #5848 ) ;
#6552 = CARTESIAN_POINT ( 'NONE',  ( 1.110375279079546029, 0.2368840527768505400, 0.001976359049127990319 ) ) ;
#6553 = CARTESIAN_POINT ( 'NONE',  ( 1.133988365157310607, 0.05388102188664112280, -0.009398658221951858641 ) ) ;
#6554 = SURFACE_STYLE_USAGE ( .BOTH. , #6614 ) ;
#6555 = PRESENTATION_LAYER_ASSIGNMENT (  '', '', ( #3251 ) ) ;
#6556 = CARTESIAN_POINT ( 'NONE',  ( 0.3357876820061004852, 0.000000000000000000, 0.02485103320823232875 ) ) ;
#6557 = AXIS2_PLACEMENT_3D ( 'NONE', #10489, #3598, #887 ) ;
#6558 = VERTEX_POINT ( 'NONE', #10364 ) ;
#6559 = CARTESIAN_POINT ( 'NONE',  ( 1.126987947808945956, 0.1183306359042599343, -0.01141768780968355906 ) ) ;
#6560 = UNCERTAINTY_MEASURE_WITH_UNIT (LENGTH_MEASURE( 1.000000000000000082E-05 ), #8667, 'distance_accuracy_value', 'NONE');
#6561 = CARTESIAN_POINT ( 'NONE',  ( 1.145738374685335570, 0.008937305434386427425, 0.01287018508051515284 ) ) ;
#6562 = CARTESIAN_POINT ( 'NONE',  ( 1.124245763469084558, 0.1354025619244733636, 0.05319467026563504813 ) ) ;
#6563 = ADVANCED_FACE ( 'NONE', ( #5705 ), #9187, .F. ) ;
#6564 = CIRCLE ( 'NONE', #11136, 0.8000000000000000444 ) ;
#6565 = CIRCLE ( 'NONE', #3091, 0.4050000000000000822 ) ;
#6566 = MECHANICAL_DESIGN_GEOMETRIC_PRESENTATION_REPRESENTATION (  '', ( #5994 ), #5983 ) ;
#6567 = AXIS2_PLACEMENT_3D ( 'NONE', #11246, #9701, #1844 ) ;
#6568 = AXIS2_PLACEMENT_3D ( 'NONE', #9244, #11166, #4253 ) ;
#6569 = DIRECTION ( 'NONE',  ( 0.9703469728968709962, 0.2417162638092007765, -3.387948348072348624E-15 ) ) ;
#6570 = B_SPLINE_CURVE_WITH_KNOTS ( 'NONE', 3,
 ( #6653, #4834, #1476, #8305 ),
 .UNSPECIFIED., .F., .F.,
 ( 4, 4 ),
 ( 0.000000000000000000, 1.000000000000000000 ),
 .UNSPECIFIED. ) ;
#6571 = CARTESIAN_POINT ( 'NONE',  ( 1.125470872090079011, 0.1280648398010424960, -0.01046252961891072121 ) ) ;
#6572 = FACE_OUTER_BOUND ( 'NONE', #7984, .T. ) ;
#6573 = LINE ( 'NONE', #2294, #1335 ) ;
#6574 = ORIENTED_EDGE ( 'NONE', *, *, #9393, .F. ) ;
#6575 = CIRCLE ( 'NONE', #5467, 0.8100000000000000533 ) ;
#6576 = COLOUR_RGB ( '',0.000000000000000000, 0.000000000000000000, 0.000000000000000000 ) ;
#6577 =( GEOMETRIC_REPRESENTATION_CONTEXT ( 3 ) GLOBAL_UNCERTAINTY_ASSIGNED_CONTEXT ( ( #3517 ) ) GLOBAL_UNIT_ASSIGNED_CONTEXT ( ( #8692, #6990, #6122 ) ) REPRESENTATION_CONTEXT ( 'NONE', 'WORKASPACE' ) );
#6578 = CARTESIAN_POINT ( 'NONE',  ( 1.138639007566222716, 0.1073766690038141375, -0.02469787592213919247 ) ) ;
#6579 = ORIENTED_EDGE ( 'NONE', *, *, #11253, .T. ) ;
#6580 = B_SPLINE_CURVE_WITH_KNOTS ( 'NONE', 3,
 ( #9799, #1146, #6659, #9383 ),
 .UNSPECIFIED., .F., .F.,
 ( 4, 4 ),
 ( 0.000000000000000000, 1.000000000000000000 ),
 .UNSPECIFIED. ) ;
#6581 = CARTESIAN_POINT ( 'NONE',  ( 1.144825714831421148, -0.03946468601338972565, -0.009673564070785876240 ) ) ;
#6582 = ADVANCED_FACE ( 'NONE', ( #7989 ), #6155, .F. ) ;
#6583 = MECHANICAL_DESIGN_GEOMETRIC_PRESENTATION_REPRESENTATION (  '', ( #6210 ), #9500 ) ;
#6584 = AXIS2_PLACEMENT_3D ( 'NONE', #7610, #4751, #7558 ) ;
#6585 = CARTESIAN_POINT ( 'NONE',  ( 1.136911217281932007, 0.1195873396665943084, -0.007443377675522507876 ) ) ;
#6586 =( NAMED_UNIT ( * ) SI_UNIT ( $, .STERADIAN. ) SOLID_ANGLE_UNIT ( ) );
#6587 = CARTESIAN_POINT ( 'NONE',  ( 1.127298811079987306, 0.1162330957695818789, 0.02431068657451380954 ) ) ;
#6588 = VERTEX_POINT ( 'NONE', #7890 ) ;
#6589 = SURFACE_STYLE_FILL_AREA ( #1414 ) ;
#6590 = FILL_AREA_STYLE ('',( #3099 ) ) ;
#6591 = CARTESIAN_POINT ( 'NONE',  ( 1.144138139239062824, -0.05166757485368505404, 0.03336422432481222361 ) ) ;
#6592 = EDGE_LOOP ( 'NONE', ( #9617, #2648, #9869, #4960 ) ) ;
#6593 = B_SPLINE_CURVE_WITH_KNOTS ( 'NONE', 3,
 ( #490, #7575, #10090, #4029 ),
 .UNSPECIFIED., .F., .F.,
 ( 4, 4 ),
 ( 0.000000000000000000, 0.9998751778996570749 ),
 .UNSPECIFIED. ) ;
#6594 = VERTEX_POINT ( 'NONE', #1001 ) ;
#6595 = CARTESIAN_POINT ( 'NONE',  ( 1.133003733823246373, 0.1433407364466975920, -0.01595332470455390964 ) ) ;
#6596 =( NAMED_UNIT ( * ) PLANE_ANGLE_UNIT ( ) SI_UNIT ( $, .RADIAN. ) );
#6597 = VECTOR ( 'NONE', #9219, 1000.000000000000000 ) ;
#6598 = CARTESIAN_POINT ( 'NONE',  ( 1.109888891780399955, 0.2019091801428694599, -0.02595792449772794594 ) ) ;
#6599 =( LENGTH_UNIT ( ) NAMED_UNIT ( * ) SI_UNIT ( .MILLI., .METRE. ) );
#6600 = AXIS2_PLACEMENT_3D ( 'NONE', #8598, #10233, #9524 ) ;
#6601 = EDGE_LOOP ( 'NONE', ( #3657, #4526, #8346, #5764 ) ) ;
#6602 = CARTESIAN_POINT ( 'NONE',  ( 1.107461245603743150, 0.2109974199949253004, -0.0006271292766393669373 ) ) ;
#6603 = EDGE_CURVE ( 'NONE', #5557, #728, #8934, .T. ) ;
#6604 = ORIENTED_EDGE ( 'NONE', *, *, #1210, .T. ) ;
#6605 = ORIENTED_EDGE ( 'NONE', *, *, #10644, .T. ) ;
#6606 = DIRECTION ( 'NONE',  ( 3.491481338843133355E-15, 0.000000000000000000, 1.000000000000000000 ) ) ;
#6607 = DIRECTION ( 'NONE',  ( -0.1091163643906666730, 0.9940289829890088802, 3.809777500324200542E-16 ) ) ;
#6608 = ORIENTED_EDGE ( 'NONE', *, *, #3230, .T. ) ;
#6609 = ORIENTED_EDGE ( 'NONE', *, *, #9693, .F. ) ;
#6610 = MECHANICAL_DESIGN_GEOMETRIC_PRESENTATION_REPRESENTATION (  '', ( #3130 ), #1700 ) ;
#6611 = EDGE_CURVE ( 'NONE', #7960, #10818, #1866, .T. ) ;
#6612 =( LENGTH_UNIT ( ) NAMED_UNIT ( * ) SI_UNIT ( .MILLI., .METRE. ) );
#6613 = ADVANCED_FACE ( 'NONE', ( #7776 ), #6043, .F. ) ;
#6614 = SURFACE_SIDE_STYLE ('',( #3126 ) ) ;
#6615 = B_SPLINE_CURVE_WITH_KNOTS ( 'NONE', 3,
 ( #10284, #5058, #7688, #3025 ),
 .UNSPECIFIED., .F., .F.,
 ( 4, 4 ),
 ( 0.000000000000000000, 1.000000000000000000 ),
 .UNSPECIFIED. ) ;
#6616 = UNCERTAINTY_MEASURE_WITH_UNIT (LENGTH_MEASURE( 1.000000000000000082E-05 ), #4575, 'distance_accuracy_value', 'NONE');
#6617 = MECHANICAL_DESIGN_GEOMETRIC_PRESENTATION_REPRESENTATION (  '', ( #7162 ), #799 ) ;
#6618 = DIRECTION ( 'NONE',  ( 1.000000000000000000, 0.000000000000000000, -3.490612318438092200E-15 ) ) ;
#6619 = VERTEX_POINT ( 'NONE', #2905 ) ;
#6620 = CARTESIAN_POINT ( 'NONE',  ( 1.144836768010198069, -0.03923743666365536731, -0.04109791807730252267 ) ) ;
#6621 = ADVANCED_FACE ( 'NONE', ( #9004 ), #1777, .T. ) ;
#6622 = PLANE ( 'NONE',  #10200 ) ;
#6623 = EDGE_CURVE ( 'NONE', #3739, #6698, #8403, .T. ) ;
#6624 = SURFACE_STYLE_FILL_AREA ( #7600 ) ;
#6625 = CARTESIAN_POINT ( 'NONE',  ( 1.140872178391330705, -0.08910080628221116184, 0.01013760047613248248 ) ) ;
#6626 = AXIS2_PLACEMENT_3D ( 'NONE', #7081, #5423, #132 ) ;
#6627 = DIRECTION ( 'NONE',  ( -3.491481338843133355E-15, 0.000000000000000000, -1.000000000000000000 ) ) ;
#6628 = CARTESIAN_POINT ( 'NONE',  ( 1.131833071988944228, 0.1497361288303037663, -0.01069176758474282493 ) ) ;
#6629 = CARTESIAN_POINT ( 'NONE',  ( 1.136877951131481712, 0.1198097688530632005, -0.01141768780968361457 ) ) ;
#6630 = VERTEX_POINT ( 'NONE', #4741 ) ;
#6631 = CARTESIAN_POINT ( 'NONE',  ( 1.132383009493155512, -0.07372844922953177005, 0.01059303993007702435 ) ) ;
#6632 = EDGE_CURVE ( 'NONE', #3629, #1088, #5638, .T. ) ;
#6633 = ORIENTED_EDGE ( 'NONE', *, *, #7246, .T. ) ;
#6634 = CARTESIAN_POINT ( 'NONE',  ( 1.120500430851001816, 0.1556473214589481069, -0.02151967980650596260 ) ) ;
#6635 =( GEOMETRIC_REPRESENTATION_CONTEXT ( 3 ) GLOBAL_UNCERTAINTY_ASSIGNED_CONTEXT ( ( #3292 ) ) GLOBAL_UNIT_ASSIGNED_CONTEXT ( ( #217, #9968, #2146 ) ) REPRESENTATION_CONTEXT ( 'NONE', 'WORKASPACE' ) );
#6636 = B_SPLINE_CURVE_WITH_KNOTS ( 'NONE', 1,
 ( #10151, #1591 ),
 .UNSPECIFIED., .F., .F.,
 ( 2, 2 ),
 ( 0.000000000000000000, 1.000000000000000000 ),
 .UNSPECIFIED. ) ;
#6637 = FILL_AREA_STYLE_COLOUR ( '', #4409 ) ;
#6638 = CARTESIAN_POINT ( 'NONE',  ( 1.134355673253246044, -0.04784520201126625516, -0.01375688538146407555 ) ) ;
#6639 = CARTESIAN_POINT ( 'NONE',  ( 1.128822595057868750, 0.1053357806302039484, 0.02868258206520829523 ) ) ;
#6640 = FACE_OUTER_BOUND ( 'NONE', #4554, .T. ) ;
#6641 = DIRECTION ( 'NONE',  ( 3.491481338843133355E-15, -0.000000000000000000, 1.000000000000000000 ) ) ;
#6642 = FACE_OUTER_BOUND ( 'NONE', #6592, .T. ) ;
#6643 = VERTEX_POINT ( 'NONE', #9818 ) ;
#6644 = UNCERTAINTY_MEASURE_WITH_UNIT (LENGTH_MEASURE( 1.000000000000000082E-05 ), #9530, 'distance_accuracy_value', 'NONE');
#6645 = STYLED_ITEM ( 'NONE', ( #2720 ), #2627 ) ;
#6646 = DIRECTION ( 'NONE',  ( 3.491481338843133355E-15, -0.000000000000000000, 1.000000000000000000 ) ) ;
#6647 = ORIENTED_EDGE ( 'NONE', *, *, #1681, .T. ) ;
#6648 = ORIENTED_EDGE ( 'NONE', *, *, #6254, .F. ) ;
#6649 = CARTESIAN_POINT ( 'NONE',  ( 1.138630598203822730, 0.02806592873185022666, -0.02606900220520723052 ) ) ;
#6650 = CARTESIAN_POINT ( 'NONE',  ( 1.116093957520740476, 0.1909621974028243296, 0.03722988336162976614 ) ) ;
#6651 = ADVANCED_FACE ( 'NONE', ( #3017 ), #5482, .T. ) ;
#6652 = DIRECTION ( 'NONE',  ( -3.491481338843133355E-15, 0.000000000000000000, -1.000000000000000000 ) ) ;
#6653 = CARTESIAN_POINT ( 'NONE',  ( 1.116302738114169468, 0.1754885956084273890, 0.04115967706098326573 ) ) ;
#6654 = SURFACE_STYLE_FILL_AREA ( #10094 ) ;
#6655 = DIRECTION ( 'NONE',  ( 0.9945796286623118654, 0.1039777007340410425, -3.472556213467995103E-15 ) ) ;
#6656 = UNCERTAINTY_MEASURE_WITH_UNIT (LENGTH_MEASURE( 1.000000000000000082E-05 ), #2078, 'distance_accuracy_value', 'NONE');
#6657 = CARTESIAN_POINT ( 'NONE',  ( 1.123423162718331758, 0.1401189206689377187, -0.006521058193593987778 ) ) ;
#6658 = CARTESIAN_POINT ( 'NONE',  ( 1.145340345021797823, 0.02691627396562468535, -0.01217842026157467741 ) ) ;
#6659 = CARTESIAN_POINT ( 'NONE',  ( 1.131910085071114347, 0.1492979629155133103, -0.03662294795447786078 ) ) ;
#6660 =( NAMED_UNIT ( * ) PLANE_ANGLE_UNIT ( ) SI_UNIT ( $, .RADIAN. ) );
#6661 = UNCERTAINTY_MEASURE_WITH_UNIT (LENGTH_MEASURE( 1.000000000000000082E-05 ), #6599, 'distance_accuracy_value', 'NONE');
#6662 = ORIENTED_EDGE ( 'NONE', *, *, #5086, .F. ) ;
#6663 = ORIENTED_EDGE ( 'NONE', *, *, #8480, .T. ) ;
#6664 = DIRECTION ( 'NONE',  ( 0.9703469728968707742, 0.2417162638092019145, -3.387948348072347835E-15 ) ) ;
#6665 = DIRECTION ( 'NONE',  ( 0.000000000000000000, 0.000000000000000000, -1.000000000000000000 ) ) ;
#6666 = COLOUR_RGB ( '',0.000000000000000000, 0.000000000000000000, 0.000000000000000000 ) ;
#6667 = CARTESIAN_POINT ( 'NONE',  ( 0.3357876820061005407, 0.000000000000000000, 0.05319467026563780981 ) ) ;
#6668 = B_SPLINE_CURVE_WITH_KNOTS ( 'NONE', 1,
 ( #7903, #5384 ),
 .UNSPECIFIED., .F., .F.,
 ( 2, 2 ),
 ( 0.000000000000000000, 1.000000000000000000 ),
 .UNSPECIFIED. ) ;
#6669 = AXIS2_PLACEMENT_3D ( 'NONE', #8993, #2892, #2844 ) ;
#6670 = B_SPLINE_SURFACE_WITH_KNOTS ( 'NONE', 1, 3, ( 
 ( #6858, #1957, #1865, #8888 ),
 ( #2914, #1057, #4691, #1227 ) ),
 .UNSPECIFIED., .F., .F., .F.,
 ( 2, 2 ),
 ( 4, 4 ),
 ( 0.000000000000000000, 1.000000000000000000 ),
 ( 0.000000000000000000, 1.000000000000000000 ),
 .UNSPECIFIED. ) ;
#6671 = ADVANCED_FACE ( 'NONE', ( #10173 ), #20, .T. ) ;
#6672 = CARTESIAN_POINT ( 'NONE',  ( 1.127863673027581282, 0.1123192968609521003, -0.02320706890818121509 ) ) ;
#6673 = ORIENTED_EDGE ( 'NONE', *, *, #7382, .T. ) ;
#6674 = CARTESIAN_POINT ( 'NONE',  ( 1.135390103176974863, 0.02521840712011549912, 0.02334504061165317348 ) ) ;
#6675 = SURFACE_STYLE_USAGE ( .BOTH. , #7138 ) ;
#6676 = PRESENTATION_STYLE_ASSIGNMENT (( #11026 ) ) ;
#6677 = DIRECTION ( 'NONE',  ( -3.491481338843133355E-15, 0.000000000000000000, -1.000000000000000000 ) ) ;
#6678 = FACE_OUTER_BOUND ( 'NONE', #5510, .T. ) ;
#6679 = CARTESIAN_POINT ( 'NONE',  ( 1.129518019250175698, 0.09996075098960890970, 0.02485103320822956707 ) ) ;
#6680 = AXIS2_PLACEMENT_3D ( 'NONE', #3209, #11059, #1479 ) ;
#6681 = EDGE_CURVE ( 'NONE', #4336, #9893, #2340, .T. ) ;
#6682 = B_SPLINE_SURFACE_WITH_KNOTS ( 'NONE', 1, 3, ( 
 ( #10629, #7186, #1420, #4025 ),
 ( #10684, #9156, #1470, #4558 ) ),
 .UNSPECIFIED., .F., .F., .F.,
 ( 2, 2 ),
 ( 4, 4 ),
 ( 0.000000000000000000, 1.000000000000000000 ),
 ( 0.000000000000000000, 1.000000000000000000 ),
 .UNSPECIFIED. ) ;
#6683 = EDGE_CURVE ( 'NONE', #9729, #214, #1392, .T. ) ;
#6684 = DIRECTION ( 'NONE',  ( 0.9723603232753110781, 0.2334853351282100975, -3.394977923347224953E-15 ) ) ;
#6685 = MECHANICAL_DESIGN_GEOMETRIC_PRESENTATION_REPRESENTATION (  '', ( #10710 ), #6504 ) ;
#6686 = VERTEX_POINT ( 'NONE', #9282 ) ;
#6687 = B_SPLINE_CURVE_WITH_KNOTS ( 'NONE', 3,
 ( #8212, #1504, #3173, #10844 ),
 .UNSPECIFIED., .F., .F.,
 ( 4, 4 ),
 ( 0.000000000000000000, 1.000000000000000000 ),
 .UNSPECIFIED. ) ;
#6688 = ORIENTED_EDGE ( 'NONE', *, *, #1192, .F. ) ;
#6689 = COLOUR_RGB ( '',0.000000000000000000, 0.000000000000000000, 0.000000000000000000 ) ;
#6690 = CARTESIAN_POINT ( 'NONE',  ( 1.133508810410889245, -0.06034071011009248253, -0.02561357143766559291 ) ) ;
#6691 = PRESENTATION_STYLE_ASSIGNMENT (( #3950 ) ) ;
#6692 = CARTESIAN_POINT ( 'NONE',  ( 1.102723220116998748, 0.2276178384541661381, -0.01719775937616182387 ) ) ;
#6693 = CYLINDRICAL_SURFACE ( 'NONE', #5818, 0.8099999999999999423 ) ;
#6694 = DIRECTION ( 'NONE',  ( 3.491481338843133355E-15, 0.000000000000000000, 1.000000000000000000 ) ) ;
#6695 = EDGE_LOOP ( 'NONE', ( #1269, #3186 ) ) ;
#6696 = CYLINDRICAL_SURFACE ( 'NONE', #2758, 0.8099999999999999423 ) ;
#6697 = VERTEX_POINT ( 'NONE', #3177 ) ;
#6698 = VERTEX_POINT ( 'NONE', #2460 ) ;
#6699 = CARTESIAN_POINT ( 'NONE',  ( 1.136997707372932043, 0.1190062824042561751, 0.05368589447794498704 ) ) ;
#6700 = CARTESIAN_POINT ( 'NONE',  ( 1.135477945782553677, 0.02225942544512677507, 0.05363107046182945953 ) ) ;
#6701 = CARTESIAN_POINT ( 'NONE',  ( 1.127131756561536635, 0.1728425748072518475, 0.006069894152875587347 ) ) ;
#6702 = CARTESIAN_POINT ( 'NONE',  ( 1.128825953904810664, 0.1281980645265432539, -0.02515559161746126066 ) ) ;
#6703 = FILL_AREA_STYLE ('',( #11057 ) ) ;
#6704 =( NAMED_UNIT ( * ) PLANE_ANGLE_UNIT ( ) SI_UNIT ( $, .RADIAN. ) );
#6705 = B_SPLINE_CURVE_WITH_KNOTS ( 'NONE', 3,
 ( #2376, #6538, #11002, #10025 ),
 .UNSPECIFIED., .F., .F.,
 ( 4, 4 ),
 ( 0.000000000000000000, 0.9999682670331088152 ),
 .UNSPECIFIED. ) ;
#6706 = CARTESIAN_POINT ( 'NONE',  ( 1.137846933261776661, 0.1131488968520512339, -0.01566950627074391658 ) ) ;
#6707 = CARTESIAN_POINT ( 'NONE',  ( 1.134676858138152111, 0.1337118558141763836, -0.01489446362446309770 ) ) ;
#6708 = FILL_AREA_STYLE ('',( #3968 ) ) ;
#6709 = FILL_AREA_STYLE_COLOUR ( '', #3199 ) ;
#6710 = ORIENTED_EDGE ( 'NONE', *, *, #5360, .T. ) ;
#6711 = PLANE ( 'NONE',  #1383 ) ;
#6712 = SURFACE_STYLE_USAGE ( .BOTH. , #5622 ) ;
#6713 = VERTEX_POINT ( 'NONE', #9179 ) ;
#6714 = VERTEX_POINT ( 'NONE', #4165 ) ;
#6715 = CARTESIAN_POINT ( 'NONE',  ( 1.134577802342496611, 0.1342920088946685520, -0.01102470843974886171 ) ) ;
#6716 = CARTESIAN_POINT ( 'NONE',  ( 1.144618746352527250, 0.04350068215817419481, 0.005583310175039058951 ) ) ;
#6717 = CARTESIAN_POINT ( 'NONE',  ( 1.128371415695025526, 0.1086785401619074637, 0.03136794109317287554 ) ) ;
#6718 = PRESENTATION_STYLE_ASSIGNMENT (( #7545 ) ) ;
#6719 = CIRCLE ( 'NONE', #716, 0.8099999999999999423 ) ;
#6720 = FILL_AREA_STYLE ('',( #6839 ) ) ;
#6721 = ORIENTED_EDGE ( 'NONE', *, *, #1747, .F. ) ;
#6722 = MECHANICAL_DESIGN_GEOMETRIC_PRESENTATION_REPRESENTATION (  '', ( #1279 ), #2728 ) ;
#6723 = SURFACE_STYLE_USAGE ( .BOTH. , #10298 ) ;
#6724 = FILL_AREA_STYLE ('',( #10053 ) ) ;
#6725 = MECHANICAL_DESIGN_GEOMETRIC_PRESENTATION_REPRESENTATION (  '', ( #10013 ), #3440 ) ;
#6726 =( LENGTH_UNIT ( ) NAMED_UNIT ( * ) SI_UNIT ( .MILLI., .METRE. ) );
#6727 = COLOUR_RGB ( '',0.000000000000000000, 0.000000000000000000, 0.000000000000000000 ) ;
#6728 = SURFACE_STYLE_USAGE ( .BOTH. , #10119 ) ;
#6729 = FACE_OUTER_BOUND ( 'NONE', #9296, .T. ) ;
#6730 =( GEOMETRIC_REPRESENTATION_CONTEXT ( 3 ) GLOBAL_UNCERTAINTY_ASSIGNED_CONTEXT ( ( #5828 ) ) GLOBAL_UNIT_ASSIGNED_CONTEXT ( ( #5772, #10939, #10278 ) ) REPRESENTATION_CONTEXT ( 'NONE', 'WORKASPACE' ) );
#6731 = CARTESIAN_POINT ( 'NONE',  ( 1.134724375931994267, 0.1334172368877528936, -0.008896070185896201923 ) ) ;
#6732 = CARTESIAN_POINT ( 'NONE',  ( 1.139272848092965473, 0.1025260351245642632, 0.04025909933812345937 ) ) ;
#6733 = MECHANICAL_DESIGN_GEOMETRIC_PRESENTATION_REPRESENTATION (  '', ( #10765 ), #9653 ) ;
#6734 =( NAMED_UNIT ( * ) SI_UNIT ( $, .STERADIAN. ) SOLID_ANGLE_UNIT ( ) );
#6735 = CARTESIAN_POINT ( 'NONE',  ( 1.127298811079987306, 0.1162330957695818789, 0.02431068657451380954 ) ) ;
#6736 = SURFACE_STYLE_USAGE ( .BOTH. , #4806 ) ;
#6737 = EDGE_LOOP ( 'NONE', ( #6648, #4542, #1939, #9183, #11127, #6258, #1368, #4237, #8460, #8973, #8191, #8309 ) ) ;
#6738 = DIRECTION ( 'NONE',  ( 3.491481338843133355E-15, -0.000000000000000000, 1.000000000000000000 ) ) ;
#6739 = EDGE_CURVE ( 'NONE', #4529, #9136, #2373, .T. ) ;
#6740 = PRESENTATION_LAYER_ASSIGNMENT (  '', '', ( #3259 ) ) ;
#6741 = ORIENTED_EDGE ( 'NONE', *, *, #10572, .F. ) ;
#6742 = SURFACE_SIDE_STYLE ('',( #4644 ) ) ;
#6743 = MECHANICAL_DESIGN_GEOMETRIC_PRESENTATION_REPRESENTATION (  '', ( #5460 ), #368 ) ;
#6744 = MECHANICAL_DESIGN_GEOMETRIC_PRESENTATION_REPRESENTATION (  '', ( #5995 ), #8196 ) ;
#6745 = CARTESIAN_POINT ( 'NONE',  ( 1.128054148465468920, 0.1685640712725764434, -0.003083250338844025808 ) ) ;
#6746 = VECTOR ( 'NONE', #6779, 1000.000000000000000 ) ;
#6747 = ADVANCED_FACE ( 'NONE', ( #7551 ), #5286, .T. ) ;
#6748 = COLOUR_RGB ( '',0.000000000000000000, 0.000000000000000000, 0.000000000000000000 ) ;
#6749 = CARTESIAN_POINT ( 'NONE',  ( 1.137558278863118666, 0.1151690497292599674, -0.005818117735158039733 ) ) ;
#6750 = CARTESIAN_POINT ( 'NONE',  ( 1.128341356078030655, 0.1088975376906425457, 0.05013270600813111988 ) ) ;
#6751 =( GEOMETRIC_REPRESENTATION_CONTEXT ( 3 ) GLOBAL_UNCERTAINTY_ASSIGNED_CONTEXT ( ( #3979 ) ) GLOBAL_UNIT_ASSIGNED_CONTEXT ( ( #9925, #10952, #4788 ) ) REPRESENTATION_CONTEXT ( 'NONE', 'WORKASPACE' ) );
#6752 = EDGE_CURVE ( 'NONE', #3446, #6713, #516, .T. ) ;
#6753 = PRESENTATION_LAYER_ASSIGNMENT (  '', '', ( #9286 ) ) ;
#6754 = COLOUR_RGB ( '',0.000000000000000000, 0.000000000000000000, 0.000000000000000000 ) ;
#6755 = ORIENTED_EDGE ( 'NONE', *, *, #9740, .T. ) ;
#6756 = ADVANCED_FACE ( 'NONE', ( #10971 ), #3132, .F. ) ;
#6757 = UNCERTAINTY_MEASURE_WITH_UNIT (LENGTH_MEASURE( 1.000000000000000082E-05 ), #4594, 'distance_accuracy_value', 'NONE');
#6758 =( LENGTH_UNIT ( ) NAMED_UNIT ( * ) SI_UNIT ( .MILLI., .METRE. ) );
#6759 = EDGE_LOOP ( 'NONE', ( #6891, #2125, #10791, #5042 ) ) ;
#6760 = ORIENTED_EDGE ( 'NONE', *, *, #6165, .T. ) ;
#6761 = FILL_AREA_STYLE ('',( #11051 ) ) ;
#6762 = STYLED_ITEM ( 'NONE', ( #4980 ), #11286 ) ;
#6763 = SURFACE_STYLE_FILL_AREA ( #8468 ) ;
#6764 = AXIS2_PLACEMENT_3D ( 'NONE', #938, #7141, #4470 ) ;
#6765 = ADVANCED_FACE ( 'NONE', ( #872 ), #5364, .T. ) ;
#6766 = CARTESIAN_POINT ( 'NONE',  ( 1.128879952296583999, 0.1049093654355566646, -0.02339502972871054451 ) ) ;
#6767 = SURFACE_STYLE_FILL_AREA ( #6868 ) ;
#6768 = VECTOR ( 'NONE', #10578, 1000.000000000000000 ) ;
#6769 = CARTESIAN_POINT ( 'NONE',  ( 1.117362076628753309, 0.1707087158590141762, -0.02595792449772822003 ) ) ;
#6770 = CARTESIAN_POINT ( 'NONE',  ( 1.128691550378154052, 0.1063177102868227281, -0.004687916099377418926 ) ) ;
#6771 = CARTESIAN_POINT ( 'NONE',  ( 1.138028840696892585, 0.1118518604499163377, -0.01613889829599055720 ) ) ;
#6772 = EDGE_LOOP ( 'NONE', ( #7169, #11080, #1121, #8147 ) ) ;
#6773 = MECHANICAL_DESIGN_GEOMETRIC_PRESENTATION_REPRESENTATION (  '', ( #5315 ), #8935 ) ;
#6774 = CARTESIAN_POINT ( 'NONE',  ( 1.132762035276840384, 0.1446785410096670388, -0.01973575114034626515 ) ) ;
#6775 = CARTESIAN_POINT ( 'NONE',  ( 1.123161560344022369, 0.1415710977251334046, -0.01595332470455390964 ) ) ;
#6776 = ADVANCED_FACE ( 'NONE', ( #5243 ), #9635, .T. ) ;
#6777 = ORIENTED_EDGE ( 'NONE', *, *, #1327, .F. ) ;
#6778 = CARTESIAN_POINT ( 'NONE',  ( 0.3357876820061011514, 0.000000000000000000, 0.2101939685163952964 ) ) ;
#6779 = DIRECTION ( 'NONE',  ( 3.491481338843133355E-15, -0.000000000000000000, 1.000000000000000000 ) ) ;
#6780 = VERTEX_POINT ( 'NONE', #7068 ) ;
#6781 = ORIENTED_EDGE ( 'NONE', *, *, #2706, .F. ) ;
#6782 = B_SPLINE_CURVE_WITH_KNOTS ( 'NONE', 3,
 ( #10154, #5940, #672, #2323 ),
 .UNSPECIFIED., .F., .F.,
 ( 4, 4 ),
 ( 0.000000000000000000, 1.000000000000000000 ),
 .UNSPECIFIED. ) ;
#6783 = CARTESIAN_POINT ( 'NONE',  ( 1.133676825082067685, 0.1395453881771035742, -0.01795096983524133508 ) ) ;
#6784 = CARTESIAN_POINT ( 'NONE',  ( 1.137003795778972259, 0.1189652849813638141, 0.05741919849254917968 ) ) ;
#6785 = MECHANICAL_DESIGN_GEOMETRIC_PRESENTATION_REPRESENTATION (  '', ( #589 ), #4963 ) ;
#6786 = FILL_AREA_STYLE ('',( #10109 ) ) ;
#6787 = CARTESIAN_POINT ( 'NONE',  ( 1.118968072844303885, 0.1631823379122852857, 0.05687885185883358868 ) ) ;
#6788 = CARTESIAN_POINT ( 'NONE',  ( 0.3357876820061003187, 0.000000000000000000, -0.02595792449772561794 ) ) ;
#6789 = PRESENTATION_LAYER_ASSIGNMENT (  '', '', ( #409 ) ) ;
#6790 = ORIENTED_EDGE ( 'NONE', *, *, #10089, .F. ) ;
#6791 = B_SPLINE_CURVE_WITH_KNOTS ( 'NONE', 1,
 ( #3196, #10077 ),
 .UNSPECIFIED., .F., .F.,
 ( 2, 2 ),
 ( 0.000000000000000000, 1.000000000000000000 ),
 .UNSPECIFIED. ) ;
#6792 = FACE_OUTER_BOUND ( 'NONE', #9709, .T. ) ;
#6793 =( LENGTH_UNIT ( ) NAMED_UNIT ( * ) SI_UNIT ( .MILLI., .METRE. ) );
#6794 = STYLED_ITEM ( 'NONE', ( #5065 ), #7932 ) ;
#6795 = CARTESIAN_POINT ( 'NONE',  ( 1.135769448146891181, -0.01151642912082287938, 0.002243507982476421452 ) ) ;
#6796 = FACE_BOUND ( 'NONE', #6695, .T. ) ;
#6797 = CARTESIAN_POINT ( 'NONE',  ( 1.130932863621142870, -0.08800079632810978159, 0.01013760047613248248 ) ) ;
#6798 = CARTESIAN_POINT ( 'NONE',  ( 0.3357876820061016510, 0.000000000000000000, 0.3561756190388909449 ) ) ;
#6799 = AXIS2_PLACEMENT_3D ( 'NONE', #4923, #476, #9074 ) ;
#6800 = CARTESIAN_POINT ( 'NONE',  ( 1.123752538354642061, 0.1382557377179449709, -0.002897676747495088901 ) ) ;
#6801 = ORIENTED_EDGE ( 'NONE', *, *, #8166, .T. ) ;
#6802 = LINE ( 'NONE', #5970, #4858 ) ;
#6803 = SURFACE_STYLE_USAGE ( .BOTH. , #7612 ) ;
#6804 = VERTEX_POINT ( 'NONE', #10570 ) ;
#6805 = CARTESIAN_POINT ( 'NONE',  ( 1.120262324466545945, 0.1558203953266238395, -0.02214147082272839573 ) ) ;
#6806 = CARTESIAN_POINT ( 'NONE',  ( 1.144825714831421148, -0.03946468601338972565, -0.009673564070785876240 ) ) ;
#6807 = CIRCLE ( 'NONE', #2436, 0.8100000000000000533 ) ;
#6808 = B_SPLINE_CURVE_WITH_KNOTS ( 'NONE', 3,
 ( #4625, #8100, #7981, #282 ),
 .UNSPECIFIED., .F., .F.,
 ( 4, 4 ),
 ( 0.000000000000000000, 1.000000000000000000 ),
 .UNSPECIFIED. ) ;
#6809 =( GEOMETRIC_REPRESENTATION_CONTEXT ( 3 ) GLOBAL_UNCERTAINTY_ASSIGNED_CONTEXT ( ( #2791 ) ) GLOBAL_UNIT_ASSIGNED_CONTEXT ( ( #8862, #3798, #1081 ) ) REPRESENTATION_CONTEXT ( 'NONE', 'WORKASPACE' ) );
#6810 = EDGE_CURVE ( 'NONE', #7644, #6698, #2745, .T. ) ;
#6811 = SURFACE_STYLE_FILL_AREA ( #4362 ) ;
#6812 = VERTEX_POINT ( 'NONE', #4729 ) ;
#6813 = STYLED_ITEM ( 'NONE', ( #6534 ), #970 ) ;
#6814 = FILL_AREA_STYLE ('',( #4083 ) ) ;
#6815 = SURFACE_SIDE_STYLE ('',( #3320 ) ) ;
#6816 = VERTEX_POINT ( 'NONE', #9806 ) ;
#6818 = EDGE_LOOP ( 'NONE', ( #7750, #525, #9910, #5956 ) ) ;
#6817 = UNCERTAINTY_MEASURE_WITH_UNIT (LENGTH_MEASURE( 1.000000000000000082E-05 ), #9926, 'distance_accuracy_value', 'NONE');
#6819 = CARTESIAN_POINT ( 'NONE',  ( 1.133914501002047492, 0.1381795238065703091, -0.002559397173155760277 ) ) ;
#6820 = CARTESIAN_POINT ( 'NONE',  ( 1.134848653520424300, -0.03875001680754269762, 0.004672461670102373912 ) ) ;
#6821 = CARTESIAN_POINT ( 'NONE',  ( 1.106656769549965391, 0.2139178577615463150, 0.001828991785565779824 ) ) ;
#6822 = SURFACE_STYLE_USAGE ( .BOTH. , #8521 ) ;
#6823 = SURFACE_STYLE_FILL_AREA ( #2152 ) ;
#6824 = CARTESIAN_POINT ( 'NONE',  ( 1.110986013013062879, 0.2348777290507125248, 0.006069894152875858831 ) ) ;
#6825 = PRESENTATION_LAYER_ASSIGNMENT (  '', '', ( #81 ) ) ;
#6826 = CARTESIAN_POINT ( 'NONE',  ( 1.134326008686934895, 0.1358026857377453156, -0.002699108279529652439 ) ) ;
#6827 = CARTESIAN_POINT ( 'NONE',  ( 1.123737155674034982, 0.1383306217431962415, -0.01903985017276128497 ) ) ;
#6828 = EDGE_CURVE ( 'NONE', #1819, #8843, #2891, .T. ) ;
#6829 = ORIENTED_EDGE ( 'NONE', *, *, #11027, .T. ) ;
#6830 = CARTESIAN_POINT ( 'NONE',  ( 1.125961983963937652, 0.1249982900900838689, 0.05178649419006957355 ) ) ;
#6831 = PLANE ( 'NONE',  #1493 ) ;
#6832 = EDGE_LOOP ( 'NONE', ( #10487, #4104, #6308, #9525 ) ) ;
#6833 = EDGE_LOOP ( 'NONE', ( #7476, #8060, #10825, #7219 ) ) ;
#6834 = FILL_AREA_STYLE ('',( #2676 ) ) ;
#6835 = MECHANICAL_DESIGN_GEOMETRIC_PRESENTATION_REPRESENTATION (  '', ( #458 ), #6577 ) ;
#6836 = DIRECTION ( 'NONE',  ( 0.9995030264635929029, 0.03152300890014437390, -3.489775742687717397E-15 ) ) ;
#6837 =( NAMED_UNIT ( * ) SI_UNIT ( $, .STERADIAN. ) SOLID_ANGLE_UNIT ( ) );
#6838 = DIRECTION ( 'NONE',  ( 1.000000000000000000, 0.000000000000000000, -3.491658038126059717E-15 ) ) ;
#6839 = FILL_AREA_STYLE_COLOUR ( '', #8411 ) ;
#6840 = VERTEX_POINT ( 'NONE', #5627 ) ;
#6841 =( NAMED_UNIT ( * ) PLANE_ANGLE_UNIT ( ) SI_UNIT ( $, .RADIAN. ) );
#6842 = FACE_OUTER_BOUND ( 'NONE', #7416, .T. ) ;
#6843 = PLANE ( 'NONE',  #1404 ) ;
#6844 = COLOUR_RGB ( '',0.000000000000000000, 0.000000000000000000, 0.000000000000000000 ) ;
#6845 = FILL_AREA_STYLE ('',( #2461 ) ) ;
#6846 = PRESENTATION_STYLE_ASSIGNMENT (( #645 ) ) ;
#6847 = CARTESIAN_POINT ( 'NONE',  ( 1.107579976529684762, 0.2105910119829024207, -0.02410097202029410496 ) ) ;
#6848 = EDGE_CURVE ( 'NONE', #6954, #7332, #2561, .T. ) ;
#6849 = FILL_AREA_STYLE_COLOUR ( '', #11020 ) ;
#6850 = CARTESIAN_POINT ( 'NONE',  ( 1.122397030820489139, 0.1457591587441520453, -0.03283506347181482099 ) ) ;
#6851 = EDGE_LOOP ( 'NONE', ( #8413, #2991, #3572, #11170 ) ) ;
#6852 = LINE ( 'NONE', #523, #5051 ) ;
#6853 = ORIENTED_EDGE ( 'NONE', *, *, #2280, .T. ) ;
#6854 = FILL_AREA_STYLE_COLOUR ( '', #3825 ) ;
#6855 = DIRECTION ( 'NONE',  ( 0.000000000000000000, 0.000000000000000000, -1.000000000000000000 ) ) ;
#6856 = CARTESIAN_POINT ( 'NONE',  ( 0.3357876820061005407, 0.000000000000000000, 0.03927665091328814972 ) ) ;
#6857 = FACE_OUTER_BOUND ( 'NONE', #4304, .T. ) ;
#6858 = CARTESIAN_POINT ( 'NONE',  ( 1.133224287668704422, 0.1421086202498099138, -0.02468074154554796354 ) ) ;
#6859 = FACE_OUTER_BOUND ( 'NONE', #6295, .T. ) ;
#6860 = ORIENTED_EDGE ( 'NONE', *, *, #10674, .F. ) ;
#6861 = UNCERTAINTY_MEASURE_WITH_UNIT (LENGTH_MEASURE( 1.000000000000000082E-05 ), #2658, 'distance_accuracy_value', 'NONE');
#6862 = CARTESIAN_POINT ( 'NONE',  ( 1.114970639955905396, 0.2213005152289355959, -0.009534661662203604282 ) ) ;
#6863 = ORIENTED_EDGE ( 'NONE', *, *, #3707, .T. ) ;
#6864 = ORIENTED_EDGE ( 'NONE', *, *, #4259, .F. ) ;
#6865 = CARTESIAN_POINT ( 'NONE',  ( 1.122226444519784261, 0.1466767630401822065, 0.03927665091328538111 ) ) ;
#6866 = UNCERTAINTY_MEASURE_WITH_UNIT (LENGTH_MEASURE( 1.000000000000000082E-05 ), #5231, 'distance_accuracy_value', 'NONE');
#6867 = PLANE ( 'NONE',  #4183 ) ;
#6868 = FILL_AREA_STYLE ('',( #4374 ) ) ;
#6869 =( LENGTH_UNIT ( ) NAMED_UNIT ( * ) SI_UNIT ( .MILLI., .METRE. ) );
#6870 = CARTESIAN_POINT ( 'NONE',  ( 1.118049856333088066, 0.1675986245349308790, 0.02521247374022298274 ) ) ;
#6871 = CARTESIAN_POINT ( 'NONE',  ( 1.133224287668704422, 0.1421086202498099138, -0.02468074154554796354 ) ) ;
#6872 = ORIENTED_EDGE ( 'NONE', *, *, #845, .F. ) ;
#6873 = LINE ( 'NONE', #6183, #308 ) ;
#6874 = SURFACE_STYLE_USAGE ( .BOTH. , #4527 ) ;
#6875 = ORIENTED_EDGE ( 'NONE', *, *, #473, .T. ) ;
#6876 = DIRECTION ( 'NONE',  ( 0.9826711277343381790, 0.1853576400295496585, -3.430977904704379082E-15 ) ) ;
#6877 = CARTESIAN_POINT ( 'NONE',  ( 1.134662368094150775, -0.04256959015520988404, 0.03182787188674851553 ) ) ;
#6878 = CARTESIAN_POINT ( 'NONE',  ( 1.128371415695025526, 0.1086785401619074637, 0.03136794109317292412 ) ) ;
#6879 = EDGE_CURVE ( 'NONE', #10681, #3785, #5954, .T. ) ;
#6880 = EDGE_LOOP ( 'NONE', ( #1917, #1625, #9921, #6077 ) ) ;
#6881 = B_SPLINE_SURFACE_WITH_KNOTS ( 'NONE', 1, 3, ( 
 ( #246, #5492, #8889, #4693 ),
 ( #353, #7328, #8110, #8842 ) ),
 .UNSPECIFIED., .F., .F., .F.,
 ( 2, 2 ),
 ( 4, 4 ),
 ( 0.000000000000000000, 1.000000000000000000 ),
 ( 0.000000000000000000, 1.000000000000000000 ),
 .UNSPECIFIED. ) ;
#6882 = ORIENTED_EDGE ( 'NONE', *, *, #9447, .F. ) ;
#6883 = EDGE_CURVE ( 'NONE', #5440, #3722, #10074, .T. ) ;
#6884 =( NAMED_UNIT ( * ) PLANE_ANGLE_UNIT ( ) SI_UNIT ( $, .RADIAN. ) );
#6885 = ADVANCED_FACE ( 'NONE', ( #6320 ), #9986, .F. ) ;
#6886 = FILL_AREA_STYLE_COLOUR ( '', #2955 ) ;
#6887 = CARTESIAN_POINT ( 'NONE',  ( 1.140951158227197615, 0.08838425515644002251, 0.02850246652063643041 ) ) ;
#6888 = CARTESIAN_POINT ( 'NONE',  ( 1.115495408178589276, 0.2194646911004693723, -0.01788147172180959074 ) ) ;
#6889 = CARTESIAN_POINT ( 'NONE',  ( 1.144825715045680425, -0.03946468162101127858, 0.02994877370923428733 ) ) ;
#6890 = B_SPLINE_CURVE_WITH_KNOTS ( 'NONE', 3,
 ( #1841, #9631, #5303, #107 ),
 .UNSPECIFIED., .F., .F.,
 ( 4, 4 ),
 ( 0.000000000000000000, 1.000000000000000000 ),
 .UNSPECIFIED. ) ;
#6891 = ORIENTED_EDGE ( 'NONE', *, *, #1048, .F. ) ;
#6892 = ORIENTED_EDGE ( 'NONE', *, *, #4927, .T. ) ;
#6893 = CARTESIAN_POINT ( 'NONE',  ( 1.144825714831420926, -0.03946468601338971871, -0.02743530319401912485 ) ) ;
#6894 = CARTESIAN_POINT ( 'NONE',  ( 1.105465639602767558, 0.2181651148941902152, -0.004978198359719050205 ) ) ;
#6895 = EDGE_CURVE ( 'NONE', #4615, #5068, #5099, .T. ) ;
#6896 = PLANE ( 'NONE',  #563 ) ;
#6897 = CARTESIAN_POINT ( 'NONE',  ( 0.3357876820061005962, 0.000000000000000000, 0.05687885185883657241 ) ) ;
#6898 = DIRECTION ( 'NONE',  ( 3.491481338843133355E-15, -0.000000000000000000, 1.000000000000000000 ) ) ;
#6899 = STYLED_ITEM ( 'NONE', ( #6272 ), #1901 ) ;
#6900 = CARTESIAN_POINT ( 'NONE',  ( 1.138052845366989585, 0.1116766564677864615, -0.02251935501083299207 ) ) ;
#6901 = CARTESIAN_POINT ( 'NONE',  ( 1.145645769356240296, 0.01516173979374283581, -0.01195070922122302981 ) ) ;
#6902 = SURFACE_STYLE_FILL_AREA ( #647 ) ;
#6903 = FACE_OUTER_BOUND ( 'NONE', #4457, .T. ) ;
#6904 = B_SPLINE_SURFACE_WITH_KNOTS ( 'NONE', 1, 3, ( 
 ( #1887, #7867, #2565, #2507 ),
 ( #6016, #7007, #5348, #9623 ) ),
 .UNSPECIFIED., .F., .F., .F.,
 ( 2, 2 ),
 ( 4, 4 ),
 ( 0.000000000000000000, 1.000000000000000000 ),
 ( 0.000000000000000000, 1.000000000000000000 ),
 .UNSPECIFIED. ) ;
#6905 = ORIENTED_EDGE ( 'NONE', *, *, #2591, .F. ) ;
#6906 = CARTESIAN_POINT ( 'NONE',  ( 1.127002712324434830, 0.1182319151588662881, -0.01834552488755948271 ) ) ;
#6907 = CARTESIAN_POINT ( 'NONE',  ( 1.113166517036147773, 0.1888971859169080725, 0.03361119833001464247 ) ) ;
#6908 = ADVANCED_FACE ( 'NONE', ( #8039 ), #10921, .T. ) ;
#6909 = DIRECTION ( 'NONE',  ( 3.491481338843133355E-15, -0.000000000000000000, 1.000000000000000000 ) ) ;
#6910 = DIRECTION ( 'NONE',  ( -3.491481338843133355E-15, 0.000000000000000000, -1.000000000000000000 ) ) ;
#6911 =( GEOMETRIC_REPRESENTATION_CONTEXT ( 3 ) GLOBAL_UNCERTAINTY_ASSIGNED_CONTEXT ( ( #8462 ) ) GLOBAL_UNIT_ASSIGNED_CONTEXT ( ( #9779, #8898, #1431 ) ) REPRESENTATION_CONTEXT ( 'NONE', 'WORKASPACE' ) );
#6912 =( GEOMETRIC_REPRESENTATION_CONTEXT ( 3 ) GLOBAL_UNCERTAINTY_ASSIGNED_CONTEXT ( ( #9221 ) ) GLOBAL_UNIT_ASSIGNED_CONTEXT ( ( #151, #1932, #8860 ) ) REPRESENTATION_CONTEXT ( 'NONE', 'WORKASPACE' ) );
#6913 = CARTESIAN_POINT ( 'NONE',  ( 1.133616240334841763, 0.1399022554715270428, -0.01397751176132063650 ) ) ;
#6914 = PRESENTATION_LAYER_ASSIGNMENT (  '', '', ( #8176 ) ) ;
#6915 = FILL_AREA_STYLE_COLOUR ( '', #7358 ) ;
#6916 = DIRECTION ( 'NONE',  ( 3.491481338843133355E-15, 0.000000000000000000, 1.000000000000000000 ) ) ;
#6917 = CARTESIAN_POINT ( 'NONE',  ( 0.9357876820061005185, 0.000000000000000000, 0.1601939685163932814 ) ) ;
#6918 = ORIENTED_EDGE ( 'NONE', *, *, #7104, .F. ) ;
#6919 = PRESENTATION_LAYER_ASSIGNMENT (  '', '', ( #7650 ) ) ;
#6920 = AXIS2_PLACEMENT_3D ( 'NONE', #10787, #6495, #6438 ) ;
#6921 = STYLED_ITEM ( 'NONE', ( #360 ), #5787 ) ;
#6922 = B_SPLINE_CURVE_WITH_KNOTS ( 'NONE', 3,
 ( #4121, #2180, #8390, #2120 ),
 .UNSPECIFIED., .F., .F.,
 ( 4, 4 ),
 ( 0.000000000000000000, 1.000000000000000000 ),
 .UNSPECIFIED. ) ;
#6923 = PRESENTATION_STYLE_ASSIGNMENT (( #2532 ) ) ;
#6924 = COLOUR_RGB ( '',0.000000000000000000, 0.000000000000000000, 0.000000000000000000 ) ;
#6925 = PLANE ( 'NONE',  #722 ) ;
#6926 = ORIENTED_EDGE ( 'NONE', *, *, #9970, .F. ) ;
#6927 = ORIENTED_EDGE ( 'NONE', *, *, #1059, .T. ) ;
#6928 = PRESENTATION_STYLE_ASSIGNMENT (( #1872 ) ) ;
#6929 = CARTESIAN_POINT ( 'NONE',  ( 1.129353278141275618, 0.1012602816045079374, 0.04025909933812350794 ) ) ;
#6930 = STYLED_ITEM ( 'NONE', ( #4359 ), #11038 ) ;
#6931 = STYLED_ITEM ( 'NONE', ( #10323 ), #6264 ) ;
#6932 = CARTESIAN_POINT ( 'NONE',  ( 1.134520007007010056, 0.1346353333959597331, -0.006669187089668247685 ) ) ;
#6933 = PRESENTATION_STYLE_ASSIGNMENT (( #7737 ) ) ;
#6934 = DIRECTION ( 'NONE',  ( -3.491481338843133355E-15, 0.000000000000000000, -1.000000000000000000 ) ) ;
#6935 = CARTESIAN_POINT ( 'NONE',  ( 1.133283942824425905, 0.1417852599510442124, -0.003236075649423588406 ) ) ;
#6936 = CARTESIAN_POINT ( 'NONE',  ( 1.118332271555759538, 0.1662370276069693176, 0.05304873516389659732 ) ) ;
#6937 = ORIENTED_EDGE ( 'NONE', *, *, #2773, .T. ) ;
#6938 = PRESENTATION_LAYER_ASSIGNMENT (  '', '', ( #2396 ) ) ;
#6939 = CARTESIAN_POINT ( 'NONE',  ( 1.131806555638469991, 0.1498464307918383753, -0.03329353940355230662 ) ) ;
#6940 = ORIENTED_EDGE ( 'NONE', *, *, #11295, .T. ) ;
#6941 = TOROIDAL_SURFACE ( 'NONE', #2026, 0.4499999999999996780, 0.1499999999999999667 ) ;
#6942 = CARTESIAN_POINT ( 'NONE',  ( 1.139603271804537910, 0.09990244039556832323, -0.007864499339870455186 ) ) ;
#6943 = UNCERTAINTY_MEASURE_WITH_UNIT (LENGTH_MEASURE( 1.000000000000000082E-05 ), #9362, 'distance_accuracy_value', 'NONE');
#6944 = ORIENTED_EDGE ( 'NONE', *, *, #4243, .T. ) ;
#6945 = ORIENTED_EDGE ( 'NONE', *, *, #5017, .T. ) ;
#6946 = COLOUR_RGB ( '',0.000000000000000000, 0.000000000000000000, 0.000000000000000000 ) ;
#6947 = LINE ( 'NONE', #9853, #1462 ) ;
#6948 = SURFACE_STYLE_USAGE ( .BOTH. , #973 ) ;
#6949 = B_SPLINE_SURFACE_WITH_KNOTS ( 'NONE', 1, 3, ( 
 ( #3371, #8801, #5265, #7953 ),
 ( #9667, #7841, #11270, #3555 ) ),
 .UNSPECIFIED., .F., .F., .F.,
 ( 2, 2 ),
 ( 4, 4 ),
 ( 0.000000000000000000, 1.000000000000000000 ),
 ( 0.000000000000000000, 1.000000000000000000 ),
 .UNSPECIFIED. ) ;
#6950 = CARTESIAN_POINT ( 'NONE',  ( 1.126384624049143079, 0.1222966689333342682, -0.01123757226533032491 ) ) ;
#6951 = MECHANICAL_DESIGN_GEOMETRIC_PRESENTATION_REPRESENTATION (  '', ( #7139 ), #10258 ) ;
#6952 = ADVANCED_FACE ( 'NONE', ( #5407 ), #3692, .F. ) ;
#6953 =( NAMED_UNIT ( * ) PLANE_ANGLE_UNIT ( ) SI_UNIT ( $, .RADIAN. ) );
#6954 = VERTEX_POINT ( 'NONE', #7543 ) ;
#6955 = ORIENTED_EDGE ( 'NONE', *, *, #4257, .T. ) ;
#6956 = FILL_AREA_STYLE ('',( #979 ) ) ;
#6957 = PRESENTATION_STYLE_ASSIGNMENT (( #46 ) ) ;
#6958 = PRESENTATION_STYLE_ASSIGNMENT (( #3474 ) ) ;
#6959 = AXIS2_PLACEMENT_3D ( 'NONE', #10050, #10966, #6618 ) ;
#6960 =( LENGTH_UNIT ( ) NAMED_UNIT ( * ) SI_UNIT ( .MILLI., .METRE. ) );
#6961 = EDGE_CURVE ( 'NONE', #214, #567, #3935, .T. ) ;
#6962 = CARTESIAN_POINT ( 'NONE',  ( 0.3357876820061005962, 0.000000000000000000, 0.05687885185883619077 ) ) ;
#6963 = DIRECTION ( 'NONE',  ( 1.000000000000000000, 0.000000000000000000, -3.480155121558409533E-15 ) ) ;
#6964 = CARTESIAN_POINT ( 'NONE',  ( 1.115337583976614866, 0.1797274334590070188, 0.04127429604397193919 ) ) ;
#6965 = CARTESIAN_POINT ( 'NONE',  ( 1.124675894295734446, 0.1837263957913116974, 0.02485103320822983769 ) ) ;
#6966 = EDGE_CURVE ( 'NONE', #2248, #10129, #4843, .T. ) ;
#6967 =( GEOMETRIC_REPRESENTATION_CONTEXT ( 3 ) GLOBAL_UNCERTAINTY_ASSIGNED_CONTEXT ( ( #8761 ) ) GLOBAL_UNIT_ASSIGNED_CONTEXT ( ( #5196, #815, #4231 ) ) REPRESENTATION_CONTEXT ( 'NONE', 'WORKASPACE' ) );
#6968 = CARTESIAN_POINT ( 'NONE',  ( 1.128386112756643689, 0.1086218976716262774, 0.02600949444933023380 ) ) ;
#6969 = CARTESIAN_POINT ( 'NONE',  ( 1.135163530845570534, 0.03172155127220419035, 0.04243836205026097624 ) ) ;
#6970 = VERTEX_POINT ( 'NONE', #2451 ) ;
#6971 = ADVANCED_FACE ( 'NONE', ( #10291 ), #7422, .T. ) ;
#6972 = CARTESIAN_POINT ( 'NONE',  ( 1.135734388669402906, -0.01066249038945062295, -0.01323161496436802906 ) ) ;
#6973 = EDGE_CURVE ( 'NONE', #279, #5716, #5427, .T. ) ;
#6974 = B_SPLINE_CURVE_WITH_KNOTS ( 'NONE', 1,
 ( #1706, #6819 ),
 .UNSPECIFIED., .F., .F.,
 ( 2, 2 ),
 ( 0.000000000000000000, 1.000000000000000000 ),
 .UNSPECIFIED. ) ;
#6975 = SURFACE_SIDE_STYLE ('',( #3491 ) ) ;
#6976 = COLOUR_RGB ( '',0.000000000000000000, 0.000000000000000000, 0.000000000000000000 ) ;
#6977 = SURFACE_SIDE_STYLE ('',( #4420 ) ) ;
#6978 = COLOUR_RGB ( '',0.000000000000000000, 0.000000000000000000, 0.000000000000000000 ) ;
#6979 =( NAMED_UNIT ( * ) SI_UNIT ( $, .STERADIAN. ) SOLID_ANGLE_UNIT ( ) );
#6980 = CARTESIAN_POINT ( 'NONE',  ( 1.132089691219148264, 0.1483364425235633166, -0.03298788878239401756 ) ) ;
#6981 = CARTESIAN_POINT ( 'NONE',  ( 1.137191934007828475, 0.1176912268334008860, 0.02431087365259123126 ) ) ;
#6982 = ORIENTED_EDGE ( 'NONE', *, *, #6810, .T. ) ;
#6983 = EDGE_CURVE ( 'NONE', #877, #10779, #9094, .T. ) ;
#6984 = DIRECTION ( 'NONE',  ( 3.491481338843133355E-15, 0.000000000000000000, 1.000000000000000000 ) ) ;
#6985 = CARTESIAN_POINT ( 'NONE',  ( 1.121273333350524926, 0.1977682773652674753, 0.05278531675530418604 ) ) ;
#6986 = ORIENTED_EDGE ( 'NONE', *, *, #10535, .F. ) ;
#6987 = CARTESIAN_POINT ( 'NONE',  ( 1.137518445155790703, 0.1154593343106052189, -0.02303160069894362103 ) ) ;
#6988 = CARTESIAN_POINT ( 'NONE',  ( 1.108220372437052736, 0.2082210916933908140, 0.001235497005244791044 ) ) ;
#6989 = CARTESIAN_POINT ( 'NONE',  ( 1.135839162738411678, 0.1265607687162106088, 0.3561756190388881138 ) ) ;
#6990 =( NAMED_UNIT ( * ) PLANE_ANGLE_UNIT ( ) SI_UNIT ( $, .RADIAN. ) );
#6991 = COLOUR_RGB ( '',0.000000000000000000, 0.000000000000000000, 0.000000000000000000 ) ;
#6992 = CARTESIAN_POINT ( 'NONE',  ( 1.135218496017687873, 0.1304238230108699659, -0.01287498630665490432 ) ) ;
#6993 = CARTESIAN_POINT ( 'NONE',  ( 1.138293593149082739, 0.1099796713318633296, 0.02600949449806344224 ) ) ;
#6994 = CARTESIAN_POINT ( 'NONE',  ( 1.113887621941075601, 0.1859045009492469314, 0.02485103320822999728 ) ) ;
#6995 = SURFACE_STYLE_FILL_AREA ( #1818 ) ;
#6996 = ORIENTED_EDGE ( 'NONE', *, *, #3765, .F. ) ;
#6997 = PLANE ( 'NONE',  #9565 ) ;
#6998 =( NAMED_UNIT ( * ) PLANE_ANGLE_UNIT ( ) SI_UNIT ( $, .RADIAN. ) );
#6999 = CARTESIAN_POINT ( 'NONE',  ( 1.144825714831420926, -0.03946468601338971871, -0.02743530319401912485 ) ) ;
#7000 = AXIS2_PLACEMENT_3D ( 'NONE', #7514, #6524, #2421 ) ;
#7001 = ORIENTED_EDGE ( 'NONE', *, *, #6060, .F. ) ;
#7002 = ORIENTED_EDGE ( 'NONE', *, *, #7326, .T. ) ;
#7003 = EDGE_CURVE ( 'NONE', #7011, #8601, #9657, .T. ) ;
#7004 = COLOUR_RGB ( '',0.000000000000000000, 0.000000000000000000, 0.000000000000000000 ) ;
#7005 = CARTESIAN_POINT ( 'NONE',  ( 1.129129831090570191, 0.1030353390114250173, 0.04890296374585614836 ) ) ;
#7006 =( GEOMETRIC_REPRESENTATION_CONTEXT ( 3 ) GLOBAL_UNCERTAINTY_ASSIGNED_CONTEXT ( ( #1271 ) ) GLOBAL_UNIT_ASSIGNED_CONTEXT ( ( #5300, #8710, #6313 ) ) REPRESENTATION_CONTEXT ( 'NONE', 'WORKASPACE' ) );
#7007 = CARTESIAN_POINT ( 'NONE',  ( 1.110685144326875040, 0.1988396502010776334, 0.04241502782622441625 ) ) ;
#7008 = SURFACE_SIDE_STYLE ('',( #42 ) ) ;
#7009 = CARTESIAN_POINT ( 'NONE',  ( 1.136893883520511794, 0.1197031908311177589, -0.02242111016831046383 ) ) ;
#7010 = ORIENTED_EDGE ( 'NONE', *, *, #10799, .T. ) ;
#7011 = VERTEX_POINT ( 'NONE', #4962 ) ;
#7012 = CARTESIAN_POINT ( 'NONE',  ( 1.125535338668716356, 0.1276661223500845654, -0.02515559161746125025 ) ) ;
#7013 = FILL_AREA_STYLE ('',( #1941 ) ) ;
#7014 = CARTESIAN_POINT ( 'NONE',  ( 1.138900462503401601, 0.1054033291784165494, -0.01983399598272118231 ) ) ;
#7015 = SURFACE_SIDE_STYLE ('',( #3345 ) ) ;
#7016 = EDGE_CURVE ( 'NONE', #4046, #4162, #1292, .T. ) ;
#7017 = CARTESIAN_POINT ( 'NONE',  ( 1.142709133926361531, -0.07094172447273540405, 0.04274484169964119784 ) ) ;
#7018 = DIRECTION ( 'NONE',  ( -3.491481338843133355E-15, 0.000000000000000000, -1.000000000000000000 ) ) ;
#7019 = SURFACE_SIDE_STYLE ('',( #1996 ) ) ;
#7020 = SHAPE_DEFINITION_REPRESENTATION ( #1502, #2702 ) ;
#7021 = FILL_AREA_STYLE_COLOUR ( '', #2040 ) ;
#7022 = ORIENTED_EDGE ( 'NONE', *, *, #7681, .F. ) ;
#7023 = CARTESIAN_POINT ( 'NONE',  ( 1.123613871190262570, 0.1882283072111125000, 0.02485103320822994524 ) ) ;
#7024 = SURFACE_STYLE_FILL_AREA ( #7986 ) ;
#7025 = DIRECTION ( 'NONE',  ( 3.491481338843133355E-15, -0.000000000000000000, 1.000000000000000000 ) ) ;
#7026 = EDGE_CURVE ( 'NONE', #10162, #10785, #10227, .T. ) ;
#7027 = CARTESIAN_POINT ( 'NONE',  ( 1.122397030820489139, 0.1457591587441520453, -0.03283506347181482099 ) ) ;
#7028 = EDGE_CURVE ( 'NONE', #5240, #6038, #1913, .T. ) ;
#7029 = FILL_AREA_STYLE_COLOUR ( '', #5457 ) ;
#7030 = EDGE_CURVE ( 'NONE', #9389, #5284, #9268, .T. ) ;
#7031 = SURFACE_STYLE_USAGE ( .BOTH. , #1801 ) ;
#7032 = EDGE_CURVE ( 'NONE', #1045, #9928, #4492, .T. ) ;
#7033 = FILL_AREA_STYLE ('',( #6397 ) ) ;
#7034 = CARTESIAN_POINT ( 'NONE',  ( 1.135629953229991385, 0.01588524986922123031, 0.0008013131769034993399 ) ) ;
#7035 = CARTESIAN_POINT ( 'NONE',  ( 1.134837591180994254, -0.03897746332939385633, 0.02994877370923433937 ) ) ;
#7036 = EDGE_LOOP ( 'NONE', ( #2422, #435, #2625, #6318 ) ) ;
#7037 = DIRECTION ( 'NONE',  ( -3.491481338843133355E-15, 0.000000000000000000, -1.000000000000000000 ) ) ;
#7038 = CARTESIAN_POINT ( 'NONE',  ( 1.145787679351378374, 5.655287035072336061E-09, -0.007595724518063308277 ) ) ;
#7039 = ORIENTED_EDGE ( 'NONE', *, *, #5224, .T. ) ;
#7040 = CARTESIAN_POINT ( 'NONE',  ( 1.127620534498748439, 0.1140339104363850414, -0.02303160069831342721 ) ) ;
#7041 = CARTESIAN_POINT ( 'NONE',  ( 1.135235602694843360, 0.1303281166051904472, -0.005760441471610677419 ) ) ;
#7042 = CARTESIAN_POINT ( 'NONE',  ( 1.136574173089089701, 0.1219979551837280102, -0.003375443827898541495 ) ) ;
#7043 = CYLINDRICAL_SURFACE ( 'NONE', #4926, 0.7999999999999999334 ) ;
#7044 = CARTESIAN_POINT ( 'NONE',  ( 1.124814028803197585, 0.1320610921620969935, -0.01489446362443040163 ) ) ;
#7045 = CARTESIAN_POINT ( 'NONE',  ( 1.120367508153516711, 0.1563153748115962416, -0.02941286812516781535 ) ) ;
#7046 = CIRCLE ( 'NONE', #8494, 0.8099999999999999423 ) ;
#7047 = DIRECTION ( 'NONE',  ( 0.9769679932783160714, 0.2133858948237676856, -3.411065517178264309E-15 ) ) ;
#7048 = ORIENTED_EDGE ( 'NONE', *, *, #6879, .T. ) ;
#7049 = CARTESIAN_POINT ( 'NONE',  ( 1.135514532212987371, -0.02501898753019329499, -0.03990289874730669484 ) ) ;
#7050 = B_SPLINE_CURVE_WITH_KNOTS ( 'NONE', 3,
 ( #1406, #2355, #8289, #6639 ),
 .UNSPECIFIED., .F., .F.,
 ( 4, 4 ),
 ( 0.000000000000000000, 1.000000000000000000 ),
 .UNSPECIFIED. ) ;
#7051 = DIRECTION ( 'NONE',  ( 3.491481338843133355E-15, -0.000000000000000000, 1.000000000000000000 ) ) ;
#7052 = FILL_AREA_STYLE ('',( #92 ) ) ;
#7053 = SURFACE_STYLE_FILL_AREA ( #3565 ) ;
#7054 = VERTEX_POINT ( 'NONE', #2227 ) ;
#7055 = ORIENTED_EDGE ( 'NONE', *, *, #6051, .T. ) ;
#7056 = PRESENTATION_LAYER_ASSIGNMENT (  '', '', ( #683 ) ) ;
#7057 = CARTESIAN_POINT ( 'NONE',  ( 1.131546203041997600, 0.1512229354256866554, -0.003083250338844025808 ) ) ;
#7058 = PLANE ( 'NONE',  #9148 ) ;
#7059 = CARTESIAN_POINT ( 'NONE',  ( 1.131451384935949989, 0.08318216058723267026, 0.006069894152875370506 ) ) ;
#7060 = EDGE_LOOP ( 'NONE', ( #11105, #1380, #4827, #6069 ) ) ;
#7061 = VERTEX_POINT ( 'NONE', #5950 ) ;
#7062 = CARTESIAN_POINT ( 'NONE',  ( 1.119128013084608853, 0.1624128249425294268, -0.003083250338843971598 ) ) ;
#7063 = CARTESIAN_POINT ( 'NONE',  ( 1.131026235449142048, 0.1539338920375195319, -0.03006783374187219429 ) ) ;
#7064 = PRESENTATION_STYLE_ASSIGNMENT (( #9584 ) ) ;
#7065 = ORIENTED_EDGE ( 'NONE', *, *, #8333, .F. ) ;
#7066 =( NAMED_UNIT ( * ) SI_UNIT ( $, .STERADIAN. ) SOLID_ANGLE_UNIT ( ) );
#7067 = DIRECTION ( 'NONE',  ( 3.491481338843133355E-15, -0.000000000000000000, 1.000000000000000000 ) ) ;
#7068 = CARTESIAN_POINT ( 'NONE',  ( 1.108747717297428714, 0.2421420736725210243, -0.01357907434454592652 ) ) ;
#7069 = CARTESIAN_POINT ( 'NONE',  ( 1.134307221508455088, 0.04864714825092519845, -0.01582184902780103819 ) ) ;
#7070 = DIRECTION ( 'NONE',  ( 3.491481338843133355E-15, -0.000000000000000000, 1.000000000000000000 ) ) ;
#7071 = DIRECTION ( 'NONE',  ( 0.9921104063867137723, 0.1253672267348591995, -3.464364754270088781E-15 ) ) ;
#7072 =( LENGTH_UNIT ( ) NAMED_UNIT ( * ) SI_UNIT ( .MILLI., .METRE. ) );
#7073 = CARTESIAN_POINT ( 'NONE',  ( 1.134983890654777339, 0.1318537829627218216, -0.004378210225517093282 ) ) ;
#7074 = EDGE_LOOP ( 'NONE', ( #8865, #6475, #3815, #7797 ) ) ;
#7075 =( NAMED_UNIT ( * ) SI_UNIT ( $, .STERADIAN. ) SOLID_ANGLE_UNIT ( ) );
#7076 = FILL_AREA_STYLE_COLOUR ( '', #15 ) ;
#7077 = CARTESIAN_POINT ( 'NONE',  ( 1.143235055044371062, -0.06579724617716907475, 0.03193008766344773708 ) ) ;
#7078 = DIRECTION ( 'NONE',  ( -1.000000000000000000, 0.000000000000000000, 3.491481338843133355E-15 ) ) ;
#7079 = UNCERTAINTY_MEASURE_WITH_UNIT (LENGTH_MEASURE( 1.000000000000000082E-05 ), #334, 'distance_accuracy_value', 'NONE');
#7080 = TOROIDAL_SURFACE ( 'NONE', #10743, 0.5899999999999997469, 0.01000000000000000021 ) ;
#7081 = CARTESIAN_POINT ( 'NONE',  ( 0.3357876820061004852, 0.000000000000000000, 0.02334504061165593863 ) ) ;
#7082 = DIRECTION ( 'NONE',  ( 0.9993895222378287313, 0.03493684074504178200, -3.489775742687717397E-15 ) ) ;
#7083 = CIRCLE ( 'NONE', #3236, 0.8000000000000000444 ) ;
#7084 = EDGE_CURVE ( 'NONE', #11049, #11181, #1376, .T. ) ;
#7085 = ORIENTED_EDGE ( 'NONE', *, *, #2420, .F. ) ;
#7086 = B_SPLINE_CURVE_WITH_KNOTS ( 'NONE', 1,
 ( #2037, #2994 ),
 .UNSPECIFIED., .F., .F.,
 ( 2, 2 ),
 ( 0.000000000000000000, 1.000000000000000000 ),
 .UNSPECIFIED. ) ;
#7087 = AXIS2_PLACEMENT_3D ( 'NONE', #9201, #6652, #4030 ) ;
#7088 = ORIENTED_EDGE ( 'NONE', *, *, #3813, .F. ) ;
#7089 =( GEOMETRIC_REPRESENTATION_CONTEXT ( 3 ) GLOBAL_UNCERTAINTY_ASSIGNED_CONTEXT ( ( #4948 ) ) GLOBAL_UNIT_ASSIGNED_CONTEXT ( ( #8650, #9568, #8908 ) ) REPRESENTATION_CONTEXT ( 'NONE', 'WORKASPACE' ) );
#7090 = EDGE_CURVE ( 'NONE', #2091, #2778, #8556, .T. ) ;
#7091 = CARTESIAN_POINT ( 'NONE',  ( 1.125117018546059056, 0.1302274874110244118, -0.004376807431639181782 ) ) ;
#7092 = ADVANCED_FACE ( 'NONE', ( #9441 ), #4446, .T. ) ;
#7093 = ADVANCED_FACE ( 'NONE', ( #7752 ), #11290, .F. ) ;
#7094 = CARTESIAN_POINT ( 'NONE',  ( 1.137911371620307310, 0.1126835682772401870, -0.02649789567208364616 ) ) ;
#7095 = COLOUR_RGB ( '',0.000000000000000000, 0.000000000000000000, 0.000000000000000000 ) ;
#7096 =( NAMED_UNIT ( * ) SI_UNIT ( $, .STERADIAN. ) SOLID_ANGLE_UNIT ( ) );
#7097 = SURFACE_SIDE_STYLE ('',( #1131 ) ) ;
#7098 = COLOUR_RGB ( '',0.000000000000000000, 0.000000000000000000, 0.000000000000000000 ) ;
#7099 = CIRCLE ( 'NONE', #10222, 0.7900000000000000355 ) ;
#7100 = CARTESIAN_POINT ( 'NONE',  ( 1.137558488835720638, 0.1151675879567664734, -0.005817731787995897297 ) ) ;
#7101 = VERTEX_POINT ( 'NONE', #7057 ) ;
#7102 = PRESENTATION_LAYER_ASSIGNMENT (  '', '', ( #11316 ) ) ;
#7103 = CARTESIAN_POINT ( 'NONE',  ( 1.145596782189564067, -0.01764455529975371070, -0.03231241172078447299 ) ) ;
#7104 = EDGE_CURVE ( 'NONE', #2338, #224, #4888, .T. ) ;
#7105 = CARTESIAN_POINT ( 'NONE',  ( 1.123118058767074157, 0.1418128267450560198, -0.007471519969934293723 ) ) ;
#7106 = FILL_AREA_STYLE ('',( #3726 ) ) ;
#7107 = EDGE_CURVE ( 'NONE', #449, #679, #6110, .T. ) ;
#7108 = ORIENTED_EDGE ( 'NONE', *, *, #6532, .F. ) ;
#7109 = EDGE_CURVE ( 'NONE', #4615, #10219, #6947, .T. ) ;
#7110 = ORIENTED_EDGE ( 'NONE', *, *, #7939, .F. ) ;
#7111 = VECTOR ( 'NONE', #6934, 1000.000000000000000 ) ;
#7112 = STYLED_ITEM ( 'NONE', ( #10467 ), #6765 ) ;
#7113 = VECTOR ( 'NONE', #1534, 1000.000000000000000 ) ;
#7114 = CARTESIAN_POINT ( 'NONE',  ( 1.101842780231217622, 0.2305704304690929796, -0.008393929879987955395 ) ) ;
#7115 = CARTESIAN_POINT ( 'NONE',  ( 1.138666738215899921, 0.1071691238168061000, 0.05270208714351751200 ) ) ;
#7116 = DIRECTION ( 'NONE',  ( 3.491481338843133355E-15, -0.000000000000000000, 1.000000000000000000 ) ) ;
#7117 =( GEOMETRIC_REPRESENTATION_CONTEXT ( 3 ) GLOBAL_UNCERTAINTY_ASSIGNED_CONTEXT ( ( #3375 ) ) GLOBAL_UNIT_ASSIGNED_CONTEXT ( ( #3641, #4627, #2060 ) ) REPRESENTATION_CONTEXT ( 'NONE', 'WORKASPACE' ) );
#7118 = MECHANICAL_DESIGN_GEOMETRIC_PRESENTATION_REPRESENTATION (  '', ( #379 ), #7669 ) ;
#7119 = MECHANICAL_DESIGN_GEOMETRIC_PRESENTATION_REPRESENTATION (  '', ( #1857 ), #7502 ) ;
#7120 = AXIS2_PLACEMENT_3D ( 'NONE', #2434, #7272, #8003 ) ;
#7121 = FACE_OUTER_BOUND ( 'NONE', #978, .T. ) ;
#7122 = ORIENTED_EDGE ( 'NONE', *, *, #6347, .F. ) ;
#7123 = ORIENTED_EDGE ( 'NONE', *, *, #4160, .T. ) ;
#7124 = CARTESIAN_POINT ( 'NONE',  ( 1.128919767223090176, 0.1644429852543110582, -0.003083250338844025808 ) ) ;
#7125 =( GEOMETRIC_REPRESENTATION_CONTEXT ( 3 ) GLOBAL_UNCERTAINTY_ASSIGNED_CONTEXT ( ( #839 ) ) GLOBAL_UNIT_ASSIGNED_CONTEXT ( ( #1551, #1718, #10452 ) ) REPRESENTATION_CONTEXT ( 'NONE', 'WORKASPACE' ) );
#7126 = CARTESIAN_POINT ( 'NONE',  ( 1.111112894800023509, 0.2102742467600408893, 0.02485103320823000075 ) ) ;
#7127 = UNCERTAINTY_MEASURE_WITH_UNIT (LENGTH_MEASURE( 1.000000000000000082E-05 ), #6541, 'distance_accuracy_value', 'NONE');
#7128 = ORIENTED_EDGE ( 'NONE', *, *, #7265, .F. ) ;
#7129 = CARTESIAN_POINT ( 'NONE',  ( 1.128754516913359929, 0.1058470535119574313, 0.05270344605310696429 ) ) ;
#7130 = CARTESIAN_POINT ( 'NONE',  ( 1.104863815815924966, 0.2202768721498757909, -0.02595792449772778288 ) ) ;
#7131 = SURFACE_STYLE_FILL_AREA ( #10519 ) ;
#7132 =( GEOMETRIC_REPRESENTATION_CONTEXT ( 3 ) GLOBAL_UNCERTAINTY_ASSIGNED_CONTEXT ( ( #1297 ) ) GLOBAL_UNIT_ASSIGNED_CONTEXT ( ( #2611, #138, #5433 ) ) REPRESENTATION_CONTEXT ( 'NONE', 'WORKASPACE' ) );
#7133 = CARTESIAN_POINT ( 'NONE',  ( 1.135744301988113270, 0.009805060653116700470, -0.01333733399671611919 ) ) ;
#7134 = CARTESIAN_POINT ( 'NONE',  ( 1.124539041545190576, 0.1336835548047583255, -0.01590420228336715536 ) ) ;
#7135 = PRESENTATION_LAYER_ASSIGNMENT (  '', '', ( #6018 ) ) ;
#7136 = ORIENTED_EDGE ( 'NONE', *, *, #1393, .T. ) ;
#7137 = DIRECTION ( 'NONE',  ( 3.491481338843133355E-15, -0.000000000000000000, 1.000000000000000000 ) ) ;
#7138 = SURFACE_SIDE_STYLE ('',( #4799 ) ) ;
#7139 = STYLED_ITEM ( 'NONE', ( #8228 ), #9673 ) ;
#7140 = CARTESIAN_POINT ( 'NONE',  ( 1.136877951131481712, 0.1198097688530632005, -0.01447965206718856979 ) ) ;
#7141 = DIRECTION ( 'NONE',  ( 3.491481338843133355E-15, -0.000000000000000000, 1.000000000000000000 ) ) ;
#7142 = CARTESIAN_POINT ( 'NONE',  ( 1.144837071409571250, -0.03923118027629247939, 0.004672290736132487382 ) ) ;
#7143 = CARTESIAN_POINT ( 'NONE',  ( 1.117163878718681502, 0.1716483598084909135, 0.02670798568576673165 ) ) ;
#7144 =( GEOMETRIC_REPRESENTATION_CONTEXT ( 3 ) GLOBAL_UNCERTAINTY_ASSIGNED_CONTEXT ( ( #7586 ) ) GLOBAL_UNIT_ASSIGNED_CONTEXT ( ( #5577, #9114, #3013 ) ) REPRESENTATION_CONTEXT ( 'NONE', 'WORKASPACE' ) );
#7145 = CARTESIAN_POINT ( 'NONE',  ( 0.3357876820061000966, 0.000000000000000000, -0.08980603148360478960 ) ) ;
#7146 =( GEOMETRIC_REPRESENTATION_CONTEXT ( 3 ) GLOBAL_UNCERTAINTY_ASSIGNED_CONTEXT ( ( #710 ) ) GLOBAL_UNIT_ASSIGNED_CONTEXT ( ( #7310, #4628, #1948 ) ) REPRESENTATION_CONTEXT ( 'NONE', 'WORKASPACE' ) );
#7147 = PRESENTATION_STYLE_ASSIGNMENT (( #4358 ) ) ;
#7148 = CARTESIAN_POINT ( 'NONE',  ( 0.3357876820061003187, 0.000000000000000000, -0.02606900220520442721 ) ) ;
#7149 = DIRECTION ( 'NONE',  ( 0.9537931799461959459, 0.3004639244370667095, -3.328839482709400333E-15 ) ) ;
#7150 = ORIENTED_EDGE ( 'NONE', *, *, #976, .T. ) ;
#7151 = CARTESIAN_POINT ( 'NONE',  ( 1.131026235449141826, 0.1539338920375195041, -0.03006783374187219429 ) ) ;
#7152 = AXIS2_PLACEMENT_3D ( 'NONE', #8657, #975, #10560 ) ;
#7153 = FILL_AREA_STYLE_COLOUR ( '', #9088 ) ;
#7154 = MECHANICAL_DESIGN_GEOMETRIC_PRESENTATION_REPRESENTATION (  '', ( #7529 ), #3870 ) ;
#7155 = ORIENTED_EDGE ( 'NONE', *, *, #10181, .F. ) ;
#7156 = CARTESIAN_POINT ( 'NONE',  ( 1.106569763547248897, 0.2142312014810243970, -0.01304355093103388118 ) ) ;
#7157 = PRESENTATION_STYLE_ASSIGNMENT (( #3662 ) ) ;
#7158 = CARTESIAN_POINT ( 'NONE',  ( 1.131928067780652469, -0.07848876441088509237, -0.01468327645258259498 ) ) ;
#7159 = EDGE_CURVE ( 'NONE', #4629, #6372, #1883, .T. ) ;
#7160 = SURFACE_SIDE_STYLE ('',( #199 ) ) ;
#7161 = CARTESIAN_POINT ( 'NONE',  ( 1.127379515499968621, 0.1717245589137644801, 0.02984109641602177357 ) ) ;
#7162 = STYLED_ITEM ( 'NONE', ( #8747 ), #8274 ) ;
#7163 = CARTESIAN_POINT ( 'NONE',  ( 1.125535338668716356, 0.1276661223500845654, -0.02515559161746125025 ) ) ;
#7164 = VERTEX_POINT ( 'NONE', #7284 ) ;
#7165 = CARTESIAN_POINT ( 'NONE',  ( 1.145339676096517323, -0.02818454390016297828, 0.06200600631288297193 ) ) ;
#7166 = FILL_AREA_STYLE ('',( #11283 ) ) ;
#7167 = CARTESIAN_POINT ( 'NONE',  ( 1.107437488267243308, 0.2110842876605001917, -0.01896616654087048340 ) ) ;
#7168 = EDGE_LOOP ( 'NONE', ( #3799, #10201, #6801, #4155 ) ) ;
#7169 = ORIENTED_EDGE ( 'NONE', *, *, #1360, .F. ) ;
#7170 = PRESENTATION_LAYER_ASSIGNMENT (  '', '', ( #615 ) ) ;
#7171 = CARTESIAN_POINT ( 'NONE',  ( 1.127240425544098423, 0.1166299907664222479, -0.02134041690087835896 ) ) ;
#7172 = SURFACE_STYLE_FILL_AREA ( #10775 ) ;
#7173 = B_SPLINE_CURVE_WITH_KNOTS ( 'NONE', 3,
 ( #146, #2776, #9512, #2554 ),
 .UNSPECIFIED., .F., .F.,
 ( 4, 4 ),
 ( 0.000000000000000000, 1.000000000000000000 ),
 .UNSPECIFIED. ) ;
#7174 = PRESENTATION_STYLE_ASSIGNMENT (( #7970 ) ) ;
#7175 = PRESENTATION_STYLE_ASSIGNMENT (( #3051 ) ) ;
#7176 = ADVANCED_FACE ( 'NONE', ( #3612 ), #2534, .F. ) ;
#7177 = PRESENTATION_LAYER_ASSIGNMENT (  '', '', ( #811 ) ) ;
#7178 = ORIENTED_EDGE ( 'NONE', *, *, #5985, .F. ) ;
#7179 = CARTESIAN_POINT ( 'NONE',  ( 1.145787682006101704, 0.000000000000000000, 0.3561756190388881138 ) ) ;
#7180 =( NAMED_UNIT ( * ) PLANE_ANGLE_UNIT ( ) SI_UNIT ( $, .RADIAN. ) );
#7181 = CARTESIAN_POINT ( 'NONE',  ( 1.119691365672553784, 0.1597090764919610606, -0.02063632886203144862 ) ) ;
#7182 = PRESENTATION_LAYER_ASSIGNMENT (  '', '', ( #439 ) ) ;
#7183 = ORIENTED_EDGE ( 'NONE', *, *, #1083, .T. ) ;
#7184 = B_SPLINE_CURVE_WITH_KNOTS ( 'NONE', 3,
 ( #10279, #9380, #4208, #3328 ),
 .UNSPECIFIED., .F., .F.,
 ( 4, 4 ),
 ( 0.000000000000000000, 1.000000000000000000 ),
 .UNSPECIFIED. ) ;
#7185 = VERTEX_POINT ( 'NONE', #3793 ) ;
#7186 = CARTESIAN_POINT ( 'NONE',  ( 1.143837588976301278, -0.05637183251805182038, -0.03612315146500242463 ) ) ;
#7187 = CARTESIAN_POINT ( 'NONE',  ( 1.133750604020139052, 0.05705414174989962423, 0.005811029902011356774 ) ) ;
#7188 = B_SPLINE_SURFACE_WITH_KNOTS ( 'NONE', 1, 3, ( 
 ( #4260, #1640, #718, #10442 ),
 ( #3325, #11273, #8578, #6820 ) ),
 .UNSPECIFIED., .F., .F., .F.,
 ( 2, 2 ),
 ( 4, 4 ),
 ( 0.000000000000000000, 1.000000000000000000 ),
 ( 0.000000000000000000, 1.000000000000000000 ),
 .UNSPECIFIED. ) ;
#7189 = CYLINDRICAL_SURFACE ( 'NONE', #8393, 0.8099999999999999423 ) ;
#7190 = DIRECTION ( 'NONE',  ( 3.491481338843133355E-15, -0.000000000000000000, 1.000000000000000000 ) ) ;
#7191 = B_SPLINE_CURVE_WITH_KNOTS ( 'NONE', 3,
 ( #1592, #10153, #551, #2379 ),
 .UNSPECIFIED., .F., .F.,
 ( 4, 4 ),
 ( 0.000000000000000000, 1.000000000000000000 ),
 .UNSPECIFIED. ) ;
#7192 = DIRECTION ( 'NONE',  ( -3.491481338843133355E-15, 0.000000000000000000, -1.000000000000000000 ) ) ;
#7193 = ORIENTED_EDGE ( 'NONE', *, *, #5279, .F. ) ;
#7194 = STYLED_ITEM ( 'NONE', ( #7974 ), #2237 ) ;
#7195 =( LENGTH_UNIT ( ) NAMED_UNIT ( * ) SI_UNIT ( .MILLI., .METRE. ) );
#7196 = B_SPLINE_CURVE_WITH_KNOTS ( 'NONE', 3,
 ( #4626, #3483, #9809, #6152 ),
 .UNSPECIFIED., .F., .F.,
 ( 4, 4 ),
 ( 0.000000000000000000, 1.000000000000000000 ),
 .UNSPECIFIED. ) ;
#7197 = DIRECTION ( 'NONE',  ( 1.000000000000000000, 0.000000000000000000, -3.491658038126059717E-15 ) ) ;
#7198 =( NAMED_UNIT ( * ) PLANE_ANGLE_UNIT ( ) SI_UNIT ( $, .RADIAN. ) );
#7199 =( LENGTH_UNIT ( ) NAMED_UNIT ( * ) SI_UNIT ( .MILLI., .METRE. ) );
#7200 = FILL_AREA_STYLE ('',( #2967 ) ) ;
#7201 = EDGE_CURVE ( 'NONE', #2778, #3314, #969, .T. ) ;
#7202 = CARTESIAN_POINT ( 'NONE',  ( 1.126382011542107486, 0.1223430937818448805, 0.02883305182473972980 ) ) ;
#7203 = DIRECTION ( 'NONE',  ( 3.491481338843133355E-15, 0.000000000000000000, 1.000000000000000000 ) ) ;
#7204 = CARTESIAN_POINT ( 'NONE',  ( 1.111575979630223587, 0.1953266936940913356, 0.05278531675530424155 ) ) ;
#7205 = ADVANCED_FACE ( 'NONE', ( #2727 ), #216, .F. ) ;
#7206 = CARTESIAN_POINT ( 'NONE',  ( 1.116292978616385323, 0.2165905860449423848, 0.001829867368143033631 ) ) ;
#7207 = ORIENTED_EDGE ( 'NONE', *, *, #828, .T. ) ;
#7208 = VERTEX_POINT ( 'NONE', #8915 ) ;
#7209 = ORIENTED_EDGE ( 'NONE', *, *, #8512, .T. ) ;
#7210 = SURFACE_SIDE_STYLE ('',( #2770 ) ) ;
#7211 = MECHANICAL_DESIGN_GEOMETRIC_PRESENTATION_REPRESENTATION (  '', ( #1770 ), #9757 ) ;
#7212 = CARTESIAN_POINT ( 'NONE',  ( 1.138639157026840820, 0.1073755514864596361, -0.02469711568594336673 ) ) ;
#7213 = PLANE ( 'NONE',  #11144 ) ;
#7214 = EDGE_CURVE ( 'NONE', #7561, #2261, #11226, .T. ) ;
#7215 = B_SPLINE_CURVE_WITH_KNOTS ( 'NONE', 3,
 ( #9303, #7507, #9414, #5871 ),
 .UNSPECIFIED., .F., .F.,
 ( 4, 4 ),
 ( 0.000000000000000000, 1.000000000000000000 ),
 .UNSPECIFIED. ) ;
#7216 = PRESENTATION_LAYER_ASSIGNMENT (  '', '', ( #4848 ) ) ;
#7217 = FILL_AREA_STYLE ('',( #4652 ) ) ;
#7218 = CARTESIAN_POINT ( 'NONE',  ( 1.131010868397307467, 0.08729309151253315802, -0.007864499339870401409 ) ) ;
#7219 = ORIENTED_EDGE ( 'NONE', *, *, #195, .F. ) ;
#7220 = CARTESIAN_POINT ( 'NONE',  ( 1.137004077501577060, 0.1189633875998678120, 0.05741902542574350149 ) ) ;
#7221 = COLOUR_RGB ( '',0.000000000000000000, 0.000000000000000000, 0.000000000000000000 ) ;
#7222 = B_SPLINE_SURFACE_WITH_KNOTS ( 'NONE', 1, 3, ( 
 ( #6008, #5902, #793, #8525 ),
 ( #7635, #10217, #10388, #9513 ) ),
 .UNSPECIFIED., .F., .F., .F.,
 ( 2, 2 ),
 ( 4, 4 ),
 ( 0.000000000000000000, 1.000000000000000000 ),
 ( 0.000000000000000000, 1.000000000000000000 ),
 .UNSPECIFIED. ) ;
#7223 = UNCERTAINTY_MEASURE_WITH_UNIT (LENGTH_MEASURE( 1.000000000000000082E-05 ), #9218, 'distance_accuracy_value', 'NONE');
#7224 = FILL_AREA_STYLE ('',( #1186 ) ) ;
#7225 = SURFACE_STYLE_USAGE ( .BOTH. , #5661 ) ;
#7226 = CARTESIAN_POINT ( 'NONE',  ( 1.144445989228026317, -0.04660195447585541856, 0.04657192071257245519 ) ) ;
#7227 = ORIENTED_EDGE ( 'NONE', *, *, #2567, .T. ) ;
#7228 = ORIENTED_EDGE ( 'NONE', *, *, #2903, .T. ) ;
#7229 = CARTESIAN_POINT ( 'NONE',  ( 1.117778958427476654, 0.2111790675923566341, -0.02096786129001764962 ) ) ;
#7230 = PRESENTATION_STYLE_ASSIGNMENT (( #10831 ) ) ;
#7231 =( LENGTH_UNIT ( ) NAMED_UNIT ( * ) SI_UNIT ( .MILLI., .METRE. ) );
#7232 = COLOUR_RGB ( '',0.000000000000000000, 0.000000000000000000, 0.000000000000000000 ) ;
#7233 = CARTESIAN_POINT ( 'NONE',  ( 1.123613871190262570, 0.1882283072111125000, 0.02485103320822994524 ) ) ;
#7234 = VERTEX_POINT ( 'NONE', #8246 ) ;
#7235 = DIRECTION ( 'NONE',  ( 3.491481338843133355E-15, -0.000000000000000000, 1.000000000000000000 ) ) ;
#7236 = ORIENTED_EDGE ( 'NONE', *, *, #9242, .F. ) ;
#7237 = VECTOR ( 'NONE', #2915, 1000.000000000000000 ) ;
#7238 = CARTESIAN_POINT ( 'NONE',  ( 1.125365875278356853, 0.1287191275147903935, -0.005760441468408161042 ) ) ;
#7239 = DIRECTION ( 'NONE',  ( 3.491481338843133355E-15, -0.000000000000000000, 1.000000000000000000 ) ) ;
#7240 = DIRECTION ( 'NONE',  ( -1.000000000000000000, -1.224646799147353207E-16, 0.000000000000000000 ) ) ;
#7241 = ORIENTED_EDGE ( 'NONE', *, *, #3960, .F. ) ;
#7242 = VERTEX_POINT ( 'NONE', #4090 ) ;
#7243 = EDGE_CURVE ( 'NONE', #6134, #5968, #6356, .T. ) ;
#7244 = DIRECTION ( 'NONE',  ( -1.000000000000000000, 0.000000000000000000, 3.491481338843133355E-15 ) ) ;
#7245 = CARTESIAN_POINT ( 'NONE',  ( 1.135015664739046359, 0.03606302546391849245, -0.02488043157946841569 ) ) ;
#7246 = EDGE_CURVE ( 'NONE', #9666, #558, #4964, .T. ) ;
#7247 = CARTESIAN_POINT ( 'NONE',  ( 1.138194018417720388, 0.1106529316669102869, -0.02217549806215568520 ) ) ;
#7248 = PRESENTATION_STYLE_ASSIGNMENT (( #6554 ) ) ;
#7249 = APPLICATION_PROTOCOL_DEFINITION ( 'draft international standard', 'automotive_design', 1998, #990 ) ;
#7250 = EDGE_CURVE ( 'NONE', #5761, #8366, #6593, .T. ) ;
#7251 = ORIENTED_EDGE ( 'NONE', *, *, #9035, .T. ) ;
#7252 = CARTESIAN_POINT ( 'NONE',  ( 0.3357876820061000966, 0.000000000000000000, -0.08980603148360478960 ) ) ;
#7253 = SURFACE_STYLE_FILL_AREA ( #1101 ) ;
#7254 = EDGE_CURVE ( 'NONE', #10872, #9136, #2264, .T. ) ;
#7255 = DIRECTION ( 'NONE',  ( 3.491481338843133355E-15, -0.000000000000000000, 1.000000000000000000 ) ) ;
#7256 = SURFACE_STYLE_FILL_AREA ( #9994 ) ;
#7257 = UNCERTAINTY_MEASURE_WITH_UNIT (LENGTH_MEASURE( 1.000000000000000082E-05 ), #7396, 'distance_accuracy_value', 'NONE');
#7258 = CARTESIAN_POINT ( 'NONE',  ( 1.123742048652878411, 0.1877361615986370968, 0.03552697275843116897 ) ) ;
#7259 = PRESENTATION_STYLE_ASSIGNMENT (( #6332 ) ) ;
#7260 = CARTESIAN_POINT ( 'NONE',  ( 1.121446935851119653, 0.1508260023550635209, -0.01830028483014591728 ) ) ;
#7261 = CARTESIAN_POINT ( 'NONE',  ( 0.3357876820061004852, 0.000000000000000000, 0.03361119833001735557 ) ) ;
#7262 = CARTESIAN_POINT ( 'NONE',  ( 1.136877951131481712, 0.1198097688530632005, -0.01667378688284190669 ) ) ;
#7263 = ORIENTED_EDGE ( 'NONE', *, *, #5742, .T. ) ;
#7264 = ORIENTED_EDGE ( 'NONE', *, *, #10588, .T. ) ;
#7265 = EDGE_CURVE ( 'NONE', #2472, #1905, #1471, .T. ) ;
#7266 = CARTESIAN_POINT ( 'NONE',  ( 0.3357876820061003742, 0.000000000000000000, -0.007864499339867636260 ) ) ;
#7267 = ORIENTED_EDGE ( 'NONE', *, *, #4028, .T. ) ;
#7268 = B_SPLINE_CURVE_WITH_KNOTS ( 'NONE', 1,
 ( #9786, #1970 ),
 .UNSPECIFIED., .F., .F.,
 ( 2, 2 ),
 ( 0.000000000000000000, 1.000000000000000000 ),
 .UNSPECIFIED. ) ;
#7269 = CARTESIAN_POINT ( 'NONE',  ( 1.133003733823246373, 0.1433407364466975920, -0.01595332470455390964 ) ) ;
#7270 = MECHANICAL_DESIGN_GEOMETRIC_PRESENTATION_REPRESENTATION (  '', ( #3606 ), #4902 ) ;
#7271 = CARTESIAN_POINT ( 'NONE',  ( 0.3357876820061004852, 0.000000000000000000, 0.02485103320823271039 ) ) ;
#7272 = DIRECTION ( 'NONE',  ( -0.2334853351282100975, 0.9723603232753110781, 8.152096904936806366E-16 ) ) ;
#7273 = COLOUR_RGB ( '',0.000000000000000000, 0.000000000000000000, 0.000000000000000000 ) ;
#7274 = CARTESIAN_POINT ( 'NONE',  ( 1.144288847086290639, 0.04925308177134522097, -0.01582396203677764734 ) ) ;
#7275 = CARTESIAN_POINT ( 'NONE',  ( 1.131887714259100841, 0.1494146533870493732, 0.05687885185883353317 ) ) ;
#7276 = EDGE_LOOP ( 'NONE', ( #8573, #8252, #2035, #3518 ) ) ;
#7277 = CARTESIAN_POINT ( 'NONE',  ( 1.127112238818813283, 0.1174965777593716676, 0.05741919849254917968 ) ) ;
#7278 = PRESENTATION_LAYER_ASSIGNMENT (  '', '', ( #2178 ) ) ;
#7279 = CARTESIAN_POINT ( 'NONE',  ( 1.106792586533135392, 0.2256011561133982324, -0.02595792449772776553 ) ) ;
#7280 =( GEOMETRIC_REPRESENTATION_CONTEXT ( 3 ) GLOBAL_UNCERTAINTY_ASSIGNED_CONTEXT ( ( #3098 ) ) GLOBAL_UNIT_ASSIGNED_CONTEXT ( ( #3620, #8864, #8819 ) ) REPRESENTATION_CONTEXT ( 'NONE', 'WORKASPACE' ) );
#7281 = ORIENTED_EDGE ( 'NONE', *, *, #10371, .T. ) ;
#7282 = ORIENTED_EDGE ( 'NONE', *, *, #10333, .F. ) ;
#7283 = B_SPLINE_SURFACE_WITH_KNOTS ( 'NONE', 1, 3, ( 
 ( #2325, #6070, #7103, #10502 ),
 ( #7855, #7049, #10384, #90 ) ),
 .UNSPECIFIED., .F., .F., .F.,
 ( 2, 2 ),
 ( 4, 4 ),
 ( 0.000000000000000000, 1.000000000000000000 ),
 ( 0.000000000000000000, 1.000000000000000000 ),
 .UNSPECIFIED. ) ;
#7284 = CARTESIAN_POINT ( 'NONE',  ( 1.126227926855293271, 0.1769299842388172561, 0.002385712559677208994 ) ) ;
#7285 = PRESENTATION_LAYER_ASSIGNMENT (  '', '', ( #1279 ) ) ;
#7286 = VECTOR ( 'NONE', #2094, 1000.000000000000000 ) ;
#7287 = CARTESIAN_POINT ( 'NONE',  ( 1.127762199581942681, 0.1130325772090155223, -0.01520011424547607938 ) ) ;
#7288 = PRESENTATION_LAYER_ASSIGNMENT (  '', '', ( #10765 ) ) ;
#7289 = CARTESIAN_POINT ( 'NONE',  ( 1.116292978616385323, 0.2165905860449423848, 0.001829867368143033631 ) ) ;
#7290 = SURFACE_SIDE_STYLE ('',( #323 ) ) ;
#7291 = CARTESIAN_POINT ( 'NONE',  ( 1.127112238818813283, 0.1174965777593716676, 0.05741919849254917968 ) ) ;
#7292 = VERTEX_POINT ( 'NONE', #5002 ) ;
#7293 = CARTESIAN_POINT ( 'NONE',  ( 1.135748515086581367, 0.007916156717925896397, -0.01900985571310601085 ) ) ;
#7294 = VERTEX_POINT ( 'NONE', #6533 ) ;
#7295 = VECTOR ( 'NONE', #10026, 1000.000000000000227 ) ;
#7296 = COLOUR_RGB ( '',0.000000000000000000, 0.000000000000000000, 0.000000000000000000 ) ;
#7297 = CARTESIAN_POINT ( 'NONE',  ( 1.138651256331640660, 0.1074329295026067443, -0.01375577463874590178 ) ) ;
#7298 = DIRECTION ( 'NONE',  ( 0.9790172175809077615, 0.2037775445924736029, -3.422013106907373370E-15 ) ) ;
#7299 = AXIS2_PLACEMENT_3D ( 'NONE', #9558, #21, #2539 ) ;
#7300 = ORIENTED_EDGE ( 'NONE', *, *, #7159, .T. ) ;
#7301 = CIRCLE ( 'NONE', #4391, 0.8099999999999999423 ) ;
#7302 = ORIENTED_EDGE ( 'NONE', *, *, #7104, .T. ) ;
#7303 = PRESENTATION_LAYER_ASSIGNMENT (  '', '', ( #549 ) ) ;
#7304 = CIRCLE ( 'NONE', #11227, 0.01000000000000002623 ) ;
#7305 = CARTESIAN_POINT ( 'NONE',  ( 1.125177322504344213, 0.1815603912270718212, 0.04583075762019918342 ) ) ;
#7306 = FILL_AREA_STYLE_COLOUR ( '', #5830 ) ;
#7307 = STYLED_ITEM ( 'NONE', ( #6416 ), #10806 ) ;
#7308 = CARTESIAN_POINT ( 'NONE',  ( 1.124060736695442486, 0.1364756067974539078, -0.002559277845524325461 ) ) ;
#7309 = EDGE_CURVE ( 'NONE', #10138, #4959, #9586, .T. ) ;
#7310 =( LENGTH_UNIT ( ) NAMED_UNIT ( * ) SI_UNIT ( .MILLI., .METRE. ) );
#7311 = VERTEX_POINT ( 'NONE', #3915 ) ;
#7312 = CARTESIAN_POINT ( 'NONE',  ( 1.105939574789535307, 0.2509303928225767311, -0.02595792449772778288 ) ) ;
#7313 = CARTESIAN_POINT ( 'NONE',  ( 0.3357876820061016510, 0.000000000000000000, 0.3561756190388909449 ) ) ;
#7314 = MECHANICAL_DESIGN_GEOMETRIC_PRESENTATION_REPRESENTATION (  '', ( #569 ), #4812 ) ;
#7315 = EDGE_CURVE ( 'NONE', #6311, #4570, #8192, .T. ) ;
#7316 = FILL_AREA_STYLE ('',( #6329 ) ) ;
#7317 = COLOUR_RGB ( '',0.000000000000000000, 0.000000000000000000, 0.000000000000000000 ) ;
#7318 = VECTOR ( 'NONE', #4170, 1000.000000000000000 ) ;
#7319 = SURFACE_STYLE_USAGE ( .BOTH. , #8105 ) ;
#7320 = PRESENTATION_LAYER_ASSIGNMENT (  '', '', ( #5838 ) ) ;
#7321 = CARTESIAN_POINT ( 'NONE',  ( 1.128341356078030655, 0.1088975376906425457, 0.05013270600813111988 ) ) ;
#7322 = CARTESIAN_POINT ( 'NONE',  ( 1.144138139239062824, -0.05166757485368505404, 0.03336422432481222361 ) ) ;
#7323 = CARTESIAN_POINT ( 'NONE',  ( 1.115337583976614866, 0.1797274334590070188, 0.04127429604397193919 ) ) ;
#7324 = CARTESIAN_POINT ( 'NONE',  ( 1.122547269834443417, 0.1449460277488679727, -0.003083250338844025808 ) ) ;
#7325 = EDGE_CURVE ( 'NONE', #5790, #6588, #8302, .T. ) ;
#7326 = EDGE_CURVE ( 'NONE', #7644, #2015, #3046, .T. ) ;
#7327 = COLOUR_RGB ( '',0.000000000000000000, 0.000000000000000000, 0.000000000000000000 ) ;
#7328 = CARTESIAN_POINT ( 'NONE',  ( 1.134306944723997512, -0.04992055021145356403, 0.003513306129119251643 ) ) ;
#7329 = VERTEX_POINT ( 'NONE', #6701 ) ;
#7330 = VERTEX_POINT ( 'NONE', #2145 ) ;
#7331 = PRESENTATION_STYLE_ASSIGNMENT (( #10807 ) ) ;
#7332 = VERTEX_POINT ( 'NONE', #9200 ) ;
#7333 = CARTESIAN_POINT ( 'NONE',  ( 1.122954028654730374, 0.1427206123252065806, -0.02163910487946253680 ) ) ;
#7334 = ORIENTED_EDGE ( 'NONE', *, *, #2471, .F. ) ;
#7335 = B_SPLINE_CURVE_WITH_KNOTS ( 'NONE', 3,
 ( #2151, #8980, #1322, #3113 ),
 .UNSPECIFIED., .F., .F.,
 ( 4, 4 ),
 ( 0.000000000000000000, 1.000000000000000000 ),
 .UNSPECIFIED. ) ;
#7336 = PRESENTATION_STYLE_ASSIGNMENT (( #3778 ) ) ;
#7337 = UNCERTAINTY_MEASURE_WITH_UNIT (LENGTH_MEASURE( 1.000000000000000082E-05 ), #10761, 'distance_accuracy_value', 'NONE');
#7338 =( NAMED_UNIT ( * ) PLANE_ANGLE_UNIT ( ) SI_UNIT ( $, .RADIAN. ) );
#7339 = AXIS2_PLACEMENT_3D ( 'NONE', #5578, #9934, #8265 ) ;
#7340 = DIRECTION ( 'NONE',  ( 3.491481338843133355E-15, 0.000000000000000000, 1.000000000000000000 ) ) ;
#7341 = ADVANCED_FACE ( 'NONE', ( #10205 ), #1735, .T. ) ;
#7342 = SURFACE_SIDE_STYLE ('',( #311 ) ) ;
#7343 = CARTESIAN_POINT ( 'NONE',  ( 1.118277921385173901, 0.1665023592060178859, 0.02872765109485645244 ) ) ;
#7344 = MECHANICAL_DESIGN_GEOMETRIC_PRESENTATION_REPRESENTATION (  '', ( #4595 ), #6967 ) ;
#7345 = CARTESIAN_POINT ( 'NONE',  ( 1.130324462641736805, 0.1575156266701916441, -0.02112603636846634506 ) ) ;
#7346 = ORIENTED_EDGE ( 'NONE', *, *, #8291, .T. ) ;
#7347 = AXIS2_PLACEMENT_3D ( 'NONE', #6667, #681, #8370 ) ;
#7348 = CARTESIAN_POINT ( 'NONE',  ( 1.135631194883781392, -0.01873117457712851833, 0.06496633723305486607 ) ) ;
#7349 = CARTESIAN_POINT ( 'NONE',  ( 1.116292633144263746, 0.2165918309835656586, -0.02147141002426298032 ) ) ;
#7350 = FILL_AREA_STYLE ('',( #4602 ) ) ;
#7351 = CARTESIAN_POINT ( 'NONE',  ( 0.3357876820061016510, 0.000000000000000000, 0.3561756190388909449 ) ) ;
#7352 = ORIENTED_EDGE ( 'NONE', *, *, #9388, .F. ) ;
#7353 = B_SPLINE_CURVE_WITH_KNOTS ( 'NONE', 3,
 ( #7436, #6628, #3992, #348 ),
 .UNSPECIFIED., .F., .F.,
 ( 4, 4 ),
 ( 0.000000000000000000, 1.000000000000000000 ),
 .UNSPECIFIED. ) ;
#7354 = ORIENTED_EDGE ( 'NONE', *, *, #10187, .T. ) ;
#7355 = CARTESIAN_POINT ( 'NONE',  ( 1.127002712323600164, 0.1182319151644470046, -0.01834552479305566475 ) ) ;
#7356 = CARTESIAN_POINT ( 'NONE',  ( 1.108950508984595018, 0.2055073072260747147, -0.02208130661118280769 ) ) ;
#7357 = CARTESIAN_POINT ( 'NONE',  ( 1.135742747320645840, -0.008479002158367401898, 0.05180935499299749863 ) ) ;
#7358 = COLOUR_RGB ( '',0.000000000000000000, 0.000000000000000000, 0.000000000000000000 ) ;
#7359 = EDGE_CURVE ( 'NONE', #10785, #247, #6447, .T. ) ;
#7360 = FACE_OUTER_BOUND ( 'NONE', #1751, .T. ) ;
#7361 = CARTESIAN_POINT ( 'NONE',  ( 1.131451384935949989, 0.08318216058723285067, -0.02595792449772837962 ) ) ;
#7362 = CARTESIAN_POINT ( 'NONE',  ( 1.133981931705877688, 0.1377894761809101420, -0.005817731787995843520 ) ) ;
#7363 = EDGE_LOOP ( 'NONE', ( #7088, #3388, #6662 ) ) ;
#7364 = SURFACE_STYLE_USAGE ( .BOTH. , #2272 ) ;
#7365 = ORIENTED_EDGE ( 'NONE', *, *, #1693, .T. ) ;
#7366 = EDGE_CURVE ( 'NONE', #7834, #4255, #4548, .T. ) ;
#7367 = CARTESIAN_POINT ( 'NONE',  ( 1.144431711181146172, 0.04886785485209967778, 0.03048095482130153133 ) ) ;
#7368 = CARTESIAN_POINT ( 'NONE',  ( 1.118993203687595583, 0.1630983911243968076, -0.01185978960198033963 ) ) ;
#7369 = COLOUR_RGB ( '',0.000000000000000000, 0.000000000000000000, 0.000000000000000000 ) ;
#7370 = ORIENTED_EDGE ( 'NONE', *, *, #2336, .F. ) ;
#7371 = ORIENTED_EDGE ( 'NONE', *, *, #9471, .T. ) ;
#7372 = PRESENTATION_LAYER_ASSIGNMENT (  '', '', ( #1903 ) ) ;
#7373 = CARTESIAN_POINT ( 'NONE',  ( 1.134307221508455088, 0.04864714825092519845, -0.01582184902780103819 ) ) ;
#7374 = CARTESIAN_POINT ( 'NONE',  ( 1.127620534643918759, 0.1140339094126431169, -0.02303160080307997334 ) ) ;
#7375 = AXIS2_PLACEMENT_3D ( 'NONE', #2638, #8713, #3531 ) ;
#7376 = CARTESIAN_POINT ( 'NONE',  ( 1.123379391302499419, 0.1403541928393184091, -0.02468074154554796354 ) ) ;
#7377 = ORIENTED_EDGE ( 'NONE', *, *, #8985, .F. ) ;
#7378 = DIRECTION ( 'NONE',  ( 1.000000000000000000, 0.000000000000000000, -3.501069515317776050E-15 ) ) ;
#7379 = DIRECTION ( 'NONE',  ( 1.000000000000000000, 0.000000000000000000, -3.480155121558409533E-15 ) ) ;
#7380 = SURFACE_STYLE_FILL_AREA ( #7316 ) ;
#7381 = VECTOR ( 'NONE', #3094, 1000.000000000000000 ) ;
#7382 = EDGE_CURVE ( 'NONE', #10818, #5883, #8622, .T. ) ;
#7383 = CARTESIAN_POINT ( 'NONE',  ( 1.128691550378154052, 0.1063177102868227281, -0.004687916099377418926 ) ) ;
#7384 =( LENGTH_UNIT ( ) NAMED_UNIT ( * ) SI_UNIT ( .MILLI., .METRE. ) );
#7385 = FACE_OUTER_BOUND ( 'NONE', #9515, .T. ) ;
#7386 = EDGE_LOOP ( 'NONE', ( #8082, #819, #4654, #5233, #10100, #10804, #603, #9927, #2169, #2384, #8255, #8317 ) ) ;
#7387 = ORIENTED_EDGE ( 'NONE', *, *, #7873, .F. ) ;
#7388 = B_SPLINE_CURVE_WITH_KNOTS ( 'NONE', 1,
 ( #2771, #8847 ),
 .UNSPECIFIED., .F., .F.,
 ( 2, 2 ),
 ( 0.000000000000000000, 1.000000000000000000 ),
 .UNSPECIFIED. ) ;
#7389 = CARTESIAN_POINT ( 'NONE',  ( 1.137558278863118666, 0.1151690497292599674, -0.005818117735158039733 ) ) ;
#7390 = EDGE_CURVE ( 'NONE', #2850, #3023, #1965, .T. ) ;
#7391 = ORIENTED_EDGE ( 'NONE', *, *, #3881, .T. ) ;
#7392 = ADVANCED_FACE ( 'NONE', ( #942 ), #5319, .T. ) ;
#7393 = EDGE_LOOP ( 'NONE', ( #10000, #2306, #2877, #5344 ) ) ;
#7394 = ADVANCED_FACE ( 'NONE', ( #7830 ), #9443, .T. ) ;
#7395 =( GEOMETRIC_REPRESENTATION_CONTEXT ( 3 ) GLOBAL_UNCERTAINTY_ASSIGNED_CONTEXT ( ( #900 ) ) GLOBAL_UNIT_ASSIGNED_CONTEXT ( ( #841, #5889, #10327 ) ) REPRESENTATION_CONTEXT ( 'NONE', 'WORKASPACE' ) );
#7396 =( LENGTH_UNIT ( ) NAMED_UNIT ( * ) SI_UNIT ( .MILLI., .METRE. ) );
#7397 = DIRECTION ( 'NONE',  ( 0.9940289829890088802, 0.1091163643906664371, -3.470633644375343143E-15 ) ) ;
#7398 = DIRECTION ( 'NONE',  ( 3.491481338843133355E-15, -0.000000000000000000, 1.000000000000000000 ) ) ;
#7399 = CARTESIAN_POINT ( 'NONE',  ( 1.135643225227789044, 0.01519402034781497032, -0.01198729285593224531 ) ) ;
#7400 = VERTEX_POINT ( 'NONE', #9762 ) ;
#7401 = CARTESIAN_POINT ( 'NONE',  ( 1.127688781061871870, 0.1135927818073930035, 0.02829036175517083904 ) ) ;
#7402 = FILL_AREA_STYLE ('',( #2993 ) ) ;
#7403 =( NAMED_UNIT ( * ) PLANE_ANGLE_UNIT ( ) SI_UNIT ( $, .RADIAN. ) );
#7404 = CARTESIAN_POINT ( 'NONE',  ( 1.143234983540453387, -0.06579764242286620379, 0.03192920167977916085 ) ) ;
#7405 = ORIENTED_EDGE ( 'NONE', *, *, #2512, .T. ) ;
#7406 = VERTEX_POINT ( 'NONE', #7628 ) ;
#7407 = DIRECTION ( 'NONE',  ( 3.491481338843133355E-15, -0.000000000000000000, 1.000000000000000000 ) ) ;
#7408 = FILL_AREA_STYLE ('',( #2371 ) ) ;
#7409 =( LENGTH_UNIT ( ) NAMED_UNIT ( * ) SI_UNIT ( .MILLI., .METRE. ) );
#7410 = CARTESIAN_POINT ( 'NONE',  ( 1.138028840696892585, 0.1118518604499163377, -0.01613889829599055720 ) ) ;
#7411 = CARTESIAN_POINT ( 'NONE',  ( 1.131395727999249701, -0.08397672417938813194, 0.02853525512836867922 ) ) ;
#7412 = CARTESIAN_POINT ( 'NONE',  ( 1.134731657591307341, 0.1333967989688250588, -0.02298732745468061098 ) ) ;
#7413 = ORIENTED_EDGE ( 'NONE', *, *, #6603, .F. ) ;
#7414 = CARTESIAN_POINT ( 'NONE',  ( 1.128008985091504934, 0.1112897431826653655, -0.02649827113144429674 ) ) ;
#7415 = SURFACE_STYLE_FILL_AREA ( #4785 ) ;
#7416 = EDGE_LOOP ( 'NONE', ( #9978, #10106, #9095, #2231 ) ) ;
#7417 = ADVANCED_FACE ( 'NONE', ( #1221 ), #1634, .T. ) ;
#7418 = SURFACE_SIDE_STYLE ('',( #1490 ) ) ;
#7419 = EDGE_LOOP ( 'NONE', ( #5033, #2742, #609, #212 ) ) ;
#7420 = ORIENTED_EDGE ( 'NONE', *, *, #5343, .T. ) ;
#7421 = B_SPLINE_CURVE_WITH_KNOTS ( 'NONE', 1,
 ( #2515, #1613 ),
 .UNSPECIFIED., .F., .F.,
 ( 2, 2 ),
 ( 0.000000000000000000, 1.000000000000000000 ),
 .UNSPECIFIED. ) ;
#7422 = PLANE ( 'NONE',  #4909 ) ;
#7423 = CARTESIAN_POINT ( 'NONE',  ( 1.145739765047277592, -0.008810401651392119754, 0.06547198176484779475 ) ) ;
#7424 = SURFACE_STYLE_USAGE ( .BOTH. , #1437 ) ;
#7425 = UNCERTAINTY_MEASURE_WITH_UNIT (LENGTH_MEASURE( 1.000000000000000082E-05 ), #8205, 'distance_accuracy_value', 'NONE');
#7426 = VECTOR ( 'NONE', #5941, 1000.000000000000000 ) ;
#7427 = SURFACE_SIDE_STYLE ('',( #4569 ) ) ;
#7428 = EDGE_LOOP ( 'NONE', ( #496, #7911 ) ) ;
#7429 = DIRECTION ( 'NONE',  ( -3.491481338843133355E-15, 0.000000000000000000, -1.000000000000000000 ) ) ;
#7430 = UNCERTAINTY_MEASURE_WITH_UNIT (LENGTH_MEASURE( 1.000000000000000082E-05 ), #6259, 'distance_accuracy_value', 'NONE');
#7431 = ADVANCED_FACE ( 'NONE', ( #292 ), #9819, .T. ) ;
#7432 = FILL_AREA_STYLE_COLOUR ( '', #8714 ) ;
#7433 = CARTESIAN_POINT ( 'NONE',  ( 1.135851210028927527, -0.001343661081002852113, 0.007556846125053627919 ) ) ;
#7434 = STYLED_ITEM ( 'NONE', ( #10857 ), #4316 ) ;
#7435 = CARTESIAN_POINT ( 'NONE',  ( 1.132038968508029431, -0.07735559930621173363, 0.03609705215150389029 ) ) ;
#7436 = CARTESIAN_POINT ( 'NONE',  ( 1.132381764682297787, 0.1467578530957288352, -0.003083250338844025808 ) ) ;
#7437 = CARTESIAN_POINT ( 'NONE',  ( 0.3357876820061003742, 0.000000000000000000, -0.003083250338841261092 ) ) ;
#7438 = ORIENTED_EDGE ( 'NONE', *, *, #4160, .F. ) ;
#7439 = SURFACE_STYLE_FILL_AREA ( #1172 ) ;
#7440 = EDGE_LOOP ( 'NONE', ( #9769, #5544, #6021, #5522 ) ) ;
#7441 = CARTESIAN_POINT ( 'NONE',  ( 1.120346180861035323, 0.1553964239305428985, -0.02089788879028352947 ) ) ;
#7442 = CARTESIAN_POINT ( 'NONE',  ( 1.106656769549965391, 0.2139178577615463150, 0.001828991785565779824 ) ) ;
#7443 = PRESENTATION_STYLE_ASSIGNMENT (( #4815 ) ) ;
#7444 = ADVANCED_FACE ( 'NONE', ( #1785 ), #817, .T. ) ;
#7445 = SURFACE_SIDE_STYLE ('',( #4924 ) ) ;
#7446 = ORIENTED_EDGE ( 'NONE', *, *, #1741, .T. ) ;
#7447 = B_SPLINE_CURVE_WITH_KNOTS ( 'NONE', 1,
 ( #2620, #3270 ),
 .UNSPECIFIED., .F., .F.,
 ( 2, 2 ),
 ( 0.000000000000000000, 1.000000000000000000 ),
 .UNSPECIFIED. ) ;
#7448 = FILL_AREA_STYLE_COLOUR ( '', #1788 ) ;
#7449 = UNCERTAINTY_MEASURE_WITH_UNIT (LENGTH_MEASURE( 1.000000000000000082E-05 ), #8424, 'distance_accuracy_value', 'NONE');
#7450 = ADVANCED_FACE ( 'NONE', ( #10678 ), #7926, .T. ) ;
#7451 = SURFACE_SIDE_STYLE ('',( #9152 ) ) ;
#7452 = ORIENTED_EDGE ( 'NONE', *, *, #2115, .T. ) ;
#7453 = EDGE_CURVE ( 'NONE', #1189, #10162, #9307, .T. ) ;
#7454 = EDGE_LOOP ( 'NONE', ( #1182, #1853, #4699, #2500 ) ) ;
#7455 = CARTESIAN_POINT ( 'NONE',  ( 1.126987947808945956, 0.1183306359042599343, -0.01667378688284185118 ) ) ;
#7456 = EDGE_CURVE ( 'NONE', #4998, #11224, #3996, .T. ) ;
#7457 = CARTESIAN_POINT ( 'NONE',  ( 1.145739709204992129, -0.008815533812893433518, 0.06547222589606027654 ) ) ;
#7458 = DIRECTION ( 'NONE',  ( 3.491481338843133355E-15, 0.000000000000000000, 1.000000000000000000 ) ) ;
#7459 = CARTESIAN_POINT ( 'NONE',  ( 1.114477267488547696, 0.2230303330517492411, -0.02595792449772778288 ) ) ;
#7460 =( LENGTH_UNIT ( ) NAMED_UNIT ( * ) SI_UNIT ( .MILLI., .METRE. ) );
#7461 = DIRECTION ( 'NONE',  ( -1.000000000000000000, 0.000000000000000000, 3.523657060577889411E-15 ) ) ;
#7462 = CARTESIAN_POINT ( 'NONE',  ( 1.124062460195864643, 0.1364857644200293263, -0.02322107112762719985 ) ) ;
#7463 = FILL_AREA_STYLE ('',( #9159 ) ) ;
#7464 = PRESENTATION_LAYER_ASSIGNMENT (  '', '', ( #8167 ) ) ;
#7465 =( NAMED_UNIT ( * ) PLANE_ANGLE_UNIT ( ) SI_UNIT ( $, .RADIAN. ) );
#7466 = CARTESIAN_POINT ( 'NONE',  ( 1.134345478087583459, -0.04906593100110795413, -0.01209935526320115792 ) ) ;
#7467 = EDGE_CURVE ( 'NONE', #9028, #7861, #1845, .T. ) ;
#7468 = EDGE_CURVE ( 'NONE', #2811, #10219, #6565, .T. ) ;
#7469 =( LENGTH_UNIT ( ) NAMED_UNIT ( * ) SI_UNIT ( .MILLI., .METRE. ) );
#7470 = SURFACE_STYLE_FILL_AREA ( #5676 ) ;
#7471 = EDGE_CURVE ( 'NONE', #1460, #6168, #324, .T. ) ;
#7472 = ORIENTED_EDGE ( 'NONE', *, *, #1685, .T. ) ;
#7473 = ORIENTED_EDGE ( 'NONE', *, *, #538, .T. ) ;
#7474 = DIRECTION ( 'NONE',  ( 3.491481338843133355E-15, -0.000000000000000000, 1.000000000000000000 ) ) ;
#7475 = EDGE_LOOP ( 'NONE', ( #3566, #6339, #11068, #6864 ) ) ;
#7476 = ORIENTED_EDGE ( 'NONE', *, *, #6060, .T. ) ;
#7477 = MECHANICAL_DESIGN_GEOMETRIC_PRESENTATION_REPRESENTATION (  '', ( #2897 ), #6911 ) ;
#7478 = PRESENTATION_LAYER_ASSIGNMENT (  '', '', ( #174 ) ) ;
#7479 = PRESENTATION_STYLE_ASSIGNMENT (( #9106 ) ) ;
#7480 = CARTESIAN_POINT ( 'NONE',  ( 1.134633177656892311, 0.04296363669943129709, 0.005583310175039112727 ) ) ;
#7481 = SURFACE_STYLE_FILL_AREA ( #10225 ) ;
#7482 = CARTESIAN_POINT ( 'NONE',  ( 0.3357876820061005407, 0.000000000000000000, 0.05319467026563792084 ) ) ;
#7483 = STYLED_ITEM ( 'NONE', ( #6846 ), #10453 ) ;
#7484 = EDGE_CURVE ( 'NONE', #3785, #9028, #5993, .T. ) ;
#7485 = TOROIDAL_SURFACE ( 'NONE', #4755, 0.4499999999999996780, 0.1499999999999999667 ) ;
#7486 = ORIENTED_EDGE ( 'NONE', *, *, #3743, .F. ) ;
#7487 = B_SPLINE_CURVE_WITH_KNOTS ( 'NONE', 3,
 ( #520, #1353, #3995, #4805 ),
 .UNSPECIFIED., .F., .F.,
 ( 4, 4 ),
 ( 0.000000000000000000, 1.000000000000000000 ),
 .UNSPECIFIED. ) ;
#7488 = CARTESIAN_POINT ( 'NONE',  ( 1.125410059083553627, 0.1284392678001068933, -0.01166875796278303047 ) ) ;
#7489 = SURFACE_STYLE_FILL_AREA ( #8536 ) ;
#7490 = UNCERTAINTY_MEASURE_WITH_UNIT (LENGTH_MEASURE( 1.000000000000000082E-05 ), #2729, 'distance_accuracy_value', 'NONE');
#7491 =( NAMED_UNIT ( * ) PLANE_ANGLE_UNIT ( ) SI_UNIT ( $, .RADIAN. ) );
#7492 = STYLED_ITEM ( 'NONE', ( #2895 ), #7869 ) ;
#7493 = CARTESIAN_POINT ( 'NONE',  ( 1.131928067780652469, -0.07848876441088509237, -0.01468327645258265049 ) ) ;
#7494 = STYLED_ITEM ( 'NONE', ( #2686 ), #1061 ) ;
#7495 = CARTESIAN_POINT ( 'NONE',  ( 1.124659114105764246, 0.1329731687861330502, -0.006669187089668247685 ) ) ;
#7496 = STYLED_ITEM ( 'NONE', ( #9438 ), #5013 ) ;
#7497 = DIRECTION ( 'NONE',  ( 0.01999084097286262310, 0.9998001631712197801, -6.979764820453055254E-17 ) ) ;
#7498 =( NAMED_UNIT ( * ) SI_UNIT ( $, .STERADIAN. ) SOLID_ANGLE_UNIT ( ) );
#7499 = FILL_AREA_STYLE_COLOUR ( '', #9109 ) ;
#7500 = VERTEX_POINT ( 'NONE', #1034 ) ;
#7501 = AXIS2_PLACEMENT_3D ( 'NONE', #5729, #9212, #276 ) ;
#7502 =( GEOMETRIC_REPRESENTATION_CONTEXT ( 3 ) GLOBAL_UNCERTAINTY_ASSIGNED_CONTEXT ( ( #363 ) ) GLOBAL_UNIT_ASSIGNED_CONTEXT ( ( #1918, #191, #2812 ) ) REPRESENTATION_CONTEXT ( 'NONE', 'WORKASPACE' ) );
#7503 = CARTESIAN_POINT ( 'NONE',  ( 1.132893902385355256, -0.06850128131710138402, -0.005564439265181360394 ) ) ;
#7504 = ADVANCED_FACE ( 'NONE', ( #158 ), #7485, .T. ) ;
#7505 = ORIENTED_EDGE ( 'NONE', *, *, #8972, .F. ) ;
#7506 =( NAMED_UNIT ( * ) SI_UNIT ( $, .STERADIAN. ) SOLID_ANGLE_UNIT ( ) );
#7507 = CARTESIAN_POINT ( 'NONE',  ( 1.113114313487792773, 0.2027504683934647778, -0.02595792449772794941 ) ) ;
#7508 = CARTESIAN_POINT ( 'NONE',  ( 1.135643225227789044, 0.01519402034781497032, -0.01198729285593224531 ) ) ;
#7509 = AXIS2_PLACEMENT_3D ( 'NONE', #8790, #6218, #5317 ) ;
#7510 = AXIS2_PLACEMENT_3D ( 'NONE', #6401, #2972, #7149 ) ;
#7511 = CARTESIAN_POINT ( 'NONE',  ( 1.134144113130430176, -0.05125435476545827512, 0.04702734930824172682 ) ) ;
#7512 = CARTESIAN_POINT ( 'NONE',  ( 1.138523709591878763, 0.1082541651260702786, 0.04747255462734140119 ) ) ;
#7513 = MECHANICAL_DESIGN_GEOMETRIC_PRESENTATION_REPRESENTATION (  '', ( #2223 ), #3288 ) ;
#7514 = CARTESIAN_POINT ( 'NONE',  ( 0.3357876820061003187, 0.000000000000000000, -0.01217842026157185849 ) ) ;
#7515 = ORIENTED_EDGE ( 'NONE', *, *, #845, .T. ) ;
#7516 = B_SPLINE_SURFACE_WITH_KNOTS ( 'NONE', 1, 3, ( 
 ( #6784, #4220, #3283, #1660 ),
 ( #2334, #4157, #8529, #10292 ) ),
 .UNSPECIFIED., .F., .F., .F.,
 ( 2, 2 ),
 ( 4, 4 ),
 ( 0.000000000000000000, 1.000000000000000000 ),
 ( 0.000000000000000000, 1.000000000000000000 ),
 .UNSPECIFIED. ) ;
#7517 = CARTESIAN_POINT ( 'NONE',  ( 1.121979162136835795, 0.1479964748561366505, -0.03329353940355230662 ) ) ;
#7518 =( LENGTH_UNIT ( ) NAMED_UNIT ( * ) SI_UNIT ( .MILLI., .METRE. ) );
#7519 = CIRCLE ( 'NONE', #6959, 0.8099999999999999423 ) ;
#7520 = ORIENTED_EDGE ( 'NONE', *, *, #6973, .T. ) ;
#7521 = STYLED_ITEM ( 'NONE', ( #9940 ), #403 ) ;
#7522 = ORIENTED_EDGE ( 'NONE', *, *, #8655, .F. ) ;
#7523 = CARTESIAN_POINT ( 'NONE',  ( 0.3357876820061003187, 0.000000000000000000, -0.01217842026157185849 ) ) ;
#7524 = EDGE_CURVE ( 'NONE', #9893, #10872, #1673, .T. ) ;
#7525 = CARTESIAN_POINT ( 'NONE',  ( 1.132762035276840384, 0.1446785410096670388, -0.01973575114034626515 ) ) ;
#7526 = CARTESIAN_POINT ( 'NONE',  ( 1.105939574789535307, 0.2509303928225766755, -0.02595792449772778288 ) ) ;
#7527 =( NAMED_UNIT ( * ) SI_UNIT ( $, .STERADIAN. ) SOLID_ANGLE_UNIT ( ) );
#7528 = CARTESIAN_POINT ( 'NONE',  ( 0.3357876820061005407, 0.000000000000000000, 0.05319467026563792084 ) ) ;
#7529 = STYLED_ITEM ( 'NONE', ( #8705 ), #7947 ) ;
#7530 = CARTESIAN_POINT ( 'NONE',  ( 1.134398433539429263, 0.1353545992398177966, -0.01590420228336715536 ) ) ;
#7531 = CARTESIAN_POINT ( 'NONE',  ( 1.124060736695442486, 0.1364756067974539078, -0.002559277845524325461 ) ) ;
#7532 =( NAMED_UNIT ( * ) PLANE_ANGLE_UNIT ( ) SI_UNIT ( $, .RADIAN. ) );
#7533 = ORIENTED_EDGE ( 'NONE', *, *, #2455, .T. ) ;
#7534 = ORIENTED_EDGE ( 'NONE', *, *, #5724, .T. ) ;
#7535 = FACE_OUTER_BOUND ( 'NONE', #6880, .T. ) ;
#7536 = DIRECTION ( 'NONE',  ( 0.9726249249187185475, 0.2323806261865585809, -3.396602118489743176E-15 ) ) ;
#7537 = SURFACE_STYLE_FILL_AREA ( #8363 ) ;
#7538 = ORIENTED_EDGE ( 'NONE', *, *, #76, .F. ) ;
#7539 = STYLED_ITEM ( 'NONE', ( #7808 ), #3611 ) ;
#7540 = ORIENTED_EDGE ( 'NONE', *, *, #5425, .T. ) ;
#7541 = EDGE_CURVE ( 'NONE', #763, #9421, #10824, .T. ) ;
#7542 = MECHANICAL_DESIGN_GEOMETRIC_PRESENTATION_REPRESENTATION (  '', ( #2061 ), #3137 ) ;
#7543 = CARTESIAN_POINT ( 'NONE',  ( 1.131010868397307689, 0.08729309151253333843, 0.002385712559676829523 ) ) ;
#7544 =( NAMED_UNIT ( * ) PLANE_ANGLE_UNIT ( ) SI_UNIT ( $, .RADIAN. ) );
#7545 = SURFACE_STYLE_USAGE ( .BOTH. , #5911 ) ;
#7546 =( GEOMETRIC_REPRESENTATION_CONTEXT ( 3 ) GLOBAL_UNCERTAINTY_ASSIGNED_CONTEXT ( ( #10680 ) ) GLOBAL_UNIT_ASSIGNED_CONTEXT ( ( #3594, #8107, #9009 ) ) REPRESENTATION_CONTEXT ( 'NONE', 'WORKASPACE' ) );
#7547 = ORIENTED_EDGE ( 'NONE', *, *, #7243, .T. ) ;
#7548 = CARTESIAN_POINT ( 'NONE',  ( 1.103015172088732232, 0.2266341354892984494, -0.02011781441668578085 ) ) ;
#7549 =( LENGTH_UNIT ( ) NAMED_UNIT ( * ) SI_UNIT ( .MILLI., .METRE. ) );
#7550 = SURFACE_SIDE_STYLE ('',( #581 ) ) ;
#7551 = FACE_OUTER_BOUND ( 'NONE', #1837, .T. ) ;
#7552 = PRESENTATION_LAYER_ASSIGNMENT (  '', '', ( #6442 ) ) ;
#7553 = CARTESIAN_POINT ( 'NONE',  ( 1.124860959957600492, 0.1317701105064226219, -0.008896070185896201923 ) ) ;
#7554 =( NAMED_UNIT ( * ) SI_UNIT ( $, .STERADIAN. ) SOLID_ANGLE_UNIT ( ) );
#7555 =( LENGTH_UNIT ( ) NAMED_UNIT ( * ) SI_UNIT ( .MILLI., .METRE. ) );
#7556 = CARTESIAN_POINT ( 'NONE',  ( 1.119550742171233626, 0.1603739419738319516, -0.008825115577589611252 ) ) ;
#7557 = CARTESIAN_POINT ( 'NONE',  ( 1.106904238483099379, 0.2130345428647066608, -0.003001701569005922523 ) ) ;
#7558 = DIRECTION ( 'NONE',  ( 3.491481338843133355E-15, 0.000000000000000000, 1.000000000000000000 ) ) ;
#7559 = ORIENTED_EDGE ( 'NONE', *, *, #3315, .T. ) ;
#7560 = STYLED_ITEM ( 'NONE', ( #4994 ), #9351 ) ;
#7561 = VERTEX_POINT ( 'NONE', #8140 ) ;
#7562 = ADVANCED_FACE ( 'NONE', ( #395 ), #9098, .T. ) ;
#7563 = LINE ( 'NONE', #767, #4763 ) ;
#7564 = CARTESIAN_POINT ( 'NONE',  ( 1.102349487514008741, 0.2288733237763968253, -0.01357907434454592652 ) ) ;
#7565 = DIRECTION ( 'NONE',  ( 3.491481338843133355E-15, -0.000000000000000000, 1.000000000000000000 ) ) ;
#7566 = CARTESIAN_POINT ( 'NONE',  ( 0.3357876820061005407, 0.000000000000000000, 0.03927665091328814972 ) ) ;
#7567 =( NAMED_UNIT ( * ) SI_UNIT ( $, .STERADIAN. ) SOLID_ANGLE_UNIT ( ) );
#7568 = VERTEX_POINT ( 'NONE', #4892 ) ;
#7569 = PRESENTATION_LAYER_ASSIGNMENT (  '', '', ( #7194 ) ) ;
#7570 = SURFACE_SIDE_STYLE ('',( #11047 ) ) ;
#7571 = ORIENTED_EDGE ( 'NONE', *, *, #5238, .F. ) ;
#7572 = ORIENTED_EDGE ( 'NONE', *, *, #4048, .F. ) ;
#7573 = FACE_OUTER_BOUND ( 'NONE', #9214, .T. ) ;
#7574 = CARTESIAN_POINT ( 'NONE',  ( 1.118615044337925468, 0.2080761485046696557, -0.02208130661497344910 ) ) ;
#7575 = CARTESIAN_POINT ( 'NONE',  ( 1.145006054142167828, 0.03651267995784338721, -0.02488059555276195961 ) ) ;
#7576 = CARTESIAN_POINT ( 'NONE',  ( 1.124675894295734446, 0.1837263957913116974, 0.02485103320822983769 ) ) ;
#7577 = SURFACE_SIDE_STYLE ('',( #9795 ) ) ;
#7578 = UNCERTAINTY_MEASURE_WITH_UNIT (LENGTH_MEASURE( 1.000000000000000082E-05 ), #2650, 'distance_accuracy_value', 'NONE');
#7579 =( NAMED_UNIT ( * ) PLANE_ANGLE_UNIT ( ) SI_UNIT ( $, .RADIAN. ) );
#7580 = CARTESIAN_POINT ( 'NONE',  ( 1.127962219587985038, 0.1116221394120677363, -0.01236738795373066267 ) ) ;
#7581 = PRESENTATION_STYLE_ASSIGNMENT (( #9257 ) ) ;
#7582 = VERTEX_POINT ( 'NONE', #4721 ) ;
#7583 = CARTESIAN_POINT ( 'NONE',  ( 1.122226444519784261, 0.1466767630401822065, 0.04294445836608781764 ) ) ;
#7584 = SURFACE_SIDE_STYLE ('',( #3216 ) ) ;
#7585 = PRESENTATION_STYLE_ASSIGNMENT (( #2390 ) ) ;
#7586 = UNCERTAINTY_MEASURE_WITH_UNIT (LENGTH_MEASURE( 1.000000000000000082E-05 ), #5577, 'distance_accuracy_value', 'NONE');
#7587 = ORIENTED_EDGE ( 'NONE', *, *, #5724, .F. ) ;
#7588 = EDGE_LOOP ( 'NONE', ( #5765, #4783, #8481, #11140 ) ) ;
#7589 = CARTESIAN_POINT ( 'NONE',  ( 1.119001456070826794, 0.1630220356739788823, 0.05319467026563520773 ) ) ;
#7590 = CARTESIAN_POINT ( 'NONE',  ( 1.144685283379175189, 0.04226352422380770524, -0.004601444277408577553 ) ) ;
#7591 = SURFACE_SIDE_STYLE ('',( #7481 ) ) ;
#7592 = FACE_OUTER_BOUND ( 'NONE', #4850, .T. ) ;
#7593 = EDGE_CURVE ( 'NONE', #10823, #5717, #7944, .T. ) ;
#7594 = PLANE ( 'NONE',  #7087 ) ;
#7595 = B_SPLINE_CURVE_WITH_KNOTS ( 'NONE', 3,
 ( #2045, #7412, #5514, #6539 ),
 .UNSPECIFIED., .F., .F.,
 ( 4, 4 ),
 ( 0.0007001945638948034760, 1.000000000000000000 ),
 .UNSPECIFIED. ) ;
#7596 = ORIENTED_EDGE ( 'NONE', *, *, #6537, .T. ) ;
#7597 = CARTESIAN_POINT ( 'NONE',  ( 1.108960126170935423, 0.2054772637824489601, 0.03552697276067791343 ) ) ;
#7598 = MECHANICAL_DESIGN_GEOMETRIC_PRESENTATION_REPRESENTATION (  '', ( #7521 ), #4308 ) ;
#7599 = ADVANCED_FACE ( 'NONE', ( #6490 ), #10102, .T. ) ;
#7600 = FILL_AREA_STYLE ('',( #4116 ) ) ;
#7601 = DIRECTION ( 'NONE',  ( -0.1091163643906666730, 0.9940289829890088802, 3.809777500324200542E-16 ) ) ;
#7602 = EDGE_CURVE ( 'NONE', #6686, #7782, #8227, .T. ) ;
#7603 = CARTESIAN_POINT ( 'NONE',  ( 1.123613871190262348, 0.1882283072111125277, -0.01153230679267294202 ) ) ;
#7604 = STYLED_ITEM ( 'NONE', ( #10883 ), #4113 ) ;
#7605 = DIRECTION ( 'NONE',  ( 3.491481338843133355E-15, -0.000000000000000000, 1.000000000000000000 ) ) ;
#7606 = SURFACE_STYLE_FILL_AREA ( #8447 ) ;
#7607 = EDGE_CURVE ( 'NONE', #9730, #2472, #9483, .T. ) ;
#7608 = B_SPLINE_SURFACE_WITH_KNOTS ( 'NONE', 1, 3, ( 
 ( #7919, #4392, #3523, #5347 ),
 ( #7866, #11236, #2677, #3390 ) ),
 .UNSPECIFIED., .F., .F., .F.,
 ( 2, 2 ),
 ( 4, 4 ),
 ( 0.000000000000000000, 1.000000000000000000 ),
 ( 0.000000000000000000, 1.000000000000000000 ),
 .UNSPECIFIED. ) ;
#7609 = FILL_AREA_STYLE_COLOUR ( '', #4074 ) ;
#7610 = CARTESIAN_POINT ( 'NONE',  ( 1.124245763469084558, 0.1354025619244733636, 0.04806956431586142942 ) ) ;
#7611 = ORIENTED_EDGE ( 'NONE', *, *, #1951, .T. ) ;
#7612 = SURFACE_SIDE_STYLE ('',( #9298 ) ) ;
#7613 = EDGE_CURVE ( 'NONE', #1871, #9774, #7689, .T. ) ;
#7614 = ORIENTED_EDGE ( 'NONE', *, *, #1951, .F. ) ;
#7615 = CARTESIAN_POINT ( 'NONE',  ( 1.135738983417690751, 0.008826968330258200268, 0.01287018508051515284 ) ) ;
#7616 = CARTESIAN_POINT ( 'NONE',  ( 0.3357876820061004852, 0.000000000000000000, 0.02850246652063946617 ) ) ;
#7617 = CARTESIAN_POINT ( 'NONE',  ( 1.133312766200440969, 0.1416219956495032295, -0.01496541823287685438 ) ) ;
#7618 = EDGE_CURVE ( 'NONE', #10183, #1879, #3301, .T. ) ;
#7619 = CARTESIAN_POINT ( 'NONE',  ( 1.144123784531717147, -0.05189166940556268898, 0.04702705973495244218 ) ) ;
#7620 = CARTESIAN_POINT ( 'NONE',  ( 1.135445455925694125, 0.02339753427095348989, 0.02334504061165312144 ) ) ;
#7621 = ORIENTED_EDGE ( 'NONE', *, *, #3811, .F. ) ;
#7622 = SURFACE_STYLE_USAGE ( .BOTH. , #5443 ) ;
#7623 = CARTESIAN_POINT ( 'NONE',  ( 1.111575979630223587, 0.1953266936940913356, 0.05278531675530424155 ) ) ;
#7624 = ORIENTED_EDGE ( 'NONE', *, *, #7681, .T. ) ;
#7625 = ORIENTED_EDGE ( 'NONE', *, *, #6310, .F. ) ;
#7626 = PLANE ( 'NONE',  #9852 ) ;
#7627 = CARTESIAN_POINT ( 'NONE',  ( 1.136877951131481712, 0.1198097688530632005, -0.01447965206718856979 ) ) ;
#7628 = CARTESIAN_POINT ( 'NONE',  ( 1.135787680517558185, 2.054158189523969966E-12, 0.008258988519707799458 ) ) ;
#7629 = CARTESIAN_POINT ( 'NONE',  ( 1.131010868397307467, 0.08729309151253385191, -0.02230649118532080852 ) ) ;
#7630 = CARTESIAN_POINT ( 'NONE',  ( 1.124455434015714905, 0.1341759178843247580, -0.02322344304857634767 ) ) ;
#7631 = CARTESIAN_POINT ( 'NONE',  ( 1.131451384935949989, 0.08318216058723285067, 0.02485103320822945605 ) ) ;
#7632 = PRESENTATION_STYLE_ASSIGNMENT (( #1373 ) ) ;
#7633 = CARTESIAN_POINT ( 'NONE',  ( 1.134950214032519389, 0.1320682533061687258, -0.01388472496555901402 ) ) ;
#7634 = CARTESIAN_POINT ( 'NONE',  ( 1.133777233928958017, 0.05668169412028643828, -0.002187730165193835317 ) ) ;
#7635 = CARTESIAN_POINT ( 'NONE',  ( 1.113887621941075379, 0.1859045009492469314, 0.02485103320822999728 ) ) ;
#7636 = FILL_AREA_STYLE_COLOUR ( '', #6924 ) ;
#7637 = EDGE_LOOP ( 'NONE', ( #5752, #5620, #2837, #6574 ) ) ;
#7638 = ORIENTED_EDGE ( 'NONE', *, *, #8086, .F. ) ;
#7639 = B_SPLINE_CURVE_WITH_KNOTS ( 'NONE', 1,
 ( #4091, #7576 ),
 .UNSPECIFIED., .F., .F.,
 ( 2, 2 ),
 ( 0.000000000000000000, 1.000000000000000000 ),
 .UNSPECIFIED. ) ;
#7640 = CARTESIAN_POINT ( 'NONE',  ( 1.122298336171754896, 0.1635403171342134365, 0.02485103320822985504 ) ) ;
#7641 = SURFACE_SIDE_STYLE ('',( #3171 ) ) ;
#7642 = VECTOR ( 'NONE', #10401, 1000.000000000000114 ) ;
#7643 = SURFACE_SIDE_STYLE ('',( #4161 ) ) ;
#7644 = VERTEX_POINT ( 'NONE', #6679 ) ;
#7645 = CARTESIAN_POINT ( 'NONE',  ( 1.145781945774879462, -0.004932670585636978258, 0.06528746134403695667 ) ) ;
#7646 =( GEOMETRIC_REPRESENTATION_CONTEXT ( 3 ) GLOBAL_UNCERTAINTY_ASSIGNED_CONTEXT ( ( #1542 ) ) GLOBAL_UNIT_ASSIGNED_CONTEXT ( ( #3910, #7403, #6527 ) ) REPRESENTATION_CONTEXT ( 'NONE', 'WORKASPACE' ) );
#7647 =( NAMED_UNIT ( * ) PLANE_ANGLE_UNIT ( ) SI_UNIT ( $, .RADIAN. ) );
#7648 = STYLED_ITEM ( 'NONE', ( #11007 ), #1453 ) ;
#7649 = EDGE_CURVE ( 'NONE', #7997, #2338, #4423, .T. ) ;
#7650 = STYLED_ITEM ( 'NONE', ( #1540 ), #10632 ) ;
#7651 = SURFACE_STYLE_USAGE ( .BOTH. , #4168 ) ;
#7652 = MECHANICAL_DESIGN_GEOMETRIC_PRESENTATION_REPRESENTATION (  '', ( #914 ), #2898 ) ;
#7653 = FACE_OUTER_BOUND ( 'NONE', #9684, .T. ) ;
#7654 = AXIS2_PLACEMENT_3D ( 'NONE', #1293, #6338, #8233 ) ;
#7655 =( NAMED_UNIT ( * ) PLANE_ANGLE_UNIT ( ) SI_UNIT ( $, .RADIAN. ) );
#7656 = CARTESIAN_POINT ( 'NONE',  ( 1.133914149879059474, 0.1381815518824220934, -0.002559277845524325461 ) ) ;
#7657 = DIRECTION ( 'NONE',  ( -3.491481338843133355E-15, 0.000000000000000000, -1.000000000000000000 ) ) ;
#7658 = ORIENTED_EDGE ( 'NONE', *, *, #61, .F. ) ;
#7659 = SURFACE_SIDE_STYLE ('',( #8342 ) ) ;
#7660 = CARTESIAN_POINT ( 'NONE',  ( 1.132447269045375071, -0.07303416012431492021, 0.001418721185902330380 ) ) ;
#7661 = STYLED_ITEM ( 'NONE', ( #772 ), #10937 ) ;
#7662 = EDGE_LOOP ( 'NONE', ( #5082, #3397, #4737 ) ) ;
#7663 = MECHANICAL_DESIGN_GEOMETRIC_PRESENTATION_REPRESENTATION (  '', ( #5285 ), #10032 ) ;
#7664 = SURFACE_STYLE_FILL_AREA ( #4073 ) ;
#7665 = STYLED_ITEM ( 'NONE', ( #3228 ), #6671 ) ;
#7666 = FILL_AREA_STYLE_COLOUR ( '', #6666 ) ;
#7667 = B_SPLINE_CURVE_WITH_KNOTS ( 'NONE', 3,
 ( #10277, #10093, #5890, #9378 ),
 .UNSPECIFIED., .F., .F.,
 ( 4, 4 ),
 ( 0.000000000000000000, 1.000000000000000000 ),
 .UNSPECIFIED. ) ;
#7668 = CARTESIAN_POINT ( 'NONE',  ( 1.133676825082067685, 0.1395453881771035742, -0.01795096983524133508 ) ) ;
#7669 =( GEOMETRIC_REPRESENTATION_CONTEXT ( 3 ) GLOBAL_UNCERTAINTY_ASSIGNED_CONTEXT ( ( #5687 ) ) GLOBAL_UNIT_ASSIGNED_CONTEXT ( ( #2221, #9166, #6368 ) ) REPRESENTATION_CONTEXT ( 'NONE', 'WORKASPACE' ) );
#7670 = DIRECTION ( 'NONE',  ( -3.491481338843133355E-15, 0.000000000000000000, -1.000000000000000000 ) ) ;
#7671 = VERTEX_POINT ( 'NONE', #7603 ) ;
#7672 = B_SPLINE_CURVE_WITH_KNOTS ( 'NONE', 1,
 ( #8968, #3786 ),
 .UNSPECIFIED., .F., .F.,
 ( 2, 2 ),
 ( 0.000000000000000000, 1.000000000000000000 ),
 .UNSPECIFIED. ) ;
#7673 = UNCERTAINTY_MEASURE_WITH_UNIT (LENGTH_MEASURE( 1.000000000000000082E-05 ), #2346, 'distance_accuracy_value', 'NONE');
#7674 = DIRECTION ( 'NONE',  ( -3.491481338843133355E-15, 0.000000000000000000, -1.000000000000000000 ) ) ;
#7675 = CARTESIAN_POINT ( 'NONE',  ( 1.135787682006100141, 0.000000000000000000, -0.07980603148360755628 ) ) ;
#7676 = VERTEX_POINT ( 'NONE', #2407 ) ;
#7677 = ORIENTED_EDGE ( 'NONE', *, *, #1753, .F. ) ;
#7678 = FILL_AREA_STYLE ('',( #4999 ) ) ;
#7679 = PRESENTATION_LAYER_ASSIGNMENT (  '', '', ( #11148 ) ) ;
#7680 = MECHANICAL_DESIGN_GEOMETRIC_PRESENTATION_REPRESENTATION (  '', ( #7858 ), #9682 ) ;
#7681 = EDGE_CURVE ( 'NONE', #5700, #2440, #3445, .T. ) ;
#7682 = AXIS2_PLACEMENT_3D ( 'NONE', #3589, #5314, #8787 ) ;
#7683 = CARTESIAN_POINT ( 'NONE',  ( 1.105907788277096016, 0.2166168681033929233, -0.001190318923948319868 ) ) ;
#7684 =( NAMED_UNIT ( * ) SI_UNIT ( $, .STERADIAN. ) SOLID_ANGLE_UNIT ( ) );
#7685 = ORIENTED_EDGE ( 'NONE', *, *, #5155, .F. ) ;
#7686 = CIRCLE ( 'NONE', #8226, 0.4050000000000000822 ) ;
#7687 = FACE_OUTER_BOUND ( 'NONE', #5926, .T. ) ;
#7688 = CARTESIAN_POINT ( 'NONE',  ( 1.133865410080456382, -0.05560888382451733419, -0.0005371847004733386333 ) ) ;
#7689 = B_SPLINE_CURVE_WITH_KNOTS ( 'NONE', 3,
 ( #3180, #10176, #693, #11030 ),
 .UNSPECIFIED., .F., .F.,
 ( 4, 4 ),
 ( 0.000000000000000000, 1.000000000000000000 ),
 .UNSPECIFIED. ) ;
#7690 = ORIENTED_EDGE ( 'NONE', *, *, #2843, .F. ) ;
#7691 = CARTESIAN_POINT ( 'NONE',  ( 1.126701197459290427, 0.1202639216319914550, 0.05351441099587752465 ) ) ;
#7692 = SURFACE_STYLE_USAGE ( .BOTH. , #7584 ) ;
#7693 = CARTESIAN_POINT ( 'NONE',  ( 1.144825714831421148, -0.03946468601338972565, -0.009673564070785876240 ) ) ;
#7694 = ORIENTED_EDGE ( 'NONE', *, *, #6310, .T. ) ;
#7695 = ORIENTED_EDGE ( 'NONE', *, *, #473, .F. ) ;
#7696 = EDGE_CURVE ( 'NONE', #7185, #6970, #1577, .T. ) ;
#7697 = CARTESIAN_POINT ( 'NONE',  ( 1.128349604310262988, 0.1088380686035012868, -0.01757436458453498496 ) ) ;
#7698 = FACE_OUTER_BOUND ( 'NONE', #3254, .T. ) ;
#7699 =( NAMED_UNIT ( * ) PLANE_ANGLE_UNIT ( ) SI_UNIT ( $, .RADIAN. ) );
#7700 = CARTESIAN_POINT ( 'NONE',  ( 1.117233081095078573, 0.1713396999095443130, 0.05522422007478335754 ) ) ;
#7701 = DIRECTION ( 'NONE',  ( 3.491481338843133355E-15, -0.000000000000000000, 1.000000000000000000 ) ) ;
#7702 = CIRCLE ( 'NONE', #10076, 0.1499999999999999667 ) ;
#7703 = ORIENTED_EDGE ( 'NONE', *, *, #8912, .T. ) ;
#7704 = CARTESIAN_POINT ( 'NONE',  ( 0.3357876820061004852, 0.000000000000000000, 0.02485103320823271039 ) ) ;
#7705 = CARTESIAN_POINT ( 'NONE',  ( 1.138660220451514382, 0.1073695432011624179, -0.01377091024769880150 ) ) ;
#7706 = MECHANICAL_DESIGN_GEOMETRIC_PRESENTATION_REPRESENTATION (  '', ( #1885 ), #2783 ) ;
#7707 = CARTESIAN_POINT ( 'NONE',  ( 1.129518019250175698, 0.09996075098960890970, 0.02485103320822956707 ) ) ;
#7708 = B_SPLINE_SURFACE_WITH_KNOTS ( 'NONE', 1, 3, ( 
 ( #5842, #5673, #9160, #10943 ),
 ( #9254, #9431, #1766, #1645 ) ),
 .UNSPECIFIED., .F., .F., .F.,
 ( 2, 2 ),
 ( 4, 4 ),
 ( 0.000000000000000000, 1.000000000000000000 ),
 ( 0.000000000000000000, 1.000000000000000000 ),
 .UNSPECIFIED. ) ;
#7709 = FILL_AREA_STYLE ('',( #9348 ) ) ;
#7710 = MECHANICAL_DESIGN_GEOMETRIC_PRESENTATION_REPRESENTATION (  '', ( #3875 ), #9536 ) ;
#7711 = DIRECTION ( 'NONE',  ( -3.491481338843133355E-15, 0.000000000000000000, -1.000000000000000000 ) ) ;
#7712 = SURFACE_SIDE_STYLE ('',( #4292 ) ) ;
#7713 = ORIENTED_EDGE ( 'NONE', *, *, #7032, .T. ) ;
#7714 =( NAMED_UNIT ( * ) PLANE_ANGLE_UNIT ( ) SI_UNIT ( $, .RADIAN. ) );
#7715 = VERTEX_POINT ( 'NONE', #8493 ) ;
#7716 = CARTESIAN_POINT ( 'NONE',  ( 1.145625814174788593, -0.01619258118801872315, -0.01832670521881009373 ) ) ;
#7717 = MECHANICAL_DESIGN_GEOMETRIC_PRESENTATION_REPRESENTATION (  '', ( #5870 ), #4261 ) ;
#7718 = DIRECTION ( 'NONE',  ( -0.000000000000000000, -1.000000000000000000, 0.000000000000000000 ) ) ;
#7719 = CARTESIAN_POINT ( 'NONE',  ( 1.124060736695442486, 0.1364756067974539078, -0.01298960528964358298 ) ) ;
#7720 = CARTESIAN_POINT ( 'NONE',  ( 1.131806555638469991, 0.1498464307918383753, -0.03329353940355230662 ) ) ;
#7721 = CARTESIAN_POINT ( 'NONE',  ( 1.138248142702603882, 0.1102597343491973914, 0.05013350318598924077 ) ) ;
#7722 = STYLED_ITEM ( 'NONE', ( #962 ), #9124 ) ;
#7723 = ADVANCED_FACE ( 'NONE', ( #1511 ), #4278, .T. ) ;
#7724 = CARTESIAN_POINT ( 'NONE',  ( 1.135587754689488360, -0.02310184787358916456, 0.05103880324221861386 ) ) ;
#7725 = EDGE_LOOP ( 'NONE', ( #10836, #6181, #6530, #4126 ) ) ;
#7726 = EDGE_CURVE ( 'NONE', #1819, #7292, #3231, .T. ) ;
#7727 = B_SPLINE_CURVE_WITH_KNOTS ( 'NONE', 3,
 ( #4640, #2616, #2668, #961 ),
 .UNSPECIFIED., .F., .F.,
 ( 4, 4 ),
 ( 0.000000000000000000, 1.000000000000000000 ),
 .UNSPECIFIED. ) ;
#7728 = EDGE_CURVE ( 'NONE', #9892, #2351, #10141, .T. ) ;
#7729 = DIRECTION ( 'NONE',  ( 0.9723603232753110781, 0.2334853351282100420, -3.395013931713641363E-15 ) ) ;
#7730 = B_SPLINE_SURFACE_WITH_KNOTS ( 'NONE', 1, 3, ( 
 ( #9638, #6377, #8995, #8044 ),
 ( #7373, #6553, #1336, #10842 ) ),
 .UNSPECIFIED., .F., .F., .F.,
 ( 2, 2 ),
 ( 4, 4 ),
 ( 0.000000000000000000, 1.000000000000000000 ),
 ( 0.000000000000000000, 1.000000000000000000 ),
 .UNSPECIFIED. ) ;
#7731 = ORIENTED_EDGE ( 'NONE', *, *, #6395, .F. ) ;
#7733 = ORIENTED_EDGE ( 'NONE', *, *, #2950, .T. ) ;
#7732 = UNCERTAINTY_MEASURE_WITH_UNIT (LENGTH_MEASURE( 1.000000000000000082E-05 ), #4351, 'distance_accuracy_value', 'NONE');
#7734 = ADVANCED_FACE ( 'NONE', ( #10303 ), #3347, .T. ) ;
#7735 = CARTESIAN_POINT ( 'NONE',  ( 1.134163366521090177, 0.1367384508761353146, -0.006101550221886666882 ) ) ;
#7736 = SURFACE_SIDE_STYLE ('',( #6767 ) ) ;
#7737 = SURFACE_STYLE_USAGE ( .BOTH. , #9674 ) ;
#7738 = CARTESIAN_POINT ( 'NONE',  ( 1.145578110539672068, 0.01880006307318968922, 0.05660839519233586137 ) ) ;
#7739 = EDGE_CURVE ( 'NONE', #449, #10823, #739, .T. ) ;
#7740 = FILL_AREA_STYLE_COLOUR ( '', #1178 ) ;
#7741 = VERTEX_POINT ( 'NONE', #53 ) ;
#7742 = CIRCLE ( 'NONE', #3539, 0.4000000000000000777 ) ;
#7743 = DIRECTION ( 'NONE',  ( -3.491481338843133355E-15, 0.000000000000000000, -1.000000000000000000 ) ) ;
#7744 =( NAMED_UNIT ( * ) SI_UNIT ( $, .STERADIAN. ) SOLID_ANGLE_UNIT ( ) );
#7745 = B_SPLINE_CURVE_WITH_KNOTS ( 'NONE', 3,
 ( #232, #6270, #8938, #8875 ),
 .UNSPECIFIED., .F., .F.,
 ( 4, 4 ),
 ( 0.000000000000000000, 0.2892843067929137257 ),
 .UNSPECIFIED. ) ;
#7746 = ORIENTED_EDGE ( 'NONE', *, *, #2043, .F. ) ;
#7747 = CARTESIAN_POINT ( 'NONE',  ( 1.132229647680670581, 0.1475811482284539733, 0.3561756190388881693 ) ) ;
#7748 = DIRECTION ( 'NONE',  ( -1.000000000000000000, 0.000000000000000000, 3.491481338843133355E-15 ) ) ;
#7749 = CYLINDRICAL_SURFACE ( 'NONE', #7850, 0.5999999999999996447 ) ;
#7750 = ORIENTED_EDGE ( 'NONE', *, *, #1300, .F. ) ;
#7751 = VERTEX_POINT ( 'NONE', #813 ) ;
#7752 = FACE_OUTER_BOUND ( 'NONE', #2659, .T. ) ;
#7753 = SURFACE_STYLE_FILL_AREA ( #153 ) ;
#7754 = CARTESIAN_POINT ( 'NONE',  ( 1.113887621941075601, 0.1859045009492469314, 0.02485103320822999728 ) ) ;
#7755 = EDGE_CURVE ( 'NONE', #10138, #9864, #5362, .T. ) ;
#7756 =( NAMED_UNIT ( * ) PLANE_ANGLE_UNIT ( ) SI_UNIT ( $, .RADIAN. ) );
#7757 = VERTEX_POINT ( 'NONE', #5366 ) ;
#7758 = VERTEX_POINT ( 'NONE', #5245 ) ;
#7759 = FACE_OUTER_BOUND ( 'NONE', #328, .T. ) ;
#7760 =( NAMED_UNIT ( * ) PLANE_ANGLE_UNIT ( ) SI_UNIT ( $, .RADIAN. ) );
#7761 = CARTESIAN_POINT ( 'NONE',  ( 0.9357876820061012957, 0.000000000000000000, 0.3561756190388887799 ) ) ;
#7762 = CARTESIAN_POINT ( 'NONE',  ( 1.140872178391330705, -0.08910080628221116184, 0.01013760047613248248 ) ) ;
#7763 = AXIS2_PLACEMENT_3D ( 'NONE', #8041, #1846, #8780 ) ;
#7764 = LINE ( 'NONE', #6268, #10241 ) ;
#7765 = CARTESIAN_POINT ( 'NONE',  ( 0.3357876820061005962, 0.000000000000000000, 0.05687885185883619077 ) ) ;
#7766 = CARTESIAN_POINT ( 'NONE',  ( 1.122547269834443417, 0.1449460277488679727, -0.003083250338844025808 ) ) ;
#7767 = CARTESIAN_POINT ( 'NONE',  ( 1.126987947808945956, 0.1183306359042599343, -0.02595792449772837962 ) ) ;
#7768 =( NAMED_UNIT ( * ) PLANE_ANGLE_UNIT ( ) SI_UNIT ( $, .RADIAN. ) );
#7769 = PLANE ( 'NONE',  #4422 ) ;
#7770 = EDGE_CURVE ( 'NONE', #5634, #10995, #7764, .T. ) ;
#7771 = ORIENTED_EDGE ( 'NONE', *, *, #11322, .F. ) ;
#7772 = B_SPLINE_SURFACE_WITH_KNOTS ( 'NONE', 1, 3, ( 
 ( #8959, #5655, #9139, #8285 ),
 ( #472, #3949, #3086, #10070 ) ),
 .UNSPECIFIED., .F., .F., .F.,
 ( 2, 2 ),
 ( 4, 4 ),
 ( 0.000000000000000000, 1.000000000000000000 ),
 ( 0.000000000000000000, 1.000000000000000000 ),
 .UNSPECIFIED. ) ;
#7773 = CARTESIAN_POINT ( 'NONE',  ( 0.3357876820061005962, 0.000000000000000000, 0.05687885185883657241 ) ) ;
#7774 = SURFACE_STYLE_USAGE ( .BOTH. , #120 ) ;
#7775 = SURFACE_STYLE_USAGE ( .BOTH. , #6975 ) ;
#7776 = FACE_OUTER_BOUND ( 'NONE', #2701, .T. ) ;
#7777 = CARTESIAN_POINT ( 'NONE',  ( 1.138735401195572816, 0.1066534586800852447, 0.02868179413430385280 ) ) ;
#7778 = CARTESIAN_POINT ( 'NONE',  ( 1.130995304248721967, -0.08743660411362545737, 0.0006799401926634810606 ) ) ;
#7779 = VECTOR ( 'NONE', #6348, 1000.000000000000000 ) ;
#7780 = FACE_OUTER_BOUND ( 'NONE', #11108, .T. ) ;
#7781 = CARTESIAN_POINT ( 'NONE',  ( 1.129679622547766993, 0.09866907693389463663, -0.01153230679267315886 ) ) ;
#7782 = VERTEX_POINT ( 'NONE', #1042 ) ;
#7783 = UNCERTAINTY_MEASURE_WITH_UNIT (LENGTH_MEASURE( 1.000000000000000082E-05 ), #5863, 'distance_accuracy_value', 'NONE');
#7784 = CARTESIAN_POINT ( 'NONE',  ( 1.123379391302499419, 0.1403541928393184091, -0.02468074154554796354 ) ) ;
#7785 = ORIENTED_EDGE ( 'NONE', *, *, #10114, .F. ) ;
#7786 = ORIENTED_EDGE ( 'NONE', *, *, #2832, .F. ) ;
#7787 = LINE ( 'NONE', #11271, #5110 ) ;
#7788 = UNCERTAINTY_MEASURE_WITH_UNIT (LENGTH_MEASURE( 1.000000000000000082E-05 ), #11067, 'distance_accuracy_value', 'NONE');
#7789 =( LENGTH_UNIT ( ) NAMED_UNIT ( * ) SI_UNIT ( .MILLI., .METRE. ) );
#7790 = SURFACE_SIDE_STYLE ('',( #1707 ) ) ;
#7791 = EDGE_CURVE ( 'NONE', #3727, #2351, #5630, .T. ) ;
#7792 = LINE ( 'NONE', #3437, #7111 ) ;
#7793 = CARTESIAN_POINT ( 'NONE',  ( 1.128271476617981772, 0.1506006188189965844, -0.003083250338844027976 ) ) ;
#7794 = ORIENTED_EDGE ( 'NONE', *, *, #2839, .T. ) ;
#7795 = DIRECTION ( 'NONE',  ( 0.9882461775538035065, 0.1528708361666678284, -3.451659260061273882E-15 ) ) ;
#7796 = EDGE_CURVE ( 'NONE', #11069, #4570, #5500, .T. ) ;
#7797 = ORIENTED_EDGE ( 'NONE', *, *, #10069, .F. ) ;
#7798 = CARTESIAN_POINT ( 'NONE',  ( 1.128635605544082265, 0.1067518251300687837, 0.03417954173125795775 ) ) ;
#7799 = CARTESIAN_POINT ( 'NONE',  ( 1.117107165148713666, 0.2136348877448618622, -0.0006271292766393669373 ) ) ;
#7800 = ORIENTED_EDGE ( 'NONE', *, *, #2144, .T. ) ;
#7801 = ORIENTED_EDGE ( 'NONE', *, *, #10959, .F. ) ;
#7802 = EDGE_CURVE ( 'NONE', #6804, #5664, #6575, .T. ) ;
#7803 = CARTESIAN_POINT ( 'NONE',  ( 1.119523297793410421, 0.2045934616415832630, 0.002385712559677371624 ) ) ;
#7804 = CARTESIAN_POINT ( 'NONE',  ( 1.139046607957734603, 0.1043232807220353803, 0.04890296370976853629 ) ) ;
#7805 = B_SPLINE_CURVE_WITH_KNOTS ( 'NONE', 3,
 ( #529, #4010, #4868, #10193 ),
 .UNSPECIFIED., .F., .F.,
 ( 4, 4 ),
 ( 0.000000000000000000, 1.000000000000000000 ),
 .UNSPECIFIED. ) ;
#7806 =( NAMED_UNIT ( * ) PLANE_ANGLE_UNIT ( ) SI_UNIT ( $, .RADIAN. ) );
#7807 = EDGE_CURVE ( 'NONE', #3357, #3604, #6196, .T. ) ;
#7808 = PRESENTATION_STYLE_ASSIGNMENT (( #4333 ) ) ;
#7809 = EDGE_CURVE ( 'NONE', #1805, #376, #6007, .T. ) ;
#7810 = CARTESIAN_POINT ( 'NONE',  ( 1.105351097265167226, 0.2185684101026524051, -0.009534661662203604282 ) ) ;
#7811 = DIRECTION ( 'NONE',  ( 1.000000000000000000, 0.000000000000000000, -3.492703757814028417E-15 ) ) ;
#7812 = VERTEX_POINT ( 'NONE', #115 ) ;
#7813 = VERTEX_POINT ( 'NONE', #5195 ) ;
#7814 = CARTESIAN_POINT ( 'NONE',  ( 1.119965510991920432, 0.1583334085742073571, -0.01456698081610686285 ) ) ;
#7815 = CARTESIAN_POINT ( 'NONE',  ( 1.128783272708616225, 0.1651371210134430778, -0.01185978960200267419 ) ) ;
#7816 = CARTESIAN_POINT ( 'NONE',  ( 1.102594762458580346, 0.2280864654364448130, -0.004606045399572166604 ) ) ;
#7817 = CARTESIAN_POINT ( 'NONE',  ( 1.128879952296583999, 0.1049093654355566646, -0.02339502972871054451 ) ) ;
#7818 = AXIS2_PLACEMENT_3D ( 'NONE', #2577, #5916, #1560 ) ;
#7819 = EDGE_CURVE ( 'NONE', #3268, #10996, #10281, .T. ) ;
#7820 = CARTESIAN_POINT ( 'NONE',  ( 1.127660083813132763, 0.1137457658832261437, -0.005817731787995843520 ) ) ;
#7821 = CARTESIAN_POINT ( 'NONE',  ( 1.138300936922985285, 0.1098755188077251282, -0.02039617480377643385 ) ) ;
#7822 = SURFACE_STYLE_FILL_AREA ( #8495 ) ;
#7823 = CARTESIAN_POINT ( 'NONE',  ( 1.135789149012363053, -0.002641689626376424703, 0.05119364895265020310 ) ) ;
#7824 =( NAMED_UNIT ( * ) PLANE_ANGLE_UNIT ( ) SI_UNIT ( $, .RADIAN. ) );
#7825 = STYLED_ITEM ( 'NONE', ( #10422 ), #5946 ) ;
#7826 = ORIENTED_EDGE ( 'NONE', *, *, #5381, .T. ) ;
#7827 = CARTESIAN_POINT ( 'NONE',  ( 1.134520007007010056, 0.1346353333959597331, -0.006669187089668247685 ) ) ;
#7828 = CYLINDRICAL_SURFACE ( 'NONE', #5287, 0.7999999999999999334 ) ;
#7829 = MECHANICAL_DESIGN_GEOMETRIC_PRESENTATION_REPRESENTATION (  '', ( #4725 ), #10574 ) ;
#7830 = FACE_OUTER_BOUND ( 'NONE', #6463, .T. ) ;
#7831 =( NAMED_UNIT ( * ) PLANE_ANGLE_UNIT ( ) SI_UNIT ( $, .RADIAN. ) );
#7832 = DIRECTION ( 'NONE',  ( -1.000000000000000000, 0.000000000000000000, 3.491481338843133355E-15 ) ) ;
#7833 = FILL_AREA_STYLE ('',( #9601 ) ) ;
#7834 = VERTEX_POINT ( 'NONE', #7820 ) ;
#7835 = EDGE_CURVE ( 'NONE', #8499, #9963, #4675, .T. ) ;
#7836 = COLOUR_RGB ( '',0.000000000000000000, 0.000000000000000000, 0.000000000000000000 ) ;
#7837 =( GEOMETRIC_REPRESENTATION_CONTEXT ( 3 ) GLOBAL_UNCERTAINTY_ASSIGNED_CONTEXT ( ( #3210 ) ) GLOBAL_UNIT_ASSIGNED_CONTEXT ( ( #3552, #1008, #187 ) ) REPRESENTATION_CONTEXT ( 'NONE', 'WORKASPACE' ) );
#7838 = CARTESIAN_POINT ( 'NONE',  ( 1.119001456070826794, 0.1630220356739788823, 0.05319467026563520773 ) ) ;
#7839 = LINE ( 'NONE', #833, #8020 ) ;
#7840 = ORIENTED_EDGE ( 'NONE', *, *, #1192, .T. ) ;
#7841 = CARTESIAN_POINT ( 'NONE',  ( 1.135735861580759343, 0.009194846544245552714, -0.02395610339102458020 ) ) ;
#7842 = B_SPLINE_SURFACE_WITH_KNOTS ( 'NONE', 1, 3, ( 
 ( #6581, #2190, #6411, #2302, #528, #10864 ),
 ( #5755, #8287, #6638, #4701, #5597, #422 ) ),
 .UNSPECIFIED., .F., .F., .F.,
 ( 2, 2 ),
 ( 4, 2, 4 ),
 ( 0.000000000000000000, 1.000000000000000000 ),
 ( 0.000000000000000000, 0.5000000000000000000, 1.000000000000000000 ),
 .UNSPECIFIED. ) ;
#7843 = CARTESIAN_POINT ( 'NONE',  ( 1.129142405381163616, 0.1029280446224589141, 0.03188364706133682558 ) ) ;
#7844 = CIRCLE ( 'NONE', #4200, 0.8000000000000000444 ) ;
#7845 = COLOUR_RGB ( '',0.000000000000000000, 0.000000000000000000, 0.000000000000000000 ) ;
#7846 = CARTESIAN_POINT ( 'NONE',  ( 1.109838715516870078, 0.2386385629509975292, -0.003208785415467622134 ) ) ;
#7847 = UNCERTAINTY_MEASURE_WITH_UNIT (LENGTH_MEASURE( 1.000000000000000082E-05 ), #2989, 'distance_accuracy_value', 'NONE');
#7848 =( LENGTH_UNIT ( ) NAMED_UNIT ( * ) SI_UNIT ( .MILLI., .METRE. ) );
#7849 = CARTESIAN_POINT ( 'NONE',  ( 1.120791177002668837, 0.1541888915247630887, -0.03453507662375549653 ) ) ;
#7850 = AXIS2_PLACEMENT_3D ( 'NONE', #11284, #2623, #3449 ) ;
#7851 = CARTESIAN_POINT ( 'NONE',  ( 1.135493757208255294, -0.02168394071116969135, -0.003069830972985104333 ) ) ;
#7852 =( NAMED_UNIT ( * ) SI_UNIT ( $, .STERADIAN. ) SOLID_ANGLE_UNIT ( ) );
#7853 = ORIENTED_EDGE ( 'NONE', *, *, #1390, .T. ) ;
#7854 = COLOUR_RGB ( '',0.000000000000000000, 0.000000000000000000, 0.000000000000000000 ) ;
#7855 = CARTESIAN_POINT ( 'NONE',  ( 1.134848653310044808, -0.03875002114575430007, -0.04109815672384141416 ) ) ;
#7856 = DIRECTION ( 'NONE',  ( 3.491481338843133355E-15, -0.000000000000000000, 1.000000000000000000 ) ) ;
#7857 = STYLED_ITEM ( 'NONE', ( #1520 ), #6535 ) ;
#7858 = STYLED_ITEM ( 'NONE', ( #10122 ), #3176 ) ;
#7859 = CARTESIAN_POINT ( 'NONE',  ( 1.135792171250528115, -7.228963331924645273E-08, 0.06451741069933800143 ) ) ;
#7860 = UNCERTAINTY_MEASURE_WITH_UNIT (LENGTH_MEASURE( 1.000000000000000082E-05 ), #4187, 'distance_accuracy_value', 'NONE');
#7861 = VERTEX_POINT ( 'NONE', #11309 ) ;
#7862 = EDGE_CURVE ( 'NONE', #7751, #6816, #1125, .T. ) ;
#7863 = ORIENTED_EDGE ( 'NONE', *, *, #2144, .F. ) ;
#7864 = CIRCLE ( 'NONE', #7682, 0.8100000000000000533 ) ;
#7865 = SURFACE_STYLE_FILL_AREA ( #6834 ) ;
#7866 = CARTESIAN_POINT ( 'NONE',  ( 1.124521249319406335, 0.1337884890161586127, -0.02649827113144429674 ) ) ;
#7867 = CARTESIAN_POINT ( 'NONE',  ( 1.120371362605884880, 0.2013251458285904849, 0.04241502782622604689 ) ) ;
#7868 =( GEOMETRIC_REPRESENTATION_CONTEXT ( 3 ) GLOBAL_UNCERTAINTY_ASSIGNED_CONTEXT ( ( #3318 ) ) GLOBAL_UNIT_ASSIGNED_CONTEXT ( ( #1459, #1579, #8510 ) ) REPRESENTATION_CONTEXT ( 'NONE', 'WORKASPACE' ) );
#7869 = ADVANCED_FACE ( 'NONE', ( #6150 ), #7730, .T. ) ;
#7870 = ORIENTED_EDGE ( 'NONE', *, *, #7030, .F. ) ;
#7871 = ORIENTED_EDGE ( 'NONE', *, *, #4740, .T. ) ;
#7873 = EDGE_CURVE ( 'NONE', #7758, #2549, #2754, .T. ) ;
#7872 = SURFACE_SIDE_STYLE ('',( #3575 ) ) ;
#7874 = CARTESIAN_POINT ( 'NONE',  ( 1.133616240334853753, 0.1399022554714569044, -0.01397751176128037877 ) ) ;
#7875 = CARTESIAN_POINT ( 'NONE',  ( 1.115534289598225426, 0.2193245789808407065, -0.001190318952846427733 ) ) ;
#7876 = B_SPLINE_CURVE_WITH_KNOTS ( 'NONE', 3,
 ( #3029, #5706, #1359, #2254 ),
 .UNSPECIFIED., .F., .F.,
 ( 4, 4 ),
 ( 0.000000000000000000, 1.000000000000000000 ),
 .UNSPECIFIED. ) ;
#7877 = ADVANCED_FACE ( 'NONE', ( #10688 ), #7189, .T. ) ;
#7878 = CARTESIAN_POINT ( 'NONE',  ( 1.138602848732804818, 0.1076466816654080144, -0.004687916099377473569 ) ) ;
#7879 = MECHANICAL_DESIGN_GEOMETRIC_PRESENTATION_REPRESENTATION (  '', ( #1516 ), #9142 ) ;
#7880 = ADVANCED_FACE ( 'NONE', ( #10892 ), #5185, .T. ) ;
#7881 = FILL_AREA_STYLE ('',( #10737 ) ) ;
#7882 = VECTOR ( 'NONE', #11019, 1000.000000000000227 ) ;
#7883 = B_SPLINE_CURVE_WITH_KNOTS ( 'NONE', 1,
 ( #2645, #4291 ),
 .UNSPECIFIED., .F., .F.,
 ( 2, 2 ),
 ( 0.000000000000000000, 1.000000000000000000 ),
 .UNSPECIFIED. ) ;
#7884 = CARTESIAN_POINT ( 'NONE',  ( 1.135789304214943840, -4.434440510374544568E-08, 0.05050662115076788583 ) ) ;
#7885 = CARTESIAN_POINT ( 'NONE',  ( 1.135740301461795942, -0.008706700062117166822, 0.06547222589606033205 ) ) ;
#7886 = ORIENTED_EDGE ( 'NONE', *, *, #11014, .F. ) ;
#7887 = CARTESIAN_POINT ( 'NONE',  ( 1.115795774803377771, 0.1777504452892488540, 0.04961863878204128553 ) ) ;
#7888 = CARTESIAN_POINT ( 'NONE',  ( 1.134138524788940838, 0.1368855789260945699, -0.01233463967300301063 ) ) ;
#7889 =( NAMED_UNIT ( * ) SI_UNIT ( $, .STERADIAN. ) SOLID_ANGLE_UNIT ( ) );
#7890 = CARTESIAN_POINT ( 'NONE',  ( -0.2642123179938986599, 7.347880794884115299E-17, 0.1601939685163974447 ) ) ;
#7891 = CARTESIAN_POINT ( 'NONE',  ( 1.131806555638469991, 0.1498464307918384031, -0.03329353940355236213 ) ) ;
#7892 = MECHANICAL_DESIGN_GEOMETRIC_PRESENTATION_REPRESENTATION (  '', ( #6046 ), #1158 ) ;
#7893 =( NAMED_UNIT ( * ) PLANE_ANGLE_UNIT ( ) SI_UNIT ( $, .RADIAN. ) );
#7894 = CARTESIAN_POINT ( 'NONE',  ( 1.133266568953555486, -0.06498493455735436519, 0.03193008765713941516 ) ) ;
#7895 =( NAMED_UNIT ( * ) PLANE_ANGLE_UNIT ( ) SI_UNIT ( $, .RADIAN. ) );
#7896 = CARTESIAN_POINT ( 'NONE',  ( 1.120689078674309558, 0.2000744799025975795, 0.05687885185883380379 ) ) ;
#7897 = ORIENTED_EDGE ( 'NONE', *, *, #9454, .F. ) ;
#7898 = STYLED_ITEM ( 'NONE', ( #11200 ), #8955 ) ;
#7899 =( GEOMETRIC_REPRESENTATION_CONTEXT ( 3 ) GLOBAL_UNCERTAINTY_ASSIGNED_CONTEXT ( ( #4637 ) ) GLOBAL_UNIT_ASSIGNED_CONTEXT ( ( #4648, #10545, #956 ) ) REPRESENTATION_CONTEXT ( 'NONE', 'WORKASPACE' ) );
#7900 = CARTESIAN_POINT ( 'NONE',  ( 0.3357876820061025391, 0.000000000000000000, 0.6101939685163952909 ) ) ;
#7901 = CARTESIAN_POINT ( 'NONE',  ( 1.145625814174788593, -0.01619258118801872315, -0.01604956006815403888 ) ) ;
#7902 = VERTEX_POINT ( 'NONE', #4845 ) ;
#7903 = CARTESIAN_POINT ( 'NONE',  ( 1.128341356078030655, 0.1088975376906425457, 0.05013270600813111988 ) ) ;
#7904 = SURFACE_SIDE_STYLE ('',( #10709 ) ) ;
#7905 = CARTESIAN_POINT ( 'NONE',  ( 1.125961983963937652, 0.1249982900900845767, 0.03013988056217909925 ) ) ;
#7906 = STYLED_ITEM ( 'NONE', ( #4148 ), #9105 ) ;
#7907 = SURFACE_STYLE_USAGE ( .BOTH. , #8640 ) ;
#7908 = CARTESIAN_POINT ( 'NONE',  ( 1.127863673027581282, 0.1123192968609521003, -0.02320706890818121509 ) ) ;
#7909 = LINE ( 'NONE', #11276, #2307 ) ;
#7910 =( LENGTH_UNIT ( ) NAMED_UNIT ( * ) SI_UNIT ( .MILLI., .METRE. ) );
#7911 = ORIENTED_EDGE ( 'NONE', *, *, #6501, .F. ) ;
#7912 = FACE_BOUND ( 'NONE', #1842, .T. ) ;
#7913 = FILL_AREA_STYLE_COLOUR ( '', #3614 ) ;
#7914 = FACE_OUTER_BOUND ( 'NONE', #7588, .T. ) ;
#7915 =( GEOMETRIC_REPRESENTATION_CONTEXT ( 3 ) GLOBAL_UNCERTAINTY_ASSIGNED_CONTEXT ( ( #3424 ) ) GLOBAL_UNIT_ASSIGNED_CONTEXT ( ( #10919, #4015, #7567 ) ) REPRESENTATION_CONTEXT ( 'NONE', 'WORKASPACE' ) );
#7916 = EDGE_LOOP ( 'NONE', ( #10770, #7472, #8035, #4711 ) ) ;
#7917 = EDGE_LOOP ( 'NONE', ( #911, #8911, #7365, #10097 ) ) ;
#7918 = FILL_AREA_STYLE_COLOUR ( '', #4552 ) ;
#7919 = CARTESIAN_POINT ( 'NONE',  ( 1.134380418910822641, 0.1354608451288605853, -0.02649827113144429674 ) ) ;
#7920 = FACE_OUTER_BOUND ( 'NONE', #9947, .T. ) ;
#7921 = CARTESIAN_POINT ( 'NONE',  ( 1.124245763469084558, 0.1354025619244733636, 0.03927665091328538111 ) ) ;
#7922 = CARTESIAN_POINT ( 'NONE',  ( 1.126059176315520327, 0.1776822030535326891, 0.04115967706098326573 ) ) ;
#7923 = ORIENTED_EDGE ( 'NONE', *, *, #5291, .F. ) ;
#7924 = VERTEX_POINT ( 'NONE', #1556 ) ;
#7925 = DIRECTION ( 'NONE',  ( 3.491481338843133355E-15, -0.000000000000000000, 1.000000000000000000 ) ) ;
#7926 = CYLINDRICAL_SURFACE ( 'NONE', #8016, 0.7999999999999999334 ) ;
#7927 = ORIENTED_EDGE ( 'NONE', *, *, #8071, .T. ) ;
#7928 =( GEOMETRIC_REPRESENTATION_CONTEXT ( 3 ) GLOBAL_UNCERTAINTY_ASSIGNED_CONTEXT ( ( #2172 ) ) GLOBAL_UNIT_ASSIGNED_CONTEXT ( ( #9788, #9847, #4655 ) ) REPRESENTATION_CONTEXT ( 'NONE', 'WORKASPACE' ) );
#7929 = CARTESIAN_POINT ( 'NONE',  ( 1.134848653310044808, -0.03875002114575430007, -0.04109815672384141416 ) ) ;
#7930 =( NAMED_UNIT ( * ) SI_UNIT ( $, .STERADIAN. ) SOLID_ANGLE_UNIT ( ) );
#7931 = DIRECTION ( 'NONE',  ( 3.491481338843133355E-15, -0.000000000000000000, 1.000000000000000000 ) ) ;
#7932 = ADVANCED_FACE ( 'NONE', ( #2279 ), #5910, .T. ) ;
#7933 = FILL_AREA_STYLE ('',( #4462 ) ) ;
#7934 = CARTESIAN_POINT ( 'NONE',  ( 1.127021360342761458, 0.1181072279471063885, -0.007375991758947809257 ) ) ;
#7935 = EDGE_CURVE ( 'NONE', #3927, #2073, #8066, .T. ) ;
#7936 = VERTEX_POINT ( 'NONE', #11134 ) ;
#7937 = CARTESIAN_POINT ( 'NONE',  ( 0.3357876820061003187, 0.000000000000000000, -0.02230649118531804337 ) ) ;
#7938 = CARTESIAN_POINT ( 'NONE',  ( 1.142451978488786546, -0.07344506262978385547, 0.02433962432954320937 ) ) ;
#7939 = EDGE_CURVE ( 'NONE', #9719, #6619, #5738, .T. ) ;
#7940 = CARTESIAN_POINT ( 'NONE',  ( 0.3357876820061003742, 0.000000000000000000, 0.002385712559680082129 ) ) ;
#7941 =( NAMED_UNIT ( * ) SI_UNIT ( $, .STERADIAN. ) SOLID_ANGLE_UNIT ( ) );
#7942 = ADVANCED_FACE ( 'NONE', ( #4222 ), #3284, .T. ) ;
#7943 = CARTESIAN_POINT ( 'NONE',  ( 1.105543495036958479, 0.2298269626254650089, -0.01357907434454590570 ) ) ;
#7944 = B_SPLINE_CURVE_WITH_KNOTS ( 'NONE', 3,
 ( #6433, #8194, #7367, #1203 ),
 .UNSPECIFIED., .F., .F.,
 ( 4, 4 ),
 ( 0.000000000000000000, 1.000000000000000000 ),
 .UNSPECIFIED. ) ;
#7945 = DIRECTION ( 'NONE',  ( 3.491481338843133355E-15, -0.000000000000000000, 1.000000000000000000 ) ) ;
#7946 =( LENGTH_UNIT ( ) NAMED_UNIT ( * ) SI_UNIT ( .MILLI., .METRE. ) );
#7947 = ADVANCED_FACE ( 'NONE', ( #3524 ), #6904, .F. ) ;
#7948 = CARTESIAN_POINT ( 'NONE',  ( 1.136264440745713644, 0.1238723819205461291, 0.02883305156536961414 ) ) ;
#7949 = ORIENTED_EDGE ( 'NONE', *, *, #9882, .T. ) ;
#7950 = ADVANCED_FACE ( 'NONE', ( #9521 ), #9445, .T. ) ;
#7951 = CARTESIAN_POINT ( 'NONE',  ( 1.135748515086581367, 0.007916156717925896397, -0.01900985571310601085 ) ) ;
#7952 = ORIENTED_EDGE ( 'NONE', *, *, #6739, .F. ) ;
#7953 = CARTESIAN_POINT ( 'NONE',  ( 1.145654269366450206, 0.01470070329272873261, -0.02606900220520724787 ) ) ;
#7954 = FILL_AREA_STYLE ('',( #3716 ) ) ;
#7955 = CARTESIAN_POINT ( 'NONE',  ( 1.137911751380072500, 0.1126808649724486827, -0.02649827113144435226 ) ) ;
#7956 = DIRECTION ( 'NONE',  ( -1.000000000000000000, 0.000000000000000000, 3.491481338843133355E-15 ) ) ;
#7957 = FILL_AREA_STYLE_COLOUR ( '', #741 ) ;
#7958 = COLOUR_RGB ( '',0.000000000000000000, 0.000000000000000000, 0.000000000000000000 ) ;
#7959 = CARTESIAN_POINT ( 'NONE',  ( 1.138282530245778634, 0.1100355759219621005, -0.006950490867325877925 ) ) ;
#7960 = VERTEX_POINT ( 'NONE', #2678 ) ;
#7961 = CARTESIAN_POINT ( 'NONE',  ( 1.121768730052565610, 0.1957901736854535391, 0.006069894152875587347 ) ) ;
#7962 = CARTESIAN_POINT ( 'NONE',  ( 1.098822225963057342, 0.2403711395496533620, -0.01719775937616182387 ) ) ;
#7963 = FACE_OUTER_BOUND ( 'NONE', #2954, .T. ) ;
#7964 = LINE ( 'NONE', #8810, #4930 ) ;
#7965 = ORIENTED_EDGE ( 'NONE', *, *, #446, .F. ) ;
#7966 = ORIENTED_EDGE ( 'NONE', *, *, #836, .T. ) ;
#7967 = AXIS2_PLACEMENT_3D ( 'NONE', #9828, #8231, #9065 ) ;
#7968 = DIRECTION ( 'NONE',  ( 3.491481338843133355E-15, -0.000000000000000000, 1.000000000000000000 ) ) ;
#7969 = CARTESIAN_POINT ( 'NONE',  ( 1.118328798104454069, 0.2091731307127747408, -0.02559648545633422256 ) ) ;
#7970 = SURFACE_STYLE_USAGE ( .BOTH. , #7008 ) ;
#7971 =( NAMED_UNIT ( * ) SI_UNIT ( $, .STERADIAN. ) SOLID_ANGLE_UNIT ( ) );
#7972 = ORIENTED_EDGE ( 'NONE', *, *, #3743, .T. ) ;
#7973 = EDGE_LOOP ( 'NONE', ( #8652, #8143, #1071, #3450 ) ) ;
#7974 = PRESENTATION_STYLE_ASSIGNMENT (( #4502 ) ) ;
#7975 = DIRECTION ( 'NONE',  ( 3.491481338843133355E-15, 0.000000000000000000, 1.000000000000000000 ) ) ;
#7976 = SURFACE_SIDE_STYLE ('',( #8032 ) ) ;
#7977 = VERTEX_POINT ( 'NONE', #1028 ) ;
#7978 = FILL_AREA_STYLE ('',( #8182 ) ) ;
#7979 = SURFACE_STYLE_USAGE ( .BOTH. , #6262 ) ;
#7980 = FILL_AREA_STYLE_COLOUR ( '', #1473 ) ;
#7981 = CARTESIAN_POINT ( 'NONE',  ( 1.128865379725796370, 0.1050172240309410338, -0.01433718320845357025 ) ) ;
#7982 = CARTESIAN_POINT ( 'NONE',  ( 0.3357876820061003187, 0.000000000000000000, -0.02595792449772561794 ) ) ;
#7983 = DIRECTION ( 'NONE',  ( 3.491481338843133750E-15, 0.000000000000000000, 1.000000000000000000 ) ) ;
#7984 = EDGE_LOOP ( 'NONE', ( #5515, #4935, #971, #2276 ) ) ;
#7985 = CARTESIAN_POINT ( 'NONE',  ( 1.141302736144930607, -0.08532330516905689555, -0.007591528910414542530 ) ) ;
#7986 = FILL_AREA_STYLE ('',( #6041 ) ) ;
#7987 = DIRECTION ( 'NONE',  ( 3.491481338843133355E-15, 0.000000000000000000, 1.000000000000000000 ) ) ;
#7988 = EDGE_CURVE ( 'NONE', #5062, #6840, #4530, .T. ) ;
#7989 = FACE_OUTER_BOUND ( 'NONE', #10376, .T. ) ;
#7990 = SURFACE_STYLE_FILL_AREA ( #5420 ) ;
#7991 = UNCERTAINTY_MEASURE_WITH_UNIT (LENGTH_MEASURE( 1.000000000000000082E-05 ), #4676, 'distance_accuracy_value', 'NONE');
#7992 =( LENGTH_UNIT ( ) NAMED_UNIT ( * ) SI_UNIT ( .MILLI., .METRE. ) );
#7993 =( NAMED_UNIT ( * ) SI_UNIT ( $, .STERADIAN. ) SOLID_ANGLE_UNIT ( ) );
#7994 = B_SPLINE_CURVE_WITH_KNOTS ( 'NONE', 3,
 ( #7720, #9598, #6980, #11209 ),
 .UNSPECIFIED., .F., .F.,
 ( 4, 4 ),
 ( 0.000000000000000000, 1.000000000000000000 ),
 .UNSPECIFIED. ) ;
#7995 = CARTESIAN_POINT ( 'NONE',  ( 1.137004077501577060, 0.1189633875998678120, 0.05741902542574350149 ) ) ;
#7996 = DIRECTION ( 'NONE',  ( 3.491481338843133355E-15, 0.000000000000000000, 1.000000000000000000 ) ) ;
#7997 = VERTEX_POINT ( 'NONE', #1833 ) ;
#7998 = MECHANICAL_DESIGN_GEOMETRIC_PRESENTATION_REPRESENTATION (  '', ( #913 ), #1997 ) ;
#7999 = CARTESIAN_POINT ( 'NONE',  ( 1.105351097265167226, 0.2185684101026524051, -0.009534661662203604282 ) ) ;
#8000 = EDGE_LOOP ( 'NONE', ( #8260, #1328, #4886, #9209 ) ) ;
#8001 = STYLED_ITEM ( 'NONE', ( #1717 ), #5352 ) ;
#8002 = CARTESIAN_POINT ( 'NONE',  ( 1.130324462641736805, 0.1575156266701916441, -0.02112603636846634506 ) ) ;
#8003 = DIRECTION ( 'NONE',  ( 3.491481338843133355E-15, 0.000000000000000000, 1.000000000000000000 ) ) ;
#8004 = COLOUR_RGB ( '',0.000000000000000000, 0.000000000000000000, 0.000000000000000000 ) ;
#8005 = FILL_AREA_STYLE ('',( #4534 ) ) ;
#8006 = COLOUR_RGB ( '',0.000000000000000000, 0.000000000000000000, 0.000000000000000000 ) ;
#8007 = CIRCLE ( 'NONE', #8185, 0.7999999999999998224 ) ;
#8008 = CARTESIAN_POINT ( 'NONE',  ( 1.128070005677725751, 0.1108766988464715830, 0.02941472162144539299 ) ) ;
#8009 = ORIENTED_EDGE ( 'NONE', *, *, #6149, .T. ) ;
#8010 = CARTESIAN_POINT ( 'NONE',  ( 1.099205000812350397, 0.2391526653555763049, -0.01357907434454587274 ) ) ;
#8011 = CARTESIAN_POINT ( 'NONE',  ( 0.3357876820061003742, 0.000000000000000000, 0.006069894152878351629 ) ) ;
#8012 = DIRECTION ( 'NONE',  ( 1.000000000000000000, 0.000000000000000000, -3.492703757814028417E-15 ) ) ;
#8013 = ORIENTED_EDGE ( 'NONE', *, *, #4221, .T. ) ;
#8014 = EDGE_LOOP ( 'NONE', ( #7621, #7387, #10374, #3343 ) ) ;
#8015 = CIRCLE ( 'NONE', #9851, 0.7900000000000000355 ) ;
#8016 = AXIS2_PLACEMENT_3D ( 'NONE', #9697, #1893, #9741 ) ;
#8017 = VECTOR ( 'NONE', #9048, 1000.000000000000000 ) ;
#8018 = CIRCLE ( 'NONE', #10035, 0.8099999999999999423 ) ;
#8019 =( NAMED_UNIT ( * ) PLANE_ANGLE_UNIT ( ) SI_UNIT ( $, .RADIAN. ) );
#8020 = VECTOR ( 'NONE', #3501, 1000.000000000000000 ) ;
#8021 = CARTESIAN_POINT ( 'NONE',  ( 1.106656769549965391, 0.2139178577615463150, 0.001828991785565779824 ) ) ;
#8022 = SURFACE_SIDE_STYLE ('',( #9734 ) ) ;
#8023 = PRESENTATION_LAYER_ASSIGNMENT (  '', '', ( #6006 ) ) ;
#8024 = STYLED_ITEM ( 'NONE', ( #1379 ), #7599 ) ;
#8025 = COLOUR_RGB ( '',0.000000000000000000, 0.000000000000000000, 0.000000000000000000 ) ;
#8026 =( GEOMETRIC_REPRESENTATION_CONTEXT ( 3 ) GLOBAL_UNCERTAINTY_ASSIGNED_CONTEXT ( ( #4443 ) ) GLOBAL_UNIT_ASSIGNED_CONTEXT ( ( #475, #9143, #10813 ) ) REPRESENTATION_CONTEXT ( 'NONE', 'WORKASPACE' ) );
#8027 = FILL_AREA_STYLE ('',( #2631 ) ) ;
#8028 = ORIENTED_EDGE ( 'NONE', *, *, #1886, .T. ) ;
#8029 = LINE ( 'NONE', #7179, #5786 ) ;
#8030 = STYLED_ITEM ( 'NONE', ( #2426 ), #5308 ) ;
#8031 = PRESENTATION_STYLE_ASSIGNMENT (( #915 ) ) ;
#8032 = SURFACE_STYLE_FILL_AREA ( #1035 ) ;
#8033 = UNCERTAINTY_MEASURE_WITH_UNIT (LENGTH_MEASURE( 1.000000000000000082E-05 ), #9655, 'distance_accuracy_value', 'NONE');
#8034 = ORIENTED_EDGE ( 'NONE', *, *, #10606, .F. ) ;
#8035 = ORIENTED_EDGE ( 'NONE', *, *, #7032, .F. ) ;
#8036 = ADVANCED_FACE ( 'NONE', ( #7920 ), #7058, .T. ) ;
#8037 = CARTESIAN_POINT ( 'NONE',  ( 1.131995316496370974, 0.1067607007463511615, -0.008584961518158193763 ) ) ;
#8038 = B_SPLINE_SURFACE_WITH_KNOTS ( 'NONE', 1, 3, ( 
 ( #3617, #3733, #3965, #3002 ),
 ( #6483, #270, #10832, #10725 ) ),
 .UNSPECIFIED., .F., .F., .F.,
 ( 2, 2 ),
 ( 4, 4 ),
 ( 0.000000000000000000, 1.000000000000000000 ),
 ( 0.000000000000000000, 1.000000000000000000 ),
 .UNSPECIFIED. ) ;
#8039 = FACE_OUTER_BOUND ( 'NONE', #8092, .T. ) ;
#8040 = B_SPLINE_CURVE_WITH_KNOTS ( 'NONE', 3,
 ( #10815, #5599, #8119, #9075 ),
 .UNSPECIFIED., .F., .F.,
 ( 4, 4 ),
 ( 0.000000000000000000, 1.000000000000000000 ),
 .UNSPECIFIED. ) ;
#8041 = CARTESIAN_POINT ( 'NONE',  ( 0.3357876820061003187, 0.000000000000000000, -0.02595792449772561794 ) ) ;
#8042 = PRESENTATION_LAYER_ASSIGNMENT (  '', '', ( #2399 ) ) ;
#8043 = STYLED_ITEM ( 'NONE', ( #829 ), #9392 ) ;
#8044 = CARTESIAN_POINT ( 'NONE',  ( 1.143725140545314378, 0.05776731852177337256, 0.005811029902011249221 ) ) ;
#8045 =( NAMED_UNIT ( * ) PLANE_ANGLE_UNIT ( ) SI_UNIT ( $, .RADIAN. ) );
#8046 = PRODUCT_CONTEXT ( 'NONE', #388, 'mechanical' ) ;
#8047 =( NAMED_UNIT ( * ) PLANE_ANGLE_UNIT ( ) SI_UNIT ( $, .RADIAN. ) );
#8048 = ORIENTED_EDGE ( 'NONE', *, *, #7214, .F. ) ;
#8049 = PLANE ( 'NONE',  #5436 ) ;
#8050 = VECTOR ( 'NONE', #7983, 1000.000000000000000 ) ;
#8051 = LINE ( 'NONE', #2963, #2719 ) ;
#8052 = ADVANCED_FACE ( 'NONE', ( #7360 ), #8422, .T. ) ;
#8053 =( LENGTH_UNIT ( ) NAMED_UNIT ( * ) SI_UNIT ( .MILLI., .METRE. ) );
#8054 = CARTESIAN_POINT ( 'NONE',  ( 1.109895090332995160, 0.2018854139689602034, -0.02230649118532043035 ) ) ;
#8055 = CARTESIAN_POINT ( 'NONE',  ( 1.137884939747183077, 0.1129031167739774216, 0.05228953866271703749 ) ) ;
#8056 = CIRCLE ( 'NONE', #10456, 0.8000000000000000444 ) ;
#8057 = VECTOR ( 'NONE', #383, 1000.000000000000000 ) ;
#8058 = DIRECTION ( 'NONE',  ( 3.491481338843133355E-15, 0.000000000000000000, 1.000000000000000000 ) ) ;
#8059 = CARTESIAN_POINT ( 'NONE',  ( 1.137105107999569320, 0.1182809485893712292, 0.02799520574332179865 ) ) ;
#8060 = ORIENTED_EDGE ( 'NONE', *, *, #1264, .T. ) ;
#8061 = ORIENTED_EDGE ( 'NONE', *, *, #1395, .F. ) ;
#8062 = SURFACE_STYLE_FILL_AREA ( #3838 ) ;
#8063 = AXIS2_PLACEMENT_3D ( 'NONE', #1607, #4055, #6838 ) ;
#8064 = CARTESIAN_POINT ( 'NONE',  ( 1.141340831970100611, -0.08502639827593552746, 0.02853529455740346985 ) ) ;
#8065 = ORIENTED_EDGE ( 'NONE', *, *, #10345, .F. ) ;
#8066 = B_SPLINE_CURVE_WITH_KNOTS ( 'NONE', 3,
 ( #3125, #4054, #8485, #10043 ),
 .UNSPECIFIED., .F., .F.,
 ( 4, 4 ),
 ( 0.000000000000000000, 1.000000000000000000 ),
 .UNSPECIFIED. ) ;
#8067 = CARTESIAN_POINT ( 'NONE',  ( 1.135792171250528115, -7.228963331924645273E-08, 0.06451741069933800143 ) ) ;
#8068 = FACE_OUTER_BOUND ( 'NONE', #4933, .T. ) ;
#8069 = CARTESIAN_POINT ( 'NONE',  ( 1.128008985091504934, 0.1112897431826653655, -0.02649827113144429674 ) ) ;
#8070 = CARTESIAN_POINT ( 'NONE',  ( 1.126384624049143079, 0.1222966689333342682, -0.01123757226533032491 ) ) ;
#8071 = EDGE_CURVE ( 'NONE', #9571, #797, #6298, .T. ) ;
#8072 = FACE_OUTER_BOUND ( 'NONE', #5187, .T. ) ;
#8073 =( NAMED_UNIT ( * ) SI_UNIT ( $, .STERADIAN. ) SOLID_ANGLE_UNIT ( ) );
#8074 = AXIS2_PLACEMENT_3D ( 'NONE', #1709, #4314, #3326 ) ;
#8075 = VERTEX_POINT ( 'NONE', #1933 ) ;
#8076 = ADVANCED_FACE ( 'NONE', ( #10672 ), #3426, .F. ) ;
#8077 = CARTESIAN_POINT ( 'NONE',  ( 1.135345207078580110, -0.02783658557170043749, 0.06200600697210212342 ) ) ;
#8078 = EDGE_CURVE ( 'NONE', #714, #3268, #3569, .T. ) ;
#8079 = PRESENTATION_STYLE_ASSIGNMENT (( #6300 ) ) ;
#8080 = CARTESIAN_POINT ( 'NONE',  ( 1.106569763557370800, 0.2142312014446341173, -0.01304355174330644115 ) ) ;
#8081 = VERTEX_POINT ( 'NONE', #8249 ) ;
#8082 = ORIENTED_EDGE ( 'NONE', *, *, #2512, .F. ) ;
#8083 = COLOUR_RGB ( '',0.000000000000000000, 0.000000000000000000, 0.000000000000000000 ) ;
#8084 = FILL_AREA_STYLE_COLOUR ( '', #3990 ) ;
#8085 = FILL_AREA_STYLE_COLOUR ( '', #4092 ) ;
#8086 = EDGE_CURVE ( 'NONE', #2391, #10884, #5603, .T. ) ;
#8087 = CARTESIAN_POINT ( 'NONE',  ( 1.135048222775256299, -0.03436978980530157324, -0.02630565887011006992 ) ) ;
#8088 = DIRECTION ( 'NONE',  ( 3.491481338843133355E-15, 0.000000000000000000, 1.000000000000000000 ) ) ;
#8089 = EDGE_LOOP ( 'NONE', ( #10538, #9725, #5445, #6514 ) ) ;
#8090 =( GEOMETRIC_REPRESENTATION_CONTEXT ( 3 ) GLOBAL_UNCERTAINTY_ASSIGNED_CONTEXT ( ( #2531 ) ) GLOBAL_UNIT_ASSIGNED_CONTEXT ( ( #2136, #2034, #5439 ) ) REPRESENTATION_CONTEXT ( 'NONE', 'WORKASPACE' ) );
#8091 = LINE ( 'NONE', #9162, #725 ) ;
#8092 = EDGE_LOOP ( 'NONE', ( #2888, #4641, #1287, #7870 ) ) ;
#8093 = CARTESIAN_POINT ( 'NONE',  ( 1.120689078674309336, 0.2000744799025982457, 0.05687885185883380379 ) ) ;
#8094 = CARTESIAN_POINT ( 'NONE',  ( 1.138247618880831036, 0.1102642447104358742, -0.02128583643296614106 ) ) ;
#8095 = EDGE_LOOP ( 'NONE', ( #1216, #1553, #9983, #11016 ) ) ;
#8096 = ORIENTED_EDGE ( 'NONE', *, *, #8637, .T. ) ;
#8097 = CARTESIAN_POINT ( 'NONE',  ( 1.143497696487699722, -0.06086487087092641579, -0.01035630102885841050 ) ) ;
#8098 = B_SPLINE_SURFACE_WITH_KNOTS ( 'NONE', 1, 3, ( 
 ( #7124, #8662, #866, #6142 ),
 ( #7062, #4454, #7814, #2683 ) ),
 .UNSPECIFIED., .F., .F., .F.,
 ( 2, 2 ),
 ( 4, 4 ),
 ( 0.000000000000000000, 1.000000000000000000 ),
 ( 0.000000000000000000, 1.000000000000000000 ),
 .UNSPECIFIED. ) ;
#8099 = EDGE_CURVE ( 'NONE', #11179, #9571, #3416, .T. ) ;
#8100 = CARTESIAN_POINT ( 'NONE',  ( 1.128748299037054981, 0.1060433883923378728, -0.01377106244530271369 ) ) ;
#8101 = ORIENTED_EDGE ( 'NONE', *, *, #9609, .T. ) ;
#8102 = SURFACE_STYLE_USAGE ( .BOTH. , #997 ) ;
#8103 = CARTESIAN_POINT ( 'NONE',  ( 1.106656769549965391, 0.2139178577615463150, -0.02147141002426298032 ) ) ;
#8104 = B_SPLINE_CURVE_WITH_KNOTS ( 'NONE', 3,
 ( #7799, #8760, #35, #10389 ),
 .UNSPECIFIED., .F., .F.,
 ( 4, 4 ),
 ( 0.000000000000000000, 1.000000000000000000 ),
 .UNSPECIFIED. ) ;
#8105 = SURFACE_SIDE_STYLE ('',( #2174 ) ) ;
#8106 = CARTESIAN_POINT ( 'NONE',  ( 1.135345867700616518, 0.02658397428703672752, -0.01217842026157462190 ) ) ;
#8107 =( NAMED_UNIT ( * ) PLANE_ANGLE_UNIT ( ) SI_UNIT ( $, .RADIAN. ) );
#8108 = DIRECTION ( 'NONE',  ( 3.491481338843133355E-15, -0.000000000000000000, 1.000000000000000000 ) ) ;
#8109 = DIRECTION ( 'NONE',  ( 1.000000000000000000, 0.000000000000000000, -3.488520879062155193E-15 ) ) ;
#8110 = CARTESIAN_POINT ( 'NONE',  ( 1.133865410080456382, -0.05560888382451733419, -0.0005371847004733386333 ) ) ;
#8111 = ORIENTED_EDGE ( 'NONE', *, *, #2111, .T. ) ;
#8112 = ORIENTED_EDGE ( 'NONE', *, *, #10729, .F. ) ;
#8113 = CARTESIAN_POINT ( 'NONE',  ( 1.130748654324110092, 0.1554545811560910651, -0.03517367921818321391 ) ) ;
#8114 = ORIENTED_EDGE ( 'NONE', *, *, #9005, .T. ) ;
#8115 = SURFACE_STYLE_FILL_AREA ( #9902 ) ;
#8116 = SURFACE_SIDE_STYLE ('',( #4649 ) ) ;
#8117 = FACE_OUTER_BOUND ( 'NONE', #10163, .T. ) ;
#8118 = CARTESIAN_POINT ( 'NONE',  ( 1.125961983963937652, 0.1249982900900845767, 0.03013988056217909925 ) ) ;
#8119 = CARTESIAN_POINT ( 'NONE',  ( 1.116204539576849397, 0.2169090914623769961, -0.01304355175025194956 ) ) ;
#8120 = CARTESIAN_POINT ( 'NONE',  ( 1.125081957751246087, 0.1819740263772446076, 0.04127429604397188367 ) ) ;
#8121 = ORIENTED_EDGE ( 'NONE', *, *, #6460, .T. ) ;
#8122 = FILL_AREA_STYLE_COLOUR ( '', #130 ) ;
#8123 = COLOUR_RGB ( '',0.000000000000000000, 0.000000000000000000, 0.000000000000000000 ) ;
#8124 = UNCERTAINTY_MEASURE_WITH_UNIT (LENGTH_MEASURE( 1.000000000000000082E-05 ), #6195, 'distance_accuracy_value', 'NONE');
#8125 = FACE_OUTER_BOUND ( 'NONE', #3833, .T. ) ;
#8126 = CARTESIAN_POINT ( 'NONE',  ( 0.3357876820061003187, 0.000000000000000000, -0.02230649118531772071 ) ) ;
#8127 = ORIENTED_EDGE ( 'NONE', *, *, #1775, .F. ) ;
#8128 = ORIENTED_EDGE ( 'NONE', *, *, #7726, .F. ) ;
#8129 = EDGE_CURVE ( 'NONE', #4529, #3622, #1979, .T. ) ;
#8130 = CIRCLE ( 'NONE', #875, 0.8100000000000001643 ) ;
#8131 = SURFACE_SIDE_STYLE ('',( #1251 ) ) ;
#8132 = PLANE ( 'NONE',  #6680 ) ;
#8133 = STYLED_ITEM ( 'NONE', ( #3303 ), #1820 ) ;
#8134 = EDGE_CURVE ( 'NONE', #8708, #10199, #2646, .T. ) ;
#8135 = CARTESIAN_POINT ( 'NONE',  ( 1.133224287668704422, 0.1421086202498099138, -0.02468074154554796354 ) ) ;
#8136 = ORIENTED_EDGE ( 'NONE', *, *, #3816, .T. ) ;
#8137 = EDGE_LOOP ( 'NONE', ( #4197, #9526, #2042, #2204 ) ) ;
#8138 = PRESENTATION_LAYER_ASSIGNMENT (  '', '', ( #7434 ) ) ;
#8139 = CARTESIAN_POINT ( 'NONE',  ( 1.137133744029834359, 0.1180867853701424164, -0.02134140042960540676 ) ) ;
#8140 = CARTESIAN_POINT ( 'NONE',  ( 1.127240425544098423, 0.1166299907664222479, -0.02134041690087835896 ) ) ;
#8141 = CARTESIAN_POINT ( 'NONE',  ( 1.117046289794958458, 0.1721481564113178653, 0.03184279116508718921 ) ) ;
#8142 = ORIENTED_EDGE ( 'NONE', *, *, #7390, .F. ) ;
#8143 = ORIENTED_EDGE ( 'NONE', *, *, #4732, .T. ) ;
#8144 = ADVANCED_FACE ( 'NONE', ( #4610 ), #8861, .T. ) ;
#8145 = CARTESIAN_POINT ( 'NONE',  ( 1.125348979795322446, 0.1288136523564147873, -0.01287498630665485054 ) ) ;
#8146 = EDGE_CURVE ( 'NONE', #4156, #3953, #868, .T. ) ;
#8147 = ORIENTED_EDGE ( 'NONE', *, *, #4795, .F. ) ;
#8148 = CARTESIAN_POINT ( 'NONE',  ( 0.3357876820061005962, 0.000000000000000000, 0.05687885185883630179 ) ) ;
#8149 = FILL_AREA_STYLE ('',( #8879 ) ) ;
#8150 = DIRECTION ( 'NONE',  ( 3.491481338843133355E-15, -0.000000000000000000, 1.000000000000000000 ) ) ;
#8151 =( NAMED_UNIT ( * ) PLANE_ANGLE_UNIT ( ) SI_UNIT ( $, .RADIAN. ) );
#8152 = CARTESIAN_POINT ( 'NONE',  ( 1.130995304248721967, -0.08743660411362545737, 0.0006799401926634810606 ) ) ;
#8153 = UNCERTAINTY_MEASURE_WITH_UNIT (LENGTH_MEASURE( 1.000000000000000082E-05 ), #7384, 'distance_accuracy_value', 'NONE');
#8154 = CARTESIAN_POINT ( 'NONE',  ( 1.111055529193242908, 0.1973822816714141115, -0.02230649118532043035 ) ) ;
#8155 = CARTESIAN_POINT ( 'NONE',  ( 1.126740684576284179, 0.1199989484829118574, 0.05698255474804683057 ) ) ;
#8156 = CARTESIAN_POINT ( 'NONE',  ( 0.3357876820061016510, 0.000000000000000000, 0.3561756190388909449 ) ) ;
#8157 = FACE_BOUND ( 'NONE', #248, .T. ) ;
#8158 = CARTESIAN_POINT ( 'NONE',  ( 1.133953672492477915, 0.1379766399558055301, -0.02637873833626066741 ) ) ;
#8159 = SURFACE_STYLE_USAGE ( .BOTH. , #9768 ) ;
#8160 = EDGE_LOOP ( 'NONE', ( #1374, #6011, #6403, #5259, #2977, #332, #7533, #7733, #8173, #10085, #7010, #5226 ) ) ;
#8161 = ORIENTED_EDGE ( 'NONE', *, *, #8146, .T. ) ;
#8162 = FACE_BOUND ( 'NONE', #2299, .T. ) ;
#8163 = ORIENTED_EDGE ( 'NONE', *, *, #11025, .T. ) ;
#8164 = CARTESIAN_POINT ( 'NONE',  ( 1.130174755980359436, 0.1582693169967412106, -0.02941286812516781535 ) ) ;
#8165 = ORIENTED_EDGE ( 'NONE', *, *, #10959, .T. ) ;
#8166 = EDGE_CURVE ( 'NONE', #9436, #1291, #6705, .T. ) ;
#8167 = STYLED_ITEM ( 'NONE', ( #11083 ), #6136 ) ;
#8168 = B_SPLINE_CURVE_WITH_KNOTS ( 'NONE', 3,
 ( #10091, #6702, #493, #4943 ),
 .UNSPECIFIED., .F., .F.,
 ( 4, 4 ),
 ( 0.000000000000000000, 1.000000000000000000 ),
 .UNSPECIFIED. ) ;
#8169 = CIRCLE ( 'NONE', #4717, 0.5999999999999997558 ) ;
#8170 = EDGE_CURVE ( 'NONE', #224, #8081, #6570, .T. ) ;
#8171 =( NAMED_UNIT ( * ) PLANE_ANGLE_UNIT ( ) SI_UNIT ( $, .RADIAN. ) );
#8172 = B_SPLINE_CURVE_WITH_KNOTS ( 'NONE', 3,
 ( #3039, #1187, #6351, #4709 ),
 .UNSPECIFIED., .F., .F.,
 ( 4, 4 ),
 ( 0.000000000000000000, 1.000000000000000000 ),
 .UNSPECIFIED. ) ;
#8173 = ORIENTED_EDGE ( 'NONE', *, *, #2350, .T. ) ;
#8174 = AXIS2_PLACEMENT_3D ( 'NONE', #5549, #309, #9905 ) ;
#8175 = CARTESIAN_POINT ( 'NONE',  ( 1.134976350896375719, -0.03602043194341548321, 0.05659135959181665204 ) ) ;
#8176 = STYLED_ITEM ( 'NONE', ( #5178 ), #5418 ) ;
#8177 = CARTESIAN_POINT ( 'NONE',  ( 1.117227380162210348, 0.2132233998093336358, -0.02410097188239643598 ) ) ;
#8178 = CARTESIAN_POINT ( 'NONE',  ( 1.144618746352527028, 0.04350068215817418787, 0.005583310175039058951 ) ) ;
#8179 = CARTESIAN_POINT ( 'NONE',  ( 1.135748515086581367, 0.007916156717925896397, -0.01900985571310601085 ) ) ;
#8180 = ORIENTED_EDGE ( 'NONE', *, *, #11086, .F. ) ;
#8181 = ORIENTED_EDGE ( 'NONE', *, *, #836, .F. ) ;
#8182 = FILL_AREA_STYLE_COLOUR ( '', #753 ) ;
#8183 = CARTESIAN_POINT ( 'NONE',  ( 1.135041350207019351, 0.03454813840680420051, 0.03564162355583494479 ) ) ;
#8184 =( GEOMETRIC_REPRESENTATION_CONTEXT ( 3 ) GLOBAL_UNCERTAINTY_ASSIGNED_CONTEXT ( ( #5375 ) ) GLOBAL_UNIT_ASSIGNED_CONTEXT ( ( #2563, #8593, #801 ) ) REPRESENTATION_CONTEXT ( 'NONE', 'WORKASPACE' ) );
#8185 = AXIS2_PLACEMENT_3D ( 'NONE', #7266, #3895, #8956 ) ;
#8186 = CARTESIAN_POINT ( 'NONE',  ( 1.116292978616385323, 0.2165905860449423848, 0.001829867368143033631 ) ) ;
#8187 = CARTESIAN_POINT ( 'NONE',  ( 1.113190967483567384, 0.2274733648778247408, -0.02595792449772778288 ) ) ;
#8188 = ORIENTED_EDGE ( 'NONE', *, *, #2595, .T. ) ;
#8189 = CARTESIAN_POINT ( 'NONE',  ( 1.135743414800849838, 0.009698899387967448507, -0.02476400594610231667 ) ) ;
#8190 = EDGE_CURVE ( 'NONE', #4156, #9963, #4130, .T. ) ;
#8191 = ORIENTED_EDGE ( 'NONE', *, *, #5758, .T. ) ;
#8192 = CIRCLE ( 'NONE', #4388, 0.7999999999999999334 ) ;
#8193 = CARTESIAN_POINT ( 'NONE',  ( 1.119672138889786117, 0.2040639815001451252, 0.04620291230633688517 ) ) ;
#8194 = CARTESIAN_POINT ( 'NONE',  ( 1.143819007869505189, 0.05645448404568896572, 0.02053742360336033995 ) ) ;
#8195 = PRESENTATION_LAYER_ASSIGNMENT (  '', '', ( #7665 ) ) ;
#8196 =( GEOMETRIC_REPRESENTATION_CONTEXT ( 3 ) GLOBAL_UNCERTAINTY_ASSIGNED_CONTEXT ( ( #10993 ) ) GLOBAL_UNIT_ASSIGNED_CONTEXT ( ( #890, #5834, #4142 ) ) REPRESENTATION_CONTEXT ( 'NONE', 'WORKASPACE' ) );
#8197 = VERTEX_POINT ( 'NONE', #10149 ) ;
#8198 = PRESENTATION_LAYER_ASSIGNMENT (  '', '', ( #10234 ) ) ;
#8199 = ORIENTED_EDGE ( 'NONE', *, *, #1044, .F. ) ;
#8200 = STYLED_ITEM ( 'NONE', ( #2222 ), #4867 ) ;
#8201 = MECHANICAL_DESIGN_GEOMETRIC_PRESENTATION_REPRESENTATION (  '', ( #4394 ), #3826 ) ;
#8202 = CARTESIAN_POINT ( 'NONE',  ( 1.125545876645711374, 0.1799723228118336738, 0.04961864210271643011 ) ) ;
#8203 = CARTESIAN_POINT ( 'NONE',  ( 1.145625814174788593, -0.01619258118801872315, -0.01832670521881009373 ) ) ;
#8204 = AXIS2_PLACEMENT_3D ( 'NONE', #9010, #1167, #3830 ) ;
#8205 =( LENGTH_UNIT ( ) NAMED_UNIT ( * ) SI_UNIT ( .MILLI., .METRE. ) );
#8206 = STYLED_ITEM ( 'NONE', ( #9458 ), #7734 ) ;
#8207 = VECTOR ( 'NONE', #9317, 1000.000000000000000 ) ;
#8208 = PRESENTATION_LAYER_ASSIGNMENT (  '', '', ( #1858 ) ) ;
#8209 = ADVANCED_FACE ( 'NONE', ( #1423 ), #10938, .T. ) ;
#8210 = EDGE_CURVE ( 'NONE', #9864, #5440, #10124, .T. ) ;
#8211 = PRESENTATION_LAYER_ASSIGNMENT (  '', '', ( #10776 ) ) ;
#8212 = CARTESIAN_POINT ( 'NONE',  ( 1.128054148465468920, 0.1685640712725764434, -0.003083250338844025808 ) ) ;
#8213 = VERTEX_POINT ( 'NONE', #6598 ) ;
#8214 = EDGE_CURVE ( 'NONE', #8412, #2952, #5054, .T. ) ;
#8215 = FILL_AREA_STYLE ('',( #2112 ) ) ;
#8216 = FILL_AREA_STYLE_COLOUR ( '', #1503 ) ;
#8217 = UNCERTAINTY_MEASURE_WITH_UNIT (LENGTH_MEASURE( 1.000000000000000082E-05 ), #4630, 'distance_accuracy_value', 'NONE');
#8218 = EDGE_CURVE ( 'NONE', #8890, #558, #7667, .T. ) ;
#8219 = MECHANICAL_DESIGN_GEOMETRIC_PRESENTATION_REPRESENTATION (  '', ( #1864 ), #7117 ) ;
#8220 = FACE_OUTER_BOUND ( 'NONE', #5330, .T. ) ;
#8221 = VECTOR ( 'NONE', #3239, 1000.000000000000000 ) ;
#8222 =( GEOMETRIC_REPRESENTATION_CONTEXT ( 3 ) GLOBAL_UNCERTAINTY_ASSIGNED_CONTEXT ( ( #2624 ) ) GLOBAL_UNIT_ASSIGNED_CONTEXT ( ( #8840, #4576, #7498 ) ) REPRESENTATION_CONTEXT ( 'NONE', 'WORKASPACE' ) );
#8223 = FILL_AREA_STYLE_COLOUR ( '', #9873 ) ;
#8224 = DIRECTION ( 'NONE',  ( 3.491481338843133355E-15, 0.000000000000000000, 1.000000000000000000 ) ) ;
#8225 = FILL_AREA_STYLE_COLOUR ( '', #1500 ) ;
#8226 = AXIS2_PLACEMENT_3D ( 'NONE', #1958, #7996, #181 ) ;
#8227 = B_SPLINE_CURVE_WITH_KNOTS ( 'NONE', 3,
 ( #3741, #7297, #28, #4976 ),
 .UNSPECIFIED., .F., .F.,
 ( 4, 4 ),
 ( 0.0002743339968439290478, 1.000000000000000000 ),
 .UNSPECIFIED. ) ;
#8228 = PRESENTATION_STYLE_ASSIGNMENT (( #3081 ) ) ;
#8229 = VERTEX_POINT ( 'NONE', #6769 ) ;
#8230 = ORIENTED_EDGE ( 'NONE', *, *, #6508, .F. ) ;
#8231 = DIRECTION ( 'NONE',  ( 3.491481338843133355E-15, -0.000000000000000000, 1.000000000000000000 ) ) ;
#8232 = VERTEX_POINT ( 'NONE', #616 ) ;
#8233 = DIRECTION ( 'NONE',  ( 0.9828395459913582544, 0.1844625350457399782, -3.430483436379916373E-15 ) ) ;
#8234 = EDGE_LOOP ( 'NONE', ( #4217, #9042, #2949, #4319 ) ) ;
#8235 = UNCERTAINTY_MEASURE_WITH_UNIT (LENGTH_MEASURE( 1.000000000000000082E-05 ), #8245, 'distance_accuracy_value', 'NONE');
#8236 = PRESENTATION_LAYER_ASSIGNMENT (  '', '', ( #9881 ) ) ;
#8237 = FILL_AREA_STYLE_COLOUR ( '', #982 ) ;
#8238 = SURFACE_STYLE_FILL_AREA ( #10008 ) ;
#8239 = CARTESIAN_POINT ( 'NONE',  ( 1.128371415695025526, 0.1086785401619074637, 0.03136794109317292412 ) ) ;
#8240 = ORIENTED_EDGE ( 'NONE', *, *, #6027, .F. ) ;
#8241 = PRESENTATION_LAYER_ASSIGNMENT (  '', '', ( #1885 ) ) ;
#8242 = CARTESIAN_POINT ( 'NONE',  ( 1.145629238802663430, -0.01896531353250602292, 0.06496633726928206787 ) ) ;
#8243 = ORIENTED_EDGE ( 'NONE', *, *, #1276, .F. ) ;
#8244 = ORIENTED_EDGE ( 'NONE', *, *, #4634, .T. ) ;
#8245 =( LENGTH_UNIT ( ) NAMED_UNIT ( * ) SI_UNIT ( .MILLI., .METRE. ) );
#8246 = CARTESIAN_POINT ( 'NONE',  ( 1.126384624049143079, 0.1222966689333342682, -0.02595792449772837962 ) ) ;
#8247 = CARTESIAN_POINT ( 'NONE',  ( 1.137661881051640567, 0.1144454844241282188, -0.01520011424547613316 ) ) ;
#8248 = STYLED_ITEM ( 'NONE', ( #1802 ), #8548 ) ;
#8249 = CARTESIAN_POINT ( 'NONE',  ( 1.117065663944026621, 0.1720602073083768446, 0.05018182842931857846 ) ) ;
#8250 = DIRECTION ( 'NONE',  ( 1.000000000000000000, 0.000000000000000000, -3.492703757814028417E-15 ) ) ;
#8251 = CARTESIAN_POINT ( 'NONE',  ( 1.123372441846237635, 0.1892388053815445281, 0.02777108824882484200 ) ) ;
#8252 = ORIENTED_EDGE ( 'NONE', *, *, #3042, .F. ) ;
#8253 = EDGE_CURVE ( 'NONE', #3690, #5591, #5671, .T. ) ;
#8254 =( NAMED_UNIT ( * ) SI_UNIT ( $, .STERADIAN. ) SOLID_ANGLE_UNIT ( ) );
#8255 = ORIENTED_EDGE ( 'NONE', *, *, #8769, .F. ) ;
#8256 = CARTESIAN_POINT ( 'NONE',  ( 0.3357876820061003742, 0.000000000000000000, 0.006069894152878351629 ) ) ;
#8257 = FILL_AREA_STYLE_COLOUR ( '', #5649 ) ;
#8258 = CARTESIAN_POINT ( 'NONE',  ( 1.128340706079908440, 0.1089029577387021774, -0.02128583643296624861 ) ) ;
#8259 =( GEOMETRIC_REPRESENTATION_CONTEXT ( 3 ) GLOBAL_UNCERTAINTY_ASSIGNED_CONTEXT ( ( #159 ) ) GLOBAL_UNIT_ASSIGNED_CONTEXT ( ( #1448, #10179, #10906 ) ) REPRESENTATION_CONTEXT ( 'NONE', 'WORKASPACE' ) );
#8260 = ORIENTED_EDGE ( 'NONE', *, *, #256, .F. ) ;
#8261 = EDGE_LOOP ( 'NONE', ( #10808, #4192, #1781, #2392 ) ) ;
#8262 =( NAMED_UNIT ( * ) SI_UNIT ( $, .STERADIAN. ) SOLID_ANGLE_UNIT ( ) );
#8263 = CARTESIAN_POINT ( 'NONE',  ( 1.132229647680669027, 0.1475811482284539733, -0.03640462608224261098 ) ) ;
#8264 =( NAMED_UNIT ( * ) SI_UNIT ( $, .STERADIAN. ) SOLID_ANGLE_UNIT ( ) );
#8265 = DIRECTION ( 'NONE',  ( 1.000000000000000000, 0.000000000000000000, -3.492703757814028417E-15 ) ) ;
#8266 = ORIENTED_EDGE ( 'NONE', *, *, #6414, .F. ) ;
#8267 = CARTESIAN_POINT ( 'NONE',  ( 1.096431526730480499, 0.2478324867383474017, -0.02595792449772773083 ) ) ;
#8268 = FACE_OUTER_BOUND ( 'NONE', #1387, .T. ) ;
#8269 = SURFACE_STYLE_USAGE ( .BOTH. , #4114 ) ;
#8270 = EDGE_CURVE ( 'NONE', #1247, #5353, #8872, .T. ) ;
#8271 = FILL_AREA_STYLE_COLOUR ( '', #8123 ) ;
#8272 = B_SPLINE_CURVE_WITH_KNOTS ( 'NONE', 3,
 ( #6981, #3363, #707, #10426 ),
 .UNSPECIFIED., .F., .F.,
 ( 4, 4 ),
 ( 0.0005305119794084549485, 1.000000000000000000 ),
 .UNSPECIFIED. ) ;
#8273 = CARTESIAN_POINT ( 'NONE',  ( 1.140925950496909813, -0.08861493987599031175, 0.01988216816315742722 ) ) ;
#8274 = ADVANCED_FACE ( 'NONE', ( #441 ), #5721, .T. ) ;
#8276 = MECHANICAL_DESIGN_GEOMETRIC_PRESENTATION_REPRESENTATION (  '', ( #7194 ), #9929 ) ;
#8275 = LINE ( 'NONE', #463, #10293 ) ;
#8277 = LINE ( 'NONE', #3184, #2753 ) ;
#8278 = EDGE_CURVE ( 'NONE', #11023, #5511, #3316, .T. ) ;
#8279 = PRESENTATION_STYLE_ASSIGNMENT (( #6736 ) ) ;
#8280 = ORIENTED_EDGE ( 'NONE', *, *, #10896, .F. ) ;
#8281 = EDGE_CURVE ( 'NONE', #4431, #11179, #10669, .T. ) ;
#8282 = DIRECTION ( 'NONE',  ( 3.491481338843133355E-15, 0.000000000000000000, 1.000000000000000000 ) ) ;
#8283 = ORIENTED_EDGE ( 'NONE', *, *, #812, .F. ) ;
#8284 = CARTESIAN_POINT ( 'NONE',  ( 1.120367508153516711, 0.1563153748115962416, -0.02941286812516781535 ) ) ;
#8285 = CARTESIAN_POINT ( 'NONE',  ( 1.135407184376999057, 0.1292619488794606308, -0.02101293409274520435 ) ) ;
#8286 = PRESENTATION_LAYER_ASSIGNMENT (  '', '', ( #8461 ) ) ;
#8287 = CARTESIAN_POINT ( 'NONE',  ( 1.134599261486904265, -0.04357920304417947643, -0.01078022270494395293 ) ) ;
#8288 = ADVANCED_FACE ( 'NONE', ( #785 ), #11202, .T. ) ;
#8289 = CARTESIAN_POINT ( 'NONE',  ( 1.129142405381163616, 0.1029280446224589141, 0.03188364706133682558 ) ) ;
#8290 = EDGE_CURVE ( 'NONE', #7812, #7164, #2615, .T. ) ;
#8291 = EDGE_CURVE ( 'NONE', #4491, #3519, #26, .T. ) ;
#8292 = CARTESIAN_POINT ( 'NONE',  ( 1.128760074786417267, 0.1058056908758658321, 0.04426322501471124243 ) ) ;
#8293 = ORIENTED_EDGE ( 'NONE', *, *, #8518, .T. ) ;
#8294 = SURFACE_STYLE_USAGE ( .BOTH. , #10012 ) ;
#8295 = CARTESIAN_POINT ( 'NONE',  ( 1.118328793038745772, 0.2091731501342345423, -0.02559648397541715997 ) ) ;
#8296 = CARTESIAN_POINT ( 'NONE',  ( 1.128757827729781393, 0.1652221171361888397, 0.05687885185883380379 ) ) ;
#8297 = CARTESIAN_POINT ( 'NONE',  ( 1.127112238818813283, 0.1174965777593716676, 0.05741919849254917968 ) ) ;
#8298 = ORIENTED_EDGE ( 'NONE', *, *, #5807, .F. ) ;
#8299 = ORIENTED_EDGE ( 'NONE', *, *, #554, .F. ) ;
#8300 = CARTESIAN_POINT ( 'NONE',  ( 0.3357876820061005962, 0.000000000000000000, 0.05687885185883657241 ) ) ;
#8301 = CARTESIAN_POINT ( 'NONE',  ( 1.119571432937081168, 0.2044089816435722129, -0.02230649118532043035 ) ) ;
#8302 = LINE ( 'NONE', #11054, #10590 ) ;
#8303 = CARTESIAN_POINT ( 'NONE',  ( 1.112179850964241767, 0.2309375462543823976, -0.004606045399620955702 ) ) ;
#8304 =( NAMED_UNIT ( * ) SI_UNIT ( $, .STERADIAN. ) SOLID_ANGLE_UNIT ( ) );
#8305 = CARTESIAN_POINT ( 'NONE',  ( 1.117065663944026621, 0.1720602073083768446, 0.05018182842931857846 ) ) ;
#8306 = CARTESIAN_POINT ( 'NONE',  ( 1.128006972057755686, 0.1113087517052230996, -0.02286321195950401231 ) ) ;
#8307 =( NAMED_UNIT ( * ) PLANE_ANGLE_UNIT ( ) SI_UNIT ( $, .RADIAN. ) );
#8308 = CARTESIAN_POINT ( 'NONE',  ( 1.132959688476586235, 0.1435854870793692173, -0.007471519969934293723 ) ) ;
#8309 = ORIENTED_EDGE ( 'NONE', *, *, #9770, .F. ) ;
#8310 = FILL_AREA_STYLE ('',( #4210 ) ) ;
#8311 = CARTESIAN_POINT ( 'NONE',  ( 1.134462553336397450, -0.04602662170454856205, 0.04657192071257250376 ) ) ;
#8312 = ORIENTED_EDGE ( 'NONE', *, *, #8621, .T. ) ;
#8313 = VERTEX_POINT ( 'NONE', #10547 ) ;
#8314 = FILL_AREA_STYLE_COLOUR ( '', #5008 ) ;
#8315 = DIRECTION ( 'NONE',  ( 3.491481338843133355E-15, -0.000000000000000000, 1.000000000000000000 ) ) ;
#8316 = CARTESIAN_POINT ( 'NONE',  ( 1.131010868397307689, 0.08729309151253333843, 0.04269065918973492801 ) ) ;
#8317 = ORIENTED_EDGE ( 'NONE', *, *, #4663, .T. ) ;
#8318 = ORIENTED_EDGE ( 'NONE', *, *, #8518, .F. ) ;
#8319 = CARTESIAN_POINT ( 'NONE',  ( 1.128757827729781393, 0.1652221171361888397, 0.05687885185883380379 ) ) ;
#8320 = B_SPLINE_CURVE_WITH_KNOTS ( 'NONE', 1,
 ( #5770, #1474 ),
 .UNSPECIFIED., .F., .F.,
 ( 2, 2 ),
 ( 0.000000000000000000, 1.000000000000000000 ),
 .UNSPECIFIED. ) ;
#8321 = FILL_AREA_STYLE_COLOUR ( '', #4427 ) ;
#8322 = UNCERTAINTY_MEASURE_WITH_UNIT (LENGTH_MEASURE( 1.000000000000000082E-05 ), #9032, 'distance_accuracy_value', 'NONE');
#8323 = EDGE_CURVE ( 'NONE', #5068, #2811, #4205, .T. ) ;
#8324 = ORIENTED_EDGE ( 'NONE', *, *, #8078, .F. ) ;
#8325 = CARTESIAN_POINT ( 'NONE',  ( 1.098921418345508716, 0.2400904721308206036, -0.004606045399571516083 ) ) ;
#8326 = CARTESIAN_POINT ( 'NONE',  ( 0.3357876820061007628, 0.000000000000000000, 0.1001939685163951710 ) ) ;
#8327 = SURFACE_STYLE_FILL_AREA ( #5483 ) ;
#8328 = CARTESIAN_POINT ( 'NONE',  ( 1.136627597108411214, 0.1214989353389489962, 0.05698255474804667098 ) ) ;
#8329 = CARTESIAN_POINT ( 'NONE',  ( 1.135280338797021615, 0.1300447586476082829, -0.01166875796278319180 ) ) ;
#8330 = SURFACE_STYLE_FILL_AREA ( #588 ) ;
#8331 = SURFACE_STYLE_FILL_AREA ( #2413 ) ;
#8332 = ORIENTED_EDGE ( 'NONE', *, *, #6032, .T. ) ;
#8333 = EDGE_CURVE ( 'NONE', #5557, #3622, #5270, .T. ) ;
#8334 = ORIENTED_EDGE ( 'NONE', *, *, #2132, .F. ) ;
#8335 = CARTESIAN_POINT ( 'NONE',  ( 1.109909550784675902, 0.2018299588236746600, 0.03361119833001464247 ) ) ;
#8336 = FILL_AREA_STYLE_COLOUR ( '', #9279 ) ;
#8337 =( LENGTH_UNIT ( ) NAMED_UNIT ( * ) SI_UNIT ( .MILLI., .METRE. ) );
#8338 =( LENGTH_UNIT ( ) NAMED_UNIT ( * ) SI_UNIT ( .MILLI., .METRE. ) );
#8339 = SURFACE_SIDE_STYLE ('',( #8238 ) ) ;
#8340 = ORIENTED_EDGE ( 'NONE', *, *, #6328, .F. ) ;
#8341 = EDGE_CURVE ( 'NONE', #10183, #10391, #6000, .T. ) ;
#8342 = SURFACE_STYLE_FILL_AREA ( #5927 ) ;
#8343 = UNCERTAINTY_MEASURE_WITH_UNIT (LENGTH_MEASURE( 1.000000000000000082E-05 ), #6128, 'distance_accuracy_value', 'NONE');
#8344 = B_SPLINE_CURVE_WITH_KNOTS ( 'NONE', 3,
 ( #3513, #1768, #5228, #4488 ),
 .UNSPECIFIED., .F., .F.,
 ( 4, 4 ),
 ( 0.000000000000000000, 1.000000000000000000 ),
 .UNSPECIFIED. ) ;
#8345 =( NAMED_UNIT ( * ) SI_UNIT ( $, .STERADIAN. ) SOLID_ANGLE_UNIT ( ) );
#8346 = ORIENTED_EDGE ( 'NONE', *, *, #7390, .T. ) ;
#8347 = ORIENTED_EDGE ( 'NONE', *, *, #10745, .T. ) ;
#8348 = ADVANCED_FACE ( 'NONE', ( #8072 ), #3665, .T. ) ;
#8349 = SURFACE_STYLE_FILL_AREA ( #10875 ) ;
#8350 = CARTESIAN_POINT ( 'NONE',  ( 1.138602848732804818, 0.1076466816654080144, -0.008584961518158237131 ) ) ;
#8351 = CIRCLE ( 'NONE', #6162, 0.8000000000000001554 ) ;
#8352 = CARTESIAN_POINT ( 'NONE',  ( 1.122226444519784261, 0.1466767630401822065, 0.04294445836608781764 ) ) ;
#8353 = CARTESIAN_POINT ( 'NONE',  ( 1.114970639955905396, 0.2213005152289355959, -0.009534661662203604282 ) ) ;
#8354 = CARTESIAN_POINT ( 'NONE',  ( 1.128397792421516277, 0.1084865831850820306, -0.01854043889014449220 ) ) ;
#8355 = STYLED_ITEM ( 'NONE', ( #4739 ), #6113 ) ;
#8356 = CARTESIAN_POINT ( 'NONE',  ( 1.118745108017201506, 0.2075516057612452614, 0.02485103320822999728 ) ) ;
#8357 = ORIENTED_EDGE ( 'NONE', *, *, #8278, .F. ) ;
#8358 = CARTESIAN_POINT ( 'NONE',  ( 1.144123568519484158, -0.05189503420002650191, 0.04702734930824167131 ) ) ;
#8359 = EDGE_LOOP ( 'NONE', ( #6304, #11256, #4839, #9371 ) ) ;
#8360 = EDGE_LOOP ( 'NONE', ( #2127, #10856, #2941, #10170 ) ) ;
#8361 =( LENGTH_UNIT ( ) NAMED_UNIT ( * ) SI_UNIT ( .MILLI., .METRE. ) );
#8362 = FACE_OUTER_BOUND ( 'NONE', #912, .T. ) ;
#8363 = FILL_AREA_STYLE ('',( #626 ) ) ;
#8364 = UNCERTAINTY_MEASURE_WITH_UNIT (LENGTH_MEASURE( 1.000000000000000082E-05 ), #4679, 'distance_accuracy_value', 'NONE');
#8365 = ORIENTED_EDGE ( 'NONE', *, *, #10190, .F. ) ;
#8366 = VERTEX_POINT ( 'NONE', #7274 ) ;
#8367 = AXIS2_PLACEMENT_3D ( 'NONE', #6263, #9748, #8932 ) ;
#8368 = AXIS2_PLACEMENT_3D ( 'NONE', #3275, #1652, #7748 ) ;
#8369 = FILL_AREA_STYLE ('',( #9336 ) ) ;
#8370 = DIRECTION ( 'NONE',  ( -1.000000000000000000, 0.000000000000000000, 3.491481338843133355E-15 ) ) ;
#8371 = CARTESIAN_POINT ( 'NONE',  ( 1.116469405313945229, 0.1747456634457454361, 0.002385712559677263204 ) ) ;
#8372 = MECHANICAL_DESIGN_GEOMETRIC_PRESENTATION_REPRESENTATION (  '', ( #3623 ), #2372 ) ;
#8373 = COLOUR_RGB ( '',0.000000000000000000, 0.000000000000000000, 0.000000000000000000 ) ;
#8374 = CARTESIAN_POINT ( 'NONE',  ( 1.110375279079546029, 0.2368840527768505400, 0.001976359049127990319 ) ) ;
#8375 = STYLED_ITEM ( 'NONE', ( #4917 ), #5886 ) ;
#8376 = EDGE_LOOP ( 'NONE', ( #10621, #3128, #2262, #3255, #6882, #4070, #10450 ) ) ;
#8377 = EDGE_CURVE ( 'NONE', #10996, #6038, #9707, .T. ) ;
#8378 = CARTESIAN_POINT ( 'NONE',  ( 0.3357876820061003187, 0.000000000000000000, -0.02606900220520442721 ) ) ;
#8379 =( GEOMETRIC_REPRESENTATION_CONTEXT ( 3 ) GLOBAL_UNCERTAINTY_ASSIGNED_CONTEXT ( ( #5882 ) ) GLOBAL_UNIT_ASSIGNED_CONTEXT ( ( #2233, #10299, #2285 ) ) REPRESENTATION_CONTEXT ( 'NONE', 'WORKASPACE' ) );
#8380 = FACE_OUTER_BOUND ( 'NONE', #2883, .T. ) ;
#8381 =( LENGTH_UNIT ( ) NAMED_UNIT ( * ) SI_UNIT ( .MILLI., .METRE. ) );
#8382 = VECTOR ( 'NONE', #11, 1000.000000000000000 ) ;
#8383 = CYLINDRICAL_SURFACE ( 'NONE', #8672, 0.7999999999999999334 ) ;
#8384 = STYLED_ITEM ( 'NONE', ( #6413 ), #2715 ) ;
#8385 = CARTESIAN_POINT ( 'NONE',  ( 1.126812217583958553, 0.1742991225274368727, 0.03184210272429182503 ) ) ;
#8386 = COLOUR_RGB ( '',0.000000000000000000, 0.000000000000000000, 0.000000000000000000 ) ;
#8387 = SURFACE_SIDE_STYLE ('',( #4910 ) ) ;
#8388 = FACE_OUTER_BOUND ( 'NONE', #457, .T. ) ;
#8389 = PRESENTATION_STYLE_ASSIGNMENT (( #1283 ) ) ;
#8390 = CARTESIAN_POINT ( 'NONE',  ( 1.127573733570371051, 0.1143895705845586752, 0.05347393590837044852 ) ) ;
#8391 = ORIENTED_EDGE ( 'NONE', *, *, #9865, .T. ) ;
#8392 = CIRCLE ( 'NONE', #3844, 0.7999999999999998224 ) ;
#8393 = AXIS2_PLACEMENT_3D ( 'NONE', #9110, #9932, #1092 ) ;
#8394 = AXIS2_PLACEMENT_3D ( 'NONE', #11252, #10412, #2342 ) ;
#8395 = CARTESIAN_POINT ( 'NONE',  ( 1.128727410421646482, 0.1060499273940342102, -0.02469711568594331122 ) ) ;
#8396 = ADVANCED_FACE ( 'NONE', ( #5438 ), #3338, .T. ) ;
#8397 = B_SPLINE_SURFACE_WITH_KNOTS ( 'NONE', 1, 3, ( 
 ( #669, #11058, #5840, #3964 ),
 ( #5006, #4146, #7462, #7630 ) ),
 .UNSPECIFIED., .F., .F., .F.,
 ( 2, 2 ),
 ( 4, 4 ),
 ( 0.000000000000000000, 1.000000000000000000 ),
 ( 0.000000000000000000, 1.000000000000000000 ),
 .UNSPECIFIED. ) ;
#8398 = VERTEX_POINT ( 'NONE', #10814 ) ;
#8399 = CARTESIAN_POINT ( 'NONE',  ( 1.121350092438191837, 0.1513131459110512167, -0.008814199483975996424 ) ) ;
#8400 = AXIS2_PLACEMENT_3D ( 'NONE', #7313, #6446, #7379 ) ;
#8401 = CARTESIAN_POINT ( 'NONE',  ( 1.145213808576958536, -0.03048462733894207952, -0.01375810219837297378 ) ) ;
#8402 =( NAMED_UNIT ( * ) PLANE_ANGLE_UNIT ( ) SI_UNIT ( $, .RADIAN. ) );
#8403 = CIRCLE ( 'NONE', #4951, 0.8100000000000000533 ) ;
#8404 = CIRCLE ( 'NONE', #7510, 0.8000000000000000444 ) ;
#8405 = FILL_AREA_STYLE ('',( #656 ) ) ;
#8406 = CARTESIAN_POINT ( 'NONE',  ( 1.124521249319406335, 0.1337884890161586127, -0.02649827113144429674 ) ) ;
#8407 = ORIENTED_EDGE ( 'NONE', *, *, #8788, .F. ) ;
#8408 = B_SPLINE_SURFACE_WITH_KNOTS ( 'NONE', 1, 3, ( 
 ( #1937, #10882, #8924, #4784 ),
 ( #3800, #5566, #1257, #6363 ) ),
 .UNSPECIFIED., .F., .F., .F.,
 ( 2, 2 ),
 ( 4, 4 ),
 ( 0.000000000000000000, 1.000000000000000000 ),
 ( 0.000000000000000000, 1.000000000000000000 ),
 .UNSPECIFIED. ) ;
#8409 = LINE ( 'NONE', #11165, #5633 ) ;
#8410 = CARTESIAN_POINT ( 'NONE',  ( 1.115086614028790946, 0.2208921789850593342, -0.004978200085862848415 ) ) ;
#8411 = COLOUR_RGB ( '',0.000000000000000000, 0.000000000000000000, 0.000000000000000000 ) ;
#8412 = VERTEX_POINT ( 'NONE', #2988 ) ;
#8413 = ORIENTED_EDGE ( 'NONE', *, *, #2115, .F. ) ;
#8414 = CARTESIAN_POINT ( 'NONE',  ( 1.135299299796363348, 0.02794947259603342352, -0.02606900220520719236 ) ) ;
#8415 = EDGE_CURVE ( 'NONE', #728, #44, #6469, .T. ) ;
#8416 = DIRECTION ( 'NONE',  ( 3.491481338843133355E-15, -0.000000000000000000, 1.000000000000000000 ) ) ;
#8417 = CARTESIAN_POINT ( 'NONE',  ( 1.124546030598792434, 0.1336288533439257409, -0.009331040303425210819 ) ) ;
#8418 = STYLED_ITEM ( 'NONE', ( #925 ), #3305 ) ;
#8419 = CARTESIAN_POINT ( 'NONE',  ( 1.125144647700676126, 0.1817021149445149086, 0.03690693879884342915 ) ) ;
#8420 = CARTESIAN_POINT ( 'NONE',  ( 1.145742138379734598, -0.008589447042203561880, 0.05180912280806410780 ) ) ;
#8421 = CARTESIAN_POINT ( 'NONE',  ( 1.109806174692898884, 0.2022260442644729095, 0.006069894152875641991 ) ) ;
#8422 = TOROIDAL_SURFACE ( 'NONE', #3680, 0.5899999999999997469, 0.01000000000000000021 ) ;
#8423 = CARTESIAN_POINT ( 'NONE',  ( 1.123761255373128432, 0.1382110256232398637, -0.005969795029092726454 ) ) ;
#8424 =( LENGTH_UNIT ( ) NAMED_UNIT ( * ) SI_UNIT ( .MILLI., .METRE. ) );
#8425 = EDGE_CURVE ( 'NONE', #7751, #2618, #7805, .T. ) ;
#8426 = SURFACE_SIDE_STYLE ('',( #497 ) ) ;
#8427 = DIRECTION ( 'NONE',  ( 3.491481338843133355E-15, -0.000000000000000000, 1.000000000000000000 ) ) ;
#8428 = EDGE_CURVE ( 'NONE', #7329, #11023, #3195, .T. ) ;
#8429 = ORIENTED_EDGE ( 'NONE', *, *, #3172, .F. ) ;
#8430 = MECHANICAL_DESIGN_GEOMETRIC_PRESENTATION_REPRESENTATION (  '', ( #7539 ), #5682 ) ;
#8431 = VERTEX_POINT ( 'NONE', #10136 ) ;
#8432 = EDGE_CURVE ( 'NONE', #6619, #9864, #10942, .T. ) ;
#8433 = CARTESIAN_POINT ( 'NONE',  ( 0.3357876820060969325, 0.000000000000000000, -0.9898060314836047979 ) ) ;
#8434 = CARTESIAN_POINT ( 'NONE',  ( 1.121979162136835795, 0.1479964748561366505, -0.03329353940355230662 ) ) ;
#8435 = EDGE_CURVE ( 'NONE', #4209, #4156, #9845, .T. ) ;
#8436 =( NAMED_UNIT ( * ) PLANE_ANGLE_UNIT ( ) SI_UNIT ( $, .RADIAN. ) );
#8437 = EDGE_LOOP ( 'NONE', ( #9754, #4081, #1082, #8112 ) ) ;
#8438 = LINE ( 'NONE', #11141, #9073 ) ;
#8439 = FILL_AREA_STYLE_COLOUR ( '', #8765 ) ;
#8440 = B_SPLINE_CURVE_WITH_KNOTS ( 'NONE', 1,
 ( #4287, #6732 ),
 .UNSPECIFIED., .F., .F.,
 ( 2, 2 ),
 ( 0.000000000000000000, 1.000000000000000000 ),
 .UNSPECIFIED. ) ;
#8441 = CARTESIAN_POINT ( 'NONE',  ( 1.135676676690780651, 0.01353266496783561701, 0.004824270478298131430 ) ) ;
#8442 = CARTESIAN_POINT ( 'NONE',  ( 1.139232983611195404, 0.1028384486468185283, 0.03574248398371387969 ) ) ;
#8443 = EDGE_CURVE ( 'NONE', #6594, #4209, #5213, .T. ) ;
#8444 = FILL_AREA_STYLE_COLOUR ( '', #6290 ) ;
#8445 = MECHANICAL_DESIGN_GEOMETRIC_PRESENTATION_REPRESENTATION (  '', ( #10656 ), #5350 ) ;
#8446 = CARTESIAN_POINT ( 'NONE',  ( 1.125144655485959211, 0.1817020811766228983, 0.03690639642941703075 ) ) ;
#8447 = FILL_AREA_STYLE ('',( #3298 ) ) ;
#8448 = CARTESIAN_POINT ( 'NONE',  ( 1.116408555218666887, 0.1750172914453036188, 0.05263794949152367231 ) ) ;
#8449 = EDGE_LOOP ( 'NONE', ( #7863, #5325, #5595, #8028 ) ) ;
#8450 = CARTESIAN_POINT ( 'NONE',  ( 1.109357977896745728, 0.2039367131637879194, 0.02777108824882795063 ) ) ;
#8451 = STYLED_ITEM ( 'NONE', ( #1132 ), #9240 ) ;
#8452 = ORIENTED_EDGE ( 'NONE', *, *, #2964, .F. ) ;
#8453 = CARTESIAN_POINT ( 'NONE',  ( 1.110986013013062879, 0.2348777290507125248, 0.006069894152875858831 ) ) ;
#8454 = PLANE ( 'NONE',  #9297 ) ;
#8455 = CARTESIAN_POINT ( 'NONE',  ( 1.111931510082857733, 0.2317342403236017645, -0.01357907434454598203 ) ) ;
#8456 = AXIS2_PLACEMENT_3D ( 'NONE', #8757, #7856, #8700 ) ;
#8457 = FILL_AREA_STYLE_COLOUR ( '', #6754 ) ;
#8458 = CARTESIAN_POINT ( 'NONE',  ( 1.133494718517575661, -0.06136956093442575561, 0.04638753727407343014 ) ) ;
#8459 =( NAMED_UNIT ( * ) PLANE_ANGLE_UNIT ( ) SI_UNIT ( $, .RADIAN. ) );
#8460 = ORIENTED_EDGE ( 'NONE', *, *, #6848, .F. ) ;
#8461 = STYLED_ITEM ( 'NONE', ( #8079 ), #2652 ) ;
#8462 = UNCERTAINTY_MEASURE_WITH_UNIT (LENGTH_MEASURE( 1.000000000000000082E-05 ), #9779, 'distance_accuracy_value', 'NONE');
#8463 = CARTESIAN_POINT ( 'NONE',  ( 1.126094232630755032, 0.1775262841930646263, 0.03776540595568794734 ) ) ;
#8464 = FACE_OUTER_BOUND ( 'NONE', #10215, .T. ) ;
#8465 = ORIENTED_EDGE ( 'NONE', *, *, #7796, .F. ) ;
#8466 = ORIENTED_EDGE ( 'NONE', *, *, #7265, .T. ) ;
#8467 = PRESENTATION_STYLE_ASSIGNMENT (( #5884 ) ) ;
#8468 = FILL_AREA_STYLE ('',( #4199 ) ) ;
#8469 = CARTESIAN_POINT ( 'NONE',  ( 1.119331742896319870, 0.1917545716659065924, 0.03722988336162975920 ) ) ;
#8470 = CARTESIAN_POINT ( 'NONE',  ( 1.144337773143835557, -0.04844326703640708387, -0.01375688538146412933 ) ) ;
#8471 = B_SPLINE_CURVE_WITH_KNOTS ( 'NONE', 3,
 ( #2284, #3933, #3071, #6559 ),
 .UNSPECIFIED., .F., .F.,
 ( 4, 4 ),
 ( 0.000000000000000000, 1.000000000000000000 ),
 .UNSPECIFIED. ) ;
#8472 = FILL_AREA_STYLE_COLOUR ( '', #8004 ) ;
#8473 = FILL_AREA_STYLE_COLOUR ( '', #3757 ) ;
#8474 = UNCERTAINTY_MEASURE_WITH_UNIT (LENGTH_MEASURE( 1.000000000000000082E-05 ), #10363, 'distance_accuracy_value', 'NONE');
#8475 = ORIENTED_EDGE ( 'NONE', *, *, #7873, .T. ) ;
#8476 = SURFACE_STYLE_FILL_AREA ( #1546 ) ;
#8477 = CARTESIAN_POINT ( 'NONE',  ( 1.141397181222574275, 0.08422193759457324846, 0.3561756190388881138 ) ) ;
#8478 = ORIENTED_EDGE ( 'NONE', *, *, #2336, .T. ) ;
#8479 = DIRECTION ( 'NONE',  ( 1.000000000000000000, 0.000000000000000000, -3.490612318438091411E-15 ) ) ;
#8480 = EDGE_CURVE ( 'NONE', #4255, #11181, #2491, .T. ) ;
#8481 = ORIENTED_EDGE ( 'NONE', *, *, #9034, .T. ) ;
#8482 = ORIENTED_EDGE ( 'NONE', *, *, #11174, .F. ) ;
#8483 = SURFACE_SIDE_STYLE ('',( #632 ) ) ;
#8484 = PRESENTATION_STYLE_ASSIGNMENT (( #1604 ) ) ;
#8485 = CARTESIAN_POINT ( 'NONE',  ( 1.105180847162698488, 0.2423742323792338338, -0.01719775937616185510 ) ) ;
#8486 = SURFACE_STYLE_FILL_AREA ( #10226 ) ;
#8487 = B_SPLINE_SURFACE_WITH_KNOTS ( 'NONE', 1, 3, ( 
 ( #530, #9145, #7512, #1362 ),
 ( #4817, #8292, #4078, #6750 ) ),
 .UNSPECIFIED., .F., .F., .F.,
 ( 2, 2 ),
 ( 4, 4 ),
 ( 0.000000000000000000, 1.000000000000000000 ),
 ( 0.000000000000000000, 1.000000000000000000 ),
 .UNSPECIFIED. ) ;
#8488 = ORIENTED_EDGE ( 'NONE', *, *, #7107, .F. ) ;
#8489 = DIRECTION ( 'NONE',  ( 3.491481338843133355E-15, -0.000000000000000000, 1.000000000000000000 ) ) ;
#8490 = CARTESIAN_POINT ( 'NONE',  ( 1.134690479308109401, 0.04189819695818629980, 0.01602214174807397445 ) ) ;
#8491 = DIRECTION ( 'NONE',  ( -3.491481338843133355E-15, 0.000000000000000000, -1.000000000000000000 ) ) ;
#8492 = FILL_AREA_STYLE_COLOUR ( '', #7221 ) ;
#8493 = CARTESIAN_POINT ( 'NONE',  ( 1.123118058767074157, 0.1418128267450560198, -0.007471519969934293723 ) ) ;
#8494 = AXIS2_PLACEMENT_3D ( 'NONE', #10449, #11123, #4320 ) ;
#8495 = FILL_AREA_STYLE ('',( #8608 ) ) ;
#8496 = SURFACE_SIDE_STYLE ('',( #3350 ) ) ;
#8497 =( GEOMETRIC_REPRESENTATION_CONTEXT ( 3 ) GLOBAL_UNCERTAINTY_ASSIGNED_CONTEXT ( ( #4800 ) ) GLOBAL_UNIT_ASSIGNED_CONTEXT ( ( #1622, #8554, #878 ) ) REPRESENTATION_CONTEXT ( 'NONE', 'WORKASPACE' ) );
#8498 = CARTESIAN_POINT ( 'NONE',  ( 1.122081413428336782, 0.1474547781881585806, -0.03662294795447749302 ) ) ;
#8499 = VERTEX_POINT ( 'NONE', #7619 ) ;
#8500 = CARTESIAN_POINT ( 'NONE',  ( 1.109078966955336032, 0.2049892402580200390, 0.02485103320822999728 ) ) ;
#8501 = B_SPLINE_CURVE_WITH_KNOTS ( 'NONE', 3,
 ( #11048, #3911, #7404, #6591 ),
 .UNSPECIFIED., .F., .F.,
 ( 4, 4 ),
 ( 0.000000000000000000, 0.9999379449349170557 ),
 .UNSPECIFIED. ) ;
#8502 = EDGE_CURVE ( 'NONE', #7406, #3894, #9280, .T. ) ;
#8503 = ORIENTED_EDGE ( 'NONE', *, *, #7935, .F. ) ;
#8504 = CIRCLE ( 'NONE', #10539, 0.7999999999999999334 ) ;
#8505 = CARTESIAN_POINT ( 'NONE',  ( 1.120970850392186247, 0.1532689169158709119, -0.01454514862892918210 ) ) ;
#8506 = PLANE ( 'NONE',  #2830 ) ;
#8507 = DIRECTION ( 'NONE',  ( 0.1595826529376057068, -0.9871845708282700471, -5.571798547347306704E-16 ) ) ;
#8508 = CARTESIAN_POINT ( 'NONE',  ( 1.134161564850970860, 0.1367521570794974217, -0.01658645813399194091 ) ) ;
#8509 =( NAMED_UNIT ( * ) SI_UNIT ( $, .STERADIAN. ) SOLID_ANGLE_UNIT ( ) );
#8510 =( NAMED_UNIT ( * ) SI_UNIT ( $, .STERADIAN. ) SOLID_ANGLE_UNIT ( ) );
#8511 = VERTEX_POINT ( 'NONE', #11103 ) ;
#8512 = EDGE_CURVE ( 'NONE', #9901, #1905, #419, .T. ) ;
#8513 = CARTESIAN_POINT ( 'NONE',  ( 1.135787682006101695, 0.000000000000000000, 0.3561756190388881138 ) ) ;
#8514 = CARTESIAN_POINT ( 'NONE',  ( 0.3357876820061003187, 0.000000000000000000, -0.01153230679267050300 ) ) ;
#8515 = ORIENTED_EDGE ( 'NONE', *, *, #11055, .T. ) ;
#8517 = ORIENTED_EDGE ( 'NONE', *, *, #7755, .F. ) ;
#8516 = UNCERTAINTY_MEASURE_WITH_UNIT (LENGTH_MEASURE( 1.000000000000000082E-05 ), #7549, 'distance_accuracy_value', 'NONE');
#8518 = EDGE_CURVE ( 'NONE', #9666, #3850, #2617, .T. ) ;
#8519 = CARTESIAN_POINT ( 'NONE',  ( 1.138666738215899921, 0.1071691238168061000, 0.05270208714351751200 ) ) ;
#8520 = DIRECTION ( 'NONE',  ( 3.491481338843133355E-15, 0.000000000000000000, 1.000000000000000000 ) ) ;
#8521 = SURFACE_SIDE_STYLE ('',( #670 ) ) ;
#8522 = CARTESIAN_POINT ( 'NONE',  ( 1.104605779836051127, 0.2329445790173733655, 0.006069894152875884852 ) ) ;
#8523 = CARTESIAN_POINT ( 'NONE',  ( 1.124467510828704775, 0.1341261093589047326, -0.002699108280226414965 ) ) ;
#8524 = CARTESIAN_POINT ( 'NONE',  ( 1.135322875111385299, 0.02726673772373165716, -0.02606900220520719236 ) ) ;
#8525 = CARTESIAN_POINT ( 'NONE',  ( 1.122883752474023389, 0.1912584007408694164, 0.03361119833001458695 ) ) ;
#8526 = CARTESIAN_POINT ( 'NONE',  ( 1.135740301461795942, -0.008706700062117166822, 0.06547222589606033205 ) ) ;
#8527 = ORIENTED_EDGE ( 'NONE', *, *, #2598, .F. ) ;
#8528 = ORIENTED_EDGE ( 'NONE', *, *, #10333, .T. ) ;
#8529 = CARTESIAN_POINT ( 'NONE',  ( 1.128329389308143416, 0.1090319517245689901, 0.05542447295591297618 ) ) ;
#8530 = CARTESIAN_POINT ( 'NONE',  ( 1.125561865857089616, 0.1642189076617413257, 0.02485103320822984463 ) ) ;
#8531 = MECHANICAL_DESIGN_GEOMETRIC_PRESENTATION_REPRESENTATION (  '', ( #2884 ), #2349 ) ;
#8532 = ORIENTED_EDGE ( 'NONE', *, *, #8882, .T. ) ;
#8533 = PRESENTATION_LAYER_ASSIGNMENT (  '', '', ( #913 ) ) ;
#8534 = UNCERTAINTY_MEASURE_WITH_UNIT (LENGTH_MEASURE( 1.000000000000000082E-05 ), #9033, 'distance_accuracy_value', 'NONE');
#8535 = CARTESIAN_POINT ( 'NONE',  ( 1.109994553002337625, 0.2015446730865450009, 0.04620291230638588764 ) ) ;
#8536 = FILL_AREA_STYLE ('',( #8439 ) ) ;
#8537 =( GEOMETRIC_REPRESENTATION_CONTEXT ( 3 ) GLOBAL_UNCERTAINTY_ASSIGNED_CONTEXT ( ( #6866 ) ) GLOBAL_UNIT_ASSIGNED_CONTEXT ( ( #5231, #207, #899 ) ) REPRESENTATION_CONTEXT ( 'NONE', 'WORKASPACE' ) );
#8538 = LINE ( 'NONE', #7761, #9634 ) ;
#8539 =( LENGTH_UNIT ( ) NAMED_UNIT ( * ) SI_UNIT ( .MILLI., .METRE. ) );
#8540 = ADVANCED_FACE ( 'NONE', ( #6640 ), #10395, .T. ) ;
#8541 = MECHANICAL_DESIGN_GEOMETRIC_PRESENTATION_REPRESENTATION (  '', ( #7650 ), #10581 ) ;
#8542 = CARTESIAN_POINT ( 'NONE',  ( 1.134520007007010056, 0.1346353333959597331, -0.006669187089668247685 ) ) ;
#8543 = MECHANICAL_DESIGN_GEOMETRIC_PRESENTATION_REPRESENTATION (  '', ( #5975 ), #9650 ) ;
#8544 = ADVANCED_FACE ( 'NONE', ( #9190 ), #10367, .T. ) ;
#8545 = SURFACE_STYLE_FILL_AREA ( #11089 ) ;
#8546 = CARTESIAN_POINT ( 'NONE',  ( 1.139603271804539242, 0.09990244039556832323, 0.3561756190388881138 ) ) ;
#8547 = MECHANICAL_DESIGN_GEOMETRIC_PRESENTATION_REPRESENTATION (  '', ( #5626 ), #6180 ) ;
#8548 = ADVANCED_FACE ( 'NONE', ( #7780 ), #10, .F. ) ;
#8549 = SURFACE_STYLE_FILL_AREA ( #1619 ) ;
#8550 =( LENGTH_UNIT ( ) NAMED_UNIT ( * ) SI_UNIT ( .MILLI., .METRE. ) );
#8551 = MECHANICAL_DESIGN_GEOMETRIC_PRESENTATION_REPRESENTATION (  '', ( #549 ), #746 ) ;
#8552 = CARTESIAN_POINT ( 'NONE',  ( 1.099205000812350397, 0.2391526653555763049, -0.01357907434454587274 ) ) ;
#8553 = ORIENTED_EDGE ( 'NONE', *, *, #6508, .T. ) ;
#8554 =( NAMED_UNIT ( * ) PLANE_ANGLE_UNIT ( ) SI_UNIT ( $, .RADIAN. ) );
#8555 = CARTESIAN_POINT ( 'NONE',  ( 1.145032021059530836, 0.03497999013688925934, 0.03564162355583488928 ) ) ;
#8556 = B_SPLINE_CURVE_WITH_KNOTS ( 'NONE', 3,
 ( #3389, #7697, #1659, #2629 ),
 .UNSPECIFIED., .F., .F.,
 ( 4, 4 ),
 ( 0.000000000000000000, 1.000000000000000000 ),
 .UNSPECIFIED. ) ;
#8557 = ORIENTED_EDGE ( 'NONE', *, *, #7802, .F. ) ;
#8558 = PRESENTATION_LAYER_ASSIGNMENT (  '', '', ( #4201 ) ) ;
#8559 = CARTESIAN_POINT ( 'NONE',  ( 1.133266568953555486, -0.06498493455735436519, 0.03193008765713941516 ) ) ;
#8560 = COLOUR_RGB ( '',0.000000000000000000, 0.000000000000000000, 0.000000000000000000 ) ;
#8561 = MECHANICAL_DESIGN_GEOMETRIC_PRESENTATION_REPRESENTATION (  '', ( #7494 ), #2375 ) ;
#8562 = CARTESIAN_POINT ( 'NONE',  ( 1.116360566357830653, 0.2035118751472053122, 0.03361119833001462859 ) ) ;
#8563 = CIRCLE ( 'NONE', #3841, 0.8000000000000002665 ) ;
#8564 = CARTESIAN_POINT ( 'NONE',  ( 1.131026235449141826, 0.1539338920375195041, -0.03006783374187219429 ) ) ;
#8565 =( GEOMETRIC_REPRESENTATION_CONTEXT ( 3 ) GLOBAL_UNCERTAINTY_ASSIGNED_CONTEXT ( ( #5333 ) ) GLOBAL_UNIT_ASSIGNED_CONTEXT ( ( #7946, #350, #3769 ) ) REPRESENTATION_CONTEXT ( 'NONE', 'WORKASPACE' ) );
#8566 = COLOUR_RGB ( '',0.000000000000000000, 0.000000000000000000, 0.000000000000000000 ) ;
#8567 = MECHANICAL_DESIGN_GEOMETRIC_PRESENTATION_REPRESENTATION (  '', ( #2209 ), #4027 ) ;
#8568 = CARTESIAN_POINT ( 'NONE',  ( 1.145627986111443120, 0.01608358935580373947, 0.0008011950998592634252 ) ) ;
#8569 = ORIENTED_EDGE ( 'NONE', *, *, #3751, .F. ) ;
#8570 = UNCERTAINTY_MEASURE_WITH_UNIT (LENGTH_MEASURE( 1.000000000000000082E-05 ), #7789, 'distance_accuracy_value', 'NONE');
#8571 =( NAMED_UNIT ( * ) SI_UNIT ( $, .STERADIAN. ) SOLID_ANGLE_UNIT ( ) );
#8572 = ORIENTED_EDGE ( 'NONE', *, *, #2101, .F. ) ;
#8573 = ORIENTED_EDGE ( 'NONE', *, *, #9238, .F. ) ;
#8574 = FILL_AREA_STYLE ('',( #10203 ) ) ;
#8575 = PRESENTATION_LAYER_ASSIGNMENT (  '', '', ( #10780 ) ) ;
#8576 = EDGE_CURVE ( 'NONE', #8982, #5353, #1538, .T. ) ;
#8577 = SURFACE_SIDE_STYLE ('',( #10494 ) ) ;
#8578 = CARTESIAN_POINT ( 'NONE',  ( 1.135170521945426447, -0.03211279397331056468, 0.004315164957812778548 ) ) ;
#8579 = AXIS2_PLACEMENT_3D ( 'NONE', #10898, #1442, #4851 ) ;
#8580 =( NAMED_UNIT ( * ) PLANE_ANGLE_UNIT ( ) SI_UNIT ( $, .RADIAN. ) );
#8581 = CARTESIAN_POINT ( 'NONE',  ( 1.104863815815924966, 0.2202768721498757909, -0.02595792449772778288 ) ) ;
#8582 = CARTESIAN_POINT ( 'NONE',  ( 1.134724375931994267, 0.1334172368877528936, -0.008896070185896201923 ) ) ;
#8583 = CARTESIAN_POINT ( 'NONE',  ( 1.128114078928592168, 0.1683149904354244997, 0.05304873516464214678 ) ) ;
#8584 = DIRECTION ( 'NONE',  ( 3.491481338843133355E-15, -0.000000000000000000, 1.000000000000000000 ) ) ;
#8585 = VECTOR ( 'NONE', #7657, 1000.000000000000000 ) ;
#8586 = FACE_BOUND ( 'NONE', #3791, .T. ) ;
#8587 =( LENGTH_UNIT ( ) NAMED_UNIT ( * ) SI_UNIT ( .MILLI., .METRE. ) );
#8588 = ORIENTED_EDGE ( 'NONE', *, *, #9516, .F. ) ;
#8589 = FACE_OUTER_BOUND ( 'NONE', #4141, .T. ) ;
#8590 = FILL_AREA_STYLE ('',( #9262 ) ) ;
#8591 = ORIENTED_EDGE ( 'NONE', *, *, #4257, .F. ) ;
#8592 = ORIENTED_EDGE ( 'NONE', *, *, #3543, .F. ) ;
#8593 =( NAMED_UNIT ( * ) PLANE_ANGLE_UNIT ( ) SI_UNIT ( $, .RADIAN. ) );
#8594 =( GEOMETRIC_REPRESENTATION_CONTEXT ( 3 ) GLOBAL_UNCERTAINTY_ASSIGNED_CONTEXT ( ( #1528 ) ) GLOBAL_UNIT_ASSIGNED_CONTEXT ( ( #6384, #8047, #8784 ) ) REPRESENTATION_CONTEXT ( 'NONE', 'WORKASPACE' ) );
#8595 = EDGE_CURVE ( 'NONE', #567, #4444, #8272, .T. ) ;
#8596 = FILL_AREA_STYLE ('',( #6886 ) ) ;
#8597 = CARTESIAN_POINT ( 'NONE',  ( 1.113408804311424083, 0.1879000879512458533, 0.03069114328941777506 ) ) ;
#8598 = CARTESIAN_POINT ( 'NONE',  ( 0.3357876820061003187, 0.000000000000000000, -0.02595792449772507324 ) ) ;
#8599 = CIRCLE ( 'NONE', #3133, 0.8100000000000000533 ) ;
#8600 = ORIENTED_EDGE ( 'NONE', *, *, #7541, .F. ) ;
#8601 = VERTEX_POINT ( 'NONE', #9364 ) ;
#8602 = DIRECTION ( 'NONE',  ( 3.491481338843133355E-15, -0.000000000000000000, 1.000000000000000000 ) ) ;
#8603 = FILL_AREA_STYLE_COLOUR ( '', #6576 ) ;
#8604 = CYLINDRICAL_SURFACE ( 'NONE', #6567, 0.8099999999999999423 ) ;
#8605 = B_SPLINE_SURFACE_WITH_KNOTS ( 'NONE', 1, 3, ( 
 ( #4465, #9877, #2693, #1214 ),
 ( #10638, #9753, #7934, #2062 ) ),
 .UNSPECIFIED., .F., .F., .F.,
 ( 2, 2 ),
 ( 4, 4 ),
 ( 0.000000000000000000, 1.000000000000000000 ),
 ( 0.000000000000000000, 1.000000000000000000 ),
 .UNSPECIFIED. ) ;
#8606 = DIRECTION ( 'NONE',  ( 3.491481338843133355E-15, -0.000000000000000000, 1.000000000000000000 ) ) ;
#8607 = CARTESIAN_POINT ( 'NONE',  ( 1.138247618880831036, 0.1102642447104358742, -0.02128583643296614106 ) ) ;
#8608 = FILL_AREA_STYLE_COLOUR ( '', #3481 ) ;
#8609 =( GEOMETRIC_REPRESENTATION_CONTEXT ( 3 ) GLOBAL_UNCERTAINTY_ASSIGNED_CONTEXT ( ( #1972 ) ) GLOBAL_UNIT_ASSIGNED_CONTEXT ( ( #8338, #3951, #600 ) ) REPRESENTATION_CONTEXT ( 'NONE', 'WORKASPACE' ) );
#8610 = B_SPLINE_CURVE_WITH_KNOTS ( 'NONE', 3,
 ( #5106, #6058, #5000, #715 ),
 .UNSPECIFIED., .F., .F.,
 ( 4, 4 ),
 ( 0.000000000000000000, 1.000000000000000000 ),
 .UNSPECIFIED. ) ;
#8611 = DIRECTION ( 'NONE',  ( -3.491481338843133355E-15, 0.000000000000000000, -1.000000000000000000 ) ) ;
#8612 = CARTESIAN_POINT ( 'NONE',  ( 1.124245763469084558, 0.1354025619244731693, 0.04294445836608781764 ) ) ;
#8613 = EDGE_LOOP ( 'NONE', ( #4659, #6940, #4486, #4002, #2225, #8631 ) ) ;
#8614 = PLANE ( 'NONE',  #2935 ) ;
#8615 = EDGE_CURVE ( 'NONE', #2440, #4997, #4471, .T. ) ;
#8616 = CARTESIAN_POINT ( 'NONE',  ( 1.108028898887288838, 0.2444273275168309112, -0.02011781441668724496 ) ) ;
#8617 = MECHANICAL_DESIGN_GEOMETRIC_PRESENTATION_REPRESENTATION (  '', ( #615 ), #56 ) ;
#8618 = SURFACE_STYLE_FILL_AREA ( #4419 ) ;
#8619 = CARTESIAN_POINT ( 'NONE',  ( 1.129490161718464503, 0.1617054399477079463, -0.02063632886305989678 ) ) ;
#8620 = EDGE_CURVE ( 'NONE', #3064, #4255, #2163, .T. ) ;
#8621 = EDGE_CURVE ( 'NONE', #5404, #5240, #4204, .T. ) ;
#8622 = B_SPLINE_CURVE_WITH_KNOTS ( 'NONE', 1,
 ( #4355, #882 ),
 .UNSPECIFIED., .F., .F.,
 ( 2, 2 ),
 ( 0.000000000000000000, 1.000000000000000000 ),
 .UNSPECIFIED. ) ;
#8623 = CARTESIAN_POINT ( 'NONE',  ( 1.132493160028929857, -0.07253833329687554843, 0.02433962623123148844 ) ) ;
#8624 = FACE_OUTER_BOUND ( 'NONE', #10507, .T. ) ;
#8625 = STYLED_ITEM ( 'NONE', ( #2669 ), #9111 ) ;
#8626 = CARTESIAN_POINT ( 'NONE',  ( 1.134144113130430176, -0.05125435476545827512, 0.04702734930824172682 ) ) ;
#8627 = ORIENTED_EDGE ( 'NONE', *, *, #3154, .F. ) ;
#8628 = MECHANICAL_DESIGN_GEOMETRIC_PRESENTATION_REPRESENTATION (  '', ( #439 ), #1181 ) ;
#8629 =( NAMED_UNIT ( * ) PLANE_ANGLE_UNIT ( ) SI_UNIT ( $, .RADIAN. ) );
#8630 = B_SPLINE_SURFACE_WITH_KNOTS ( 'NONE', 1, 3, ( 
 ( #179, #5589, #8329, #9181 ),
 ( #6453, #6571, #2292, #9059 ) ),
 .UNSPECIFIED., .F., .F., .F.,
 ( 2, 2 ),
 ( 4, 4 ),
 ( 0.000000000000000000, 1.000000000000000000 ),
 ( 0.000000000000000000, 1.000000000000000000 ),
 .UNSPECIFIED. ) ;
#8631 = ORIENTED_EDGE ( 'NONE', *, *, #6051, .F. ) ;
#8632 = VERTEX_POINT ( 'NONE', #2657 ) ;
#8633 = B_SPLINE_CURVE_WITH_KNOTS ( 'NONE', 1,
 ( #10040, #8203 ),
 .UNSPECIFIED., .F., .F.,
 ( 2, 2 ),
 ( 0.000000000000000000, 1.000000000000000000 ),
 .UNSPECIFIED. ) ;
#8634 =( NAMED_UNIT ( * ) PLANE_ANGLE_UNIT ( ) SI_UNIT ( $, .RADIAN. ) );
#8635 = EDGE_CURVE ( 'NONE', #9511, #11050, #4609, .T. ) ;
#8636 = SURFACE_STYLE_USAGE ( .BOTH. , #9374 ) ;
#8637 = EDGE_CURVE ( 'NONE', #3014, #3446, #883, .T. ) ;
#8638 = CARTESIAN_POINT ( 'NONE',  ( 1.134342725421269238, 0.1356870672134275202, -0.006385368655777469427 ) ) ;
#8639 = LINE ( 'NONE', #1763, #4474 ) ;
#8640 = SURFACE_SIDE_STYLE ('',( #719 ) ) ;
#8641 = LINE ( 'NONE', #2667, #559 ) ;
#8642 = CARTESIAN_POINT ( 'NONE',  ( 1.117129705024137998, 0.1866791030365354542, 0.02485103320822987238 ) ) ;
#8643 = CARTESIAN_POINT ( 'NONE',  ( 1.133525954218539855, -0.06011363445601881905, -0.01035669719184060394 ) ) ;
#8644 = ORIENTED_EDGE ( 'NONE', *, *, #10228, .F. ) ;
#8645 = VECTOR ( 'NONE', #3515, 1000.000000000000000 ) ;
#8646 = CARTESIAN_POINT ( 'NONE',  ( 0.3357876820061016510, 0.000000000000000000, 0.3561756190388909449 ) ) ;
#8647 = CARTESIAN_POINT ( 'NONE',  ( 1.121921548956863468, 0.1483022023876921502, -0.03673210889059547180 ) ) ;
#8648 = ORIENTED_EDGE ( 'NONE', *, *, #10827, .T. ) ;
#8649 = DIRECTION ( 'NONE',  ( -3.491481338843133355E-15, 0.000000000000000000, -1.000000000000000000 ) ) ;
#8650 =( LENGTH_UNIT ( ) NAMED_UNIT ( * ) SI_UNIT ( .MILLI., .METRE. ) );
#8651 = CARTESIAN_POINT ( 'NONE',  ( 0.3357876820061003187, 0.000000000000000000, -0.01217842026157185849 ) ) ;
#8652 = ORIENTED_EDGE ( 'NONE', *, *, #2832, .T. ) ;
#8653 = B_SPLINE_CURVE_WITH_KNOTS ( 'NONE', 3,
 ( #4211, #186, #9384, #1595 ),
 .UNSPECIFIED., .F., .F.,
 ( 4, 4 ),
 ( 0.000000000000000000, 1.000000000000000000 ),
 .UNSPECIFIED. ) ;
#8654 = EDGE_LOOP ( 'NONE', ( #7522, #2448, #3151, #6285 ) ) ;
#8655 = EDGE_CURVE ( 'NONE', #7715, #9423, #798, .T. ) ;
#8656 = CARTESIAN_POINT ( 'NONE',  ( 1.117875780598578839, 0.2108238570543068680, 0.001235495869030228504 ) ) ;
#8657 = CARTESIAN_POINT ( 'NONE',  ( 1.111055529193243130, 0.1973822816714135842, -0.009960389312821501390 ) ) ;
#8658 = PRESENTATION_STYLE_ASSIGNMENT (( #9523 ) ) ;
#8659 = FACE_OUTER_BOUND ( 'NONE', #4720, .T. ) ;
#8660 = ORIENTED_EDGE ( 'NONE', *, *, #8595, .T. ) ;
#8661 = ORIENTED_EDGE ( 'NONE', *, *, #3630, .F. ) ;
#8662 = CARTESIAN_POINT ( 'NONE',  ( 1.129347780423298087, 0.1623786162485042484, -0.008825115577591399751 ) ) ;
#8663 = B_SPLINE_CURVE_WITH_KNOTS ( 'NONE', 1,
 ( #3865, #4787 ),
 .UNSPECIFIED., .F., .F.,
 ( 2, 2 ),
 ( 0.000000000000000000, 1.000000000000000000 ),
 .UNSPECIFIED. ) ;
#8664 = DIRECTION ( 'NONE',  ( 3.491481338843133355E-15, -0.000000000000000000, 1.000000000000000000 ) ) ;
#8665 = CARTESIAN_POINT ( 'NONE',  ( 0.3357876820061004852, 0.000000000000000000, 0.03361119833001735557 ) ) ;
#8666 =( NAMED_UNIT ( * ) SI_UNIT ( $, .STERADIAN. ) SOLID_ANGLE_UNIT ( ) );
#8667 =( LENGTH_UNIT ( ) NAMED_UNIT ( * ) SI_UNIT ( .MILLI., .METRE. ) );
#8668 = ADVANCED_FACE ( 'NONE', ( #6857 ), #2478, .T. ) ;
#8669 = CARTESIAN_POINT ( 'NONE',  ( 1.119039806218737443, 0.1628376796579707186, 0.02850246652063675654 ) ) ;
#8670 = CARTESIAN_POINT ( 'NONE',  ( 1.115764356625759124, 0.1778905782158015092, 0.03292748594806897688 ) ) ;
#8671 = SURFACE_SIDE_STYLE ('',( #5866 ) ) ;
#8672 = AXIS2_PLACEMENT_3D ( 'NONE', #5028, #6898, #5741 ) ;
#8673 = CARTESIAN_POINT ( 'NONE',  ( 1.142954970478565757, -0.06804029685465111388, -0.02358576435312030595 ) ) ;
#8674 = ORIENTED_EDGE ( 'NONE', *, *, #11157, .F. ) ;
#8675 = B_SPLINE_SURFACE_WITH_KNOTS ( 'NONE', 1, 3, ( 
 ( #5281, #8758, #3448, #10663 ),
 ( #6301, #966, #1022, #4489 ) ),
 .UNSPECIFIED., .F., .F., .F.,
 ( 2, 2 ),
 ( 4, 4 ),
 ( 0.000000000000000000, 1.000000000000000000 ),
 ( 0.000000000000000000, 1.000000000000000000 ),
 .UNSPECIFIED. ) ;
#8676 = PRESENTATION_STYLE_ASSIGNMENT (( #8294 ) ) ;
#8677 = SURFACE_STYLE_FILL_AREA ( #10420 ) ;
#8678 = CARTESIAN_POINT ( 'NONE',  ( 1.145596782085029464, -0.01764456052784542719, -0.03231246207881481591 ) ) ;
#8679 =( NAMED_UNIT ( * ) SI_UNIT ( $, .STERADIAN. ) SOLID_ANGLE_UNIT ( ) );
#8680 = CARTESIAN_POINT ( 'NONE',  ( 1.123161560344022369, 0.1415710977251334046, -0.01595332470455390964 ) ) ;
#8681 = PRESENTATION_STYLE_ASSIGNMENT (( #2477 ) ) ;
#8682 = CARTESIAN_POINT ( 'NONE',  ( 1.138602848732804818, 0.1076466816654080144, -0.008584961518158237131 ) ) ;
#8683 = SURFACE_STYLE_USAGE ( .BOTH. , #5095 ) ;
#8684 = CARTESIAN_POINT ( 'NONE',  ( 1.129679622547766993, 0.09866907693389463663, -0.007864499339870401409 ) ) ;
#8685 = EDGE_LOOP ( 'NONE', ( #2022, #10430, #10682, #2576 ) ) ;
#8686 = ADVANCED_FACE ( 'NONE', ( #6160 ), #10702, .T. ) ;
#8687 = CARTESIAN_POINT ( 'NONE',  ( 1.100122005144568593, 0.2362055089799126595, 0.006069894152875912607 ) ) ;
#8688 = ORIENTED_EDGE ( 'NONE', *, *, #2359, .T. ) ;
#8689 = LINE ( 'NONE', #3257, #742 ) ;
#8690 = UNCERTAINTY_MEASURE_WITH_UNIT (LENGTH_MEASURE( 1.000000000000000082E-05 ), #5060, 'distance_accuracy_value', 'NONE');
#8691 = CARTESIAN_POINT ( 'NONE',  ( 1.133914149879059474, 0.1381815518824220934, -0.01298960528964358298 ) ) ;
#8692 =( LENGTH_UNIT ( ) NAMED_UNIT ( * ) SI_UNIT ( .MILLI., .METRE. ) );
#8693 =( NAMED_UNIT ( * ) SI_UNIT ( $, .STERADIAN. ) SOLID_ANGLE_UNIT ( ) );
#8694 = CARTESIAN_POINT ( 'NONE',  ( 1.120934248314674919, 0.1535357758558562880, -0.03517356395277878439 ) ) ;
#8695 = ADVANCED_FACE ( 'NONE', ( #9888 ), #2859, .T. ) ;
#8696 = CARTESIAN_POINT ( 'NONE',  ( 1.145585161597276969, -0.02339180248978171839, 0.05103738664592488705 ) ) ;
#8697 = ORIENTED_EDGE ( 'NONE', *, *, #1438, .F. ) ;
#8698 = CARTESIAN_POINT ( 'NONE',  ( 1.126987947808945956, 0.1183306359042599343, -0.02595792449772837962 ) ) ;
#8699 = LINE ( 'NONE', #8477, #1602 ) ;
#8700 = DIRECTION ( 'NONE',  ( 1.000000000000000000, 0.000000000000000000, -3.480155121558408744E-15 ) ) ;
#8701 = ORIENTED_EDGE ( 'NONE', *, *, #5708, .F. ) ;
#8702 = EDGE_LOOP ( 'NONE', ( #9014, #1892, #8465, #594 ) ) ;
#8703 = PRESENTATION_STYLE_ASSIGNMENT (( #5064 ) ) ;
#8704 = FILL_AREA_STYLE_COLOUR ( '', #816 ) ;
#8705 = PRESENTATION_STYLE_ASSIGNMENT (( #2731 ) ) ;
#8706 = CARTESIAN_POINT ( 'NONE',  ( 1.134675677722610798, 0.1337088542777725986, -0.009605616270513664401 ) ) ;
#8707 = LINE ( 'NONE', #7059, #2733 ) ;
#8708 = VERTEX_POINT ( 'NONE', #7995 ) ;
#8709 = ORIENTED_EDGE ( 'NONE', *, *, #8502, .T. ) ;
#8710 =( NAMED_UNIT ( * ) PLANE_ANGLE_UNIT ( ) SI_UNIT ( $, .RADIAN. ) );
#8711 = CARTESIAN_POINT ( 'NONE',  ( 1.125961983963937652, 0.1249982900900838689, 0.05178649419006957355 ) ) ;
#8712 =( LENGTH_UNIT ( ) NAMED_UNIT ( * ) SI_UNIT ( .MILLI., .METRE. ) );
#8713 = DIRECTION ( 'NONE',  ( 3.491481338843133355E-15, -0.000000000000000000, 1.000000000000000000 ) ) ;
#8714 = COLOUR_RGB ( '',0.000000000000000000, 0.000000000000000000, 0.000000000000000000 ) ;
#8715 = CARTESIAN_POINT ( 'NONE',  ( 1.112435151325580129, 0.1918901907942285046, 0.04241502782622051659 ) ) ;
#8716 = VECTOR ( 'NONE', #10514, 1000.000000000000114 ) ;
#8717 = CARTESIAN_POINT ( 'NONE',  ( 0.3357876820061003187, 0.000000000000000000, -0.02230649118531772071 ) ) ;
#8718 = PLANE ( 'NONE',  #10626 ) ;
#8719 =( NAMED_UNIT ( * ) PLANE_ANGLE_UNIT ( ) SI_UNIT ( $, .RADIAN. ) );
#8720 = CARTESIAN_POINT ( 'NONE',  ( 1.141879822602834382, -0.07946987396602116227, -0.01468327645258265049 ) ) ;
#8721 = PRESENTATION_LAYER_ASSIGNMENT (  '', '', ( #3807 ) ) ;
#8722 = ORIENTED_EDGE ( 'NONE', *, *, #4862, .F. ) ;
#8723 = CARTESIAN_POINT ( 'NONE',  ( 1.133914149879059474, 0.1381815518824220934, -0.01298960528964358298 ) ) ;
#8724 =( LENGTH_UNIT ( ) NAMED_UNIT ( * ) SI_UNIT ( .MILLI., .METRE. ) );
#8725 = VECTOR ( 'NONE', #6664, 1000.000000000000114 ) ;
#8726 = CARTESIAN_POINT ( 'NONE',  ( 0.3357876820061003742, 0.000000000000000000, 0.002385712559679594238 ) ) ;
#8727 = CARTESIAN_POINT ( 'NONE',  ( 1.131928067780652469, -0.07848876441088509237, -0.01468327645258259498 ) ) ;
#8728 = CARTESIAN_POINT ( 'NONE',  ( 1.139397111179338618, 0.1015474536552359586, -0.02595792449772843513 ) ) ;
#8729 = DIRECTION ( 'NONE',  ( 3.491481338843133355E-15, -0.000000000000000000, 1.000000000000000000 ) ) ;
#8730 = LINE ( 'NONE', #5207, #1663 ) ;
#8731 = CARTESIAN_POINT ( 'NONE',  ( 1.128393365906445789, 0.1085190306881354816, -0.02039617477256592398 ) ) ;
#8732 = ORIENTED_EDGE ( 'NONE', *, *, #2002, .T. ) ;
#8733 = VECTOR ( 'NONE', #5170, 1000.000000000000227 ) ;
#8734 =( GEOMETRIC_REPRESENTATION_CONTEXT ( 3 ) GLOBAL_UNCERTAINTY_ASSIGNED_CONTEXT ( ( #6616 ) ) GLOBAL_UNIT_ASSIGNED_CONTEXT ( ( #4575, #8944, #9583 ) ) REPRESENTATION_CONTEXT ( 'NONE', 'WORKASPACE' ) );
#8735 = VECTOR ( 'NONE', #5694, 1000.000000000000000 ) ;
#8736 = STYLED_ITEM ( 'NONE', ( #1588 ), #1296 ) ;
#8737 = AXIS2_PLACEMENT_3D ( 'NONE', #4127, #9412, #5810 ) ;
#8738 = SURFACE_SIDE_STYLE ('',( #5210 ) ) ;
#8739 = AXIS2_PLACEMENT_3D ( 'NONE', #4866, #10072, #4006 ) ;
#8740 = CARTESIAN_POINT ( 'NONE',  ( 1.116543195113756326, 0.2156974758402435688, -0.003001702938691393034 ) ) ;
#8741 = ORIENTED_EDGE ( 'NONE', *, *, #7739, .T. ) ;
#8742 = CARTESIAN_POINT ( 'NONE',  ( 1.127240425544098423, 0.1166299907664222479, -0.02134041690087835896 ) ) ;
#8743 = CARTESIAN_POINT ( 'NONE',  ( 1.109018088748311870, 0.2052450292863418901, 0.002239777617350367962 ) ) ;
#8744 = COLOUR_RGB ( '',0.000000000000000000, 0.000000000000000000, 0.000000000000000000 ) ;
#8745 = MECHANICAL_DESIGN_GEOMETRIC_PRESENTATION_REPRESENTATION (  '', ( #6931 ), #5821 ) ;
#8746 = UNCERTAINTY_MEASURE_WITH_UNIT (LENGTH_MEASURE( 1.000000000000000082E-05 ), #9998, 'distance_accuracy_value', 'NONE');
#8747 = PRESENTATION_STYLE_ASSIGNMENT (( #7907 ) ) ;
#8748 = CARTESIAN_POINT ( 'NONE',  ( 1.137784166843292644, 0.1136583060595294792, 0.02455219364825065101 ) ) ;
#8749 = CIRCLE ( 'NONE', #6568, 0.7999999999999998224 ) ;
#8750 = CARTESIAN_POINT ( 'NONE',  ( 1.133914501002047492, 0.1381795238065703091, -0.002559397173155760277 ) ) ;
#8751 = SURFACE_STYLE_USAGE ( .BOTH. , #11223 ) ;
#8752 = EDGE_LOOP ( 'NONE', ( #8340, #1099, #6458, #5312 ) ) ;
#8753 = B_SPLINE_CURVE_WITH_KNOTS ( 'NONE', 3,
 ( #8301, #7574, #540, #5610 ),
 .UNSPECIFIED., .F., .F.,
 ( 4, 4 ),
 ( 0.000000000000000000, 0.9998853521078184814 ),
 .UNSPECIFIED. ) ;
#8754 = VECTOR ( 'NONE', #737, 1000.000000000000000 ) ;
#8755 = FACE_BOUND ( 'NONE', #10627, .T. ) ;
#8756 = MECHANICAL_DESIGN_GEOMETRIC_PRESENTATION_REPRESENTATION (  '', ( #6006 ), #8565 ) ;
#8757 = CARTESIAN_POINT ( 'NONE',  ( 0.3357876820061011514, 0.000000000000000000, 0.2101939685163952964 ) ) ;
#8758 = CARTESIAN_POINT ( 'NONE',  ( 1.134342725421267906, 0.1356870672134347922, -0.006385368655775476229 ) ) ;
#8759 = CIRCLE ( 'NONE', #3845, 0.7999999999999999334 ) ;
#8760 = CARTESIAN_POINT ( 'NONE',  ( 1.117875780598578839, 0.2108238570543068680, 0.001235495869030228504 ) ) ;
#8761 = UNCERTAINTY_MEASURE_WITH_UNIT (LENGTH_MEASURE( 1.000000000000000082E-05 ), #5196, 'distance_accuracy_value', 'NONE');
#8762 = ORIENTED_EDGE ( 'NONE', *, *, #11091, .T. ) ;
#8763 = EDGE_CURVE ( 'NONE', #10605, #3727, #2423, .T. ) ;
#8764 = ORIENTED_EDGE ( 'NONE', *, *, #10348, .T. ) ;
#8765 = COLOUR_RGB ( '',0.000000000000000000, 0.000000000000000000, 0.000000000000000000 ) ;
#8766 =( NAMED_UNIT ( * ) PLANE_ANGLE_UNIT ( ) SI_UNIT ( $, .RADIAN. ) );
#8767 = ADVANCED_FACE ( 'NONE', ( #6279 ), #8630, .T. ) ;
#8768 = PRESENTATION_LAYER_ASSIGNMENT (  '', '', ( #7139 ) ) ;
#8769 = EDGE_CURVE ( 'NONE', #557, #2041, #3916, .T. ) ;
#8770 = ORIENTED_EDGE ( 'NONE', *, *, #2229, .F. ) ;
#8771 = ORIENTED_EDGE ( 'NONE', *, *, #1020, .F. ) ;
#8772 = CARTESIAN_POINT ( 'NONE',  ( 1.142954974617024444, -0.06804024214306490792, -0.02358578032710226258 ) ) ;
#8773 = DIRECTION ( 'NONE',  ( 3.491481338843133355E-15, 0.000000000000000000, 1.000000000000000000 ) ) ;
#8774 = FILL_AREA_STYLE_COLOUR ( '', #10027 ) ;
#8775 = EDGE_CURVE ( 'NONE', #6134, #4723, #8275, .T. ) ;
#8776 = ORIENTED_EDGE ( 'NONE', *, *, #2010, .F. ) ;
#8777 = COLOUR_RGB ( '',0.000000000000000000, 0.000000000000000000, 0.000000000000000000 ) ;
#8778 = CARTESIAN_POINT ( 'NONE',  ( 1.103744191189098167, 0.2241859370050021671, -0.01528198494527959785 ) ) ;
#8779 = CARTESIAN_POINT ( 'NONE',  ( 0.3357876820061003187, 0.000000000000000000, -0.02595792449772561794 ) ) ;
#8780 = DIRECTION ( 'NONE',  ( 1.000000000000000000, 0.000000000000000000, -3.492703757814028417E-15 ) ) ;
#8781 =( NAMED_UNIT ( * ) PLANE_ANGLE_UNIT ( ) SI_UNIT ( $, .RADIAN. ) );
#8782 = CARTESIAN_POINT ( 'NONE',  ( 0.3357876820061004852, 0.000000000000000000, 0.02485103320823271039 ) ) ;
#8783 = FILL_AREA_STYLE_COLOUR ( '', #3127 ) ;
#8784 =( NAMED_UNIT ( * ) SI_UNIT ( $, .STERADIAN. ) SOLID_ANGLE_UNIT ( ) );
#8785 = ORIENTED_EDGE ( 'NONE', *, *, #10192, .F. ) ;
#8786 = FILL_AREA_STYLE_COLOUR ( '', #7232 ) ;
#8787 = DIRECTION ( 'NONE',  ( 1.000000000000000000, 0.000000000000000000, -3.492703757814028417E-15 ) ) ;
#8788 = EDGE_CURVE ( 'NONE', #5551, #8869, #11032, .T. ) ;
#8789 = FILL_AREA_STYLE ('',( #3414 ) ) ;
#8790 = CARTESIAN_POINT ( 'NONE',  ( 0.3357876820061003742, 0.000000000000000000, 0.006069894152878351629 ) ) ;
#8791 = UNCERTAINTY_MEASURE_WITH_UNIT (LENGTH_MEASURE( 1.000000000000000082E-05 ), #8381, 'distance_accuracy_value', 'NONE');
#8792 = PRESENTATION_LAYER_ASSIGNMENT (  '', '', ( #8248 ) ) ;
#8793 = PRESENTATION_STYLE_ASSIGNMENT (( #6105 ) ) ;
#8794 = CARTESIAN_POINT ( 'NONE',  ( 1.122005351124923056, 0.1478875346474051444, -0.01069176758523832788 ) ) ;
#8795 = ORIENTED_EDGE ( 'NONE', *, *, #10338, .T. ) ;
#8796 = B_SPLINE_CURVE_WITH_KNOTS ( 'NONE', 3,
 ( #10908, #1449, #465, #1354 ),
 .UNSPECIFIED., .F., .F.,
 ( 4, 4 ),
 ( 0.000000000000000000, 1.000000000000000000 ),
 .UNSPECIFIED. ) ;
#8797 = MECHANICAL_DESIGN_GEOMETRIC_PRESENTATION_REPRESENTATION (  '', ( #10103 ), #7546 ) ;
#8798 = CLOSED_SHELL ( 'NONE', ( #11077, #4285, #2147, #8209, #2582, #4305, #6908, #6145, #11173, #8686, #1624, #4450, #8544, #5085, #4719, #3551, #9965, #474, #4967, #7504, #11152, #8052, #10271, #6747, #2370, #4247, #213, #43, #4865, #6756, #4115, #7392, #7092, #5481, #5183, #2979, #9173, #7880, #10886, #7417, #6264, #5886, #3054, #831, #892, #1195, #10670, #9326, #4580, #7734, #11171, #3281, #8668, #8955, #9618, #7932, #4600, #1901, #6173, #7942, #7431, #6535, #7877, #10453, #1889, #3451, #6182, #10347, #4867, #7394, #6136, #8960, #5552, #10810, #5408, #7205, #3341, #9111, #5903, #4102, #6120, #5352, #8144, #4316, #10567, #2237, #1453, #10937, #2715, #7947, #553, #7450, #6252, #5308, #7599, #8548, #531, #293, #6267, #6582, #9752, #3305, #5412, #6613, #6651, #9124, #9787, #7444, #4616, #545, #10265, #5418, #7562, #6776, #8274, #1296, #6621, #3353, #8893, #4847, #10601, #6324, #1820, #6249, #970, #10020, #3734, #514, #9240, #903, #11038, #7341, #210, #4494, #3537, #7723, #5416, #9031, #8970, #11307, #1463, #131, #8767, #8288, #2238, #1398, #10632, #6404, #2917, #4585, #5787, #3611, #3232, #333, #4171, #2932, #440, #6952, #5833, #2228, #9974, #4651, #1050, #4517, #162, #9823, #10135, #2916, #4871, #2709, #8863, #2627, #2652, #1806, #6885, #6765, #1339, #4604, #6392, #6563, #8036, #8348, #2640, #3242, #5293, #5075, #7176, #10806, #3590, #11286, #7093, #3108, #984, #5217, #8540, #6971, #5907, #9958, #1969, #4479, #3176, #2504, #2699, #239, #7950, #1184, #1631, #2864, #4113, #9392, #10406, #403, #9737, #1061, #1535, #10392, #9105, #6113, #6671, #2654, #9472, #8396, #5946, #9954, #9351, #950, #8695, #4591, #5437, #5013, #10493, #6291, #3729, #5698, #2154, #1375, #7869, #800, #9673, #6107, #8076, #190, #2787 ) ) ;
#8799 = ORIENTED_EDGE ( 'NONE', *, *, #5827, .F. ) ;
#8800 = B_SPLINE_CURVE_WITH_KNOTS ( 'NONE', 3,
 ( #6674, #9452, #5026, #807 ),
 .UNSPECIFIED., .F., .F.,
 ( 4, 4 ),
 ( 0.000000000000000000, 1.000000000000000000 ),
 .UNSPECIFIED. ) ;
#8801 = CARTESIAN_POINT ( 'NONE',  ( 1.145735212503463440, 0.009309915717581834435, -0.02395661377208740603 ) ) ;
#8802 = SURFACE_SIDE_STYLE ('',( #8899 ) ) ;
#8803 = DIRECTION ( 'NONE',  ( 3.491481338843133355E-15, 0.000000000000000000, 1.000000000000000000 ) ) ;
#8804 = CARTESIAN_POINT ( 'NONE',  ( 1.145792207741163304, -1.541303978752700535E-05, 0.06457984270910359370 ) ) ;
#8805 = PRESENTATION_LAYER_ASSIGNMENT (  '', '', ( #4275 ) ) ;
#8806 = ORIENTED_EDGE ( 'NONE', *, *, #10175, .F. ) ;
#8807 = FACE_BOUND ( 'NONE', #678, .T. ) ;
#8808 = CARTESIAN_POINT ( 'NONE',  ( 1.145688473216196712, -0.01463823294173110731, 0.0007065555794728337448 ) ) ;
#8809 = SURFACE_SIDE_STYLE ('',( #6131 ) ) ;
#8810 = CARTESIAN_POINT ( 'NONE',  ( 1.123399543859103789, 0.1891231214538502126, 0.3561756190388881693 ) ) ;
#8811 = ORIENTED_EDGE ( 'NONE', *, *, #3312, .T. ) ;
#8812 = ORIENTED_EDGE ( 'NONE', *, *, #9810, .F. ) ;
#8813 =( NAMED_UNIT ( * ) SI_UNIT ( $, .STERADIAN. ) SOLID_ANGLE_UNIT ( ) );
#8814 = B_SPLINE_CURVE_WITH_KNOTS ( 'NONE', 3,
 ( #7233, #8251, #4782, #10726 ),
 .UNSPECIFIED., .F., .F.,
 ( 4, 4 ),
 ( 0.000000000000000000, 1.000000000000000000 ),
 .UNSPECIFIED. ) ;
#8815 = COLOUR_RGB ( '',0.000000000000000000, 0.000000000000000000, 0.000000000000000000 ) ;
#8816 = PLANE ( 'NONE',  #7152 ) ;
#8817 = B_SPLINE_CURVE_WITH_KNOTS ( 'NONE', 1,
 ( #2463, #9461 ),
 .UNSPECIFIED., .F., .F.,
 ( 2, 2 ),
 ( 0.000000000000000000, 1.000000000000000000 ),
 .UNSPECIFIED. ) ;
#8818 = EDGE_CURVE ( 'NONE', #4986, #278, #9943, .T. ) ;
#8819 =( NAMED_UNIT ( * ) SI_UNIT ( $, .STERADIAN. ) SOLID_ANGLE_UNIT ( ) );
#8820 = ORIENTED_EDGE ( 'NONE', *, *, #3394, .T. ) ;
#8821 = VERTEX_POINT ( 'NONE', #2119 ) ;
#8822 = FILL_AREA_STYLE ('',( #5355 ) ) ;
#8823 = DIRECTION ( 'NONE',  ( 1.000000000000000000, 0.000000000000000000, -3.492703757814028417E-15 ) ) ;
#8824 = CARTESIAN_POINT ( 'NONE',  ( 1.117606778031193571, 0.1696044971107974753, 0.02984109207206698047 ) ) ;
#8825 = UNCERTAINTY_MEASURE_WITH_UNIT (LENGTH_MEASURE( 1.000000000000000082E-05 ), #8948, 'distance_accuracy_value', 'NONE');
#8826 = ORIENTED_EDGE ( 'NONE', *, *, #11295, .F. ) ;
#8827 = PRESENTATION_LAYER_ASSIGNMENT (  '', '', ( #458 ) ) ;
#8828 = CARTESIAN_POINT ( 'NONE',  ( 1.121979162136835795, 0.1479964748561366505, -0.03329353940355230662 ) ) ;
#8829 = CARTESIAN_POINT ( 'NONE',  ( 1.138793605675467280, 0.1062207325016147064, -0.02339502972658361046 ) ) ;
#8830 = CARTESIAN_POINT ( 'NONE',  ( 1.126166074092232350, 0.1772060871509236746, 0.02933887994793402815 ) ) ;
#8831 = FILL_AREA_STYLE_COLOUR ( '', #10985 ) ;
#8832 = PLANE ( 'NONE',  #2234 ) ;
#8833 = VERTEX_POINT ( 'NONE', #4856 ) ;
#8834 = FILL_AREA_STYLE ('',( #9595 ) ) ;
#8835 =( NAMED_UNIT ( * ) SI_UNIT ( $, .STERADIAN. ) SOLID_ANGLE_UNIT ( ) );
#8836 = EDGE_CURVE ( 'NONE', #7568, #6461, #4620, .T. ) ;
#8837 = SURFACE_STYLE_USAGE ( .BOTH. , #9816 ) ;
#8838 = CARTESIAN_POINT ( 'NONE',  ( 1.138278833981932747, 0.1100361349762070395, 0.03136921950282883786 ) ) ;
#8839 = CARTESIAN_POINT ( 'NONE',  ( 1.126166316133824008, 0.1772050075883699338, 0.02933754768169469576 ) ) ;
#8840 =( LENGTH_UNIT ( ) NAMED_UNIT ( * ) SI_UNIT ( .MILLI., .METRE. ) );
#8841 = FILL_AREA_STYLE_COLOUR ( '', #933 ) ;
#8842 = CARTESIAN_POINT ( 'NONE',  ( 1.133525954218539855, -0.06011363445601881905, -0.01035669719184060394 ) ) ;
#8843 = VERTEX_POINT ( 'NONE', #4979 ) ;
#8844 = FILL_AREA_STYLE_COLOUR ( '', #5274 ) ;
#8845 = ORIENTED_EDGE ( 'NONE', *, *, #4952, .T. ) ;
#8846 = SURFACE_STYLE_USAGE ( .BOTH. , #7904 ) ;
#8847 = CARTESIAN_POINT ( 'NONE',  ( 1.135407184376999057, 0.1292619488794606308, -0.02101293409274520435 ) ) ;
#8848 = FACE_OUTER_BOUND ( 'NONE', #10576, .T. ) ;
#8849 = CARTESIAN_POINT ( 'NONE',  ( 1.132447269045375071, -0.07303416012431492021, 0.001418721185902330380 ) ) ;
#8850 = SURFACE_STYLE_USAGE ( .BOTH. , #5388 ) ;
#8851 = STYLED_ITEM ( 'NONE', ( #4032 ), #3734 ) ;
#8852 = EDGE_LOOP ( 'NONE', ( #3398, #7002, #7267, #4478 ) ) ;
#8853 = EDGE_CURVE ( 'NONE', #4959, #9659, #5399, .T. ) ;
#8854 = SURFACE_SIDE_STYLE ('',( #10718 ) ) ;
#8855 =( NAMED_UNIT ( * ) SI_UNIT ( $, .STERADIAN. ) SOLID_ANGLE_UNIT ( ) );
#8856 = PRESENTATION_STYLE_ASSIGNMENT (( #2672 ) ) ;
#8857 =( NAMED_UNIT ( * ) PLANE_ANGLE_UNIT ( ) SI_UNIT ( $, .RADIAN. ) );
#8858 = VERTEX_POINT ( 'NONE', #5803 ) ;
#8859 = ORIENTED_EDGE ( 'NONE', *, *, #1044, .T. ) ;
#8860 =( NAMED_UNIT ( * ) SI_UNIT ( $, .STERADIAN. ) SOLID_ANGLE_UNIT ( ) );
#8861 = PLANE ( 'NONE',  #3502 ) ;
#8862 =( LENGTH_UNIT ( ) NAMED_UNIT ( * ) SI_UNIT ( .MILLI., .METRE. ) );
#8863 = ADVANCED_FACE ( 'NONE', ( #10800 ), #6511, .F. ) ;
#8864 =( NAMED_UNIT ( * ) PLANE_ANGLE_UNIT ( ) SI_UNIT ( $, .RADIAN. ) );
#8865 = ORIENTED_EDGE ( 'NONE', *, *, #1249, .T. ) ;
#8866 = LINE ( 'NONE', #222, #8716 ) ;
#8867 = CARTESIAN_POINT ( 'NONE',  ( 1.137216358522778359, 0.1175470579676040489, -0.01173425452441516879 ) ) ;
#8868 =( NAMED_UNIT ( * ) SI_UNIT ( $, .STERADIAN. ) SOLID_ANGLE_UNIT ( ) );
#8869 = VERTEX_POINT ( 'NONE', #10125 ) ;
#8870 = ORIENTED_EDGE ( 'NONE', *, *, #7359, .T. ) ;
#8871 = CARTESIAN_POINT ( 'NONE',  ( 1.145878268973516745, 0.003915035632674239256, 0.06486684731639419388 ) ) ;
#8872 = B_SPLINE_CURVE_WITH_KNOTS ( 'NONE', 3,
 ( #10879, #3207, #2267, #7526 ),
 .UNSPECIFIED., .F., .F.,
 ( 4, 4 ),
 ( 0.000000000000000000, 1.000000000000000000 ),
 .UNSPECIFIED. ) ;
#8873 = CARTESIAN_POINT ( 'NONE',  ( 1.133861624178993610, -0.05567641304273364400, -0.03612195949162651937 ) ) ;
#8874 =( NAMED_UNIT ( * ) SI_UNIT ( $, .STERADIAN. ) SOLID_ANGLE_UNIT ( ) );
#8875 = CARTESIAN_POINT ( 'NONE',  ( 1.135787680517558185, 2.054158189523969966E-12, 0.008258988519707799458 ) ) ;
#8876 = CARTESIAN_POINT ( 'NONE',  ( 1.134462553336397450, -0.04602662170454856205, 0.04657192071257250376 ) ) ;
#8877 = ORIENTED_EDGE ( 'NONE', *, *, #1104, .F. ) ;
#8878 = B_SPLINE_CURVE_WITH_KNOTS ( 'NONE', 3,
 ( #2551, #11279, #5278, #6003 ),
 .UNSPECIFIED., .F., .F.,
 ( 4, 4 ),
 ( 0.000000000000000000, 0.2892843107184031037 ),
 .UNSPECIFIED. ) ;
#8879 = FILL_AREA_STYLE_COLOUR ( '', #577 ) ;
#8880 =( LENGTH_UNIT ( ) NAMED_UNIT ( * ) SI_UNIT ( .MILLI., .METRE. ) );
#8881 = MECHANICAL_DESIGN_GEOMETRIC_PRESENTATION_REPRESENTATION (  '', ( #9817 ), #3978 ) ;
#8882 = EDGE_CURVE ( 'NONE', #10613, #5592, #9229, .T. ) ;
#8883 =( NAMED_UNIT ( * ) PLANE_ANGLE_UNIT ( ) SI_UNIT ( $, .RADIAN. ) );
#8884 = EDGE_CURVE ( 'NONE', #2824, #1189, #9772, .T. ) ;
#8885 = SURFACE_SIDE_STYLE ('',( #654 ) ) ;
#8886 = AXIS2_PLACEMENT_3D ( 'NONE', #3819, #1952, #3016 ) ;
#8887 = EDGE_CURVE ( 'NONE', #1609, #1088, #9130, .T. ) ;
#8888 = CARTESIAN_POINT ( 'NONE',  ( 1.132762035276840384, 0.1446785410096670388, -0.01973575114034626515 ) ) ;
#8889 = CARTESIAN_POINT ( 'NONE',  ( 1.143841393312342136, -0.05630384052366241288, -0.0005368524030241244790 ) ) ;
#8890 = VERTEX_POINT ( 'NONE', #4289 ) ;
#8891 = DIRECTION ( 'NONE',  ( -1.000000000000000000, 0.000000000000000000, 3.491481338843132961E-15 ) ) ;
#8892 = AXIS2_PLACEMENT_3D ( 'NONE', #4065, #7497, #8224 ) ;
#8893 = ADVANCED_FACE ( 'NONE', ( #9735, #5197 ), #10619, .T. ) ;
#8894 = ORIENTED_EDGE ( 'NONE', *, *, #2839, .F. ) ;
#8895 = LINE ( 'NONE', #1122, #8221 ) ;
#8896 = PLANE ( 'NONE',  #4746 ) ;
#8897 = AXIS2_PLACEMENT_3D ( 'NONE', #9040, #7235, #10676 ) ;
#8898 =( NAMED_UNIT ( * ) PLANE_ANGLE_UNIT ( ) SI_UNIT ( $, .RADIAN. ) );
#8899 = SURFACE_STYLE_FILL_AREA ( #2711 ) ;
#8900 = CIRCLE ( 'NONE', #10220, 0.7999999999999999334 ) ;
#8901 = CARTESIAN_POINT ( 'NONE',  ( 1.126799305365406179, 0.1196185145670020517, 0.02811804747488805267 ) ) ;
#8902 = CARTESIAN_POINT ( 'NONE',  ( 1.143725140545314378, 0.05776731852177337256, 0.005811029902011249221 ) ) ;
#8903 = VERTEX_POINT ( 'NONE', #2410 ) ;
#8904 = STYLED_ITEM ( 'NONE', ( #6434 ), #4847 ) ;
#8905 = DIRECTION ( 'NONE',  ( 1.000000000000000000, 0.000000000000000000, -3.501069515317776838E-15 ) ) ;
#8906 = UNCERTAINTY_MEASURE_WITH_UNIT (LENGTH_MEASURE( 1.000000000000000082E-05 ), #860, 'distance_accuracy_value', 'NONE');
#8907 = CARTESIAN_POINT ( 'NONE',  ( 1.119565156902578629, 0.2044330448946553302, -0.02595792449772794594 ) ) ;
#8908 =( NAMED_UNIT ( * ) SI_UNIT ( $, .STERADIAN. ) SOLID_ANGLE_UNIT ( ) );
#8909 = CARTESIAN_POINT ( 'NONE',  ( 1.138879485395623448, 0.1055631626816458529, -0.02177399005696888101 ) ) ;
#8910 = VERTEX_POINT ( 'NONE', #5146 ) ;
#8911 = ORIENTED_EDGE ( 'NONE', *, *, #5214, .T. ) ;
#8912 = EDGE_CURVE ( 'NONE', #305, #4724, #1570, .T. ) ;
#8913 = AXIS2_PLACEMENT_3D ( 'NONE', #9239, #10191, #7340 ) ;
#8914 = PRESENTATION_LAYER_ASSIGNMENT (  '', '', ( #5995 ) ) ;
#8915 = CARTESIAN_POINT ( 'NONE',  ( 1.102723220116998748, 0.2276178384541661381, -0.01719775937616182387 ) ) ;
#8916 = CIRCLE ( 'NONE', #9289, 0.8099999999999999423 ) ;
#8917 = CARTESIAN_POINT ( 'NONE',  ( 1.135524192554748568, 0.02070655167481057213, 0.03837650841280854791 ) ) ;
#8918 =( NAMED_UNIT ( * ) SI_UNIT ( $, .STERADIAN. ) SOLID_ANGLE_UNIT ( ) );
#8919 = PLANE ( 'NONE',  #66 ) ;
#8920 = ORIENTED_EDGE ( 'NONE', *, *, #3983, .F. ) ;
#8921 =( GEOMETRIC_REPRESENTATION_CONTEXT ( 3 ) GLOBAL_UNCERTAINTY_ASSIGNED_CONTEXT ( ( #8746 ) ) GLOBAL_UNIT_ASSIGNED_CONTEXT ( ( #9998, #10978, #9060 ) ) REPRESENTATION_CONTEXT ( 'NONE', 'WORKASPACE' ) );
#8922 = AXIS2_PLACEMENT_3D ( 'NONE', #5584, #4633, #5533 ) ;
#8923 = MECHANICAL_DESIGN_GEOMETRIC_PRESENTATION_REPRESENTATION (  '', ( #4014 ), #8026 ) ;
#8924 = CARTESIAN_POINT ( 'NONE',  ( 1.144639427729805314, 0.04349846918295418446, -0.02146469245888543362 ) ) ;
#8925 = EDGE_LOOP ( 'NONE', ( #11297, #7183, #5283, #1170 ) ) ;
#8926 = B_SPLINE_CURVE_WITH_KNOTS ( 'NONE', 3,
 ( #10648, #6334, #2072, #7262 ),
 .UNSPECIFIED., .F., .F.,
 ( 4, 4 ),
 ( 0.000000000000000000, 1.000000000000000000 ),
 .UNSPECIFIED. ) ;
#8927 = CARTESIAN_POINT ( 'NONE',  ( 1.112008417349872769, 0.1936091602837297365, 0.04760017229074609002 ) ) ;
#8928 = DIRECTION ( 'NONE',  ( -0.1853576400295496585, 0.9826711277343381790, 6.471727411751755788E-16 ) ) ;
#8929 = ORIENTED_EDGE ( 'NONE', *, *, #3892, .F. ) ;
#8930 = ORIENTED_EDGE ( 'NONE', *, *, #9123, .T. ) ;
#8931 = B_SPLINE_SURFACE_WITH_KNOTS ( 'NONE', 1, 3, ( 
 ( #3253, #888, #8740, #2661 ),
 ( #3367, #5987, #9370, #18 ) ),
 .UNSPECIFIED., .F., .F., .F.,
 ( 2, 2 ),
 ( 4, 4 ),
 ( 0.000000000000000000, 1.000000000000000000 ),
 ( 0.000000000000000000, 1.000000000000000000 ),
 .UNSPECIFIED. ) ;
#8932 = DIRECTION ( 'NONE',  ( 1.000000000000000000, 0.000000000000000000, -3.491481338843133750E-15 ) ) ;
#8933 = LINE ( 'NONE', #2957, #2298 ) ;
#8934 = CIRCLE ( 'NONE', #6764, 0.8000000000000000444 ) ;
#8935 =( GEOMETRIC_REPRESENTATION_CONTEXT ( 3 ) GLOBAL_UNCERTAINTY_ASSIGNED_CONTEXT ( ( #5932 ) ) GLOBAL_UNIT_ASSIGNED_CONTEXT ( ( #1684, #7824, #3485 ) ) REPRESENTATION_CONTEXT ( 'NONE', 'WORKASPACE' ) );
#8936 = FILL_AREA_STYLE ('',( #230 ) ) ;
#8937 = CARTESIAN_POINT ( 'NONE',  ( 1.139439648465727872, 0.1012102603769790415, 0.3561756190388881138 ) ) ;
#8938 = CARTESIAN_POINT ( 'NONE',  ( 1.135787680205936123, 0.002942382400481521540, 0.009796053995568767062 ) ) ;
#8939 = ORIENTED_EDGE ( 'NONE', *, *, #3707, .F. ) ;
#8940 = SURFACE_STYLE_FILL_AREA ( #9755 ) ;
#8941 = CIRCLE ( 'NONE', #6412, 0.8100000000000000533 ) ;
#8942 =( NAMED_UNIT ( * ) SI_UNIT ( $, .STERADIAN. ) SOLID_ANGLE_UNIT ( ) );
#8943 = SURFACE_SIDE_STYLE ('',( #8327 ) ) ;
#8944 =( NAMED_UNIT ( * ) PLANE_ANGLE_UNIT ( ) SI_UNIT ( $, .RADIAN. ) );
#8945 = UNCERTAINTY_MEASURE_WITH_UNIT (LENGTH_MEASURE( 1.000000000000000082E-05 ), #6170, 'distance_accuracy_value', 'NONE');
#8946 = CARTESIAN_POINT ( 'NONE',  ( 1.135403215462710502, 0.1292864983472779561, -0.009256301275039008694 ) ) ;
#8947 = PRESENTATION_LAYER_ASSIGNMENT (  '', '', ( #9323 ) ) ;
#8948 =( LENGTH_UNIT ( ) NAMED_UNIT ( * ) SI_UNIT ( .MILLI., .METRE. ) );
#8949 = DIRECTION ( 'NONE',  ( -1.000000000000000000, 0.000000000000000000, 3.491481338843133355E-15 ) ) ;
#8950 = CARTESIAN_POINT ( 'NONE',  ( 1.109676184183799652, 0.2391580778421615872, 0.006069894152875858831 ) ) ;
#8951 = CARTESIAN_POINT ( 'NONE',  ( 1.137105107999569320, 0.1182809485893712292, 0.02799520574332179865 ) ) ;
#8952 = ORIENTED_EDGE ( 'NONE', *, *, #8884, .F. ) ;
#8953 = ORIENTED_EDGE ( 'NONE', *, *, #7003, .T. ) ;
#8954 = CARTESIAN_POINT ( 'NONE',  ( 1.121208475530091953, 0.1520334736173032109, -0.03006783374187219429 ) ) ;
#8955 = ADVANCED_FACE ( 'NONE', ( #10357 ), #2465, .F. ) ;
#8956 = DIRECTION ( 'NONE',  ( 0.9923649256770834537, 0.1233363461673683270, -3.464364754270089176E-15 ) ) ;
#8957 = MECHANICAL_DESIGN_GEOMETRIC_PRESENTATION_REPRESENTATION (  '', ( #10290 ), #8609 ) ;
#8958 = ORIENTED_EDGE ( 'NONE', *, *, #8576, .T. ) ;
#8959 = CARTESIAN_POINT ( 'NONE',  ( 1.134313780915835013, 0.1358531168578787918, -0.02322344304857634767 ) ) ;
#8960 = ADVANCED_FACE ( 'NONE', ( #3408 ), #5966, .F. ) ;
#8961 = FILL_AREA_STYLE_COLOUR ( '', #4907 ) ;
#8962 = CARTESIAN_POINT ( 'NONE',  ( 1.120984831485828614, 0.1531854454991536385, -0.02729514596498401266 ) ) ;
#8963 = PRESENTATION_STYLE_ASSIGNMENT (( #257 ) ) ;
#8964 = CARTESIAN_POINT ( 'NONE',  ( 1.117606776833725890, 0.1696045025452551369, 0.02984109634864169983 ) ) ;
#8965 = STYLED_ITEM ( 'NONE', ( #8389 ), #8863 ) ;
#8966 = FACE_OUTER_BOUND ( 'NONE', #3290, .T. ) ;
#8967 = ORIENTED_EDGE ( 'NONE', *, *, #7602, .F. ) ;
#8968 = CARTESIAN_POINT ( 'NONE',  ( 1.127962219587985038, 0.1116221394120677363, -0.01236738795373066267 ) ) ;
#8969 = B_SPLINE_CURVE_WITH_KNOTS ( 'NONE', 1,
 ( #2860, #9822 ),
 .UNSPECIFIED., .F., .F.,
 ( 2, 2 ),
 ( 0.000000000000000000, 1.000000000000000000 ),
 .UNSPECIFIED. ) ;
#8970 = ADVANCED_FACE ( 'NONE', ( #6429 ), #8919, .T. ) ;
#8971 = DIRECTION ( 'NONE',  ( 3.491481338843133355E-15, 0.000000000000000000, 1.000000000000000000 ) ) ;
#8972 = EDGE_CURVE ( 'NONE', #10884, #7294, #939, .T. ) ;
#8973 = ORIENTED_EDGE ( 'NONE', *, *, #6408, .F. ) ;
#8974 = ORIENTED_EDGE ( 'NONE', *, *, #1815, .T. ) ;
#8975 = AXIS2_PLACEMENT_3D ( 'NONE', #5923, #7711, #5964 ) ;
#8976 = B_SPLINE_CURVE_WITH_KNOTS ( 'NONE', 3,
 ( #6231, #4368, #6286, #6117 ),
 .UNSPECIFIED., .F., .F.,
 ( 4, 4 ),
 ( 0.000000000000000000, 1.000000000000000000 ),
 .UNSPECIFIED. ) ;
#8977 = FILL_AREA_STYLE_COLOUR ( '', #7098 ) ;
#8978 = CARTESIAN_POINT ( 'NONE',  ( 1.127510026543578903, 0.1147994538505558021, -0.01495996018603234536 ) ) ;
#8979 = CARTESIAN_POINT ( 'NONE',  ( 1.137004077501577060, 0.1189633875998678120, 0.05741902542574350149 ) ) ;
#8980 = CARTESIAN_POINT ( 'NONE',  ( 1.127944965636651364, 0.1117520078254361088, -0.01566950525407678763 ) ) ;
#8981 = CARTESIAN_POINT ( 'NONE',  ( 1.123379391302499419, 0.1403541928393184091, -0.02468074154554796354 ) ) ;
#8982 = VERTEX_POINT ( 'NONE', #3735 ) ;
#8983 = DIRECTION ( 'NONE',  ( 3.491481338843133355E-15, -0.000000000000000000, 1.000000000000000000 ) ) ;
#8984 = ORIENTED_EDGE ( 'NONE', *, *, #2725, .F. ) ;
#8985 = EDGE_CURVE ( 'NONE', #1895, #10140, #8814, .T. ) ;
#8986 = SURFACE_SIDE_STYLE ('',( #275 ) ) ;
#8987 = DIRECTION ( 'NONE',  ( -3.491481338843133355E-15, 0.000000000000000000, -1.000000000000000000 ) ) ;
#8988 = CARTESIAN_POINT ( 'NONE',  ( 0.7857876820061006073, 0.000000000000000000, 0.1601939685163937810 ) ) ;
#8989 = PRESENTATION_LAYER_ASSIGNMENT (  '', '', ( #6813 ) ) ;
#8990 = ORIENTED_EDGE ( 'NONE', *, *, #3664, .T. ) ;
#8991 = ORIENTED_EDGE ( 'NONE', *, *, #10794, .T. ) ;
#8992 = FILL_AREA_STYLE ('',( #9871 ) ) ;
#8993 = CARTESIAN_POINT ( 'NONE',  ( -0.4542123179938992172, 0.000000000000000000, 0.1001939685163979327 ) ) ;
#8994 = B_SPLINE_SURFACE_WITH_KNOTS ( 'NONE', 1, 3, ( 
 ( #3412, #1412, #10360, #11320 ),
 ( #9469, #1689, #6906, #6040 ) ),
 .UNSPECIFIED., .F., .F., .F.,
 ( 2, 2 ),
 ( 4, 4 ),
 ( 0.000000000000000000, 1.000000000000000000 ),
 ( 0.000000000000000000, 1.000000000000000000 ),
 .UNSPECIFIED. ) ;
#8995 = CARTESIAN_POINT ( 'NONE',  ( 1.143752103328290914, 0.05739021529263554217, -0.002187730253314860551 ) ) ;
#8996 = DIRECTION ( 'NONE',  ( -3.491481338843133355E-15, 0.000000000000000000, -1.000000000000000000 ) ) ;
#8997 = B_SPLINE_CURVE_WITH_KNOTS ( 'NONE', 3,
 ( #9961, #8410, #607, #4084 ),
 .UNSPECIFIED., .F., .F.,
 ( 4, 4 ),
 ( 0.000000000000000000, 1.000000000000000000 ),
 .UNSPECIFIED. ) ;
#8998 = FACE_OUTER_BOUND ( 'NONE', #1468, .T. ) ;
#8999 = VERTEX_POINT ( 'NONE', #9859 ) ;
#9000 = AXIS2_PLACEMENT_3D ( 'NONE', #1486, #9211, #8479 ) ;
#9001 = FACE_OUTER_BOUND ( 'NONE', #3907, .T. ) ;
#9002 =( LENGTH_UNIT ( ) NAMED_UNIT ( * ) SI_UNIT ( .MILLI., .METRE. ) );
#9003 = CARTESIAN_POINT ( 'NONE',  ( 1.145787673691333053, -0.001957687851068091924, 0.05120608900688899956 ) ) ;
#9004 = FACE_OUTER_BOUND ( 'NONE', #4673, .T. ) ;
#9005 = EDGE_CURVE ( 'NONE', #5711, #661, #1078, .T. ) ;
#9006 = SURFACE_SIDE_STYLE ('',( #5536 ) ) ;
#9007 = B_SPLINE_CURVE_WITH_KNOTS ( 'NONE', 3,
 ( #7293, #4718, #8189, #9863 ),
 .UNSPECIFIED., .F., .F.,
 ( 4, 4 ),
 ( 0.000000000000000000, 1.000000000000000000 ),
 .UNSPECIFIED. ) ;
#9008 = FILL_AREA_STYLE ('',( #8225 ) ) ;
#9009 =( NAMED_UNIT ( * ) SI_UNIT ( $, .STERADIAN. ) SOLID_ANGLE_UNIT ( ) );
#9010 = CARTESIAN_POINT ( 'NONE',  ( 0.3357876820061003742, 0.000000000000000000, 0.006069894152878134788 ) ) ;
#9011 = CARTESIAN_POINT ( 'NONE',  ( 1.145742138379734598, -0.008589447042203561880, 0.05180912280806410780 ) ) ;
#9012 = DIRECTION ( 'NONE',  ( 1.000000000000000000, 0.000000000000000000, -3.523657060577889411E-15 ) ) ;
#9013 = ORIENTED_EDGE ( 'NONE', *, *, #6184, .F. ) ;
#9014 = ORIENTED_EDGE ( 'NONE', *, *, #7649, .T. ) ;
#9015 = CARTESIAN_POINT ( 'NONE',  ( 1.138178683538194624, 0.1107806957736041376, -0.02641070837799119886 ) ) ;
#9016 = CARTESIAN_POINT ( 'NONE',  ( 1.134101489487371550, 0.1370950939485292563, 0.03927665091328538111 ) ) ;
#9017 = ORIENTED_EDGE ( 'NONE', *, *, #4175, .T. ) ;
#9018 =( LENGTH_UNIT ( ) NAMED_UNIT ( * ) SI_UNIT ( .MILLI., .METRE. ) );
#9019 = DIRECTION ( 'NONE',  ( 3.491481338843133355E-15, -0.000000000000000000, 1.000000000000000000 ) ) ;
#9020 = EDGE_CURVE ( 'NONE', #6239, #7500, #10196, .T. ) ;
#9021 = FILL_AREA_STYLE_COLOUR ( '', #2076 ) ;
#9022 = VERTEX_POINT ( 'NONE', #7291 ) ;
#9023 = CARTESIAN_POINT ( 'NONE',  ( 1.144966209257504142, -0.03647068734270817597, 0.05659135959181659653 ) ) ;
#9024 = B_SPLINE_CURVE_WITH_KNOTS ( 'NONE', 3,
 ( #5021, #10962, #2452, #9442, #9394, #10108, #9270 ),
 .UNSPECIFIED., .F., .F.,
 ( 4, 2, 1, 4 ),
 ( 0.1834859559488109249, 0.3876144669616083394, 0.5917429779744057816, 1.000000000000000000 ),
 .UNSPECIFIED. ) ;
#9025 =( NAMED_UNIT ( * ) PLANE_ANGLE_UNIT ( ) SI_UNIT ( $, .RADIAN. ) );
#9026 = CARTESIAN_POINT ( 'NONE',  ( 1.111055529193242908, 0.1973822816714135564, -0.02230649118532043035 ) ) ;
#9027 = CARTESIAN_POINT ( 'NONE',  ( 1.116204539576849397, 0.2169090914623769961, -0.01304355175025194956 ) ) ;
#9028 = VERTEX_POINT ( 'NONE', #8187 ) ;
#9029 = VERTEX_POINT ( 'NONE', #384 ) ;
#9030 = PLANE ( 'NONE',  #4925 ) ;
#9031 = ADVANCED_FACE ( 'NONE', ( #3861 ), #5948, .T. ) ;
#9032 =( LENGTH_UNIT ( ) NAMED_UNIT ( * ) SI_UNIT ( .MILLI., .METRE. ) );
#9033 =( LENGTH_UNIT ( ) NAMED_UNIT ( * ) SI_UNIT ( .MILLI., .METRE. ) );
#9034 = EDGE_CURVE ( 'NONE', #3219, #9353, #495, .T. ) ;
#9035 = EDGE_CURVE ( 'NONE', #420, #6643, #517, .T. ) ;
#9036 = CARTESIAN_POINT ( 'NONE',  ( 1.135445455925694125, 0.02339753427095348989, 0.02334504061165312144 ) ) ;
#9037 = STYLED_ITEM ( 'NONE', ( #1161 ), #1889 ) ;
#9038 = ORIENTED_EDGE ( 'NONE', *, *, #6543, .F. ) ;
#9039 = PRODUCT_DEFINITION ( 'Î´Öª', '', #10042, #1014 ) ;
#9040 = CARTESIAN_POINT ( 'NONE',  ( 0.3357876820061003742, 0.000000000000000000, 0.006069894152878568469 ) ) ;
#9041 = B_SPLINE_CURVE_WITH_KNOTS ( 'NONE', 3,
 ( #1023, #7279, #1975, #209 ),
 .UNSPECIFIED., .F., .F.,
 ( 4, 4 ),
 ( 0.000000000000000000, 1.000000000000000000 ),
 .UNSPECIFIED. ) ;
#9042 = ORIENTED_EDGE ( 'NONE', *, *, #8415, .T. ) ;
#9043 =( GEOMETRIC_REPRESENTATION_CONTEXT ( 3 ) GLOBAL_UNCERTAINTY_ASSIGNED_CONTEXT ( ( #3369 ) ) GLOBAL_UNIT_ASSIGNED_CONTEXT ( ( #3893, #2075, #4808 ) ) REPRESENTATION_CONTEXT ( 'NONE', 'WORKASPACE' ) );
#9044 =( NAMED_UNIT ( * ) SI_UNIT ( $, .STERADIAN. ) SOLID_ANGLE_UNIT ( ) );
#9045 = CARTESIAN_POINT ( 'NONE',  ( 1.119039806218737443, 0.1628376796579707186, 0.02850246652063675654 ) ) ;
#9046 = ORIENTED_EDGE ( 'NONE', *, *, #692, .F. ) ;
#9047 = EDGE_LOOP ( 'NONE', ( #8661, #2296, #10730, #1925, #9685, #6860 ) ) ;
#9048 = DIRECTION ( 'NONE',  ( -3.491481338843133355E-15, 0.000000000000000000, -1.000000000000000000 ) ) ;
#9049 = CARTESIAN_POINT ( 'NONE',  ( 1.122397030820489139, 0.1457591587441520453, -0.03640462608224261098 ) ) ;
#9050 = CARTESIAN_POINT ( 'NONE',  ( 0.3357876820061003742, 0.000000000000000000, 0.006069894152878351629 ) ) ;
#9051 = CARTESIAN_POINT ( 'NONE',  ( 1.127411276116281558, 0.1154705964013815478, -0.02240938346731235695 ) ) ;
#9052 = PRESENTATION_STYLE_ASSIGNMENT (( #456 ) ) ;
#9053 = ORIENTED_EDGE ( 'NONE', *, *, #10089, .T. ) ;
#9054 = CARTESIAN_POINT ( 'NONE',  ( 1.145385133441610748, 0.02553363720911694390, 0.02334504061165312144 ) ) ;
#9055 = SURFACE_SIDE_STYLE ('',( #5583 ) ) ;
#9056 = CARTESIAN_POINT ( 'NONE',  ( 1.141879822602834382, -0.07946987396602116227, -0.01468327645258270427 ) ) ;
#9057 = FACE_OUTER_BOUND ( 'NONE', #2536, .T. ) ;
#9058 = DIRECTION ( 'NONE',  ( 0.9758521541348059714, 0.2184320793071815592, -3.407169585631548413E-15 ) ) ;
#9059 = CARTESIAN_POINT ( 'NONE',  ( 1.125348979795322446, 0.1288136523564147873, -0.01287498630665485054 ) ) ;
#9060 =( NAMED_UNIT ( * ) SI_UNIT ( $, .STERADIAN. ) SOLID_ANGLE_UNIT ( ) );
#9061 = SURFACE_STYLE_FILL_AREA ( #4750 ) ;
#9062 = CARTESIAN_POINT ( 'NONE',  ( 1.126110171322628695, 0.1774553941791641720, 0.04479987314382182645 ) ) ;
#9063 = ORIENTED_EDGE ( 'NONE', *, *, #1048, .T. ) ;
#9064 = VERTEX_POINT ( 'NONE', #10212 ) ;
#9065 = DIRECTION ( 'NONE',  ( 1.000000000000000000, 0.000000000000000000, -3.480155121558409533E-15 ) ) ;
#9066 = VERTEX_POINT ( 'NONE', #8356 ) ;
#9067 = FACE_OUTER_BOUND ( 'NONE', #4281, .T. ) ;
#9068 = VERTEX_POINT ( 'NONE', #3267 ) ;
#9069 = SURFACE_STYLE_FILL_AREA ( #4813 ) ;
#9070 = CARTESIAN_POINT ( 'NONE',  ( 1.126987947808945956, 0.1183306359042599343, -0.01447965206718851428 ) ) ;
#9071 = MECHANICAL_DESIGN_GEOMETRIC_PRESENTATION_REPRESENTATION (  '', ( #8355 ), #1272 ) ;
#9072 = FACE_OUTER_BOUND ( 'NONE', #450, .T. ) ;
#9073 = VECTOR ( 'NONE', #639, 1000.000000000000114 ) ;
#9074 = DIRECTION ( 'NONE',  ( 0.9680538741887011467, 0.2507422913436150869, -3.379661459544659142E-15 ) ) ;
#9075 = CARTESIAN_POINT ( 'NONE',  ( 1.116161713504016273, 0.2170630575747283797, -0.009649280644974899540 ) ) ;
#9076 = CARTESIAN_POINT ( 'NONE',  ( 1.115337583976614866, 0.1797274334590070188, 0.04127429604397193919 ) ) ;
#9077 = VERTEX_POINT ( 'NONE', #9381 ) ;
#9078 = CIRCLE ( 'NONE', #166, 0.8100000000000000533 ) ;
#9079 = CARTESIAN_POINT ( 'NONE',  ( 1.135740301461795942, -0.008706700062117166822, 0.06547222589606033205 ) ) ;
#9080 = AXIS2_PLACEMENT_3D ( 'NONE', #11230, #10160, #5944 ) ;
#9081 = FACE_OUTER_BOUND ( 'NONE', #2380, .T. ) ;
#9082 =( GEOMETRIC_REPRESENTATION_CONTEXT ( 3 ) GLOBAL_UNCERTAINTY_ASSIGNED_CONTEXT ( ( #4821 ) ) GLOBAL_UNIT_ASSIGNED_CONTEXT ( ( #5453, #1983, #2216 ) ) REPRESENTATION_CONTEXT ( 'NONE', 'WORKASPACE' ) );
#9083 = VERTEX_POINT ( 'NONE', #5893 ) ;
#9084 = EDGE_LOOP ( 'NONE', ( #8929, #1288, #5933, #10339 ) ) ;
#9085 = FILL_AREA_STYLE_COLOUR ( '', #9476 ) ;
#9086 = FILL_AREA_STYLE_COLOUR ( '', #11021 ) ;
#9087 = PRESENTATION_STYLE_ASSIGNMENT (( #3918 ) ) ;
#9088 = COLOUR_RGB ( '',0.000000000000000000, 0.000000000000000000, 0.000000000000000000 ) ;
#9089 = CARTESIAN_POINT ( 'NONE',  ( 1.135220893181795310, -0.03010827390550295871, -0.01375810219837292001 ) ) ;
#9090 = LINE ( 'NONE', #7361, #4607 ) ;
#9091 = VERTEX_POINT ( 'NONE', #10096 ) ;
#9092 = SURFACE_SIDE_STYLE ('',( #3863 ) ) ;
#9093 = EDGE_CURVE ( 'NONE', #5700, #1367, #7191, .T. ) ;
#9094 = B_SPLINE_CURVE_WITH_KNOTS ( 'NONE', 1,
 ( #3282, #8319 ),
 .UNSPECIFIED., .F., .F.,
 ( 2, 2 ),
 ( 0.000000000000000000, 1.000000000000000000 ),
 .UNSPECIFIED. ) ;
#9095 = ORIENTED_EDGE ( 'NONE', *, *, #8333, .T. ) ;
#9096 =( GEOMETRIC_REPRESENTATION_CONTEXT ( 3 ) GLOBAL_UNCERTAINTY_ASSIGNED_CONTEXT ( ( #7847 ) ) GLOBAL_UNIT_ASSIGNED_CONTEXT ( ( #2989, #1240, #8073 ) ) REPRESENTATION_CONTEXT ( 'NONE', 'WORKASPACE' ) );
#9097 = STYLED_ITEM ( 'NONE', ( #3109 ), #7341 ) ;
#9098 = PLANE ( 'NONE',  #10597 ) ;
#9099 = AXIS2_PLACEMENT_3D ( 'NONE', #9400, #11084, #5073 ) ;
#9100 = CARTESIAN_POINT ( 'NONE',  ( 1.123226961664926415, 0.1898404088975557402, 0.3561756190388881693 ) ) ;
#9101 = CIRCLE ( 'NONE', #2197, 0.8000000000000000444 ) ;
#9102 = EDGE_LOOP ( 'NONE', ( #169, #10705, #4293 ) ) ;
#9103 = ORIENTED_EDGE ( 'NONE', *, *, #424, .T. ) ;
#9104 = AXIS2_PLACEMENT_3D ( 'NONE', #8316, #6607, #448 ) ;
#9105 = ADVANCED_FACE ( 'NONE', ( #3966 ), #7708, .T. ) ;
#9106 = SURFACE_STYLE_USAGE ( .BOTH. , #8483 ) ;
#9107 = CARTESIAN_POINT ( 'NONE',  ( 1.121924584193570995, 0.1482861120236397268, 0.02485103320822983769 ) ) ;
#9108 = EDGE_CURVE ( 'NONE', #1980, #9066, #2575, .T. ) ;
#9109 = COLOUR_RGB ( '',0.000000000000000000, 0.000000000000000000, 0.000000000000000000 ) ;
#9110 = CARTESIAN_POINT ( 'NONE',  ( 0.3357876820061016510, 0.000000000000000000, 0.3561756190388909449 ) ) ;
#9111 = ADVANCED_FACE ( 'NONE', ( #5115 ), #10369, .F. ) ;
#9112 = PRESENTATION_LAYER_ASSIGNMENT (  '', '', ( #5295 ) ) ;
#9113 = AXIS2_PLACEMENT_3D ( 'NONE', #3417, #8507, #11260 ) ;
#9114 =( NAMED_UNIT ( * ) PLANE_ANGLE_UNIT ( ) SI_UNIT ( $, .RADIAN. ) );
#9115 = PRESENTATION_LAYER_ASSIGNMENT (  '', '', ( #6 ) ) ;
#9116 = CARTESIAN_POINT ( 'NONE',  ( 1.108124746629766566, 0.2085719131575462515, -0.02096786563397241149 ) ) ;
#9117 = ORIENTED_EDGE ( 'NONE', *, *, #10794, .F. ) ;
#9118 = DIRECTION ( 'NONE',  ( -1.000000000000000000, 0.000000000000000000, 3.491481338843133355E-15 ) ) ;
#9119 = FILL_AREA_STYLE ('',( #9991 ) ) ;
#9120 = UNCERTAINTY_MEASURE_WITH_UNIT (LENGTH_MEASURE( 1.000000000000000082E-05 ), #10923, 'distance_accuracy_value', 'NONE');
#9121 = EDGE_CURVE ( 'NONE', #4234, #1609, #5172, .T. ) ;
#9122 = CARTESIAN_POINT ( 'NONE',  ( 1.119911320098948559, 0.2031012559883281776, 0.03722988336162972450 ) ) ;
#9123 = EDGE_CURVE ( 'NONE', #7054, #763, #9488, .T. ) ;
#9124 = ADVANCED_FACE ( 'NONE', ( #4264 ), #3404, .T. ) ;
#9125 = SURFACE_STYLE_USAGE ( .BOTH. , #9993 ) ;
#9126 = CARTESIAN_POINT ( 'NONE',  ( 1.131358200791927615, -0.08426913473075096916, -0.007593641226609266007 ) ) ;
#9127 = MECHANICAL_DESIGN_GEOMETRIC_PRESENTATION_REPRESENTATION (  '', ( #951 ), #6214 ) ;
#9128 =( NAMED_UNIT ( * ) SI_UNIT ( $, .STERADIAN. ) SOLID_ANGLE_UNIT ( ) );
#9129 = CARTESIAN_POINT ( 'NONE',  ( 1.133224287668704422, 0.1421086202498099138, -0.02468074154554796354 ) ) ;
#9130 = LINE ( 'NONE', #7767, #6052 ) ;
#9131 = CARTESIAN_POINT ( 'NONE',  ( 1.113887621941075379, 0.1859045009492469314, -0.007864499339870075281 ) ) ;
#9132 = LINE ( 'NONE', #3185, #5137 ) ;
#9133 = VERTEX_POINT ( 'NONE', #7218 ) ;
#9134 = ORIENTED_EDGE ( 'NONE', *, *, #3182, .F. ) ;
#9135 = CARTESIAN_POINT ( 'NONE',  ( 1.137911371620307310, 0.1126835682772401870, -0.02649789567208364616 ) ) ;
#9136 = VERTEX_POINT ( 'NONE', #7275 ) ;
#9137 = SURFACE_STYLE_USAGE ( .BOTH. , #10707 ) ;
#9138 = COLOUR_RGB ( '',0.000000000000000000, 0.000000000000000000, 0.000000000000000000 ) ;
#9139 = CARTESIAN_POINT ( 'NONE',  ( 1.135093495426099608, 0.1312024410737361313, -0.02225152240744666249 ) ) ;
#9140 = UNCERTAINTY_MEASURE_WITH_UNIT (LENGTH_MEASURE( 1.000000000000000082E-05 ), #1787, 'distance_accuracy_value', 'NONE');
#9141 = SURFACE_STYLE_FILL_AREA ( #5656 ) ;
#9142 =( GEOMETRIC_REPRESENTATION_CONTEXT ( 3 ) GLOBAL_UNCERTAINTY_ASSIGNED_CONTEXT ( ( #10432 ) ) GLOBAL_UNIT_ASSIGNED_CONTEXT ( ( #3342, #2211, #10935 ) ) REPRESENTATION_CONTEXT ( 'NONE', 'WORKASPACE' ) );
#9143 =( NAMED_UNIT ( * ) PLANE_ANGLE_UNIT ( ) SI_UNIT ( $, .RADIAN. ) );
#9144 = CARTESIAN_POINT ( 'NONE',  ( 1.135787680517558185, 2.054158189523969966E-12, 0.008258988519707799458 ) ) ;
#9145 = CARTESIAN_POINT ( 'NONE',  ( 1.138672229696123805, 0.1071282620121717655, 0.04426322502018158189 ) ) ;
#9146 = FILL_AREA_STYLE_COLOUR ( '', #9922 ) ;
#9147 = ORIENTED_EDGE ( 'NONE', *, *, #5692, .F. ) ;
#9148 = AXIS2_PLACEMENT_3D ( 'NONE', #3459, #3391, #1778 ) ;
#9149 = CARTESIAN_POINT ( 'NONE',  ( 1.145748025500087586, 0.008015108676899971793, -0.01900985571310601085 ) ) ;
#9150 = UNCERTAINTY_MEASURE_WITH_UNIT (LENGTH_MEASURE( 1.000000000000000082E-05 ), #7469, 'distance_accuracy_value', 'NONE');
#9151 = SURFACE_STYLE_USAGE ( .BOTH. , #10719 ) ;
#9152 = SURFACE_STYLE_FILL_AREA ( #3040 ) ;
#9153 = ORIENTED_EDGE ( 'NONE', *, *, #10488, .T. ) ;
#9154 = ORIENTED_EDGE ( 'NONE', *, *, #76, .T. ) ;
#9155 =( NAMED_UNIT ( * ) PLANE_ANGLE_UNIT ( ) SI_UNIT ( $, .RADIAN. ) );
#9156 = CARTESIAN_POINT ( 'NONE',  ( 1.133861624178993610, -0.05567641304273364400, -0.03612195949162651937 ) ) ;
#9157 = VECTOR ( 'NONE', #10988, 1000.000000000000000 ) ;
#9158 = DIRECTION ( 'NONE',  ( -1.000000000000000000, 0.000000000000000000, 3.491481338843133355E-15 ) ) ;
#9159 = FILL_AREA_STYLE_COLOUR ( '', #3507 ) ;
#9160 = CARTESIAN_POINT ( 'NONE',  ( 1.145841628530901657, 0.005326425358314693104, -0.004815644912786559012 ) ) ;
#9161 = ORIENTED_EDGE ( 'NONE', *, *, #1083, .F. ) ;
#9162 = CARTESIAN_POINT ( 'NONE',  ( 1.135787682006101695, 0.000000000000000000, 0.3561756190388881138 ) ) ;
#9163 = SURFACE_STYLE_USAGE ( .BOTH. , #392 ) ;
#9164 = ORIENTED_EDGE ( 'NONE', *, *, #10252, .T. ) ;
#9165 = ORIENTED_EDGE ( 'NONE', *, *, #7359, .F. ) ;
#9166 =( NAMED_UNIT ( * ) PLANE_ANGLE_UNIT ( ) SI_UNIT ( $, .RADIAN. ) );
#9167 = AXIS2_PLACEMENT_3D ( 'NONE', #3138, #4911, #9997 ) ;
#9168 = ORIENTED_EDGE ( 'NONE', *, *, #6681, .T. ) ;
#9169 = EDGE_LOOP ( 'NONE', ( #1962, #6484, #1032, #2626 ) ) ;
#9170 = CARTESIAN_POINT ( 'NONE',  ( 1.135676676690780651, 0.01353266496783561701, 0.004824270478298131430 ) ) ;
#9171 = CARTESIAN_POINT ( 'NONE',  ( 1.138546204589491406, 0.1080862229355587789, 0.03417954174370443216 ) ) ;
#9172 = PLANE ( 'NONE',  #225 ) ;
#9173 = ADVANCED_FACE ( 'NONE', ( #3784 ), #1614, .T. ) ;
#9174 = PRESENTATION_LAYER_ASSIGNMENT (  '', '', ( #5878 ) ) ;
#9175 = CARTESIAN_POINT ( 'NONE',  ( 1.108950511379514392, 0.2055072980430198981, -0.02208130718212239843 ) ) ;
#9176 = EDGE_LOOP ( 'NONE', ( #3891, #8820, #9949, #7377 ) ) ;
#9177 = CARTESIAN_POINT ( 'NONE',  ( 1.132056929051205252, 0.1485102225781844698, 0.04294445836608781764 ) ) ;
#9178 = UNCERTAINTY_MEASURE_WITH_UNIT (LENGTH_MEASURE( 1.000000000000000082E-05 ), #3124, 'distance_accuracy_value', 'NONE');
#9179 = CARTESIAN_POINT ( 'NONE',  ( 1.140951158227197837, 0.08838425515644002251, 0.05687885185883337358 ) ) ;
#9180 =( LENGTH_UNIT ( ) NAMED_UNIT ( * ) SI_UNIT ( .MILLI., .METRE. ) );
#9181 = CARTESIAN_POINT ( 'NONE',  ( 1.135218496017687873, 0.1304238230108699659, -0.01287498630665485054 ) ) ;
#9182 = CARTESIAN_POINT ( 'NONE',  ( 1.126371743042100526, 0.1762992194188011119, 0.04780725476731935430 ) ) ;
#9183 = ORIENTED_EDGE ( 'NONE', *, *, #10187, .F. ) ;
#9184 = DIRECTION ( 'NONE',  ( 3.491481338843133355E-15, -0.000000000000000000, 1.000000000000000000 ) ) ;
#9185 = ORIENTED_EDGE ( 'NONE', *, *, #4108, .F. ) ;
#9186 = CARTESIAN_POINT ( 'NONE',  ( 1.121722023769949450, 0.1493559856056164425, -0.003083250338844025808 ) ) ;
#9187 = PLANE ( 'NONE',  #7509 ) ;
#9188 = MECHANICAL_DESIGN_GEOMETRIC_PRESENTATION_REPRESENTATION (  '', ( #6088 ), #4833 ) ;
#9189 = SURFACE_STYLE_FILL_AREA ( #1457 ) ;
#9190 = FACE_OUTER_BOUND ( 'NONE', #10895, .T. ) ;
#9191 = FACE_OUTER_BOUND ( 'NONE', #6471, .T. ) ;
#9192 = ORIENTED_EDGE ( 'NONE', *, *, #1791, .T. ) ;
#9193 = DIRECTION ( 'NONE',  ( 0.9789754885477539581, 0.2039779223903565863, -3.422013106907372187E-15 ) ) ;
#9194 = CARTESIAN_POINT ( 'NONE',  ( 1.131806555638469991, 0.1498464307918383753, -0.03329353940355230662 ) ) ;
#9195 = PLANE ( 'NONE',  #188 ) ;
#9196 = ORIENTED_EDGE ( 'NONE', *, *, #10527, .T. ) ;
#9197 = ORIENTED_EDGE ( 'NONE', *, *, #180, .F. ) ;
#9198 = COLOUR_RGB ( '',0.000000000000000000, 0.000000000000000000, 0.000000000000000000 ) ;
#9199 =( NAMED_UNIT ( * ) SI_UNIT ( $, .STERADIAN. ) SOLID_ANGLE_UNIT ( ) );
#9200 = CARTESIAN_POINT ( 'NONE',  ( 1.129567026625342141, 0.09957083938507038656, 0.002385712559676829523 ) ) ;
#9201 = CARTESIAN_POINT ( 'NONE',  ( 0.3357876820061003742, 0.000000000000000000, -0.003083250338841261092 ) ) ;
#9202 = B_SPLINE_CURVE_WITH_KNOTS ( 'NONE', 3,
 ( #4802, #3766, #5695, #3822 ),
 .UNSPECIFIED., .F., .F.,
 ( 4, 4 ),
 ( 0.0003378912628919167804, 1.000000000000000000 ),
 .UNSPECIFIED. ) ;
#9203 = EDGE_CURVE ( 'NONE', #4959, #5440, #240, .T. ) ;
#9204 = CARTESIAN_POINT ( 'NONE',  ( 1.115495297215375547, 0.2194650757367072602, -0.01788049095250547268 ) ) ;
#9205 = CARTESIAN_POINT ( 'NONE',  ( 1.138256628363625733, 0.1101985442826666772, -0.01757436460570111630 ) ) ;
#9206 = ORIENTED_EDGE ( 'NONE', *, *, #2192, .F. ) ;
#9207 = SURFACE_SIDE_STYLE ('',( #8476 ) ) ;
#9208 = DIRECTION ( 'NONE',  ( 3.491481338843133355E-15, -0.000000000000000000, 1.000000000000000000 ) ) ;
#9209 = ORIENTED_EDGE ( 'NONE', *, *, #6223, .T. ) ;
#9210 = ORIENTED_EDGE ( 'NONE', *, *, #9309, .T. ) ;
#9211 = DIRECTION ( 'NONE',  ( 3.491481338843133355E-15, -0.000000000000000000, 1.000000000000000000 ) ) ;
#9212 = DIRECTION ( 'NONE',  ( -0.1233363461673682993, 0.9923649256770833427, 4.306265510444632160E-16 ) ) ;
#9213 = FACE_OUTER_BOUND ( 'NONE', #9084, .T. ) ;
#9214 = EDGE_LOOP ( 'NONE', ( #6426, #1140, #10185, #1355 ) ) ;
#9215 = ORIENTED_EDGE ( 'NONE', *, *, #10041, .F. ) ;
#9216 = B_SPLINE_SURFACE_WITH_KNOTS ( 'NONE', 1, 3, ( 
 ( #1079, #10668, #3917, #2095 ),
 ( #9793, #9854, #8978, #7287 ) ),
 .UNSPECIFIED., .F., .F., .F.,
 ( 2, 2 ),
 ( 4, 4 ),
 ( 0.000000000000000000, 1.000000000000000000 ),
 ( 0.000000000000000000, 1.000000000000000000 ),
 .UNSPECIFIED. ) ;
#9217 = CARTESIAN_POINT ( 'NONE',  ( 1.138293492514114380, 0.1099803978373411206, 0.02600920522931305170 ) ) ;
#9218 =( LENGTH_UNIT ( ) NAMED_UNIT ( * ) SI_UNIT ( .MILLI., .METRE. ) );
#9219 = DIRECTION ( 'NONE',  ( -3.491481338843133355E-15, 0.000000000000000000, -1.000000000000000000 ) ) ;
#9220 = EDGE_CURVE ( 'NONE', #5790, #3219, #6063, .T. ) ;
#9221 = UNCERTAINTY_MEASURE_WITH_UNIT (LENGTH_MEASURE( 1.000000000000000082E-05 ), #151, 'distance_accuracy_value', 'NONE');
#9222 = MECHANICAL_DESIGN_GEOMETRIC_PRESENTATION_REPRESENTATION (  '', ( #5400 ), #5222 ) ;
#9223 = DIRECTION ( 'NONE',  ( 3.491481338843133355E-15, -0.000000000000000000, 1.000000000000000000 ) ) ;
#9224 = ORIENTED_EDGE ( 'NONE', *, *, #2522, .F. ) ;
#9225 = CARTESIAN_POINT ( 'NONE',  ( 1.136997130440177584, 0.1190101665403514725, 0.05368565291744746559 ) ) ;
#9226 = FILL_AREA_STYLE ('',( #8492 ) ) ;
#9227 = CARTESIAN_POINT ( 'NONE',  ( 1.129254376888761957, 0.1255191162987932540, 0.03013988056217908884 ) ) ;
#9228 = CARTESIAN_POINT ( 'NONE',  ( 1.112065260323597204, 0.1933730110473606267, 0.006069894152875641991 ) ) ;
#9229 = LINE ( 'NONE', #2179, #1363 ) ;
#9230 = CARTESIAN_POINT ( 'NONE',  ( 1.106656769549965391, 0.2139178577615463150, 0.001828991785565779824 ) ) ;
#9231 =( NAMED_UNIT ( * ) PLANE_ANGLE_UNIT ( ) SI_UNIT ( $, .RADIAN. ) );
#9232 = ORIENTED_EDGE ( 'NONE', *, *, #8443, .F. ) ;
#9233 = CARTESIAN_POINT ( 'NONE',  ( 1.145155705224452092, 0.03211861968190914823, 0.04243705819204174334 ) ) ;
#9234 = ORIENTED_EDGE ( 'NONE', *, *, #6427, .T. ) ;
#9235 = CARTESIAN_POINT ( 'NONE',  ( 1.130785639997012426, 0.1551847783773190603, -0.01454514862892847780 ) ) ;
#9236 = SURFACE_STYLE_FILL_AREA ( #1575 ) ;
#9237 = CARTESIAN_POINT ( 'NONE',  ( 1.131010868397307689, 0.08729309151253333843, 0.002385712559676829523 ) ) ;
#9238 = EDGE_CURVE ( 'NONE', #6336, #2041, #9359, .T. ) ;
#9239 = CARTESIAN_POINT ( 'NONE',  ( 1.116469405313945007, 0.1747456634457454361, -0.002739393390096406256 ) ) ;
#9240 = ADVANCED_FACE ( 'NONE', ( #8966 ), #4249, .T. ) ;
#9241 = ORIENTED_EDGE ( 'NONE', *, *, #8099, .F. ) ;
#9242 = EDGE_CURVE ( 'NONE', #5068, #4615, #4089, .T. ) ;
#9243 = CARTESIAN_POINT ( 'NONE',  ( 1.135787679384126836, 5.554695229173148510E-09, -0.007595724534329247393 ) ) ;
#9244 = CARTESIAN_POINT ( 'NONE',  ( 0.3357876820061003187, 0.000000000000000000, -0.02595792449772523630 ) ) ;
#9245 = ORIENTED_EDGE ( 'NONE', *, *, #9020, .T. ) ;
#9246 = ORIENTED_EDGE ( 'NONE', *, *, #1164, .T. ) ;
#9247 = CARTESIAN_POINT ( 'NONE',  ( 1.125961983963937652, 0.1249982900900838689, 0.05178649419006957355 ) ) ;
#9248 = B_SPLINE_CURVE_WITH_KNOTS ( 'NONE', 3,
 ( #2518, #3348, #3297, #1616 ),
 .UNSPECIFIED., .F., .F.,
 ( 4, 4 ),
 ( 0.000000000000000000, 1.000000000000000000 ),
 .UNSPECIFIED. ) ;
#9249 = CARTESIAN_POINT ( 'NONE',  ( 1.131887714259101951, 0.1494146533870493732, 0.3561756190388881693 ) ) ;
#9250 =( LENGTH_UNIT ( ) NAMED_UNIT ( * ) SI_UNIT ( .MILLI., .METRE. ) );
#9251 = CARTESIAN_POINT ( 'NONE',  ( 1.138735531471015694, 0.1066524778880814928, 0.02868258206520823972 ) ) ;
#9252 = CARTESIAN_POINT ( 'NONE',  ( 1.128381582675429762, 0.1086294097195653618, -0.003448083345560892625 ) ) ;
#9253 = UNCERTAINTY_MEASURE_WITH_UNIT (LENGTH_MEASURE( 1.000000000000000082E-05 ), #1529, 'distance_accuracy_value', 'NONE');
#9254 = CARTESIAN_POINT ( 'NONE',  ( 1.135627812543076098, -0.01599267277829009848, -0.01604956006815403888 ) ) ;
#9255 = ORIENTED_EDGE ( 'NONE', *, *, #3543, .T. ) ;
#9256 = COLOUR_RGB ( '',0.000000000000000000, 0.000000000000000000, 0.000000000000000000 ) ;
#9257 = SURFACE_STYLE_USAGE ( .BOTH. , #9207 ) ;
#9258 =( NAMED_UNIT ( * ) SI_UNIT ( $, .STERADIAN. ) SOLID_ANGLE_UNIT ( ) );
#9259 = EDGE_CURVE ( 'NONE', #182, #3578, #5532, .T. ) ;
#9260 = ORIENTED_EDGE ( 'NONE', *, *, #5756, .F. ) ;
#9261 = DIRECTION ( 'NONE',  ( -3.491481338843133355E-15, 0.000000000000000000, -1.000000000000000000 ) ) ;
#9262 = FILL_AREA_STYLE_COLOUR ( '', #168 ) ;
#9263 = PLANE ( 'NONE',  #9663 ) ;
#9264 = UNCERTAINTY_MEASURE_WITH_UNIT (LENGTH_MEASURE( 1.000000000000000082E-05 ), #10030, 'distance_accuracy_value', 'NONE');
#9265 = ORIENTED_EDGE ( 'NONE', *, *, #1880, .T. ) ;
#9266 = ORIENTED_EDGE ( 'NONE', *, *, #500, .T. ) ;
#9267 = AXIS2_PLACEMENT_3D ( 'NONE', #7271, #5385, #9835 ) ;
#9268 = CIRCLE ( 'NONE', #3438, 0.009999999999999998473 ) ;
#9269 = CARTESIAN_POINT ( 'NONE',  ( 1.132546769813586263, 0.1260399425075012236, 0.05610926725935865694 ) ) ;
#9270 = CARTESIAN_POINT ( 'NONE',  ( 1.145441178099688928, 0.02369000344934040631, 0.02334504061165312144 ) ) ;
#9271 = CARTESIAN_POINT ( 'NONE',  ( 1.127869022152146128, 0.1694878673918677470, 0.05663785624125076273 ) ) ;
#9272 = CIRCLE ( 'NONE', #1838, 0.8000000000000000444 ) ;
#9273 = AXIS2_PLACEMENT_3D ( 'NONE', #1039, #4561, #7244 ) ;
#9274 = SURFACE_STYLE_FILL_AREA ( #4899 ) ;
#9275 = PRESENTATION_LAYER_ASSIGNMENT (  '', '', ( #2007 ) ) ;
#9276 = ORIENTED_EDGE ( 'NONE', *, *, #126, .F. ) ;
#9277 = DIRECTION ( 'NONE',  ( 0.9726249249187186585, 0.2323806261865586642, -3.261076846929056305E-15 ) ) ;
#9278 = COLOUR_RGB ( '',0.000000000000000000, 0.000000000000000000, 0.000000000000000000 ) ;
#9279 = COLOUR_RGB ( '',0.000000000000000000, 0.000000000000000000, 0.000000000000000000 ) ;
#9280 = B_SPLINE_CURVE_WITH_KNOTS ( 'NONE', 3,
 ( #9144, #1361, #2256, #1301 ),
 .UNSPECIFIED., .F., .F.,
 ( 4, 4 ),
 ( 0.2892843067929137257, 1.000000000000000000 ),
 .UNSPECIFIED. ) ;
#9281 = CARTESIAN_POINT ( 'NONE',  ( 0.3357876820061004852, 0.000000000000000000, 0.02485103320823259937 ) ) ;
#9282 = CARTESIAN_POINT ( 'NONE',  ( 1.137865048894292963, 0.1130128201829498358, -0.01236853032746170096 ) ) ;
#9283 = VECTOR ( 'NONE', #6916, 1000.000000000000000 ) ;
#9284 = AXIS2_PLACEMENT_3D ( 'NONE', #9050, #4793, #10789 ) ;
#9285 = CARTESIAN_POINT ( 'NONE',  ( 1.109634839942559514, 0.2028836164259073815, 0.03069114328941663708 ) ) ;
#9286 = STYLED_ITEM ( 'NONE', ( #8467 ), #6267 ) ;
#9287 = MECHANICAL_DESIGN_GEOMETRIC_PRESENTATION_REPRESENTATION (  '', ( #381 ), #10046 ) ;
#9288 = CARTESIAN_POINT ( 'NONE',  ( 1.128792378800347551, 0.1055630184404761779, 0.04050471144449686867 ) ) ;
#9289 = AXIS2_PLACEMENT_3D ( 'NONE', #8126, #1929, #2039 ) ;
#9290 = DIRECTION ( 'NONE',  ( 0.1821989484301900497, -0.9832616860179862472, -6.361442284008509983E-16 ) ) ;
#9291 = B_SPLINE_CURVE_WITH_KNOTS ( 'NONE', 1,
 ( #9541, #3355 ),
 .UNSPECIFIED., .F., .F.,
 ( 2, 2 ),
 ( 0.000000000000000000, 1.000000000000000000 ),
 .UNSPECIFIED. ) ;
#9292 = CARTESIAN_POINT ( 'NONE',  ( 1.116408555218666887, 0.1750172914453036188, 0.05263794949152367231 ) ) ;
#9293 = SURFACE_STYLE_USAGE ( .BOTH. , #11093 ) ;
#9294 = STYLED_ITEM ( 'NONE', ( #8484 ), #831 ) ;
#9295 =( NAMED_UNIT ( * ) SI_UNIT ( $, .STERADIAN. ) SOLID_ANGLE_UNIT ( ) );
#9296 = EDGE_LOOP ( 'NONE', ( #9397, #10308, #2817, #3912 ) ) ;
#9297 = AXIS2_PLACEMENT_3D ( 'NONE', #7616, #3143, #11155 ) ;
#9298 = SURFACE_STYLE_FILL_AREA ( #2249 ) ;
#9299 = B_SPLINE_SURFACE_WITH_KNOTS ( 'NONE', 1, 3, ( 
 ( #9251, #6993, #8748, #5221 ),
 ( #3560, #11222, #10329, #27 ) ),
 .UNSPECIFIED., .F., .F., .F.,
 ( 2, 2 ),
 ( 4, 4 ),
 ( 0.000000000000000000, 1.000000000000000000 ),
 ( 0.000000000000000000, 1.000000000000000000 ),
 .UNSPECIFIED. ) ;
#9300 = ORIENTED_EDGE ( 'NONE', *, *, #8214, .T. ) ;
#9301 = CARTESIAN_POINT ( 'NONE',  ( 1.130309340211563152, 0.1575929129771849735, -0.02151967980650618117 ) ) ;
#9302 =( GEOMETRIC_REPRESENTATION_CONTEXT ( 3 ) GLOBAL_UNCERTAINTY_ASSIGNED_CONTEXT ( ( #4196 ) ) GLOBAL_UNIT_ASSIGNED_CONTEXT ( ( #4235, #7714, #11037 ) ) REPRESENTATION_CONTEXT ( 'NONE', 'WORKASPACE' ) );
#9303 = CARTESIAN_POINT ( 'NONE',  ( 1.109888891780399955, 0.2019091801428694599, -0.02595792449772794594 ) ) ;
#9304 = CARTESIAN_POINT ( 'NONE',  ( 1.122397030820489139, 0.1457591587441520453, -0.03283506347181482099 ) ) ;
#9305 = CARTESIAN_POINT ( 'NONE',  ( 1.109806174692898884, 0.2022260442644729095, 0.006069894152875641991 ) ) ;
#9306 = PRESENTATION_LAYER_ASSIGNMENT (  '', '', ( #8043 ) ) ;
#9307 = B_SPLINE_CURVE_WITH_KNOTS ( 'NONE', 3,
 ( #3687, #3472, #7874, #5241 ),
 .UNSPECIFIED., .F., .F.,
 ( 4, 4 ),
 ( 0.000000000000000000, 1.000000000000000000 ),
 .UNSPECIFIED. ) ;
#9308 = CARTESIAN_POINT ( 'NONE',  ( 1.134362111125400752, -0.04776954062783794752, 0.04672373024447077500 ) ) ;
#9309 = EDGE_CURVE ( 'NONE', #6970, #3064, #1525, .T. ) ;
#9310 = FILL_AREA_STYLE_COLOUR ( '', #10835 ) ;
#9311 = ORIENTED_EDGE ( 'NONE', *, *, #97, .F. ) ;
#9312 = B_SPLINE_SURFACE_WITH_KNOTS ( 'NONE', 1, 3, ( 
 ( #2494, #6826, #555, #9434 ),
 ( #7531, #8523, #11122, #3160 ) ),
 .UNSPECIFIED., .F., .F., .F.,
 ( 2, 2 ),
 ( 4, 4 ),
 ( 0.000000000000000000, 1.000000000000000000 ),
 ( 0.000000000000000000, 1.000000000000000000 ),
 .UNSPECIFIED. ) ;
#9313 = ORIENTED_EDGE ( 'NONE', *, *, #8637, .F. ) ;
#9314 = EDGE_CURVE ( 'NONE', #11213, #9798, #6791, .T. ) ;
#9315 = ORIENTED_EDGE ( 'NONE', *, *, #1179, .F. ) ;
#9316 = B_SPLINE_CURVE_WITH_KNOTS ( 'NONE', 3,
 ( #4623, #6375, #3872, #8097 ),
 .UNSPECIFIED., .F., .F.,
 ( 4, 4 ),
 ( 0.000000000000000000, 0.9999867573987982761 ),
 .UNSPECIFIED. ) ;
#9317 = DIRECTION ( 'NONE',  ( 3.491481338843133355E-15, -0.000000000000000000, 1.000000000000000000 ) ) ;
#9318 = CARTESIAN_POINT ( 'NONE',  ( 1.139232983600182436, 0.1028384487331264058, 0.03574248273594622660 ) ) ;
#9319 = CARTESIAN_POINT ( 'NONE',  ( 1.135839162738410346, 0.1265607687162106088, 0.02617733858181596138 ) ) ;
#9320 = CIRCLE ( 'NONE', #3868, 0.8000000000000001554 ) ;
#9321 = DIRECTION ( 'NONE',  ( 0.9940289829890087692, 0.1091163643906673253, -3.470633644375342749E-15 ) ) ;
#9322 = CARTESIAN_POINT ( 'NONE',  ( 1.128301182461124874, 0.1091895214593594649, -0.01660829032125828511 ) ) ;
#9323 = STYLED_ITEM ( 'NONE', ( #5022 ), #7942 ) ;
#9324 = CARTESIAN_POINT ( 'NONE',  ( 1.134680441023113717, 0.1336930390400038193, -0.003305255955625612495 ) ) ;
#9325 = EDGE_CURVE ( 'NONE', #182, #2079, #4744, .T. ) ;
#9326 = ADVANCED_FACE ( 'NONE', ( #6642 ), #11184, .T. ) ;
#9327 =( NAMED_UNIT ( * ) SI_UNIT ( $, .STERADIAN. ) SOLID_ANGLE_UNIT ( ) );
#9328 = CARTESIAN_POINT ( 'NONE',  ( 0.3357876820061007628, 0.000000000000000000, 0.1101939685163951937 ) ) ;
#9329 = CARTESIAN_POINT ( 'NONE',  ( 1.122059318799187189, 0.1475700280365919992, 0.05319467026563504813 ) ) ;
#9330 = CARTESIAN_POINT ( 'NONE',  ( 0.3357876820061003742, 0.000000000000000000, -0.007864499339867365643 ) ) ;
#9331 = ORIENTED_EDGE ( 'NONE', *, *, #5291, .T. ) ;
#9332 = B_SPLINE_CURVE_WITH_KNOTS ( 'NONE', 1,
 ( #11180, #8954 ),
 .UNSPECIFIED., .F., .F.,
 ( 2, 2 ),
 ( 0.000000000000000000, 1.000000000000000000 ),
 .UNSPECIFIED. ) ;
#9333 = ORIENTED_EDGE ( 'NONE', *, *, #6027, .T. ) ;
#9334 = AXIS2_PLACEMENT_3D ( 'NONE', #2304, #7565, #5598 ) ;
#9335 = CARTESIAN_POINT ( 'NONE',  ( 1.133496223107700374, 0.1405741208528688002, -0.02012873051028123486 ) ) ;
#9336 = FILL_AREA_STYLE_COLOUR ( '', #7854 ) ;
#9337 =( NAMED_UNIT ( * ) SI_UNIT ( $, .STERADIAN. ) SOLID_ANGLE_UNIT ( ) );
#9338 = EDGE_CURVE ( 'NONE', #9989, #1630, #5016, .T. ) ;
#9339 = MECHANICAL_DESIGN_GEOMETRIC_PRESENTATION_REPRESENTATION (  '', ( #8965 ), #8259 ) ;
#9340 = ORIENTED_EDGE ( 'NONE', *, *, #2149, .T. ) ;
#9341 = MECHANICAL_DESIGN_GEOMETRIC_PRESENTATION_REPRESENTATION (  '', ( #4447 ), #3522 ) ;
#9342 = FILL_AREA_STYLE_COLOUR ( '', #4360 ) ;
#9343 = SURFACE_STYLE_FILL_AREA ( #6724 ) ;
#9344 = CARTESIAN_POINT ( 'NONE',  ( -0.06421231799389885697, 4.898587196589421703E-17, 0.2101939685163967120 ) ) ;
#9345 = CARTESIAN_POINT ( 'NONE',  ( 1.138735401195572816, 0.1066534586800852447, 0.02868179413430385280 ) ) ;
#9346 = SURFACE_STYLE_USAGE ( .BOTH. , #5074 ) ;
#9347 = PRESENTATION_LAYER_ASSIGNMENT (  '', '', ( #7906 ) ) ;
#9348 = FILL_AREA_STYLE_COLOUR ( '', #8744 ) ;
#9349 = CARTESIAN_POINT ( 'NONE',  ( 1.126166316133824008, 0.1772050075883699338, 0.02933754768169469576 ) ) ;
#9350 = SURFACE_STYLE_USAGE ( .BOTH. , #11090 ) ;
#9351 = ADVANCED_FACE ( 'NONE', ( #9191 ), #2516, .T. ) ;
#9352 = CARTESIAN_POINT ( 'NONE',  ( 1.131928067780652469, -0.07848876441088509237, -0.01468327645258259498 ) ) ;
#9353 = VERTEX_POINT ( 'NONE', #6917 ) ;
#9354 = CARTESIAN_POINT ( 'NONE',  ( 1.109909550784675902, 0.2018299588236746600, 0.03361119833001464247 ) ) ;
#9355 =( GEOMETRIC_REPRESENTATION_CONTEXT ( 3 ) GLOBAL_UNCERTAINTY_ASSIGNED_CONTEXT ( ( #10197 ) ) GLOBAL_UNIT_ASSIGNED_CONTEXT ( ( #9909, #5389, #4705 ) ) REPRESENTATION_CONTEXT ( 'NONE', 'WORKASPACE' ) );
#9356 = EDGE_CURVE ( 'NONE', #7812, #9091, #401, .T. ) ;
#9357 = ORIENTED_EDGE ( 'NONE', *, *, #2235, .T. ) ;
#9358 = CARTESIAN_POINT ( 'NONE',  ( 1.133610769437399801, 0.1399395412615205003, -0.005970045832647429516 ) ) ;
#9359 = B_SPLINE_CURVE_WITH_KNOTS ( 'NONE', 1,
 ( #7345, #5505, #6418 ),
 .UNSPECIFIED., .F., .F.,
 ( 2, 1, 2 ),
 ( 0.000000000000000000, 0.9999622325331583017, 1.000000000000000000 ),
 .UNSPECIFIED. ) ;
#9360 = CARTESIAN_POINT ( 'NONE',  ( 1.128791628246635703, 0.1650598111199036155, 0.05319467026563515222 ) ) ;
#9361 =( GEOMETRIC_REPRESENTATION_CONTEXT ( 3 ) GLOBAL_UNCERTAINTY_ASSIGNED_CONTEXT ( ( #5691 ) ) GLOBAL_UNIT_ASSIGNED_CONTEXT ( ( #8361, #5776, #8855 ) ) REPRESENTATION_CONTEXT ( 'NONE', 'WORKASPACE' ) );
#9362 =( LENGTH_UNIT ( ) NAMED_UNIT ( * ) SI_UNIT ( .MILLI., .METRE. ) );
#9363 = B_SPLINE_CURVE_WITH_KNOTS ( 'NONE', 3,
 ( #70, #1911, #6394, #8106 ),
 .UNSPECIFIED., .F., .F.,
 ( 4, 4 ),
 ( 0.000000000000000000, 1.000000000000000000 ),
 .UNSPECIFIED. ) ;
#9364 = CARTESIAN_POINT ( 'NONE',  ( 1.135839162738410568, 0.1265607687162099426, 0.05610926725935862225 ) ) ;
#9365 = DIRECTION ( 'NONE',  ( 0.9830484531421046501, 0.1833459538002277511, -3.430483436379916373E-15 ) ) ;
#9366 = FILL_AREA_STYLE ('',( #9310 ) ) ;
#9367 = ORIENTED_EDGE ( 'NONE', *, *, #3394, .F. ) ;
#9368 = UNCERTAINTY_MEASURE_WITH_UNIT (LENGTH_MEASURE( 1.000000000000000082E-05 ), #3022, 'distance_accuracy_value', 'NONE');
#9369 = CARTESIAN_POINT ( 'NONE',  ( 1.116302738114169468, 0.1754885956084273890, 0.04115967706098326573 ) ) ;
#9370 = CARTESIAN_POINT ( 'NONE',  ( 1.106904238164716725, 0.2130345440291152304, -0.003001702926298799572 ) ) ;
#9371 = ORIENTED_EDGE ( 'NONE', *, *, #9703, .T. ) ;
#9372 = EDGE_LOOP ( 'NONE', ( #9843, #4387, #11218, #4556 ) ) ;
#9373 =( LENGTH_UNIT ( ) NAMED_UNIT ( * ) SI_UNIT ( .MILLI., .METRE. ) );
#9374 = SURFACE_SIDE_STYLE ('',( #5885 ) ) ;
#9375 = EDGE_CURVE ( 'NONE', #11203, #9091, #10316, .T. ) ;
#9376 = CARTESIAN_POINT ( 'NONE',  ( 1.135322875111385299, 0.02726673772373165716, -0.02606900220520719236 ) ) ;
#9377 = PRESENTATION_STYLE_ASSIGNMENT (( #3374 ) ) ;
#9378 = CARTESIAN_POINT ( 'NONE',  ( 1.122569528271899486, 0.1925469459289888552, 0.03722988336162972450 ) ) ;
#9379 = CARTESIAN_POINT ( 'NONE',  ( 0.3357876820061003187, 0.000000000000000000, -0.02595792449772550692 ) ) ;
#9380 = CARTESIAN_POINT ( 'NONE',  ( 1.145041253676466031, 0.03643706546656844819, 0.02194273403647782963 ) ) ;
#9381 = CARTESIAN_POINT ( 'NONE',  ( 1.129476007115471248, 0.1002937813878873458, -0.02230649118532080852 ) ) ;
#9382 = VERTEX_POINT ( 'NONE', #8684 ) ;
#9383 = CARTESIAN_POINT ( 'NONE',  ( 1.131747998435802094, 0.1501571665593381955, -0.03673175985462266008 ) ) ;
#9384 = CARTESIAN_POINT ( 'NONE',  ( 1.126094232630755032, 0.1775262841930646263, 0.03776540595568794734 ) ) ;
#9385 = PRESENTATION_STYLE_ASSIGNMENT (( #1430 ) ) ;
#9386 =( NAMED_UNIT ( * ) PLANE_ANGLE_UNIT ( ) SI_UNIT ( $, .RADIAN. ) );
#9387 =( NAMED_UNIT ( * ) PLANE_ANGLE_UNIT ( ) SI_UNIT ( $, .RADIAN. ) );
#9388 = EDGE_CURVE ( 'NONE', #3839, #8511, #4179, .T. ) ;
#9389 = VERTEX_POINT ( 'NONE', #1629 ) ;
#9390 = B_SPLINE_CURVE_WITH_KNOTS ( 'NONE', 3,
 ( #11040, #9358, #597, #3192 ),
 .UNSPECIFIED., .F., .F.,
 ( 4, 4 ),
 ( 0.0002275444845025188225, 1.000000000000000000 ),
 .UNSPECIFIED. ) ;
#9391 = ORIENTED_EDGE ( 'NONE', *, *, #9375, .T. ) ;
#9392 = ADVANCED_FACE ( 'NONE', ( #6859 ), #796, .T. ) ;
#9393 = EDGE_CURVE ( 'NONE', #2778, #10605, #2688, .T. ) ;
#9394 = CARTESIAN_POINT ( 'NONE',  ( 1.145595776304128677, 0.01840093528011573637, 0.03960471079945750844 ) ) ;
#9395 = SURFACE_STYLE_USAGE ( .BOTH. , #2453 ) ;
#9396 = PRESENTATION_STYLE_ASSIGNMENT (( #3289 ) ) ;
#9397 = ORIENTED_EDGE ( 'NONE', *, *, #5320, .F. ) ;
#9398 = CARTESIAN_POINT ( 'NONE',  ( 1.145739765047277592, -0.008810401651392119754, 0.06547198176484779475 ) ) ;
#9399 = DIRECTION ( 'NONE',  ( 3.491481338843133355E-15, -0.000000000000000000, 1.000000000000000000 ) ) ;
#9400 = CARTESIAN_POINT ( 'NONE',  ( 0.3357876820061016510, 0.000000000000000000, 0.3561756190388909449 ) ) ;
#9401 = FACE_OUTER_BOUND ( 'NONE', #1007, .T. ) ;
#9402 = SURFACE_STYLE_FILL_AREA ( #6845 ) ;
#9403 = VECTOR ( 'NONE', #298, 1000.000000000000227 ) ;
#9404 = CARTESIAN_POINT ( 'NONE',  ( 1.125514065051931079, 0.1801142104728190863, 0.03292748598424967421 ) ) ;
#9405 = CARTESIAN_POINT ( 'NONE',  ( 1.109888891780399955, 0.2019091801428694599, -0.02595792449772794594 ) ) ;
#9406 = CARTESIAN_POINT ( 'NONE',  ( 1.126059176315520327, 0.1776822030535326891, 0.04115967706098326573 ) ) ;
#9407 = CARTESIAN_POINT ( 'NONE',  ( 1.124060736695442486, 0.1364756067974539078, -0.002559277845524325461 ) ) ;
#9408 = CARTESIAN_POINT ( 'NONE',  ( 1.135744301988113270, 0.009805060653116700470, -0.01333733399671611919 ) ) ;
#9409 = ORIENTED_EDGE ( 'NONE', *, *, #4734, .T. ) ;
#9410 = ORIENTED_EDGE ( 'NONE', *, *, #7467, .F. ) ;
#9411 = AXIS2_PLACEMENT_3D ( 'NONE', #5430, #2924, #8891 ) ;
#9412 = DIRECTION ( 'NONE',  ( -0.1562478626126048431, 0.9877178774472964440, 5.455364965460355613E-16 ) ) ;
#9413 = B_SPLINE_CURVE_WITH_KNOTS ( 'NONE', 3,
 ( #405, #3984, #342, #9879 ),
 .UNSPECIFIED., .F., .F.,
 ( 4, 4 ),
 ( 0.000000000000000000, 1.000000000000000000 ),
 .UNSPECIFIED. ) ;
#9414 = CARTESIAN_POINT ( 'NONE',  ( 1.116339735195186034, 0.2035917566440600401, -0.02595792449772796329 ) ) ;
#9415 = CARTESIAN_POINT ( 'NONE',  ( 1.111418468959028294, 0.2334525608499675164, -0.008393929879955085854 ) ) ;
#9416 = CARTESIAN_POINT ( 'NONE',  ( 1.137558278863118666, 0.1151690497292599674, -0.005818117735158039733 ) ) ;
#9417 = CARTESIAN_POINT ( 'NONE',  ( 1.129567026625342141, 0.09957083938507038656, 0.002385712559676829523 ) ) ;
#9418 = B_SPLINE_SURFACE_WITH_KNOTS ( 'NONE', 1, 3, ( 
 ( #1396, #3410, #2592, #9592 ),
 ( #4348, #6969, #6096, #6036 ) ),
 .UNSPECIFIED., .F., .F., .F.,
 ( 2, 2 ),
 ( 4, 4 ),
 ( 0.000000000000000000, 1.000000000000000000 ),
 ( 0.000000000000000000, 1.000000000000000000 ),
 .UNSPECIFIED. ) ;
#9419 = ORIENTED_EDGE ( 'NONE', *, *, #7607, .T. ) ;
#9420 = CARTESIAN_POINT ( 'NONE',  ( 1.123226961664925083, 0.1898404088975557402, -0.02595792449772827207 ) ) ;
#9421 = VERTEX_POINT ( 'NONE', #5096 ) ;
#9423 = VERTEX_POINT ( 'NONE', #4303 ) ;
#9422 = UNCERTAINTY_MEASURE_WITH_UNIT (LENGTH_MEASURE( 1.000000000000000082E-05 ), #2597, 'distance_accuracy_value', 'NONE');
#9424 = EDGE_CURVE ( 'NONE', #4752, #5664, #3549, .T. ) ;
#9425 =( LENGTH_UNIT ( ) NAMED_UNIT ( * ) SI_UNIT ( .MILLI., .METRE. ) );
#9426 = DIRECTION ( 'NONE',  ( 3.491481338843133355E-15, -0.000000000000000000, 1.000000000000000000 ) ) ;
#9427 = CARTESIAN_POINT ( 'NONE',  ( 1.110375279079546251, 0.2368840527768498183, 0.001976359049127990319 ) ) ;
#9428 =( NAMED_UNIT ( * ) SI_UNIT ( $, .STERADIAN. ) SOLID_ANGLE_UNIT ( ) );
#9429 = CARTESIAN_POINT ( 'NONE',  ( 1.145473986964933744, 0.02254079772571031953, 0.05362807743469277799 ) ) ;
#9430 = CARTESIAN_POINT ( 'NONE',  ( 1.110230781357061769, 0.2005938330748913145, 0.03722988336162978001 ) ) ;
#9431 = CARTESIAN_POINT ( 'NONE',  ( 1.135840248773271055, -0.005368118368568427362, -0.01043260198028983163 ) ) ;
#9432 = CARTESIAN_POINT ( 'NONE',  ( 1.135345867700616518, 0.02658397428703672752, -0.01217842026157462190 ) ) ;
#9433 = B_SPLINE_CURVE_WITH_KNOTS ( 'NONE', 1,
 ( #8263, #9049 ),
 .UNSPECIFIED., .F., .F.,
 ( 2, 2 ),
 ( 0.000000000000000000, 1.000000000000000000 ),
 .UNSPECIFIED. ) ;
#9434 = CARTESIAN_POINT ( 'NONE',  ( 1.134983635252808654, 0.1318553310036622295, -0.004376807431639181782 ) ) ;
#9435 = CARTESIAN_POINT ( 'NONE',  ( 1.134144113130430176, -0.05125435476545827512, 0.04702734930824172682 ) ) ;
#9436 = VERTEX_POINT ( 'NONE', #8568 ) ;
#9437 = PLANE ( 'NONE',  #8368 ) ;
#9438 = PRESENTATION_STYLE_ASSIGNMENT (( #2446 ) ) ;
#9439 = ORIENTED_EDGE ( 'NONE', *, *, #10556, .F. ) ;
#9440 = ORIENTED_EDGE ( 'NONE', *, *, #1179, .T. ) ;
#9441 = FACE_OUTER_BOUND ( 'NONE', #8852, .T. ) ;
#9442 = CARTESIAN_POINT ( 'NONE',  ( 1.145710381117110765, 0.01149505871601933481, 0.04539464501433815302 ) ) ;
#9443 = B_SPLINE_SURFACE_WITH_KNOTS ( 'NONE', 1, 3, ( 
 ( #10643, #5376, #6275, #8839 ),
 ( #3651, #11114, #7143, #2804 ) ),
 .UNSPECIFIED., .F., .F., .F.,
 ( 2, 2 ),
 ( 4, 4 ),
 ( 0.000000000000000000, 1.000000000000000000 ),
 ( 0.000000000000000000, 1.000000000000000000 ),
 .UNSPECIFIED. ) ;
#9444 = AXIS2_PLACEMENT_3D ( 'NONE', #1612, #9399, #1843 ) ;
#9445 = CYLINDRICAL_SURFACE ( 'NONE', #10280, 0.7999999999999999334 ) ;
#9446 = FILL_AREA_STYLE ('',( #3224 ) ) ;
#9447 = EDGE_CURVE ( 'NONE', #6005, #10595, #3364, .T. ) ;
#9448 = SURFACE_STYLE_USAGE ( .BOTH. , #1724 ) ;
#9449 = ORIENTED_EDGE ( 'NONE', *, *, #8480, .F. ) ;
#9450 = VERTEX_POINT ( 'NONE', #7781 ) ;
#9451 = COLOUR_RGB ( '',0.000000000000000000, 0.000000000000000000, 0.000000000000000000 ) ;
#9452 = CARTESIAN_POINT ( 'NONE',  ( 1.135050460764146951, 0.03598748124663878056, 0.02194270068806757415 ) ) ;
#9453 = EDGE_CURVE ( 'NONE', #2261, #10859, #8926, .T. ) ;
#9454 = EDGE_CURVE ( 'NONE', #9077, #10235, #11263, .T. ) ;
#9455 = FACE_OUTER_BOUND ( 'NONE', #10554, .T. ) ;
#9456 = EDGE_CURVE ( 'NONE', #1879, #10066, #3205, .T. ) ;
#9457 = CIRCLE ( 'NONE', #1472, 0.7999999999999999334 ) ;
#9458 = PRESENTATION_STYLE_ASSIGNMENT (( #2517 ) ) ;
#9459 = STYLED_ITEM ( 'NONE', ( #8703 ), #7092 ) ;
#9460 =( NAMED_UNIT ( * ) PLANE_ANGLE_UNIT ( ) SI_UNIT ( $, .RADIAN. ) );
#9461 = CARTESIAN_POINT ( 'NONE',  ( 1.137504567772833042, 0.1155423518736383576, -0.002559441173946347316 ) ) ;
#9462 = AXIS2_PLACEMENT_3D ( 'NONE', #3500, #9492, #6166 ) ;
#9463 =( LENGTH_UNIT ( ) NAMED_UNIT ( * ) SI_UNIT ( .MILLI., .METRE. ) );
#9464 = CARTESIAN_POINT ( 'NONE',  ( 1.123438309974836846, 0.1400348246428955445, -0.003236075649402426514 ) ) ;
#9465 = COLOUR_RGB ( '',0.000000000000000000, 0.000000000000000000, 0.000000000000000000 ) ;
#9466 = CARTESIAN_POINT ( 'NONE',  ( 1.119034806486419953, 0.1628617266066855751, 0.02485103320822988973 ) ) ;
#9467 = ORIENTED_EDGE ( 'NONE', *, *, #3470, .T. ) ;
#9468 = EDGE_CURVE ( 'NONE', #10219, #2811, #7686, .T. ) ;
#9469 = CARTESIAN_POINT ( 'NONE',  ( 1.127240425544098423, 0.1166299907664222479, -0.02134041690087835896 ) ) ;
#9470 = CARTESIAN_POINT ( 'NONE',  ( 1.124716195918590289, 0.1326340828589319121, -0.01102470843974886171 ) ) ;
#9471 = EDGE_CURVE ( 'NONE', #4723, #11228, #3661, .T. ) ;
#9472 = ADVANCED_FACE ( 'NONE', ( #10753 ), #6881, .T. ) ;
#9473 =( GEOMETRIC_REPRESENTATION_CONTEXT ( 3 ) GLOBAL_UNCERTAINTY_ASSIGNED_CONTEXT ( ( #10965 ) ) GLOBAL_UNIT_ASSIGNED_CONTEXT ( ( #7992, #128, #2760 ) ) REPRESENTATION_CONTEXT ( 'NONE', 'WORKASPACE' ) );
#9474 = CARTESIAN_POINT ( 'NONE',  ( 1.098495056703570505, 0.2414097061894623919, -0.02011781441668670373 ) ) ;
#9475 = VECTOR ( 'NONE', #1991, 1000.000000000000227 ) ;
#9476 = COLOUR_RGB ( '',0.000000000000000000, 0.000000000000000000, 0.000000000000000000 ) ;
#9477 = SURFACE_SIDE_STYLE ('',( #1859 ) ) ;
#9478 = FILL_AREA_STYLE ('',( #10424 ) ) ;
#9479 = COLOUR_RGB ( '',0.000000000000000000, 0.000000000000000000, 0.000000000000000000 ) ;
#9480 = DIRECTION ( 'NONE',  ( 1.000000000000000000, 0.000000000000000000, -3.488520879062155587E-15 ) ) ;
#9481 = CARTESIAN_POINT ( 'NONE',  ( 0.3357876820061016510, 0.000000000000000000, 0.3561756190388909449 ) ) ;
#9482 = SURFACE_STYLE_USAGE ( .BOTH. , #3311 ) ;
#9483 = CIRCLE ( 'NONE', #1855, 0.8000000000000000444 ) ;
#9484 =( GEOMETRIC_REPRESENTATION_CONTEXT ( 3 ) GLOBAL_UNCERTAINTY_ASSIGNED_CONTEXT ( ( #8235 ) ) GLOBAL_UNIT_ASSIGNED_CONTEXT ( ( #8245, #9155, #7066 ) ) REPRESENTATION_CONTEXT ( 'NONE', 'WORKASPACE' ) );
#9485 = VECTOR ( 'NONE', #4533, 1000.000000000000114 ) ;
#9486 = CARTESIAN_POINT ( 'NONE',  ( 0.3357876820061003742, 0.000000000000000000, -0.007864499339867365643 ) ) ;
#9487 = ORIENTED_EDGE ( 'NONE', *, *, #4728, .F. ) ;
#9488 = B_SPLINE_CURVE_WITH_KNOTS ( 'NONE', 1,
 ( #8643, #846 ),
 .UNSPECIFIED., .F., .F.,
 ( 2, 2 ),
 ( 0.000000000000000000, 1.000000000000000000 ),
 .UNSPECIFIED. ) ;
#9489 = EDGE_CURVE ( 'NONE', #5648, #7500, #5788, .T. ) ;
#9490 = MECHANICAL_DESIGN_GEOMETRIC_PRESENTATION_REPRESENTATION (  '', ( #8030 ), #1832 ) ;
#9491 = UNCERTAINTY_MEASURE_WITH_UNIT (LENGTH_MEASURE( 1.000000000000000082E-05 ), #3931, 'distance_accuracy_value', 'NONE');
#9492 = DIRECTION ( 'NONE',  ( 3.491481338843133355E-15, -0.000000000000000000, 1.000000000000000000 ) ) ;
#9493 = FILL_AREA_STYLE_COLOUR ( '', #201 ) ;
#9494 = VERTEX_POINT ( 'NONE', #10803 ) ;
#9495 = B_SPLINE_CURVE_WITH_KNOTS ( 'NONE', 1,
 ( #10847, #6445 ),
 .UNSPECIFIED., .F., .F.,
 ( 2, 2 ),
 ( 0.000000000000000000, 1.000000000000000000 ),
 .UNSPECIFIED. ) ;
#9496 = ORIENTED_EDGE ( 'NONE', *, *, #2571, .T. ) ;
#9497 = DIRECTION ( 'NONE',  ( 0.9923649256770834537, 0.1233363461673683270, -3.328839482709401121E-15 ) ) ;
#9498 = B_SPLINE_SURFACE_WITH_KNOTS ( 'NONE', 1, 3, ( 
 ( #10860, #8113, #1119, #8164 ),
 ( #304, #6284, #10809, #8284 ) ),
 .UNSPECIFIED., .F., .F., .F.,
 ( 2, 2 ),
 ( 4, 4 ),
 ( 0.000000000000000000, 1.000000000000000000 ),
 ( 0.000000000000000000, 1.000000000000000000 ),
 .UNSPECIFIED. ) ;
#9499 = CARTESIAN_POINT ( 'NONE',  ( 1.139059339425801953, 0.1042146451617945307, 0.03188364708555665311 ) ) ;
#9500 =( GEOMETRIC_REPRESENTATION_CONTEXT ( 3 ) GLOBAL_UNCERTAINTY_ASSIGNED_CONTEXT ( ( #3900 ) ) GLOBAL_UNIT_ASSIGNED_CONTEXT ( ( #2128, #4761, #2253 ) ) REPRESENTATION_CONTEXT ( 'NONE', 'WORKASPACE' ) );
#9501 = COLOUR_RGB ( '',0.000000000000000000, 0.000000000000000000, 0.000000000000000000 ) ;
#9502 = UNCERTAINTY_MEASURE_WITH_UNIT (LENGTH_MEASURE( 1.000000000000000082E-05 ), #6352, 'distance_accuracy_value', 'NONE');
#9503 = CARTESIAN_POINT ( 'NONE',  ( 1.140872178391330705, -0.08910080628221116184, 0.01013760047613248248 ) ) ;
#9504 = FILL_AREA_STYLE ('',( #2542 ) ) ;
#9505 = CARTESIAN_POINT ( 'NONE',  ( 1.134398433539429263, 0.1353545992398177966, -0.01590420228336715536 ) ) ;
#9506 = CARTESIAN_POINT ( 'NONE',  ( 1.128287767350910409, 0.1092868460907755884, -0.02217549806215562969 ) ) ;
#9507 = CARTESIAN_POINT ( 'NONE',  ( 1.105939574789535307, 0.2509303928225766755, -0.02595792449772778288 ) ) ;
#9508 = ORIENTED_EDGE ( 'NONE', *, *, #2383, .F. ) ;
#9509 = CYLINDRICAL_SURFACE ( 'NONE', #4685, 0.7999999999999999334 ) ;
#9510 = CARTESIAN_POINT ( 'NONE',  ( 1.131473619912443773, 0.1516150623182817847, -0.03299918481096175693 ) ) ;
#9511 = VERTEX_POINT ( 'NONE', #1113 ) ;
#9512 = CARTESIAN_POINT ( 'NONE',  ( 1.138305418801708990, 0.1098426654748957398, -0.01854043889014400301 ) ) ;
#9513 = CARTESIAN_POINT ( 'NONE',  ( 1.113166517036147773, 0.1888971859169080725, 0.03361119833001464247 ) ) ;
#9514 = ORIENTED_EDGE ( 'NONE', *, *, #1760, .F. ) ;
#9515 = EDGE_LOOP ( 'NONE', ( #8591, #3060, #5428, #2074 ) ) ;
#9516 = EDGE_CURVE ( 'NONE', #2670, #305, #2133, .T. ) ;
#9517 = PRESENTATION_LAYER_ASSIGNMENT (  '', '', ( #972 ) ) ;
#9518 = PRESENTATION_STYLE_ASSIGNMENT (( #9621 ) ) ;
#9519 = SURFACE_STYLE_FILL_AREA ( #1027 ) ;
#9520 = STYLED_ITEM ( 'NONE', ( #3264 ), #8144 ) ;
#9521 = FACE_OUTER_BOUND ( 'NONE', #552, .T. ) ;
#9522 = FACE_OUTER_BOUND ( 'NONE', #8685, .T. ) ;
#9523 = SURFACE_STYLE_USAGE ( .BOTH. , #1780 ) ;
#9524 = DIRECTION ( 'NONE',  ( -1.000000000000000000, 0.000000000000000000, 3.491481338843133355E-15 ) ) ;
#9525 = ORIENTED_EDGE ( 'NONE', *, *, #9607, .T. ) ;
#9526 = ORIENTED_EDGE ( 'NONE', *, *, #3557, .T. ) ;
#9527 = CARTESIAN_POINT ( 'NONE',  ( 1.103593396057919618, 0.2246650517311849504, -0.02595792449772773083 ) ) ;
#9528 = FACE_OUTER_BOUND ( 'NONE', #3043, .T. ) ;
#9529 = SURFACE_STYLE_USAGE ( .BOTH. , #111 ) ;
#9530 =( LENGTH_UNIT ( ) NAMED_UNIT ( * ) SI_UNIT ( .MILLI., .METRE. ) );
#9531 = PRESENTATION_STYLE_ASSIGNMENT (( #51 ) ) ;
#9532 = CARTESIAN_POINT ( 'NONE',  ( 1.138879485394274083, 0.1055631626919260602, -0.02177399018174578510 ) ) ;
#9533 = B_SPLINE_SURFACE_WITH_KNOTS ( 'NONE', 1, 3, ( 
 ( #7212, #1237, #1013, #7955 ),
 ( #4702, #10711, #10654, #8069 ) ),
 .UNSPECIFIED., .F., .F., .F.,
 ( 2, 2 ),
 ( 4, 4 ),
 ( 0.000000000000000000, 1.000000000000000000 ),
 ( 0.000000000000000000, 1.000000000000000000 ),
 .UNSPECIFIED. ) ;
#9534 = EDGE_CURVE ( 'NONE', #7208, #3927, #8404, .T. ) ;
#9535 = DIRECTION ( 'NONE',  ( 1.000000000000000000, 0.000000000000000000, -3.492703757814028417E-15 ) ) ;
#9536 =( GEOMETRIC_REPRESENTATION_CONTEXT ( 3 ) GLOBAL_UNCERTAINTY_ASSIGNED_CONTEXT ( ( #6299 ) ) GLOBAL_UNIT_ASSIGNED_CONTEXT ( ( #6869, #5220, #8693 ) ) REPRESENTATION_CONTEXT ( 'NONE', 'WORKASPACE' ) );
#9537 = SURFACE_STYLE_USAGE ( .BOTH. , #6033 ) ;
#9538 =( NAMED_UNIT ( * ) SI_UNIT ( $, .STERADIAN. ) SOLID_ANGLE_UNIT ( ) );
#9539 = CARTESIAN_POINT ( 'NONE',  ( 1.135742747320645840, -0.008479002158367401898, 0.05180935499299749863 ) ) ;
#9540 = EDGE_LOOP ( 'NONE', ( #4500, #5133, #10812, #10322 ) ) ;
#9541 = CARTESIAN_POINT ( 'NONE',  ( 1.134633177656892311, 0.04296363669943129709, 0.005583310175039112727 ) ) ;
#9542 =( NAMED_UNIT ( * ) SI_UNIT ( $, .STERADIAN. ) SOLID_ANGLE_UNIT ( ) );
#9543 = STYLED_ITEM ( 'NONE', ( #7259 ), #8767 ) ;
#9544 = B_SPLINE_CURVE_WITH_KNOTS ( 'NONE', 3,
 ( #3701, #10695, #9003, #2854 ),
 .UNSPECIFIED., .F., .F.,
 ( 4, 4 ),
 ( 0.000000000000000000, 0.1834859559488109249 ),
 .UNSPECIFIED. ) ;
#9545 = DIRECTION ( 'NONE',  ( -1.000000000000000000, -1.224646799147355426E-16, 0.000000000000000000 ) ) ;
#9546 = EDGE_CURVE ( 'NONE', #10066, #361, #9907, .T. ) ;
#9547 = SURFACE_STYLE_FILL_AREA ( #825 ) ;
#9548 = EDGE_CURVE ( 'NONE', #4493, #10140, #10325, .T. ) ;
#9549 = CARTESIAN_POINT ( 'NONE',  ( 1.138523709466249922, 0.1082541660403937012, 0.04747255584067507778 ) ) ;
#9550 = CARTESIAN_POINT ( 'NONE',  ( 1.123737155674034982, 0.1383306217431962415, -0.01903985017276128497 ) ) ;
#9551 = VECTOR ( 'NONE', #5275, 1000.000000000000000 ) ;
#9552 = SURFACE_SIDE_STYLE ('',( #6811 ) ) ;
#9553 = ORIENTED_EDGE ( 'NONE', *, *, #4386, .T. ) ;
#9554 = CARTESIAN_POINT ( 'NONE',  ( 1.126987947808945956, 0.1183306359042599343, -0.01667378688284185118 ) ) ;
#9555 = DIRECTION ( 'NONE',  ( 3.491481338843133355E-15, -0.000000000000000000, 1.000000000000000000 ) ) ;
#9556 = ORIENTED_EDGE ( 'NONE', *, *, #9489, .F. ) ;
#9557 = FILL_AREA_STYLE ('',( #3430 ) ) ;
#9558 = CARTESIAN_POINT ( 'NONE',  ( 0.3357876820061004852, 0.000000000000000000, 0.02850246652063946617 ) ) ;
#9559 = LINE ( 'NONE', #3373, #1830 ) ;
#9560 = PRESENTATION_STYLE_ASSIGNMENT (( #6062 ) ) ;
#9561 = DIRECTION ( 'NONE',  ( 3.491481338843133355E-15, -0.000000000000000000, 1.000000000000000000 ) ) ;
#9562 = CARTESIAN_POINT ( 'NONE',  ( 1.121921548956863468, 0.1483022023876921502, -0.03673210889059547180 ) ) ;
#9563 = CARTESIAN_POINT ( 'NONE',  ( 1.132229647680669027, 0.1475811482284539733, -0.03283506347181482099 ) ) ;
#9564 = VERTEX_POINT ( 'NONE', #5590 ) ;
#9565 = AXIS2_PLACEMENT_3D ( 'NONE', #5604, #3724, #4823 ) ;
#9566 = CARTESIAN_POINT ( 'NONE',  ( 1.107461245603743150, 0.2109974199949253004, -0.0006271292766393669373 ) ) ;
#9567 = ORIENTED_EDGE ( 'NONE', *, *, #2503, .F. ) ;
#9568 =( NAMED_UNIT ( * ) PLANE_ANGLE_UNIT ( ) SI_UNIT ( $, .RADIAN. ) );
#9569 = CARTESIAN_POINT ( 'NONE',  ( 1.134837590969379972, -0.03897746766754539571, -0.02743530319401906933 ) ) ;
#9570 = UNCERTAINTY_MEASURE_WITH_UNIT (LENGTH_MEASURE( 1.000000000000000082E-05 ), #7072, 'distance_accuracy_value', 'NONE');
#9571 = VERTEX_POINT ( 'NONE', #7206 ) ;
#9572 = ORIENTED_EDGE ( 'NONE', *, *, #5769, .T. ) ;
#9573 = EDGE_CURVE ( 'NONE', #10543, #7671, #4773, .T. ) ;
#9574 = CARTESIAN_POINT ( 'NONE',  ( 1.116589317063364728, 0.1742220321211991607, 0.03465977814294055742 ) ) ;
#9575 = FILL_AREA_STYLE ('',( #11289 ) ) ;
#9576 = DIRECTION ( 'NONE',  ( -3.491481338843133355E-15, 0.000000000000000000, -1.000000000000000000 ) ) ;
#9577 = B_SPLINE_SURFACE_WITH_KNOTS ( 'NONE', 1, 3, ( 
 ( #1743, #5976, #9415, #8455 ),
 ( #1692, #5152, #5204, #7564 ) ),
 .UNSPECIFIED., .F., .F., .F.,
 ( 2, 2 ),
 ( 4, 4 ),
 ( 0.000000000000000000, 1.000000000000000000 ),
 ( 0.000000000000000000, 1.000000000000000000 ),
 .UNSPECIFIED. ) ;
#9578 = CARTESIAN_POINT ( 'NONE',  ( 1.135345867700616518, 0.02658397428703672752, -0.01217842026157462190 ) ) ;
#9579 = FILL_AREA_STYLE_COLOUR ( '', #4188 ) ;
#9580 = EDGE_LOOP ( 'NONE', ( #3698, #8482, #6282, #2481 ) ) ;
#9581 = ORIENTED_EDGE ( 'NONE', *, *, #4950, .F. ) ;
#9582 = CARTESIAN_POINT ( 'NONE',  ( 1.143480324515949054, -0.06109496898646864238, -0.02561357143766564495 ) ) ;
#9583 =( NAMED_UNIT ( * ) SI_UNIT ( $, .STERADIAN. ) SOLID_ANGLE_UNIT ( ) );
#9584 = SURFACE_STYLE_USAGE ( .BOTH. , #9698 ) ;
#9585 = CARTESIAN_POINT ( 'NONE',  ( 1.117684702415301823, 0.1692493242160829914, 0.05204445471125304645 ) ) ;
#9586 = B_SPLINE_CURVE_WITH_KNOTS ( 'NONE', 3,
 ( #3204, #2315, #10828, #10931 ),
 .UNSPECIFIED., .F., .F.,
 ( 4, 4 ),
 ( 0.000000000000000000, 1.000000000000000000 ),
 .UNSPECIFIED. ) ;
#9587 = DIRECTION ( 'NONE',  ( 3.491481338843133355E-15, -0.000000000000000000, 1.000000000000000000 ) ) ;
#9588 = CARTESIAN_POINT ( 'NONE',  ( 1.141992323369950491, -0.07832034373894262991, 0.03609903428749287185 ) ) ;
#9589 = DIRECTION ( 'NONE',  ( 3.491481338843133355E-15, -0.000000000000000000, 1.000000000000000000 ) ) ;
#9590 = CARTESIAN_POINT ( 'NONE',  ( 1.126831638718250872, 0.1742109598997315656, 0.05018182842931852294 ) ) ;
#9591 = CARTESIAN_POINT ( 'NONE',  ( 1.145654269366450206, 0.01470070329272873261, -0.02606900220520724787 ) ) ;
#9592 = CARTESIAN_POINT ( 'NONE',  ( 1.145474074079759097, 0.02253766826319085828, 0.05363107046182945953 ) ) ;
#9593 = ORIENTED_EDGE ( 'NONE', *, *, #10345, .T. ) ;
#9594 = B_SPLINE_SURFACE_WITH_KNOTS ( 'NONE', 1, 3, ( 
 ( #6057, #6987, #9720, #2663 ),
 ( #2707, #7040, #4531, #8742 ) ),
 .UNSPECIFIED., .F., .F., .F.,
 ( 2, 2 ),
 ( 4, 4 ),
 ( 0.000000000000000000, 1.000000000000000000 ),
 ( 0.000000000000000000, 1.000000000000000000 ),
 .UNSPECIFIED. ) ;
#9595 = FILL_AREA_STYLE_COLOUR ( '', #344 ) ;
#9596 = CARTESIAN_POINT ( 'NONE',  ( 1.116469405313945229, 0.1747456634457452418, -0.007864499339870075281 ) ) ;
#9597 =( LENGTH_UNIT ( ) NAMED_UNIT ( * ) SI_UNIT ( .MILLI., .METRE. ) );
#9598 = CARTESIAN_POINT ( 'NONE',  ( 1.131948660348163216, 0.1490915377299883993, -0.03314071409297319332 ) ) ;
#9599 = MECHANICAL_DESIGN_GEOMETRIC_PRESENTATION_REPRESENTATION (  '', ( #8133 ), #8497 ) ;
#9600 = CARTESIAN_POINT ( 'NONE',  ( 1.132383009493155512, -0.07372844922953177005, 0.01059303993007702435 ) ) ;
#9601 = FILL_AREA_STYLE_COLOUR ( '', #5992 ) ;
#9602 = EDGE_CURVE ( 'NONE', #1201, #6153, #6573, .T. ) ;
#9603 = ORIENTED_EDGE ( 'NONE', *, *, #4245, .F. ) ;
#9604 = TOROIDAL_SURFACE ( 'NONE', #9411, 0.7900000000000000355, 0.01000000000000000021 ) ;
#9605 = CARTESIAN_POINT ( 'NONE',  ( 0.3357876820061003187, 0.000000000000000000, -0.02595792449772507324 ) ) ;
#9606 = EDGE_LOOP ( 'NONE', ( #9197, #3503, #2717, #3237 ) ) ;
#9607 = EDGE_CURVE ( 'NONE', #9812, #4667, #98, .T. ) ;
#9608 = CARTESIAN_POINT ( 'NONE',  ( 0.3357876820061003187, 0.000000000000000000, -0.02606900220520442721 ) ) ;
#9609 = EDGE_CURVE ( 'NONE', #5474, #10859, #8796, .T. ) ;
#9610 = FILL_AREA_STYLE_COLOUR ( '', #9451 ) ;
#9611 = CARTESIAN_POINT ( 'NONE',  ( 1.139241178241175101, 0.1027742282405357810, 0.04475431555011437357 ) ) ;
#9612 = EDGE_CURVE ( 'NONE', #1089, #1548, #9132, .T. ) ;
#9613 = CARTESIAN_POINT ( 'NONE',  ( 1.119001456070826794, 0.1630220356739788823, 0.05319467026563520773 ) ) ;
#9614 = EDGE_LOOP ( 'NONE', ( #5176, #8557, #7281, #1419, #6135, #2457, #2925, #6164, #1152, #7952, #537, #2427 ) ) ;
#9615 = CARTESIAN_POINT ( 'NONE',  ( 1.135341911966128547, 0.1296656502985555903, -0.01046252961891091030 ) ) ;
#9616 = FILL_AREA_STYLE ('',( #6130 ) ) ;
#9617 = ORIENTED_EDGE ( 'NONE', *, *, #5425, .F. ) ;
#9618 = ADVANCED_FACE ( 'NONE', ( #10854 ), #3942, .T. ) ;
#9619 = EDGE_LOOP ( 'NONE', ( #805, #3691, #7405, #1434 ) ) ;
#9620 = B_SPLINE_CURVE_WITH_KNOTS ( 'NONE', 3,
 ( #6994, #8642, #10751, #3561 ),
 .UNSPECIFIED., .F., .F.,
 ( 4, 4 ),
 ( 0.000000000000000000, 1.000000000000000000 ),
 .UNSPECIFIED. ) ;
#9621 = SURFACE_STYLE_USAGE ( .BOTH. , #10394 ) ;
#9622 = CARTESIAN_POINT ( 'NONE',  ( 1.101330437039452548, 0.2322658544412883330, -0.003208785415429962588 ) ) ;
#9623 = CARTESIAN_POINT ( 'NONE',  ( 1.111575979630223587, 0.1953266936940913356, 0.05278531675530418604 ) ) ;
#9624 = DIRECTION ( 'NONE',  ( 3.491481338843133355E-15, -0.000000000000000000, 1.000000000000000000 ) ) ;
#9625 = EDGE_CURVE ( 'NONE', #3429, #6354, #1752, .T. ) ;
#9626 = CARTESIAN_POINT ( 'NONE',  ( 1.137504184101949756, 0.1155450140300128270, -0.002559277845524542301 ) ) ;
#9627 = VERTEX_POINT ( 'NONE', #10182 ) ;
#9628 = ORIENTED_EDGE ( 'NONE', *, *, #10206, .T. ) ;
#9629 = CARTESIAN_POINT ( 'NONE',  ( 1.124867192861273457, 0.1317490214515542046, -0.02605071129340244193 ) ) ;
#9630 = CARTESIAN_POINT ( 'NONE',  ( 1.113190967483567384, 0.2274733648778247408, -0.02595792449772778288 ) ) ;
#9631 = CARTESIAN_POINT ( 'NONE',  ( 1.108028898887289282, 0.2444273275168296622, -0.02011781441668383102 ) ) ;
#9632 = ORIENTED_EDGE ( 'NONE', *, *, #1894, .F. ) ;
#9633 = CARTESIAN_POINT ( 'NONE',  ( 1.100812469239133007, 0.2339595582981239819, 0.001976359049128044530 ) ) ;
#9634 = VECTOR ( 'NONE', #917, 1000.000000000000000 ) ;
#9635 = PLANE ( 'NONE',  #11137 ) ;
#9636 = CARTESIAN_POINT ( 'NONE',  ( 1.119128013084608853, 0.1624128249425294268, -0.003083250338843971598 ) ) ;
#9637 = AXIS2_PLACEMENT_3D ( 'NONE', #10524, #7137, #236 ) ;
#9638 = CARTESIAN_POINT ( 'NONE',  ( 1.144288715752234342, 0.04925523760406175927, -0.01582184902780109023 ) ) ;
#9639 = LINE ( 'NONE', #8937, #5631 ) ;
#9640 = CARTESIAN_POINT ( 'NONE',  ( 1.112179850963985084, 0.2309375462552296643, -0.004606045397325356228 ) ) ;
#9641 = STYLED_ITEM ( 'NONE', ( #2290 ), #10406 ) ;
#9642 = CARTESIAN_POINT ( 'NONE',  ( 1.126059176315520327, 0.1776822030535326891, 0.04115967706098326573 ) ) ;
#9643 = ORIENTED_EDGE ( 'NONE', *, *, #1200, .F. ) ;
#9644 = DIRECTION ( 'NONE',  ( 3.491481338843133355E-15, -0.000000000000000000, 1.000000000000000000 ) ) ;
#9645 = DIRECTION ( 'NONE',  ( -1.000000000000000000, 0.000000000000000000, 3.491481338843133355E-15 ) ) ;
#9646 = PRESENTATION_LAYER_ASSIGNMENT (  '', '', ( #352 ) ) ;
#9647 = FILL_AREA_STYLE ('',( #6854 ) ) ;
#9648 = CARTESIAN_POINT ( 'NONE',  ( 0.3357876820061003742, 0.000000000000000000, 0.006069894152878134788 ) ) ;
#9649 = AXIS2_PLACEMENT_3D ( 'NONE', #758, #7605, #5142 ) ;
#9650 =( GEOMETRIC_REPRESENTATION_CONTEXT ( 3 ) GLOBAL_UNCERTAINTY_ASSIGNED_CONTEXT ( ( #10531 ) ) GLOBAL_UNIT_ASSIGNED_CONTEXT ( ( #99, #8766, #3521 ) ) REPRESENTATION_CONTEXT ( 'NONE', 'WORKASPACE' ) );
#9651 = DIRECTION ( 'NONE',  ( 3.491481338843133355E-15, -0.000000000000000000, 1.000000000000000000 ) ) ;
#9652 = DIRECTION ( 'NONE',  ( -1.000000000000000000, 0.000000000000000000, 3.491481338843133355E-15 ) ) ;
#9653 =( GEOMETRIC_REPRESENTATION_CONTEXT ( 3 ) GLOBAL_UNCERTAINTY_ASSIGNED_CONTEXT ( ( #9253 ) ) GLOBAL_UNIT_ASSIGNED_CONTEXT ( ( #1529, #2364, #10266 ) ) REPRESENTATION_CONTEXT ( 'NONE', 'WORKASPACE' ) );
#9654 =( LENGTH_UNIT ( ) NAMED_UNIT ( * ) SI_UNIT ( .MILLI., .METRE. ) );
#9655 =( LENGTH_UNIT ( ) NAMED_UNIT ( * ) SI_UNIT ( .MILLI., .METRE. ) );
#9656 = DIRECTION ( 'NONE',  ( 0.9994189913816061699, 0.03408342215466479697, -3.489775742687716214E-15 ) ) ;
#9657 = B_SPLINE_CURVE_WITH_KNOTS ( 'NONE', 3,
 ( #10165, #5782, #9269, #1494 ),
 .UNSPECIFIED., .F., .F.,
 ( 4, 4 ),
 ( 0.000000000000000000, 1.000000000000000000 ),
 .UNSPECIFIED. ) ;
#9658 = DIRECTION ( 'NONE',  ( 1.000000000000000000, 0.000000000000000000, -3.490612318438091411E-15 ) ) ;
#9659 = VERTEX_POINT ( 'NONE', #8448 ) ;
#9660 =( GEOMETRIC_REPRESENTATION_CONTEXT ( 3 ) GLOBAL_UNCERTAINTY_ASSIGNED_CONTEXT ( ( #4898 ) ) GLOBAL_UNIT_ASSIGNED_CONTEXT ( ( #2653, #7893, #6979 ) ) REPRESENTATION_CONTEXT ( 'NONE', 'WORKASPACE' ) );
#9661 = CIRCLE ( 'NONE', #1118, 0.8099999999999999423 ) ;
#9662 = CARTESIAN_POINT ( 'NONE',  ( 1.096431526730480499, 0.2478324867383474017, -0.02595792449772773083 ) ) ;
#9663 = AXIS2_PLACEMENT_3D ( 'NONE', #4044, #4154, #5849 ) ;
#9664 = MECHANICAL_DESIGN_GEOMETRIC_PRESENTATION_REPRESENTATION (  '', ( #6373 ), #5816 ) ;
#9665 = CARTESIAN_POINT ( 'NONE',  ( 1.145787682034367538, -0.005397883805178946108, -0.01041367019334865987 ) ) ;
#9666 = VERTEX_POINT ( 'NONE', #3233 ) ;
#9667 = CARTESIAN_POINT ( 'NONE',  ( 1.135748515086581367, 0.007916156717925896397, -0.01900985571310601085 ) ) ;
#9668 = CARTESIAN_POINT ( 'NONE',  ( 1.135373305618088358, 0.1294714857718659295, -0.007386938709687143265 ) ) ;
#9669 = MECHANICAL_DESIGN_GEOMETRIC_PRESENTATION_REPRESENTATION (  '', ( #6762 ), #6389 ) ;
#9670 = PRESENTATION_LAYER_ASSIGNMENT (  '', '', ( #379 ) ) ;
#9671 = STYLED_ITEM ( 'NONE', ( #1314 ), #6249 ) ;
#9672 = CARTESIAN_POINT ( 'NONE',  ( 1.136267085824681278, 0.1238253772950009685, -0.01123757226533038042 ) ) ;
#9673 = ADVANCED_FACE ( 'NONE', ( #648 ), #9418, .T. ) ;
#9674 = SURFACE_SIDE_STYLE ('',( #10328 ) ) ;
#9675 = CARTESIAN_POINT ( 'NONE',  ( 1.102594762458580346, 0.2280864654364448130, -0.004606045399572166604 ) ) ;
#9676 = AXIS2_PLACEMENT_3D ( 'NONE', #4710, #4541, #8012 ) ;
#9677 = CARTESIAN_POINT ( 'NONE',  ( 1.145107844388975060, -0.03368094386901787640, 0.04375060360861705855 ) ) ;
#9678 = ORIENTED_EDGE ( 'NONE', *, *, #10945, .T. ) ;
#9679 = CARTESIAN_POINT ( 'NONE',  ( 1.131747998435802094, 0.1501571665593381955, -0.03673175985462266008 ) ) ;
#9680 = CARTESIAN_POINT ( 'NONE',  ( 1.098165767050902408, 0.2424476048630097025, -0.02303786945720290649 ) ) ;
#9681 = AXIS2_PLACEMENT_3D ( 'NONE', #7940, #2651, #123 ) ;
#9682 =( GEOMETRIC_REPRESENTATION_CONTEXT ( 3 ) GLOBAL_UNCERTAINTY_ASSIGNED_CONTEXT ( ( #10505 ) ) GLOBAL_UNIT_ASSIGNED_CONTEXT ( ( #7555, #1447, #6452 ) ) REPRESENTATION_CONTEXT ( 'NONE', 'WORKASPACE' ) );
#9683 = DIRECTION ( 'NONE',  ( 1.000000000000000000, 0.000000000000000000, -3.478481970057662294E-15 ) ) ;
#9684 = EDGE_LOOP ( 'NONE', ( #2183, #5732, #6605, #7039, #7927, #6996, #6500 ) ) ;
#9685 = ORIENTED_EDGE ( 'NONE', *, *, #2149, .F. ) ;
#9686 = COLOUR_RGB ( '',0.000000000000000000, 0.000000000000000000, 0.000000000000000000 ) ;
#9687 = B_SPLINE_CURVE_WITH_KNOTS ( 'NONE', 1,
 ( #7999, #6862 ),
 .UNSPECIFIED., .F., .F.,
 ( 2, 2 ),
 ( 0.000000000000000000, 1.000000000000000000 ),
 .UNSPECIFIED. ) ;
#9688 = CARTESIAN_POINT ( 'NONE',  ( 1.133843312886623211, 0.05575750953833066847, 0.02053748684766976140 ) ) ;
#9689 = CARTESIAN_POINT ( 'NONE',  ( 1.129321995533719036, 0.1015054399303684102, 0.04475485326971972988 ) ) ;
#9690 =( NAMED_UNIT ( * ) SI_UNIT ( $, .STERADIAN. ) SOLID_ANGLE_UNIT ( ) );
#9691 = CARTESIAN_POINT ( 'NONE',  ( 1.128375186439151134, 0.1086771120306369298, -0.006950490861128469887 ) ) ;
#9692 = STYLED_ITEM ( 'NONE', ( #1914 ), #9472 ) ;
#9693 = EDGE_CURVE ( 'NONE', #1036, #6494, #3764, .T. ) ;
#9694 = VERTEX_POINT ( 'NONE', #9539 ) ;
#9695 = ORIENTED_EDGE ( 'NONE', *, *, #3055, .T. ) ;
#9696 = CARTESIAN_POINT ( 'NONE',  ( 1.117547128931093425, 0.2120192612559748391, 0.02485103320822999728 ) ) ;
#9697 = CARTESIAN_POINT ( 'NONE',  ( 0.3357876820061016510, 0.000000000000000000, 0.3561756190388909449 ) ) ;
#9698 = SURFACE_SIDE_STYLE ('',( #3400 ) ) ;
#9699 = ORIENTED_EDGE ( 'NONE', *, *, #5758, .F. ) ;
#9700 = DIRECTION ( 'NONE',  ( -0.1479132948803249248, 0.9890003322535569907, 5.164365088414560997E-16 ) ) ;
#9701 = DIRECTION ( 'NONE',  ( 3.491481338843133355E-15, -0.000000000000000000, 1.000000000000000000 ) ) ;
#9702 = DIRECTION ( 'NONE',  ( -3.491481338843133355E-15, 0.000000000000000000, -1.000000000000000000 ) ) ;
#9703 = EDGE_CURVE ( 'NONE', #5454, #4226, #3074, .T. ) ;
#9704 = CARTESIAN_POINT ( 'NONE',  ( 1.116408555218666887, 0.1750172914453036188, 0.02933754768169474780 ) ) ;
#9705 = FILL_AREA_STYLE_COLOUR ( '', #11129 ) ;
#9706 = SURFACE_STYLE_FILL_AREA ( #10690 ) ;
#9707 = B_SPLINE_CURVE_WITH_KNOTS ( 'NONE', 1,
 ( #6292, #9908 ),
 .UNSPECIFIED., .F., .F.,
 ( 2, 2 ),
 ( 0.000000000000000000, 1.000000000000000000 ),
 .UNSPECIFIED. ) ;
#9708 = CARTESIAN_POINT ( 'NONE',  ( 1.144825706643681773, -0.03946485386417276919, 0.02994886269924376676 ) ) ;
#9709 = EDGE_LOOP ( 'NONE', ( #7155, #1715, #9923, #1519 ) ) ;
#9710 = CARTESIAN_POINT ( 'NONE',  ( 1.135627812543076098, -0.01599267277829009848, -0.01604956006815403888 ) ) ;
#9711 = CARTESIAN_POINT ( 'NONE',  ( 1.132383009493155512, -0.07372844922953177005, 0.01059303993007702435 ) ) ;
#9712 = UNCERTAINTY_MEASURE_WITH_UNIT (LENGTH_MEASURE( 1.000000000000000082E-05 ), #988, 'distance_accuracy_value', 'NONE');
#9714 = EDGE_CURVE ( 'NONE', #5607, #5454, #59, .T. ) ;
#9713 = B_SPLINE_CURVE_WITH_KNOTS ( 'NONE', 1,
 ( #10098, #6602 ),
 .UNSPECIFIED., .F., .F.,
 ( 2, 2 ),
 ( 0.000000000000000000, 1.000000000000000000 ),
 .UNSPECIFIED. ) ;
#9715 = CARTESIAN_POINT ( 'NONE',  ( 1.108737502559908217, 0.2307806014745333589, -0.01357907434454591611 ) ) ;
#9716 = ORIENTED_EDGE ( 'NONE', *, *, #4519, .F. ) ;
#9717 = PRESENTATION_LAYER_ASSIGNMENT (  '', '', ( #9543 ) ) ;
#9718 = CARTESIAN_POINT ( 'NONE',  ( 1.140951158227197615, 0.08838425515644002251, -0.01153230679267332193 ) ) ;
#9719 = VERTEX_POINT ( 'NONE', #9466 ) ;
#9720 = CARTESIAN_POINT ( 'NONE',  ( 1.137306570973759534, 0.1169139793239507286, -0.02240938304154957775 ) ) ;
#9721 = CARTESIAN_POINT ( 'NONE',  ( 1.136893883520511794, 0.1197031908311177589, -0.02242111016831046383 ) ) ;
#9722 = CARTESIAN_POINT ( 'NONE',  ( 1.119973114417822657, 0.1582820507614192407, 0.05319467026563515222 ) ) ;
#9723 = DIRECTION ( 'NONE',  ( -3.491481338843133355E-15, 0.000000000000000000, -1.000000000000000000 ) ) ;
#9724 = CARTESIAN_POINT ( 'NONE',  ( 1.137587544793827954, 0.1150126916222652951, 0.02829036175135249409 ) ) ;
#9725 = ORIENTED_EDGE ( 'NONE', *, *, #5827, .T. ) ;
#9726 = FACE_BOUND ( 'NONE', #6737, .T. ) ;
#9727 = CARTESIAN_POINT ( 'NONE',  ( 1.097834359750225142, 0.2434848269176995150, -0.02595792449772773083 ) ) ;
#9728 = FACE_OUTER_BOUND ( 'NONE', #1809, .T. ) ;
#9729 = VERTEX_POINT ( 'NONE', #3536 ) ;
#9730 = VERTEX_POINT ( 'NONE', #8612 ) ;
#9731 = CARTESIAN_POINT ( 'NONE',  ( 1.132989942210047785, -0.06720029339828241521, -0.02358576429148314182 ) ) ;
#9732 = CIRCLE ( 'NONE', #1562, 0.8000000000000002665 ) ;
#9733 = CARTESIAN_POINT ( 'NONE',  ( 1.144825714831421148, -0.03946468601338972565, -0.009673564070785876240 ) ) ;
#9734 = SURFACE_STYLE_FILL_AREA ( #6251 ) ;
#9735 = FACE_BOUND ( 'NONE', #5276, .T. ) ;
#9736 = CARTESIAN_POINT ( 'NONE',  ( 1.128341356078030655, 0.1088975376906425457, 0.05013270600813111988 ) ) ;
#9737 = ADVANCED_FACE ( 'NONE', ( #4233 ), #5159, .T. ) ;
#9738 = ORIENTED_EDGE ( 'NONE', *, *, #5326, .T. ) ;
#9740 = EDGE_CURVE ( 'NONE', #19, #1045, #2207, .T. ) ;
#9739 = CARTESIAN_POINT ( 'NONE',  ( 1.119571432937081168, 0.2044089816435722129, -0.02230649118532043035 ) ) ;
#9741 = DIRECTION ( 'NONE',  ( 1.000000000000000000, 0.000000000000000000, -3.523657060577889805E-15 ) ) ;
#9742 = CARTESIAN_POINT ( 'NONE',  ( 1.138353972487884169, 0.1094867543692345513, -0.01950651317458672665 ) ) ;
#9743 = UNCERTAINTY_MEASURE_WITH_UNIT (LENGTH_MEASURE( 1.000000000000000082E-05 ), #10550, 'distance_accuracy_value', 'NONE');
#9744 = ORIENTED_EDGE ( 'NONE', *, *, #8432, .F. ) ;
#9745 = EDGE_CURVE ( 'NONE', #182, #5624, #3835, .T. ) ;
#9746 = LINE ( 'NONE', #10517, #10111 ) ;
#9747 = EDGE_CURVE ( 'NONE', #3014, #2199, #2467, .T. ) ;
#9748 = DIRECTION ( 'NONE',  ( 3.491481338843133355E-15, -0.000000000000000000, 1.000000000000000000 ) ) ;
#9749 = PRESENTATION_STYLE_ASSIGNMENT (( #3480 ) ) ;
#9750 = CARTESIAN_POINT ( 'NONE',  ( 1.125566907253843008, 0.1641946603217871725, 0.02850246652063670796 ) ) ;
#9751 = FACE_OUTER_BOUND ( 'NONE', #7973, .T. ) ;
#9752 = ADVANCED_FACE ( 'NONE', ( #818 ), #7769, .T. ) ;
#9753 = CARTESIAN_POINT ( 'NONE',  ( 1.127100943358721796, 0.1176383757851756501, -0.006858209659594747404 ) ) ;
#9754 = ORIENTED_EDGE ( 'NONE', *, *, #8763, .T. ) ;
#9755 = FILL_AREA_STYLE ('',( #8786 ) ) ;
#9756 = SURFACE_SIDE_STYLE ('',( #7253 ) ) ;
#9757 =( GEOMETRIC_REPRESENTATION_CONTEXT ( 3 ) GLOBAL_UNCERTAINTY_ASSIGNED_CONTEXT ( ( #2009 ) ) GLOBAL_UNIT_ASSIGNED_CONTEXT ( ( #9597, #881, #4354 ) ) REPRESENTATION_CONTEXT ( 'NONE', 'WORKASPACE' ) );
#9758 = CARTESIAN_POINT ( 'NONE',  ( 1.131169622568597211, 0.1532045602349187408, -0.008814199483916396530 ) ) ;
#9759 =( GEOMETRIC_REPRESENTATION_CONTEXT ( 3 ) GLOBAL_UNCERTAINTY_ASSIGNED_CONTEXT ( ( #6560 ) ) GLOBAL_UNIT_ASSIGNED_CONTEXT ( ( #8667, #3693, #2587 ) ) REPRESENTATION_CONTEXT ( 'NONE', 'WORKASPACE' ) );
#9760 = CARTESIAN_POINT ( 'NONE',  ( 1.138289006437285700, 0.1099872773150385452, -0.003448083359344680104 ) ) ;
#9761 = DIRECTION ( 'NONE',  ( -3.491481338843133355E-15, 0.000000000000000000, -1.000000000000000000 ) ) ;
#9762 = CARTESIAN_POINT ( 'NONE',  ( 1.141397181222573165, 0.08422193759457324846, 0.006069894152875315863 ) ) ;
#9763 = B_SPLINE_CURVE_WITH_KNOTS ( 'NONE', 3,
 ( #4692, #8158, #351, #6871 ),
 .UNSPECIFIED., .F., .F.,
 ( 4, 4 ),
 ( 0.0002508915051781710447, 1.000000000000000000 ),
 .UNSPECIFIED. ) ;
#9764 = CARTESIAN_POINT ( 'NONE',  ( 1.128919767223090176, 0.1644429852543110582, -0.003083250338844025808 ) ) ;
#9765 = B_SPLINE_SURFACE_WITH_KNOTS ( 'NONE', 1, 3, ( 
 ( #867, #4338, #7815, #11301 ),
 ( #5242, #7181, #7368, #3626 ) ),
 .UNSPECIFIED., .F., .F., .F.,
 ( 2, 2 ),
 ( 4, 4 ),
 ( 0.000000000000000000, 1.000000000000000000 ),
 ( 0.000000000000000000, 1.000000000000000000 ),
 .UNSPECIFIED. ) ;
#9766 =( NAMED_UNIT ( * ) PLANE_ANGLE_UNIT ( ) SI_UNIT ( $, .RADIAN. ) );
#9767 = CARTESIAN_POINT ( 'NONE',  ( 1.134520007007010056, 0.1346353333959597331, -0.006669187089668247685 ) ) ;
#9768 = SURFACE_SIDE_STYLE ('',( #3596 ) ) ;
#9769 = ORIENTED_EDGE ( 'NONE', *, *, #7809, .F. ) ;
#9770 = EDGE_CURVE ( 'NONE', #9450, #9382, #3697, .T. ) ;
#9771 = CARTESIAN_POINT ( 'NONE',  ( 1.126995815655380762, 0.1182780047823115688, -0.02242111016831040832 ) ) ;
#9772 = B_SPLINE_CURVE_WITH_KNOTS ( 'NONE', 3,
 ( #1352, #4067, #1734, #5031 ),
 .UNSPECIFIED., .F., .F.,
 ( 4, 4 ),
 ( 0.000000000000000000, 1.000000000000000000 ),
 .UNSPECIFIED. ) ;
#9773 = CARTESIAN_POINT ( 'NONE',  ( -0.2642123179938988264, 7.347880794884115299E-17, 0.1101939685163973032 ) ) ;
#9774 = VERTEX_POINT ( 'NONE', #2849 ) ;
#9775 = CARTESIAN_POINT ( 'NONE',  ( 1.107437488267243308, 0.2110842876605001917, -0.01896616654087048340 ) ) ;
#9776 = DIRECTION ( 'NONE',  ( 1.000000000000000000, 0.000000000000000000, -3.492703757814028417E-15 ) ) ;
#9777 = AXIS2_PLACEMENT_3D ( 'NONE', #7773, #11257, #9193 ) ;
#9778 = B_SPLINE_CURVE_WITH_KNOTS ( 'NONE', 1,
 ( #6278, #4475 ),
 .UNSPECIFIED., .F., .F.,
 ( 2, 2 ),
 ( 0.000000000000000000, 1.000000000000000000 ),
 .UNSPECIFIED. ) ;
#9779 =( LENGTH_UNIT ( ) NAMED_UNIT ( * ) SI_UNIT ( .MILLI., .METRE. ) );
#9780 = FILL_AREA_STYLE_COLOUR ( '', #1489 ) ;
#9781 = CARTESIAN_POINT ( 'NONE',  ( 1.133525954218539855, -0.06011363445601881905, -0.01035669719184060394 ) ) ;
#9782 = CARTESIAN_POINT ( 'NONE',  ( 1.131747998435802094, 0.1501571665593381955, -0.03673175985462266008 ) ) ;
#9783 =( GEOMETRIC_REPRESENTATION_CONTEXT ( 3 ) GLOBAL_UNCERTAINTY_ASSIGNED_CONTEXT ( ( #6661 ) ) GLOBAL_UNIT_ASSIGNED_CONTEXT ( ( #6599, #6428, #1253 ) ) REPRESENTATION_CONTEXT ( 'NONE', 'WORKASPACE' ) );
#9784 = SURFACE_SIDE_STYLE ('',( #6294 ) ) ;
#9785 = ORIENTED_EDGE ( 'NONE', *, *, #3694, .F. ) ;
#9786 = CARTESIAN_POINT ( 'NONE',  ( 1.128754516913359929, 0.1058470535119574313, 0.05270344605310696429 ) ) ;
#9787 = ADVANCED_FACE ( 'NONE', ( #8998 ), #8605, .T. ) ;
#9788 =( LENGTH_UNIT ( ) NAMED_UNIT ( * ) SI_UNIT ( .MILLI., .METRE. ) );
#9789 = SURFACE_SIDE_STYLE ('',( #147 ) ) ;
#9790 = SURFACE_STYLE_FILL_AREA ( #7106 ) ;
#9791 = ORIENTED_EDGE ( 'NONE', *, *, #6118, .T. ) ;
#9792 = ORIENTED_EDGE ( 'NONE', *, *, #1681, .F. ) ;
#9793 = CARTESIAN_POINT ( 'NONE',  ( 1.126987947808945956, 0.1183306359042599343, -0.01447965206718851428 ) ) ;
#9794 = B_SPLINE_CURVE_WITH_KNOTS ( 'NONE', 1,
 ( #3720, #5503 ),
 .UNSPECIFIED., .F., .F.,
 ( 2, 2 ),
 ( 0.000000000000000000, 1.000000000000000000 ),
 .UNSPECIFIED. ) ;
#9795 = SURFACE_STYLE_FILL_AREA ( #269 ) ;
#9796 = FACE_OUTER_BOUND ( 'NONE', #6261, .T. ) ;
#9797 = CARTESIAN_POINT ( 'NONE',  ( 1.116302738114169468, 0.1754885956084273613, 0.04115967706098332124 ) ) ;
#9798 = VERTEX_POINT ( 'NONE', #9708 ) ;
#9799 = CARTESIAN_POINT ( 'NONE',  ( 1.132229647680669027, 0.1475811482284539733, -0.03640462608224261098 ) ) ;
#9800 = ORIENTED_EDGE ( 'NONE', *, *, #9602, .F. ) ;
#9801 = CARTESIAN_POINT ( 'NONE',  ( 1.134848653520424300, -0.03875001680754269762, 0.004672461670102427689 ) ) ;
#9802 = CARTESIAN_POINT ( 'NONE',  ( 0.3357876820061014844, 0.000000000000000000, 0.3101939685163953020 ) ) ;
#9803 = CARTESIAN_POINT ( 'NONE',  ( 0.3357876820061005407, 0.000000000000000000, 0.05319467026563792084 ) ) ;
#9804 = ORIENTED_EDGE ( 'NONE', *, *, #4795, .T. ) ;
#9805 = EDGE_LOOP ( 'NONE', ( #2736, #4706, #1737, #3063, #4349, #10454, #6112 ) ) ;
#9806 = CARTESIAN_POINT ( 'NONE',  ( 1.110998937974702283, 0.1976044245951581180, 0.05687885185883385930 ) ) ;
#9807 = CARTESIAN_POINT ( 'NONE',  ( 1.134448430324092039, 0.04826503932339882424, 0.03048076996632306107 ) ) ;
#9808 = CARTESIAN_POINT ( 'NONE',  ( 1.135748515086581367, 0.007916156717925896397, -0.01900985571310601085 ) ) ;
#9809 = CARTESIAN_POINT ( 'NONE',  ( 1.128114078928592168, 0.1683149904354244997, 0.05304873516464214678 ) ) ;
#9810 = EDGE_CURVE ( 'NONE', #6494, #6594, #2341, .T. ) ;
#9811 = CARTESIAN_POINT ( 'NONE',  ( 1.134976350896375719, -0.03602043194341548321, 0.05659135959181665204 ) ) ;
#9812 = VERTEX_POINT ( 'NONE', #9642 ) ;
#9813 =( NAMED_UNIT ( * ) PLANE_ANGLE_UNIT ( ) SI_UNIT ( $, .RADIAN. ) );
#9814 = EDGE_CURVE ( 'NONE', #1031, #11046, #706, .T. ) ;
#9815 = B_SPLINE_CURVE_WITH_KNOTS ( 'NONE', 3,
 ( #9672, #83, #7042, #3600 ),
 .UNSPECIFIED., .F., .F.,
 ( 4, 4 ),
 ( 0.000000000000000000, 1.000000000000000000 ),
 .UNSPECIFIED. ) ;
#9816 = SURFACE_SIDE_STYLE ('',( #7380 ) ) ;
#9817 = STYLED_ITEM ( 'NONE', ( #6023 ), #2154 ) ;
#9818 = CARTESIAN_POINT ( 'NONE',  ( 1.138207601216812748, 0.1105543904776014469, -0.01660829032125834062 ) ) ;
#9819 = PLANE ( 'NONE',  #184 ) ;
#9820 = B_SPLINE_CURVE_WITH_KNOTS ( 'NONE', 3,
 ( #5088, #470, #8678, #7716 ),
 .UNSPECIFIED., .F., .F.,
 ( 4, 4 ),
 ( 0.000000000000000000, 1.000000000000000000 ),
 .UNSPECIFIED. ) ;
#9821 = PRESENTATION_LAYER_ASSIGNMENT (  '', '', ( #5442 ) ) ;
#9822 = CARTESIAN_POINT ( 'NONE',  ( 1.119128013084608853, 0.1624128249425294268, -0.003083250338843971598 ) ) ;
#9823 = ADVANCED_FACE ( 'NONE', ( #1904 ), #8832, .T. ) ;
#9824 = EDGE_CURVE ( 'NONE', #5949, #4798, #6687, .T. ) ;
#9825 = ORIENTED_EDGE ( 'NONE', *, *, #8214, .F. ) ;
#9826 = B_SPLINE_SURFACE_WITH_KNOTS ( 'NONE', 1, 3, ( 
 ( #7312, #2961, #10897, #1344 ),
 ( #8267, #6502, #8325, #5635 ) ),
 .UNSPECIFIED., .F., .F., .F.,
 ( 2, 2 ),
 ( 4, 4 ),
 ( 0.000000000000000000, 1.000000000000000000 ),
 ( 0.000000000000000000, 1.000000000000000000 ),
 .UNSPECIFIED. ) ;
#9827 = EDGE_LOOP ( 'NONE', ( #1526, #5383, #7048, #5087 ) ) ;
#9828 = CARTESIAN_POINT ( 'NONE',  ( 0.3357876820061016510, 0.000000000000000000, 0.3561756190388909449 ) ) ;
#9829 = MECHANICAL_DESIGN_GEOMETRIC_PRESENTATION_REPRESENTATION (  '', ( #735 ), #11130 ) ;
#9830 = CARTESIAN_POINT ( 'NONE',  ( 1.113505489076544341, 0.1874967001457347460, -0.02595792449772794594 ) ) ;
#9831 = EDGE_LOOP ( 'NONE', ( #7128, #1199, #10336, #7209 ) ) ;
#9832 = PRESENTATION_LAYER_ASSIGNMENT (  '', '', ( #10402 ) ) ;
#9833 = CARTESIAN_POINT ( 'NONE',  ( 1.105426403309822891, 0.2183032630171804767, -0.01390256126396639119 ) ) ;
#9834 = CARTESIAN_POINT ( 'NONE',  ( 1.125365875278356853, 0.1287191275147903935, -0.005760441468408161042 ) ) ;
#9835 = DIRECTION ( 'NONE',  ( 1.000000000000000000, 0.000000000000000000, -3.492703757814028417E-15 ) ) ;
#9836 = CARTESIAN_POINT ( 'NONE',  ( 0.3357876820061016510, 0.000000000000000000, 0.3561756190388909449 ) ) ;
#9837 = EDGE_CURVE ( 'NONE', #3622, #4752, #2412, .T. ) ;
#9838 =( NAMED_UNIT ( * ) PLANE_ANGLE_UNIT ( ) SI_UNIT ( $, .RADIAN. ) );
#9839 = STYLED_ITEM ( 'NONE', ( #3705 ), #7431 ) ;
#9840 = AXIS2_PLACEMENT_3D ( 'NONE', #6962, #9702, #11196 ) ;
#9841 = VECTOR ( 'NONE', #3319, 1000.000000000000000 ) ;
#9842 = CARTESIAN_POINT ( 'NONE',  ( 1.127211755934392823, 0.1168243776219023006, 0.02799486816771251316 ) ) ;
#9843 = ORIENTED_EDGE ( 'NONE', *, *, #10206, .F. ) ;
#9844 = AXIS2_PLACEMENT_3D ( 'NONE', #9803, #223, #7298 ) ;
#9845 = B_SPLINE_CURVE_WITH_KNOTS ( 'NONE', 3,
 ( #7511, #8458, #4992, #3145 ),
 .UNSPECIFIED., .F., .F.,
 ( 4, 4 ),
 ( 0.000000000000000000, 1.000000000000000000 ),
 .UNSPECIFIED. ) ;
#9846 = UNCERTAINTY_MEASURE_WITH_UNIT (LENGTH_MEASURE( 1.000000000000000082E-05 ), #5614, 'distance_accuracy_value', 'NONE');
#9847 =( NAMED_UNIT ( * ) PLANE_ANGLE_UNIT ( ) SI_UNIT ( $, .RADIAN. ) );
#9848 = LINE ( 'NONE', #5509, #11120 ) ;
#9849 = EDGE_LOOP ( 'NONE', ( #7505, #7515, #10064, #9716 ) ) ;
#9850 = ORIENTED_EDGE ( 'NONE', *, *, #6362, .F. ) ;
#9851 = AXIS2_PLACEMENT_3D ( 'NONE', #5930, #1628, #1696 ) ;
#9852 = AXIS2_PLACEMENT_3D ( 'NONE', #2430, #11111, #779 ) ;
#9853 = CARTESIAN_POINT ( 'NONE',  ( -0.06921231799389893080, 4.959819536546781833E-17, 0.2101939685163967120 ) ) ;
#9854 = CARTESIAN_POINT ( 'NONE',  ( 1.127251940692451493, 0.1165654866003321827, -0.01471980612663225003 ) ) ;
#9855 = COLOUR_RGB ( '',0.000000000000000000, 0.000000000000000000, 0.000000000000000000 ) ;
#9856 = B_SPLINE_CURVE_WITH_KNOTS ( 'NONE', 1,
 ( #7277, #7220 ),
 .UNSPECIFIED., .F., .F.,
 ( 2, 2 ),
 ( 0.000000000000000000, 1.000000000000000000 ),
 .UNSPECIFIED. ) ;
#9857 = CARTESIAN_POINT ( 'NONE',  ( 1.124814028803197585, 0.1320610921620969935, -0.01489446362443040163 ) ) ;
#9858 = AXIS2_PLACEMENT_3D ( 'NONE', #5909, #3168, #6836 ) ;
#9859 = CARTESIAN_POINT ( 'NONE',  ( 1.121208475530091953, 0.1520334736173032109, -0.03006783374187219429 ) ) ;
#9860 = ORIENTED_EDGE ( 'NONE', *, *, #5756, .T. ) ;
#9861 = MECHANICAL_DESIGN_GEOMETRIC_PRESENTATION_REPRESENTATION (  '', ( #3479 ), #974 ) ;
#9862 = STYLED_ITEM ( 'NONE', ( #10305 ), #3232 ) ;
#9863 = CARTESIAN_POINT ( 'NONE',  ( 1.135655916436075552, 0.01451921312862077505, -0.02606900220520724787 ) ) ;
#9864 = VERTEX_POINT ( 'NONE', #10169 ) ;
#9865 = EDGE_CURVE ( 'NONE', #3149, #4307, #2065, .T. ) ;
#9866 =( NAMED_UNIT ( * ) PLANE_ANGLE_UNIT ( ) SI_UNIT ( $, .RADIAN. ) );
#9867 = CARTESIAN_POINT ( 'NONE',  ( 1.126987947808945956, 0.1183306359042599343, -0.02418951733301939397 ) ) ;
#9868 = DIRECTION ( 'NONE',  ( 3.491481338843133355E-15, -0.000000000000000000, 1.000000000000000000 ) ) ;
#9869 = ORIENTED_EDGE ( 'NONE', *, *, #10114, .T. ) ;
#9870 = ORIENTED_EDGE ( 'NONE', *, *, #6983, .F. ) ;
#9871 = FILL_AREA_STYLE_COLOUR ( '', #10022 ) ;
#9872 = SURFACE_STYLE_USAGE ( .BOTH. , #1992 ) ;
#9873 = COLOUR_RGB ( '',0.000000000000000000, 0.000000000000000000, 0.000000000000000000 ) ;
#9874 = PRESENTATION_LAYER_ASSIGNMENT (  '', '', ( #1138 ) ) ;
#9875 = FILL_AREA_STYLE_COLOUR ( '', #1151 ) ;
#9876 = FILL_AREA_STYLE ('',( #3756 ) ) ;
#9877 = CARTESIAN_POINT ( 'NONE',  ( 1.136992431630337919, 0.1191083507210426579, -0.006858076404718483829 ) ) ;
#9878 = ORIENTED_EDGE ( 'NONE', *, *, #4952, .F. ) ;
#9879 = CARTESIAN_POINT ( 'NONE',  ( 1.143725140545314378, 0.05776731852177337256, 0.005811029902011249221 ) ) ;
#9880 = CARTESIAN_POINT ( 'NONE',  ( 1.111931510082857955, 0.2317342403236017090, -0.01357907434454592652 ) ) ;
#9881 = STYLED_ITEM ( 'NONE', ( #4335 ), #9958 ) ;
#9882 = EDGE_CURVE ( 'NONE', #5648, #5711, #989, .T. ) ;
#9883 =( NAMED_UNIT ( * ) PLANE_ANGLE_UNIT ( ) SI_UNIT ( $, .RADIAN. ) );
#9884 = MECHANICAL_DESIGN_GEOMETRIC_PRESENTATION_REPRESENTATION (  '', ( #8418 ), #5670 ) ;
#9885 = UNCERTAINTY_MEASURE_WITH_UNIT (LENGTH_MEASURE( 1.000000000000000082E-05 ), #9018, 'distance_accuracy_value', 'NONE');
#9886 = CARTESIAN_POINT ( 'NONE',  ( 1.127112238818813283, 0.1174965777593716676, 0.05741919849254917968 ) ) ;
#9887 = AXIS2_PLACEMENT_3D ( 'NONE', #2319, #668, #7461 ) ;
#9888 = FACE_OUTER_BOUND ( 'NONE', #9849, .T. ) ;
#9889 = CARTESIAN_POINT ( 'NONE',  ( 1.110230781357061769, 0.2005938330748913145, 0.03722988336162978001 ) ) ;
#9890 = CARTESIAN_POINT ( 'NONE',  ( -0.2542123179939027589, 7.286648454926749007E-17, -0.9898060314836027995 ) ) ;
#9891 = DIRECTION ( 'NONE',  ( -3.491481338843133355E-15, 0.000000000000000000, -1.000000000000000000 ) ) ;
#9892 = VERTEX_POINT ( 'NONE', #6672 ) ;
#9893 = VERTEX_POINT ( 'NONE', #2282 ) ;
#9894 = PLANE ( 'NONE',  #2690 ) ;
#9895 = EDGE_CURVE ( 'NONE', #5591, #7741, #7519, .T. ) ;
#9896 = PRESENTATION_LAYER_ASSIGNMENT (  '', '', ( #3678 ) ) ;
#9897 = B_SPLINE_CURVE_WITH_KNOTS ( 'NONE', 3,
 ( #7859, #4442, #853, #8526 ),
 .UNSPECIFIED., .F., .F.,
 ( 4, 4 ),
 ( 0.7503794405842290072, 1.000000000000000000 ),
 .UNSPECIFIED. ) ;
#9898 = DIRECTION ( 'NONE',  ( 1.000000000000000000, 0.000000000000000000, -3.490612318438092200E-15 ) ) ;
#9899 = EDGE_CURVE ( 'NONE', #5551, #3855, #3671, .T. ) ;
#9900 = VECTOR ( 'NONE', #9561, 1000.000000000000000 ) ;
#9901 = VERTEX_POINT ( 'NONE', #1386 ) ;
#9902 = FILL_AREA_STYLE ('',( #3714 ) ) ;
#9903 = EDGE_CURVE ( 'NONE', #10129, #5062, #227, .T. ) ;
#9904 = SURFACE_SIDE_STYLE ('',( #9141 ) ) ;
#9905 = DIRECTION ( 'NONE',  ( 1.000000000000000000, 0.000000000000000000, -3.491481338843133750E-15 ) ) ;
#9906 = CARTESIAN_POINT ( 'NONE',  ( 1.129678777974322479, 0.1228062383872231683, -0.01123757226533033879 ) ) ;
#9907 = B_SPLINE_CURVE_WITH_KNOTS ( 'NONE', 3,
 ( #8059, #6226, #2808, #3708 ),
 .UNSPECIFIED., .F., .F.,
 ( 4, 4 ),
 ( 0.0003803595065729648722, 1.000000000000000000 ),
 .UNSPECIFIED. ) ;
#9908 = CARTESIAN_POINT ( 'NONE',  ( 1.133496223107700374, 0.1405741208528688002, -0.02012873051028123486 ) ) ;
#9909 =( LENGTH_UNIT ( ) NAMED_UNIT ( * ) SI_UNIT ( .MILLI., .METRE. ) );
#9910 = ORIENTED_EDGE ( 'NONE', *, *, #8887, .T. ) ;
#9911 = CARTESIAN_POINT ( 'NONE',  ( 0.3357876820060969325, 0.000000000000000000, -0.9898060314836047979 ) ) ;
#9912 = ORIENTED_EDGE ( 'NONE', *, *, #3811, .T. ) ;
#9913 = EDGE_LOOP ( 'NONE', ( #8128, #3103, #10834, #2775 ) ) ;
#9914 =( LENGTH_UNIT ( ) NAMED_UNIT ( * ) SI_UNIT ( .MILLI., .METRE. ) );
#9915 = MECHANICAL_DESIGN_GEOMETRIC_PRESENTATION_REPRESENTATION (  '', ( #5701 ), #6809 ) ;
#9916 = CARTESIAN_POINT ( 'NONE',  ( 1.117083110845507488, 0.2137228412562564295, -0.01896616654087048340 ) ) ;
#9917 = B_SPLINE_CURVE_WITH_KNOTS ( 'NONE', 3,
 ( #1106, #6104, #1800, #8054 ),
 .UNSPECIFIED., .F., .F.,
 ( 4, 4 ),
 ( 0.000000000000000000, 1.000000000000000000 ),
 .UNSPECIFIED. ) ;
#9918 = CARTESIAN_POINT ( 'NONE',  ( 1.134837590969379972, -0.03897746766754539571, -0.02743530319401906933 ) ) ;
#9919 = CARTESIAN_POINT ( 'NONE',  ( 1.134799344741028504, 0.1329675254096483739, 0.02485103320822956707 ) ) ;
#9920 = CARTESIAN_POINT ( 'NONE',  ( 1.135072945334850480, 0.1313295647468726568, -0.02560315145545562568 ) ) ;
#9921 = ORIENTED_EDGE ( 'NONE', *, *, #1705, .F. ) ;
#9922 = COLOUR_RGB ( '',0.000000000000000000, 0.000000000000000000, 0.000000000000000000 ) ;
#9923 = ORIENTED_EDGE ( 'NONE', *, *, #1153, .T. ) ;
#9924 = CARTESIAN_POINT ( 'NONE',  ( 1.134161564850966419, 0.1367521570795235675, -0.01658645813400465643 ) ) ;
#9925 =( LENGTH_UNIT ( ) NAMED_UNIT ( * ) SI_UNIT ( .MILLI., .METRE. ) );
#9926 =( LENGTH_UNIT ( ) NAMED_UNIT ( * ) SI_UNIT ( .MILLI., .METRE. ) );
#9927 = ORIENTED_EDGE ( 'NONE', *, *, #11055, .F. ) ;
#9928 = VERTEX_POINT ( 'NONE', #8374 ) ;
#9929 =( GEOMETRIC_REPRESENTATION_CONTEXT ( 3 ) GLOBAL_UNCERTAINTY_ASSIGNED_CONTEXT ( ( #7430 ) ) GLOBAL_UNIT_ASSIGNED_CONTEXT ( ( #6259, #4617, #9044 ) ) REPRESENTATION_CONTEXT ( 'NONE', 'WORKASPACE' ) );
#9930 = CARTESIAN_POINT ( 'NONE',  ( 1.135041350207019351, 0.03454813840680420051, 0.03564162355583494479 ) ) ;
#9931 = B_SPLINE_CURVE_WITH_KNOTS ( 'NONE', 3,
 ( #5154, #7778, #3494, #2656 ),
 .UNSPECIFIED., .F., .F.,
 ( 4, 4 ),
 ( 0.000000000000000000, 1.000000000000000000 ),
 .UNSPECIFIED. ) ;
#9932 = DIRECTION ( 'NONE',  ( 3.491481338843133355E-15, -0.000000000000000000, 1.000000000000000000 ) ) ;
#9933 = LINE ( 'NONE', #2335, #7882 ) ;
#9934 = DIRECTION ( 'NONE',  ( 3.491481338843133355E-15, -0.000000000000000000, 1.000000000000000000 ) ) ;
#9935 = ORIENTED_EDGE ( 'NONE', *, *, #3382, .F. ) ;
#9936 = COLOUR_RGB ( '',0.000000000000000000, 0.000000000000000000, 0.000000000000000000 ) ;
#9937 =( LENGTH_UNIT ( ) NAMED_UNIT ( * ) SI_UNIT ( .MILLI., .METRE. ) );
#9938 = FILL_AREA_STYLE_COLOUR ( '', #1990 ) ;
#9939 = FILL_AREA_STYLE_COLOUR ( '', #22 ) ;
#9940 = PRESENTATION_STYLE_ASSIGNMENT (( #1220 ) ) ;
#9941 = SURFACE_STYLE_FILL_AREA ( #7200 ) ;
#9942 = LINE ( 'NONE', #2118, #2930 ) ;
#9943 = LINE ( 'NONE', #10062, #11190 ) ;
#9944 = PLANE ( 'NONE',  #4023 ) ;
#9945 = SURFACE_SIDE_STYLE ('',( #9061 ) ) ;
#9946 = CARTESIAN_POINT ( 'NONE',  ( 1.134380097845930857, 0.1354627379138017840, -0.02649818129418237550 ) ) ;
#9947 = EDGE_LOOP ( 'NONE', ( #8429, #10754, #4515, #320 ) ) ;
#9948 = EDGE_LOOP ( 'NONE', ( #566, #415, #8826, #7625, #6056, #10692, #4643, #2326, #110 ) ) ;
#9949 = ORIENTED_EDGE ( 'NONE', *, *, #9548, .T. ) ;
#9950 = CARTESIAN_POINT ( 'NONE',  ( 1.141992323369950491, -0.07832034373894262991, 0.03609903428749287185 ) ) ;
#9951 = EDGE_LOOP ( 'NONE', ( #4280, #6918, #4327, #1171 ) ) ;
#9952 = UNCERTAINTY_MEASURE_WITH_UNIT (LENGTH_MEASURE( 1.000000000000000082E-05 ), #9914, 'distance_accuracy_value', 'NONE');
#9953 = FACE_OUTER_BOUND ( 'NONE', #3943, .T. ) ;
#9954 = ADVANCED_FACE ( 'NONE', ( #5789 ), #1720, .T. ) ;
#9955 = CARTESIAN_POINT ( 'NONE',  ( 1.142340451086743647, -0.07465005484490092047, 0.01059303993007697058 ) ) ;
#9956 = ORIENTED_EDGE ( 'NONE', *, *, #7796, .T. ) ;
#9957 = CARTESIAN_POINT ( 'NONE',  ( 1.145739709204992129, -0.008815533812893633012, 0.06547222589606033205 ) ) ;
#9958 = ADVANCED_FACE ( 'NONE', ( #2573 ), #6020, .T. ) ;
#9959 = FILL_AREA_STYLE_COLOUR ( '', #9936 ) ;
#9960 = CARTESIAN_POINT ( 'NONE',  ( 1.137484703632368088, 0.1157208245724164336, -0.02607636074704447124 ) ) ;
#9961 = CARTESIAN_POINT ( 'NONE',  ( 1.114970639955905396, 0.2213005152289355959, -0.009534661662203604282 ) ) ;
#9962 = EDGE_LOOP ( 'NONE', ( #8407, #10885, #6760, #10491 ) ) ;
#9963 = VERTEX_POINT ( 'NONE', #3396 ) ;
#9964 = CARTESIAN_POINT ( 'NONE',  ( 1.135407184376999057, 0.1292619488794606308, -0.02515559161746130576 ) ) ;
#9965 = ADVANCED_FACE ( 'NONE', ( #8659 ), #5857, .T. ) ;
#9966 =( LENGTH_UNIT ( ) NAMED_UNIT ( * ) SI_UNIT ( .MILLI., .METRE. ) );
#9967 = MECHANICAL_DESIGN_GEOMETRIC_PRESENTATION_REPRESENTATION (  '', ( #8851 ), #680 ) ;
#9968 =( NAMED_UNIT ( * ) PLANE_ANGLE_UNIT ( ) SI_UNIT ( $, .RADIAN. ) );
#9969 = LINE ( 'NONE', #6989, #533 ) ;
#9970 = EDGE_CURVE ( 'NONE', #1088, #1483, #8941, .T. ) ;
#9971 = CARTESIAN_POINT ( 'NONE',  ( 1.131010868397307467, 0.08729309151253333843, -0.01153230679267326642 ) ) ;
#9972 = CARTESIAN_POINT ( 'NONE',  ( 1.145441178099688928, 0.02369000344934040631, 0.02334504061165312144 ) ) ;
#9973 = VERTEX_POINT ( 'NONE', #11191 ) ;
#9974 = ADVANCED_FACE ( 'NONE', ( #11296 ), #7594, .F. ) ;
#9975 = CARTESIAN_POINT ( 'NONE',  ( 1.123767102758431946, 0.1381613213183102706, -0.01867689006025474371 ) ) ;
#9976 = FILL_AREA_STYLE_COLOUR ( '', #3574 ) ;
#9977 = EDGE_CURVE ( 'NONE', #4724, #6239, #8168, .T. ) ;
#9978 = ORIENTED_EDGE ( 'NONE', *, *, #1741, .F. ) ;
#9979 = CIRCLE ( 'NONE', #5585, 0.7900000000000000355 ) ;
#9980 = CARTESIAN_POINT ( 'NONE',  ( 1.109994553002337625, 0.2015446730865450009, 0.04620291230638588764 ) ) ;
#9981 = CARTESIAN_POINT ( 'NONE',  ( 1.143497696487699722, -0.06086487087092641579, -0.01035630102885841050 ) ) ;
#9982 = DIRECTION ( 'NONE',  ( 0.000000000000000000, 0.000000000000000000, -1.000000000000000000 ) ) ;
#9983 = ORIENTED_EDGE ( 'NONE', *, *, #612, .T. ) ;
#9984 = ORIENTED_EDGE ( 'NONE', *, *, #7084, .F. ) ;
#9985 = B_SPLINE_CURVE_WITH_KNOTS ( 'NONE', 3,
 ( #9710, #6972, #1100, #4468 ),
 .UNSPECIFIED., .F., .F.,
 ( 4, 4 ),
 ( 0.000000000000000000, 0.5016852644607113776 ),
 .UNSPECIFIED. ) ;
#9986 = PLANE ( 'NONE',  #9273 ) ;
#9987 = SURFACE_SIDE_STYLE ('',( #454 ) ) ;
#9988 =( NAMED_UNIT ( * ) SI_UNIT ( $, .STERADIAN. ) SOLID_ANGLE_UNIT ( ) );
#9989 = VERTEX_POINT ( 'NONE', #10207 ) ;
#9990 = DIRECTION ( 'NONE',  ( 3.491481338843133355E-15, -0.000000000000000000, 1.000000000000000000 ) ) ;
#9991 = FILL_AREA_STYLE_COLOUR ( '', #3484 ) ;
#9992 = CARTESIAN_POINT ( 'NONE',  ( 1.133638856322578548, 0.1397647276796252502, -0.02218950028508815883 ) ) ;
#9993 = SURFACE_SIDE_STYLE ('',( #6507 ) ) ;
#9994 = FILL_AREA_STYLE ('',( #8271 ) ) ;
#9995 = CARTESIAN_POINT ( 'NONE',  ( 1.141340828542910968, -0.08502643355333179553, 0.02853525476549867781 ) ) ;
#9996 = CARTESIAN_POINT ( 'NONE',  ( 1.126357260540307159, 0.1224995567667086505, 0.05654591100386101993 ) ) ;
#9997 = DIRECTION ( 'NONE',  ( -1.000000000000000000, 0.000000000000000000, 3.491481338843133355E-15 ) ) ;
#9998 =( LENGTH_UNIT ( ) NAMED_UNIT ( * ) SI_UNIT ( .MILLI., .METRE. ) );
#9999 = SURFACE_SIDE_STYLE ('',( #8331 ) ) ;
#10000 = ORIENTED_EDGE ( 'NONE', *, *, #10827, .F. ) ;
#10001 = ORIENTED_EDGE ( 'NONE', *, *, #10264, .F. ) ;
#10002 = ORIENTED_EDGE ( 'NONE', *, *, #2605, .F. ) ;
#10003 = CARTESIAN_POINT ( 'NONE',  ( 1.145293195018741494, 0.02829884100348383988, -0.02606900220520724787 ) ) ;
#10004 = SURFACE_STYLE_FILL_AREA ( #1403 ) ;
#10005 = COLOUR_RGB ( '',0.000000000000000000, 0.000000000000000000, 0.000000000000000000 ) ;
#10006 = CARTESIAN_POINT ( 'NONE',  ( 1.106656769549965391, 0.2139178577615463150, 0.001828991785565779824 ) ) ;
#10007 = SURFACE_STYLE_USAGE ( .BOTH. , #3905 ) ;
#10008 = FILL_AREA_STYLE ('',( #10866 ) ) ;
#10009 = CARTESIAN_POINT ( 'NONE',  ( 0.3357876820061011514, 0.000000000000000000, 0.2101939685163952964 ) ) ;
#10010 = ORIENTED_EDGE ( 'NONE', *, *, #980, .T. ) ;
#10011 = MECHANICAL_DESIGN_GEOMETRIC_PRESENTATION_REPRESENTATION (  '', ( #1641 ), #3435 ) ;
#10012 = SURFACE_SIDE_STYLE ('',( #3097 ) ) ;
#10013 = STYLED_ITEM ( 'NONE', ( #4957 ), #5408 ) ;
#10014 = CARTESIAN_POINT ( 'NONE',  ( 1.127587209533853274, 0.1142921724482613005, -0.02607636074267979942 ) ) ;
#10015 = CARTESIAN_POINT ( 'NONE',  ( 1.126740684576284179, 0.1199989484829118574, 0.05698255474804683057 ) ) ;
#10016 = COLOUR_RGB ( '',0.000000000000000000, 0.000000000000000000, 0.000000000000000000 ) ;
#10017 = ORIENTED_EDGE ( 'NONE', *, *, #9977, .T. ) ;
#10018 = ORIENTED_EDGE ( 'NONE', *, *, #3032, .T. ) ;
#10019 = PRESENTATION_STYLE_ASSIGNMENT (( #2143 ) ) ;
#10020 = ADVANCED_FACE ( 'NONE', ( #11056 ), #11264, .F. ) ;
#10021 = DIRECTION ( 'NONE',  ( 3.491481338843133355E-15, -0.000000000000000000, 1.000000000000000000 ) ) ;
#10022 = COLOUR_RGB ( '',0.000000000000000000, 0.000000000000000000, 0.000000000000000000 ) ;
#10023 = CARTESIAN_POINT ( 'NONE',  ( 1.135924855238844122, 0.008702046846654359208, 0.05076354287776298213 ) ) ;
#10024 =( GEOMETRIC_REPRESENTATION_CONTEXT ( 3 ) GLOBAL_UNCERTAINTY_ASSIGNED_CONTEXT ( ( #619 ) ) GLOBAL_UNIT_ASSIGNED_CONTEXT ( ( #526, #4987, #7506 ) ) REPRESENTATION_CONTEXT ( 'NONE', 'WORKASPACE' ) );
#10025 = CARTESIAN_POINT ( 'NONE',  ( 1.145738372182772524, 0.008937532228337216958, 0.01286980209940261771 ) ) ;
#10026 = DIRECTION ( 'NONE',  ( -0.9690848089839282364, -0.2467278520892669247, 3.383541526323747918E-15 ) ) ;
#10027 = COLOUR_RGB ( '',0.000000000000000000, 0.000000000000000000, 0.000000000000000000 ) ;
#10028 =( NAMED_UNIT ( * ) SI_UNIT ( $, .STERADIAN. ) SOLID_ANGLE_UNIT ( ) );
#10029 = EDGE_LOOP ( 'NONE', ( #3711, #3005, #1160, #4658 ) ) ;
#10030 =( LENGTH_UNIT ( ) NAMED_UNIT ( * ) SI_UNIT ( .MILLI., .METRE. ) );
#10031 = ORIENTED_EDGE ( 'NONE', *, *, #7366, .F. ) ;
#10032 =( GEOMETRIC_REPRESENTATION_CONTEXT ( 3 ) GLOBAL_UNCERTAINTY_ASSIGNED_CONTEXT ( ( #3068 ) ) GLOBAL_UNIT_ASSIGNED_CONTEXT ( ( #1085, #7180, #10465 ) ) REPRESENTATION_CONTEXT ( 'NONE', 'WORKASPACE' ) );
#10033 = DIRECTION ( 'NONE',  ( 0.9723603232753110781, 0.2334853351282100420, -3.394484536121607426E-15 ) ) ;
#10034 = DIRECTION ( 'NONE',  ( 1.000000000000000000, 0.000000000000000000, -3.488520879062155587E-15 ) ) ;
#10035 = AXIS2_PLACEMENT_3D ( 'NONE', #6897, #1897, #10405 ) ;
#10036 = ORIENTED_EDGE ( 'NONE', *, *, #8635, .T. ) ;
#10037 = ORIENTED_EDGE ( 'NONE', *, *, #3887, .T. ) ;
#10038 = PRESENTATION_LAYER_ASSIGNMENT (  '', '', ( #7496 ) ) ;
#10039 = DIRECTION ( 'NONE',  ( -1.000000000000000000, 0.000000000000000000, 3.491481338843133355E-15 ) ) ;
#10040 = CARTESIAN_POINT ( 'NONE',  ( 1.135627812543076098, -0.01599267277829009848, -0.01832670521881009373 ) ) ;
#10041 = EDGE_CURVE ( 'NONE', #417, #9083, #6129, .T. ) ;
#10042 = PRODUCT_DEFINITION_FORMATION_WITH_SPECIFIED_SOURCE ( 'ÈÎºÎ', '', #11053, .NOT_KNOWN. ) ;
#10043 = CARTESIAN_POINT ( 'NONE',  ( 1.108360157762519282, 0.2433757787940240558, -0.01719775937616187939 ) ) ;
#10044 = PRESENTATION_LAYER_ASSIGNMENT (  '', '', ( #5820 ) ) ;
#10045 = AXIS2_PLACEMENT_3D ( 'NONE', #8300, #3631, #161 ) ;
#10046 =( GEOMETRIC_REPRESENTATION_CONTEXT ( 3 ) GLOBAL_UNCERTAINTY_ASSIGNED_CONTEXT ( ( #7860 ) ) GLOBAL_UNIT_ASSIGNED_CONTEXT ( ( #4187, #7831, #4298 ) ) REPRESENTATION_CONTEXT ( 'NONE', 'WORKASPACE' ) );
#10047 = FILL_AREA_STYLE ('',( #8321 ) ) ;
#10048 = UNCERTAINTY_MEASURE_WITH_UNIT (LENGTH_MEASURE( 1.000000000000000082E-05 ), #9966, 'distance_accuracy_value', 'NONE');
#10049 = MECHANICAL_DESIGN_GEOMETRIC_PRESENTATION_REPRESENTATION (  '', ( #10958 ), #3110 ) ;
#10050 = CARTESIAN_POINT ( 'NONE',  ( 0.3357876820061003187, 0.000000000000000000, -0.01153230679267050300 ) ) ;
#10051 = ORIENTED_EDGE ( 'NONE', *, *, #2132, .T. ) ;
#10052 = CARTESIAN_POINT ( 'NONE',  ( 1.134848653310044808, -0.03875002114575430007, -0.04109815672384141416 ) ) ;
#10053 = FILL_AREA_STYLE_COLOUR ( '', #9686 ) ;
#10054 = UNCERTAINTY_MEASURE_WITH_UNIT (LENGTH_MEASURE( 1.000000000000000082E-05 ), #4227, 'distance_accuracy_value', 'NONE');
#10055 = B_SPLINE_CURVE_WITH_KNOTS ( 'NONE', 3,
 ( #7012, #1839, #9629, #6202 ),
 .UNSPECIFIED., .F., .F.,
 ( 4, 4 ),
 ( 0.000000000000000000, 1.000000000000000000 ),
 .UNSPECIFIED. ) ;
#10056 = CARTESIAN_POINT ( 'NONE',  ( 1.135629953229991385, 0.01588524986922123031, 0.0008013131769034993399 ) ) ;
#10057 = SURFACE_STYLE_USAGE ( .BOTH. , #2239 ) ;
#10058 = CARTESIAN_POINT ( 'NONE',  ( 1.140935399527471361, -0.08852956165857210624, 0.0006799400854838079378 ) ) ;
#10059 = MECHANICAL_DESIGN_GEOMETRIC_PRESENTATION_REPRESENTATION (  '', ( #1690 ), #2766 ) ;
#10060 = PLANE ( 'NONE',  #3240 ) ;
#10061 = FACE_BOUND ( 'NONE', #776, .T. ) ;
#10062 = CARTESIAN_POINT ( 'NONE',  ( 1.113675940626349448, 0.1867882681025681002, 0.002385712559677263204 ) ) ;
#10063 = PLANE ( 'NONE',  #1498 ) ;
#10064 = ORIENTED_EDGE ( 'NONE', *, *, #4523, .T. ) ;
#10065 = CARTESIAN_POINT ( 'NONE',  ( 1.107437488267243308, 0.2110842876605001917, -0.01896616654087048340 ) ) ;
#10066 = VERTEX_POINT ( 'NONE', #10148 ) ;
#10067 = CARTESIAN_POINT ( 'NONE',  ( 1.121525540184508563, 0.1493186466092150111, -0.003083250338844025808 ) ) ;
#10068 =( GEOMETRIC_REPRESENTATION_CONTEXT ( 3 ) GLOBAL_UNCERTAINTY_ASSIGNED_CONTEXT ( ( #6133 ) ) GLOBAL_UNIT_ASSIGNED_CONTEXT ( ( #1512, #4345, #2590 ) ) REPRESENTATION_CONTEXT ( 'NONE', 'WORKASPACE' ) );
#10069 = EDGE_CURVE ( 'NONE', #679, #5717, #8320, .T. ) ;
#10070 = CARTESIAN_POINT ( 'NONE',  ( 1.125535338668716356, 0.1276661223500845654, -0.02101293409274514884 ) ) ;
#10071 = B_SPLINE_CURVE_WITH_KNOTS ( 'NONE', 1,
 ( #1620, #9591 ),
 .UNSPECIFIED., .F., .F.,
 ( 2, 2 ),
 ( 0.000000000000000000, 1.000000000000000000 ),
 .UNSPECIFIED. ) ;
#10072 = DIRECTION ( 'NONE',  ( 1.224646799147353207E-16, 1.000000000000000000, -4.275831445896958607E-31 ) ) ;
#10073 = COLOUR_RGB ( '',0.000000000000000000, 0.000000000000000000, 0.000000000000000000 ) ;
#10074 = B_SPLINE_CURVE_WITH_KNOTS ( 'NONE', 3,
 ( #3634, #7305, #8202, #3808 ),
 .UNSPECIFIED., .F., .F.,
 ( 4, 4 ),
 ( 0.000000000000000000, 1.000000000000000000 ),
 .UNSPECIFIED. ) ;
#10075 = CARTESIAN_POINT ( 'NONE',  ( 1.103593396057919840, 0.2246650517311842565, -0.02595792449772773083 ) ) ;
#10076 = AXIS2_PLACEMENT_3D ( 'NONE', #4159, #4966, #3393 ) ;
#10077 = CARTESIAN_POINT ( 'NONE',  ( 1.144825706643681773, -0.03946485386417276919, 0.02994886269924376676 ) ) ;
#10078 = ORIENTED_EDGE ( 'NONE', *, *, #8134, .T. ) ;
#10079 = PRESENTATION_LAYER_ASSIGNMENT (  '', '', ( #7529 ) ) ;
#10080 = DIRECTION ( 'NONE',  ( -0.9802317905146525900, -0.1978525634517737941, 3.422461004322701203E-15 ) ) ;
#10081 = UNCERTAINTY_MEASURE_WITH_UNIT (LENGTH_MEASURE( 1.000000000000000082E-05 ), #4098, 'distance_accuracy_value', 'NONE');
#10082 = SURFACE_STYLE_USAGE ( .BOTH. , #4873 ) ;
#10083 = DIRECTION ( 'NONE',  ( 3.491481338843133355E-15, -0.000000000000000000, 1.000000000000000000 ) ) ;
#10084 = DIRECTION ( 'NONE',  ( 3.491481338843133355E-15, -0.000000000000000000, 1.000000000000000000 ) ) ;
#10085 = ORIENTED_EDGE ( 'NONE', *, *, #1405, .T. ) ;
#10086 = ORIENTED_EDGE ( 'NONE', *, *, #9810, .T. ) ;
#10087 = CARTESIAN_POINT ( 'NONE',  ( 1.135735102270707619, 0.01059086367851625604, -0.001997699807174724111 ) ) ;
#10088 = LINE ( 'NONE', #2263, #369 ) ;
#10089 = EDGE_CURVE ( 'NONE', #714, #4363, #3546, .T. ) ;
#10090 = CARTESIAN_POINT ( 'NONE',  ( 1.144639520847744674, 0.04349668777041059559, -0.02146558214844811185 ) ) ;
#10091 = CARTESIAN_POINT ( 'NONE',  ( 1.125535338668716356, 0.1276661223500845654, -0.02515559161746125025 ) ) ;
#10092 = MECHANICAL_DESIGN_GEOMETRIC_PRESENTATION_REPRESENTATION (  '', ( #8248 ), #11186 ) ;
#10093 = CARTESIAN_POINT ( 'NONE',  ( 1.121711176541672517, 0.1960292747872651453, 0.04760017229071263761 ) ) ;
#10094 = FILL_AREA_STYLE ('',( #8472 ) ) ;
#10095 = CARTESIAN_POINT ( 'NONE',  ( 1.128445746679467065, 0.1081350660436884437, -0.01950651317458667461 ) ) ;
#10096 = CARTESIAN_POINT ( 'NONE',  ( 1.123613871190262348, 0.1882283072111125277, -0.007864499339870129058 ) ) ;
#10097 = ORIENTED_EDGE ( 'NONE', *, *, #10588, .F. ) ;
#10098 = CARTESIAN_POINT ( 'NONE',  ( 1.117107165148713666, 0.2136348877448618622, -0.0006271292766393669373 ) ) ;
#10099 = EDGE_LOOP ( 'NONE', ( #865, #2632, #3084, #1294, #8785, #416 ) ) ;
#10100 = ORIENTED_EDGE ( 'NONE', *, *, #6223, .F. ) ;
#10101 = FACE_OUTER_BOUND ( 'NONE', #1145, .T. ) ;
#10102 = PLANE ( 'NONE',  #7501 ) ;
#10104 = UNCERTAINTY_MEASURE_WITH_UNIT (LENGTH_MEASURE( 1.000000000000000082E-05 ), #10210, 'distance_accuracy_value', 'NONE');
#10103 = STYLED_ITEM ( 'NONE', ( #1956 ), #8695 ) ;
#10105 = ORIENTED_EDGE ( 'NONE', *, *, #5455, .T. ) ;
#10106 = ORIENTED_EDGE ( 'NONE', *, *, #4487, .T. ) ;
#10107 = DIRECTION ( 'NONE',  ( -3.491481338843133355E-15, 0.000000000000000000, -1.000000000000000000 ) ) ;
#10108 = CARTESIAN_POINT ( 'NONE',  ( 1.145480100066576412, 0.02235976697922652939, 0.03068382824420688021 ) ) ;
#10109 = FILL_AREA_STYLE_COLOUR ( '', #4242 ) ;
#10110 = EDGE_CURVE ( 'NONE', #4322, #3336, #7639, .T. ) ;
#10111 = VECTOR ( 'NONE', #4340, 1000.000000000000114 ) ;
#10112 = CARTESIAN_POINT ( 'NONE',  ( 0.3357876820060969880, 0.000000000000000000, -0.9798060314836047890 ) ) ;
#10113 = ORIENTED_EDGE ( 'NONE', *, *, #6752, .F. ) ;
#10114 = EDGE_CURVE ( 'NONE', #7902, #4444, #302, .T. ) ;
#10115 = PRESENTATION_STYLE_ASSIGNMENT (( #459 ) ) ;
#10116 = EDGE_CURVE ( 'NONE', #8858, #2142, #10910, .T. ) ;
#10117 = UNCERTAINTY_MEASURE_WITH_UNIT (LENGTH_MEASURE( 1.000000000000000082E-05 ), #4730, 'distance_accuracy_value', 'NONE');
#10118 = FILL_AREA_STYLE ('',( #689 ) ) ;
#10119 = SURFACE_SIDE_STYLE ('',( #6624 ) ) ;
#10120 = CARTESIAN_POINT ( 'NONE',  ( 1.123161560344022369, 0.1415710977251334046, -0.01595332470455390964 ) ) ;
#10121 = PRESENTATION_STYLE_ASSIGNMENT (( #6510 ) ) ;
#10122 = PRESENTATION_STYLE_ASSIGNMENT (( #5697 ) ) ;
#10123 = EDGE_CURVE ( 'NONE', #4444, #1879, #9969, .T. ) ;
#10124 = B_SPLINE_CURVE_WITH_KNOTS ( 'NONE', 3,
 ( #4031, #5771, #8419, #5839 ),
 .UNSPECIFIED., .F., .F.,
 ( 4, 4 ),
 ( 0.0001236984945983018969, 1.000000000000000000 ),
 .UNSPECIFIED. ) ;
#10126 = VECTOR ( 'NONE', #2444, 1000.000000000000000 ) ;
#10125 = CARTESIAN_POINT ( 'NONE',  ( -0.2642123179938996591, 7.347880794884116531E-17, -0.08980603148360268018 ) ) ;
#10127 = FILL_AREA_STYLE_COLOUR ( '', #3478 ) ;
#10128 = DIRECTION ( 'NONE',  ( 1.000000000000000000, 0.000000000000000000, -3.490612318438092200E-15 ) ) ;
#10129 = VERTEX_POINT ( 'NONE', #5937 ) ;
#10130 = CARTESIAN_POINT ( 'NONE',  ( 1.132383009493155512, -0.07372844922953177005, 0.01059303993007702435 ) ) ;
#10131 = ORIENTED_EDGE ( 'NONE', *, *, #5985, .T. ) ;
#10132 = CARTESIAN_POINT ( 'NONE',  ( 1.120542369532917082, 0.1554352827512306967, -0.02089788879028352947 ) ) ;
#10133 = CARTESIAN_POINT ( 'NONE',  ( 1.135409747283214088, -0.02724808970022101276, -0.01249318994906362633 ) ) ;
#10134 = PRESENTATION_STYLE_ASSIGNMENT (( #5757 ) ) ;
#10135 = ADVANCED_FACE ( 'NONE', ( #6121 ), #6867, .F. ) ;
#10136 = CARTESIAN_POINT ( 'NONE',  ( 1.123226961664925083, 0.1898404088975557402, -0.02230649118532048586 ) ) ;
#10137 =( NAMED_UNIT ( * ) PLANE_ANGLE_UNIT ( ) SI_UNIT ( $, .RADIAN. ) );
#10138 = VERTEX_POINT ( 'NONE', #5888 ) ;
#10139 =( NAMED_UNIT ( * ) SI_UNIT ( $, .STERADIAN. ) SOLID_ANGLE_UNIT ( ) );
#10140 = VERTEX_POINT ( 'NONE', #2541 ) ;
#10141 = B_SPLINE_CURVE_WITH_KNOTS ( 'NONE', 1,
 ( #4118, #586 ),
 .UNSPECIFIED., .F., .F.,
 ( 2, 2 ),
 ( 0.000000000000000000, 1.000000000000000000 ),
 .UNSPECIFIED. ) ;
#10142 = VERTEX_POINT ( 'NONE', #9503 ) ;
#10143 = CARTESIAN_POINT ( 'NONE',  ( 1.127106225578279775, 0.1175370690412406716, 0.05368589447794504255 ) ) ;
#10144 = FILL_AREA_STYLE ('',( #9085 ) ) ;
#10145 = PRESENTATION_LAYER_ASSIGNMENT (  '', '', ( #1400 ) ) ;
#10146 = B_SPLINE_SURFACE_WITH_KNOTS ( 'NONE', 1, 3, ( 
 ( #3019, #9995, #8273, #3938 ),
 ( #7435, #3076, #4977, #6797 ) ),
 .UNSPECIFIED., .F., .F., .F.,
 ( 2, 2 ),
 ( 4, 4 ),
 ( 0.000000000000000000, 1.000000000000000000 ),
 ( 0.000000000000000000, 1.000000000000000000 ),
 .UNSPECIFIED. ) ;
#10147 = CARTESIAN_POINT ( 'NONE',  ( 1.122922845730287777, 0.1428923861823872266, -0.01973575114034626515 ) ) ;
#10148 = CARTESIAN_POINT ( 'NONE',  ( 1.137105107999569320, 0.1182809485893712292, 0.02799520574332179865 ) ) ;
#10149 = CARTESIAN_POINT ( 'NONE',  ( 1.124060736695442486, 0.1364756067974539078, -0.002559277845524325461 ) ) ;
#10150 = FACE_OUTER_BOUND ( 'NONE', #10889, .T. ) ;
#10151 = CARTESIAN_POINT ( 'NONE',  ( 1.124539041545190576, 0.1336835548047583255, -0.01590420228336715536 ) ) ;
#10152 = PRESENTATION_LAYER_ASSIGNMENT (  '', '', ( #3746 ) ) ;
#10153 = CARTESIAN_POINT ( 'NONE',  ( 1.128760074786417267, 0.1058056908758658321, 0.04426322501471124243 ) ) ;
#10154 = CARTESIAN_POINT ( 'NONE',  ( 1.123118058767074157, 0.1418128267450560198, -0.003574474551373189955 ) ) ;
#10155 = B_SPLINE_CURVE_WITH_KNOTS ( 'NONE', 3,
 ( #453, #7245, #5575, #4677 ),
 .UNSPECIFIED., .F., .F.,
 ( 4, 4 ),
 ( 0.000000000000000000, 1.000000000000000000 ),
 .UNSPECIFIED. ) ;
#10156 = CARTESIAN_POINT ( 'NONE',  ( 1.136267085824681278, 0.1238253772950009685, -0.02595792449772843513 ) ) ;
#10157 = DIRECTION ( 'NONE',  ( -1.000000000000000000, 0.000000000000000000, 3.499639923845615483E-15 ) ) ;
#10158 = ORIENTED_EDGE ( 'NONE', *, *, #9865, .F. ) ;
#10159 = CARTESIAN_POINT ( 'NONE',  ( 1.121924584193570995, 0.1482861120236397268, 0.02850246652063670449 ) ) ;
#10160 = DIRECTION ( 'NONE',  ( 3.491481338843133355E-15, -0.000000000000000000, 1.000000000000000000 ) ) ;
#10161 = FACE_OUTER_BOUND ( 'NONE', #4250, .T. ) ;
#10162 = VERTEX_POINT ( 'NONE', #8691 ) ;
#10163 = EDGE_LOOP ( 'NONE', ( #7596, #10349 ) ) ;
#10164 = B_SPLINE_SURFACE_WITH_KNOTS ( 'NONE', 1, 3, ( 
 ( #102, #6888, #1030, #3571 ),
 ( #10620, #862, #4334, #7810 ) ),
 .UNSPECIFIED., .F., .F., .F.,
 ( 2, 2 ),
 ( 4, 4 ),
 ( 0.000000000000000000, 1.000000000000000000 ),
 ( 0.000000000000000000, 1.000000000000000000 ),
 .UNSPECIFIED. ) ;
#10165 = CARTESIAN_POINT ( 'NONE',  ( 1.125961983963937652, 0.1249982900900838689, 0.05610926725935867776 ) ) ;
#10166 = SURFACE_SIDE_STYLE ('',( #2505 ) ) ;
#10167 =( GEOMETRIC_REPRESENTATION_CONTEXT ( 3 ) GLOBAL_UNCERTAINTY_ASSIGNED_CONTEXT ( ( #4018 ) ) GLOBAL_UNIT_ASSIGNED_CONTEXT ( ( #820, #699, #5150 ) ) REPRESENTATION_CONTEXT ( 'NONE', 'WORKASPACE' ) );
#10168 = MECHANICAL_DESIGN_GEOMETRIC_PRESENTATION_REPRESENTATION (  '', ( #7434 ), #3584 ) ;
#10169 = CARTESIAN_POINT ( 'NONE',  ( 1.126166074092232350, 0.1772060871509236746, 0.02933887994793402815 ) ) ;
#10170 = ORIENTED_EDGE ( 'NONE', *, *, #2814, .F. ) ;
#10171 = DIRECTION ( 'NONE',  ( 1.000000000000000000, 0.000000000000000000, -3.492703757814028417E-15 ) ) ;
#10172 =( LENGTH_UNIT ( ) NAMED_UNIT ( * ) SI_UNIT ( .MILLI., .METRE. ) );
#10173 = FACE_OUTER_BOUND ( 'NONE', #778, .T. ) ;
#10174 = CARTESIAN_POINT ( 'NONE',  ( 1.138248142702603882, 0.1102597343491973914, 0.05013350318598924077 ) ) ;
#10175 = EDGE_CURVE ( 'NONE', #8197, #7813, #6974, .T. ) ;
#10176 = CARTESIAN_POINT ( 'NONE',  ( 1.145735454728606495, 0.009285437851120684899, -0.02386309707085011722 ) ) ;
#10177 = FILL_AREA_STYLE ('',( #5696 ) ) ;
#10178 = DIRECTION ( 'NONE',  ( 3.491481338843133355E-15, -0.000000000000000000, 1.000000000000000000 ) ) ;
#10179 =( NAMED_UNIT ( * ) PLANE_ANGLE_UNIT ( ) SI_UNIT ( $, .RADIAN. ) );
#10180 = DIRECTION ( 'NONE',  ( 3.491481338843133355E-15, -0.000000000000000000, 1.000000000000000000 ) ) ;
#10181 = EDGE_CURVE ( 'NONE', #2449, #10399, #3433, .T. ) ;
#10182 = CARTESIAN_POINT ( 'NONE',  ( 1.131747998435802094, 0.1501571665593381955, -0.03673175985462266008 ) ) ;
#10183 = VERTEX_POINT ( 'NONE', #7905 ) ;
#10184 = PLANE ( 'NONE',  #4944 ) ;
#10185 = ORIENTED_EDGE ( 'NONE', *, *, #7456, .T. ) ;
#10186 = FACE_OUTER_BOUND ( 'NONE', #1782, .T. ) ;
#10187 = EDGE_CURVE ( 'NONE', #3604, #9077, #9559, .T. ) ;
#10188 = FACE_OUTER_BOUND ( 'NONE', #11318, .T. ) ;
#10189 = SPHERICAL_SURFACE ( 'NONE', #929, 0.4000000000000000222 ) ;
#10190 = EDGE_CURVE ( 'NONE', #11039, #3010, #10386, .T. ) ;
#10191 = DIRECTION ( 'NONE',  ( -0.2184320793071818645, 0.9758521541348059714, 7.626515287057288286E-16 ) ) ;
#10192 = EDGE_CURVE ( 'NONE', #1261, #9436, #6273, .T. ) ;
#10193 = CARTESIAN_POINT ( 'NONE',  ( 1.121782753829933421, 0.1957338679652761981, 0.05687885185883380379 ) ) ;
#10194 = PRESENTATION_STYLE_ASSIGNMENT (( #4080 ) ) ;
#10195 = ORIENTED_EDGE ( 'NONE', *, *, #3423, .F. ) ;
#10196 = B_SPLINE_CURVE_WITH_KNOTS ( 'NONE', 3,
 ( #10778, #9920, #1255, #4715 ),
 .UNSPECIFIED., .F., .F.,
 ( 4, 4 ),
 ( 0.000000000000000000, 1.000000000000000000 ),
 .UNSPECIFIED. ) ;
#10197 = UNCERTAINTY_MEASURE_WITH_UNIT (LENGTH_MEASURE( 1.000000000000000082E-05 ), #9909, 'distance_accuracy_value', 'NONE');
#10198 = LINE ( 'NONE', #8513, #1475 ) ;
#10199 = VERTEX_POINT ( 'NONE', #8519 ) ;
#10200 = AXIS2_PLACEMENT_3D ( 'NONE', #9281, #8491, #4973 ) ;
#10201 = ORIENTED_EDGE ( 'NONE', *, *, #10192, .T. ) ;
#10202 = SURFACE_STYLE_FILL_AREA ( #6761 ) ;
#10203 = FILL_AREA_STYLE_COLOUR ( '', #4743 ) ;
#10204 = PRESENTATION_LAYER_ASSIGNMENT (  '', '', ( #9817 ) ) ;
#10205 = FACE_OUTER_BOUND ( 'NONE', #5931, .T. ) ;
#10206 = EDGE_CURVE ( 'NONE', #10391, #10066, #10249, .T. ) ;
#10207 = CARTESIAN_POINT ( 'NONE',  ( 1.100122005144568593, 0.2362055089799126595, 0.006069894152875912607 ) ) ;
#10208 = SURFACE_STYLE_USAGE ( .BOTH. , #7577 ) ;
#10209 = DIRECTION ( 'NONE',  ( 0.9721472588380550839, 0.2343708751821684533, -3.053553774851753117E-15 ) ) ;
#10210 =( LENGTH_UNIT ( ) NAMED_UNIT ( * ) SI_UNIT ( .MILLI., .METRE. ) );
#10211 = UNCERTAINTY_MEASURE_WITH_UNIT (LENGTH_MEASURE( 1.000000000000000082E-05 ), #6758, 'distance_accuracy_value', 'NONE');
#10212 = CARTESIAN_POINT ( 'NONE',  ( 1.145340345021797823, 0.02691627396562468535, -0.01217842026157467741 ) ) ;
#10213 = CARTESIAN_POINT ( 'NONE',  ( 1.133914501002047492, 0.1381795238065703091, -0.002559397173155760277 ) ) ;
#10214 = STYLED_ITEM ( 'NONE', ( #6309 ), #1398 ) ;
#10215 = EDGE_LOOP ( 'NONE', ( #9196, #9038, #2873, #10734, #5462, #522 ) ) ;
#10216 = CARTESIAN_POINT ( 'NONE',  ( 1.135789304214943840, -4.434440510374544568E-08, 0.05050662115076788583 ) ) ;
#10217 = CARTESIAN_POINT ( 'NONE',  ( 1.113649173206235687, 0.1869025238336249062, 0.02777108824882692367 ) ) ;
#10218 = ORIENTED_EDGE ( 'NONE', *, *, #2537, .F. ) ;
#10219 = VERTEX_POINT ( 'NONE', #6061 ) ;
#10220 = AXIS2_PLACEMENT_3D ( 'NONE', #7765, #11251, #3406 ) ;
#10221 = PRESENTATION_LAYER_ASSIGNMENT (  '', '', ( #5975 ) ) ;
#10222 = AXIS2_PLACEMENT_3D ( 'NONE', #2703, #1916, #4428 ) ;
#10223 = CARTESIAN_POINT ( 'NONE',  ( 1.133556644843030758, 0.1402312488217380693, -0.01940281028526795459 ) ) ;
#10224 = CARTESIAN_POINT ( 'NONE',  ( 1.145013761538713259, 0.03673882699676934982, -0.01052202108961315836 ) ) ;
#10225 = FILL_AREA_STYLE ('',( #4897 ) ) ;
#10226 = FILL_AREA_STYLE ('',( #4224 ) ) ;
#10227 = B_SPLINE_CURVE_WITH_KNOTS ( 'NONE', 3,
 ( #4105, #5853, #3977, #6715 ),
 .UNSPECIFIED., .F., .F.,
 ( 4, 4 ),
 ( 0.000000000000000000, 1.000000000000000000 ),
 .UNSPECIFIED. ) ;
#10228 = EDGE_CURVE ( 'NONE', #2593, #1827, #11064, .T. ) ;
#10229 = STYLED_ITEM ( 'NONE', ( #10634 ), #10567 ) ;
#10230 = MECHANICAL_DESIGN_GEOMETRIC_PRESENTATION_REPRESENTATION (  '', ( #543 ), #9473 ) ;
#10231 = COLOUR_RGB ( '',0.000000000000000000, 0.000000000000000000, 0.000000000000000000 ) ;
#10232 = PRESENTATION_LAYER_ASSIGNMENT (  '', '', ( #7494 ) ) ;
#10233 = DIRECTION ( 'NONE',  ( -3.491481338843133355E-15, 0.000000000000000000, -1.000000000000000000 ) ) ;
#10234 = STYLED_ITEM ( 'NONE', ( #5973 ), #5907 ) ;
#10235 = VERTEX_POINT ( 'NONE', #1589 ) ;
#10236 = CIRCLE ( 'NONE', #8739, 0.01000000000000002623 ) ;
#10237 =( NAMED_UNIT ( * ) PLANE_ANGLE_UNIT ( ) SI_UNIT ( $, .RADIAN. ) );
#10238 = CARTESIAN_POINT ( 'NONE',  ( 1.135738983417690751, 0.008826968330258200268, 0.01287018508051515284 ) ) ;
#10239 = PRESENTATION_STYLE_ASSIGNMENT (( #6728 ) ) ;
#10240 = PRESENTATION_LAYER_ASSIGNMENT (  '', '', ( #7307 ) ) ;
#10241 = VECTOR ( 'NONE', #3534, 1000.000000000000114 ) ;
#10242 = SURFACE_SIDE_STYLE ('',( #585 ) ) ;
#10243 = CARTESIAN_POINT ( 'NONE',  ( 1.134656562537616376, 0.1338233209168623594, -0.008153775820487010190 ) ) ;
#10244 = CARTESIAN_POINT ( 'NONE',  ( 1.128727410421646482, 0.1060499273940342102, -0.02469711568594331122 ) ) ;
#10245 = SURFACE_STYLE_USAGE ( .BOTH. , #8671 ) ;
#10246 = FILL_AREA_STYLE ('',( #1683 ) ) ;
#10247 = DIRECTION ( 'NONE',  ( 3.491481338843133355E-15, -0.000000000000000000, 1.000000000000000000 ) ) ;
#10248 = EDGE_LOOP ( 'NONE', ( #9161, #9255, #10418, #37 ) ) ;
#10249 = B_SPLINE_CURVE_WITH_KNOTS ( 'NONE', 1,
 ( #4311, #840 ),
 .UNSPECIFIED., .F., .F.,
 ( 2, 2 ),
 ( 0.000000000000000000, 1.000000000000000000 ),
 .UNSPECIFIED. ) ;
#10250 = COLOUR_RGB ( '',0.000000000000000000, 0.000000000000000000, 0.000000000000000000 ) ;
#10251 = CARTESIAN_POINT ( 'NONE',  ( 1.135839162738410346, 0.1265607687162106088, 0.02617733858181596138 ) ) ;
#10252 = EDGE_CURVE ( 'NONE', #1381, #4234, #3683, .T. ) ;
#10253 = VERTEX_POINT ( 'NONE', #717 ) ;
#10254 = PRESENTATION_STYLE_ASSIGNMENT (( #595 ) ) ;
#10255 = CARTESIAN_POINT ( 'NONE',  ( 1.119586074144408139, 0.2043528333089706106, 0.03361119833001464247 ) ) ;
#10256 = CARTESIAN_POINT ( 'NONE',  ( 1.123466777506683556, 0.1398735759501273102, -0.01496541823287723429 ) ) ;
#10257 =( NAMED_UNIT ( * ) SI_UNIT ( $, .STERADIAN. ) SOLID_ANGLE_UNIT ( ) );
#10258 =( GEOMETRIC_REPRESENTATION_CONTEXT ( 3 ) GLOBAL_UNCERTAINTY_ASSIGNED_CONTEXT ( ( #9368 ) ) GLOBAL_UNIT_ASSIGNED_CONTEXT ( ( #3022, #4859, #10980 ) ) REPRESENTATION_CONTEXT ( 'NONE', 'WORKASPACE' ) );
#10259 = DIRECTION ( 'NONE',  ( 1.000000000000000000, 0.000000000000000000, -3.523657060577891383E-15 ) ) ;
#10260 = CARTESIAN_POINT ( 'NONE',  ( 1.116469405313944785, 0.1747456634457468239, -0.02230649118532064545 ) ) ;
#10261 = EDGE_CURVE ( 'NONE', #10399, #5761, #9078, .T. ) ;
#10262 = DIRECTION ( 'NONE',  ( 1.000000000000000000, 0.000000000000000000, -3.480155121558408744E-15 ) ) ;
#10263 = ORIENTED_EDGE ( 'NONE', *, *, #7109, .F. ) ;
#10264 = EDGE_CURVE ( 'NONE', #2798, #3629, #1811, .T. ) ;
#10265 = ADVANCED_FACE ( 'NONE', ( #140 ), #9533, .T. ) ;
#10266 =( NAMED_UNIT ( * ) SI_UNIT ( $, .STERADIAN. ) SOLID_ANGLE_UNIT ( ) );
#10267 = FILL_AREA_STYLE ('',( #9493 ) ) ;
#10268 = AXIS2_PLACEMENT_3D ( 'NONE', #6556, #5688, #509 ) ;
#10269 = ORIENTED_EDGE ( 'NONE', *, *, #1900, .T. ) ;
#10270 = ORIENTED_EDGE ( 'NONE', *, *, #5083, .F. ) ;
#10271 = ADVANCED_FACE ( 'NONE', ( #254 ), #4545, .T. ) ;
#10272 = SURFACE_SIDE_STYLE ('',( #10202 ) ) ;
#10273 = PRESENTATION_STYLE_ASSIGNMENT (( #4421 ) ) ;
#10274 = CARTESIAN_POINT ( 'NONE',  ( 1.145787681978023942, 0.005361551637178437607, -0.004796751804010821602 ) ) ;
#10275 = FACE_OUTER_BOUND ( 'NONE', #7916, .T. ) ;
#10276 = COLOUR_RGB ( '',0.000000000000000000, 0.000000000000000000, 0.000000000000000000 ) ;
#10277 = CARTESIAN_POINT ( 'NONE',  ( 1.121273333350524926, 0.1977682773652674753, 0.05278531675530418604 ) ) ;
#10278 =( NAMED_UNIT ( * ) SI_UNIT ( $, .STERADIAN. ) SOLID_ANGLE_UNIT ( ) );
#10279 = CARTESIAN_POINT ( 'NONE',  ( 1.145385133441610748, 0.02553363720911694390, 0.02334504061165312144 ) ) ;
#10280 = AXIS2_PLACEMENT_3D ( 'NONE', #10509, #1661, #5127 ) ;
#10281 = B_SPLINE_CURVE_WITH_KNOTS ( 'NONE', 3,
 ( #874, #163, #3637, #4343 ),
 .UNSPECIFIED., .F., .F.,
 ( 4, 4 ),
 ( 0.000000000000000000, 1.000000000000000000 ),
 .UNSPECIFIED. ) ;
#10282 = FILL_AREA_STYLE ('',( #620 ) ) ;
#10283 = DIRECTION ( 'NONE',  ( 1.000000000000000000, 0.000000000000000000, -3.614007241618349165E-15 ) ) ;
#10284 = CARTESIAN_POINT ( 'NONE',  ( 1.134848653520424300, -0.03875001680754269762, 0.004672461670102427689 ) ) ;
#10285 = CARTESIAN_POINT ( 'NONE',  ( 1.127106225578279775, 0.1175370690412406716, 0.05368589447794498704 ) ) ;
#10286 =( NAMED_UNIT ( * ) PLANE_ANGLE_UNIT ( ) SI_UNIT ( $, .RADIAN. ) );
#10287 = SURFACE_STYLE_FILL_AREA ( #10954 ) ;
#10288 = ORIENTED_EDGE ( 'NONE', *, *, #1565, .F. ) ;
#10289 = ORIENTED_EDGE ( 'NONE', *, *, #6488, .F. ) ;
#10290 = STYLED_ITEM ( 'NONE', ( #5709 ), #8540 ) ;
#10291 = FACE_OUTER_BOUND ( 'NONE', #7393, .T. ) ;
#10292 = CARTESIAN_POINT ( 'NONE',  ( 1.128754516913359929, 0.1058470535119574313, 0.05270344605310696429 ) ) ;
#10293 = VECTOR ( 'NONE', #3994, 1000.000000000000000 ) ;
#10294 = SURFACE_STYLE_FILL_AREA ( #6720 ) ;
#10295 = ORIENTED_EDGE ( 'NONE', *, *, #2455, .F. ) ;
#10296 = COLOUR_RGB ( '',0.000000000000000000, 0.000000000000000000, 0.000000000000000000 ) ;
#10297 = UNCERTAINTY_MEASURE_WITH_UNIT (LENGTH_MEASURE( 1.000000000000000082E-05 ), #7409, 'distance_accuracy_value', 'NONE');
#10298 = SURFACE_SIDE_STYLE ('',( #3226 ) ) ;
#10299 =( NAMED_UNIT ( * ) PLANE_ANGLE_UNIT ( ) SI_UNIT ( $, .RADIAN. ) );
#10300 =( NAMED_UNIT ( * ) PLANE_ANGLE_UNIT ( ) SI_UNIT ( $, .RADIAN. ) );
#10301 = CARTESIAN_POINT ( 'NONE',  ( 0.3357876820061007628, 0.8000000000000000444, 0.1101939685163951937 ) ) ;
#10302 = PRESENTATION_LAYER_ASSIGNMENT (  '', '', ( #10656 ) ) ;
#10303 = FACE_OUTER_BOUND ( 'NONE', #1532, .T. ) ;
#10304 = FACE_OUTER_BOUND ( 'NONE', #5736, .T. ) ;
#10305 = PRESENTATION_STYLE_ASSIGNMENT (( #646 ) ) ;
#10306 = CARTESIAN_POINT ( 'NONE',  ( 0.3357876820061003742, 0.000000000000000000, 0.002385712559680082129 ) ) ;
#10307 = CARTESIAN_POINT ( 'NONE',  ( 1.133508810410889245, -0.06034071011009248253, -0.02561357143766559291 ) ) ;
#10308 = ORIENTED_EDGE ( 'NONE', *, *, #10228, .T. ) ;
#10309 = PRESENTATION_STYLE_ASSIGNMENT (( #6803 ) ) ;
#10310 = ORIENTED_EDGE ( 'NONE', *, *, #7602, .T. ) ;
#10311 = CARTESIAN_POINT ( 'NONE',  ( 1.144825714831420926, -0.03946468601338971871, -0.02743530319401912485 ) ) ;
#10312 = SURFACE_STYLE_USAGE ( .BOTH. , #4990 ) ;
#10313 = VECTOR ( 'NONE', #7474, 1000.000000000000000 ) ;
#10314 = CARTESIAN_POINT ( 'NONE',  ( 1.130913336478305498, 0.1545171399049304894, -0.02868148985342829430 ) ) ;
#10315 = CARTESIAN_POINT ( 'NONE',  ( 0.3357876820061003742, 0.000000000000000000, -0.007864499339867636260 ) ) ;
#10316 = LINE ( 'NONE', #2700, #6217 ) ;
#10317 = ORIENTED_EDGE ( 'NONE', *, *, #3670, .T. ) ;
#10318 = PRESENTATION_LAYER_ASSIGNMENT (  '', '', ( #4290 ) ) ;
#10319 = UNCERTAINTY_MEASURE_WITH_UNIT (LENGTH_MEASURE( 1.000000000000000082E-05 ), #11139, 'distance_accuracy_value', 'NONE');
#10320 =( LENGTH_UNIT ( ) NAMED_UNIT ( * ) SI_UNIT ( .MILLI., .METRE. ) );
#10321 = ORIENTED_EDGE ( 'NONE', *, *, #906, .F. ) ;
#10322 = ORIENTED_EDGE ( 'NONE', *, *, #192, .T. ) ;
#10323 = PRESENTATION_STYLE_ASSIGNMENT (( #1587 ) ) ;
#10324 = CARTESIAN_POINT ( 'NONE',  ( 1.137145243926030780, 0.1180225551828364000, -0.01471980612663230381 ) ) ;
#10325 = B_SPLINE_CURVE_WITH_KNOTS ( 'NONE', 1,
 ( #2013, #6281 ),
 .UNSPECIFIED., .F., .F.,
 ( 2, 2 ),
 ( 0.000000000000000000, 1.000000000000000000 ),
 .UNSPECIFIED. ) ;
#10326 = CARTESIAN_POINT ( 'NONE',  ( 1.127246072664103149, 0.1166031991824709041, -0.02471730568019605417 ) ) ;
#10327 =( NAMED_UNIT ( * ) SI_UNIT ( $, .STERADIAN. ) SOLID_ANGLE_UNIT ( ) );
#10328 = SURFACE_STYLE_FILL_AREA ( #1642 ) ;
#10329 = CARTESIAN_POINT ( 'NONE',  ( 1.127882975678770050, 0.1122551170528840458, 0.02455219365085810346 ) ) ;
#10330 = CARTESIAN_POINT ( 'NONE',  ( 1.113887621941075379, 0.1859045009492469314, -0.01153230679267288825 ) ) ;
#10331 = SURFACE_STYLE_FILL_AREA ( #10282 ) ;
#10332 = ORIENTED_EDGE ( 'NONE', *, *, #9456, .F. ) ;
#10333 = EDGE_CURVE ( 'NONE', #9066, #3839, #5090, .T. ) ;
#10334 = EDGE_CURVE ( 'NONE', #5239, #398, #9815, .T. ) ;
#10335 = FACE_OUTER_BOUND ( 'NONE', #2520, .T. ) ;
#10336 = ORIENTED_EDGE ( 'NONE', *, *, #3405, .T. ) ;
#10337 = FILL_AREA_STYLE ('',( #4269 ) ) ;
#10338 = EDGE_CURVE ( 'NONE', #305, #2104, #7388, .T. ) ;
#10339 = ORIENTED_EDGE ( 'NONE', *, *, #5360, .F. ) ;
#10340 = ORIENTED_EDGE ( 'NONE', *, *, #9824, .T. ) ;
#10341 = B_SPLINE_CURVE_WITH_KNOTS ( 'NONE', 3,
 ( #10213, #5843, #9324, #139 ),
 .UNSPECIFIED., .F., .F.,
 ( 4, 4 ),
 ( 0.0002841724328621566707, 1.000000000000000000 ),
 .UNSPECIFIED. ) ;
#10342 = B_SPLINE_CURVE_WITH_KNOTS ( 'NONE', 3,
 ( #1765, #9677, #8696, #9011 ),
 .UNSPECIFIED., .F., .F.,
 ( 4, 4 ),
 ( 0.000000000000000000, 0.9998996438536219555 ),
 .UNSPECIFIED. ) ;
#10343 = CARTESIAN_POINT ( 'NONE',  ( 1.109018087841966427, 0.2052450327582769352, 0.002239777457888341046 ) ) ;
#10344 = FILL_AREA_STYLE ('',( #11187 ) ) ;
#10345 = EDGE_CURVE ( 'NONE', #3014, #2015, #5625, .T. ) ;
#10346 = LINE ( 'NONE', #11189, #6042 ) ;
#10347 = ADVANCED_FACE ( 'NONE', ( #1067 ), #10060, .T. ) ;
#10348 = EDGE_CURVE ( 'NONE', #7311, #5446, #10902, .T. ) ;
#10349 = ORIENTED_EDGE ( 'NONE', *, *, #97, .T. ) ;
#10350 = CARTESIAN_POINT ( 'NONE',  ( 1.102723220116998748, 0.2276178384541661381, -0.01719775937616182387 ) ) ;
#10351 = CARTESIAN_POINT ( 'NONE',  ( 1.115086614072834159, 0.2208921788299867406, -0.004978198355469139885 ) ) ;
#10352 = FILL_AREA_STYLE_COLOUR ( '', #6540 ) ;
#10353 = CARTESIAN_POINT ( 'NONE',  ( 0.3357876820061016510, 0.000000000000000000, 0.3561756190388909449 ) ) ;
#10354 = DIRECTION ( 'NONE',  ( -3.491481338843133355E-15, 0.000000000000000000, -1.000000000000000000 ) ) ;
#10355 = SURFACE_SIDE_STYLE ('',( #9402 ) ) ;
#10356 = MECHANICAL_DESIGN_GEOMETRIC_PRESENTATION_REPRESENTATION (  '', ( #3027 ), #5936 ) ;
#10357 = FACE_OUTER_BOUND ( 'NONE', #9831, .T. ) ;
#10358 = CARTESIAN_POINT ( 'NONE',  ( 1.099746702985381797, 0.2374234568606081175, -0.008393929879987912027 ) ) ;
#10359 = ORIENTED_EDGE ( 'NONE', *, *, #3372, .T. ) ;
#10360 = CARTESIAN_POINT ( 'NONE',  ( 1.136892900203421153, 0.1197098140983045705, -0.01834552488835463832 ) ) ;
#10361 = CARTESIAN_POINT ( 'NONE',  ( 1.134799344741028504, 0.1329675254096483739, 0.05687885185883353317 ) ) ;
#10362 = ORIENTED_EDGE ( 'NONE', *, *, #4108, .T. ) ;
#10363 =( LENGTH_UNIT ( ) NAMED_UNIT ( * ) SI_UNIT ( .MILLI., .METRE. ) );
#10364 = CARTESIAN_POINT ( 'NONE',  ( 1.128371415695025526, 0.1086785401619074637, 0.03136794109317292412 ) ) ;
#10365 = B_SPLINE_CURVE_WITH_KNOTS ( 'NONE', 1,
 ( #7034, #5157 ),
 .UNSPECIFIED., .F., .F.,
 ( 2, 2 ),
 ( 0.000000000000000000, 1.000000000000000000 ),
 .UNSPECIFIED. ) ;
#10366 = CARTESIAN_POINT ( 'NONE',  ( 1.120984831485828614, 0.1531854454991536385, -0.02729514596498401266 ) ) ;
#10367 = CYLINDRICAL_SURFACE ( 'NONE', #3689, 0.5999999999999996447 ) ;
#10368 = CARTESIAN_POINT ( 'NONE',  ( 1.120780653920699033, 0.1542272156420075868, 0.05687885185883353317 ) ) ;
#10369 = B_SPLINE_SURFACE_WITH_KNOTS ( 'NONE', 1, 3, ( 
 ( #3441, #2548, #8583, #3603 ),
 ( #6001, #6126, #6936, #9613 ) ),
 .UNSPECIFIED., .F., .F., .F.,
 ( 2, 2 ),
 ( 4, 4 ),
 ( 0.000000000000000000, 1.000000000000000000 ),
 ( 0.000000000000000000, 1.000000000000000000 ),
 .UNSPECIFIED. ) ;
#10370 = ORIENTED_EDGE ( 'NONE', *, *, #1823, .F. ) ;
#10371 = EDGE_CURVE ( 'NONE', #6804, #5805, #3181, .T. ) ;
#10372 = CARTESIAN_POINT ( 'NONE',  ( 1.128792378800347551, 0.1055630184404761779, 0.04050471144449686867 ) ) ;
#10373 = FILL_AREA_STYLE_COLOUR ( '', #9479 ) ;
#10374 = ORIENTED_EDGE ( 'NONE', *, *, #3172, .T. ) ;
#10376 = EDGE_LOOP ( 'NONE', ( #1984, #11205, #5103, #2224 ) ) ;
#10375 = UNCERTAINTY_MEASURE_WITH_UNIT (LENGTH_MEASURE( 1.000000000000000082E-05 ), #6793, 'distance_accuracy_value', 'NONE');
#10377 = FILL_AREA_STYLE_COLOUR ( '', #8025 ) ;
#10378 = DIRECTION ( 'NONE',  ( -1.000000000000000000, 0.000000000000000000, 3.491481338843133355E-15 ) ) ;
#10379 = PLANE ( 'NONE',  #7120 ) ;
#10380 = CARTESIAN_POINT ( 'NONE',  ( 1.117163878718681502, 0.1716483598084909135, 0.02670798568576673165 ) ) ;
#10381 = CARTESIAN_POINT ( 'NONE',  ( 0.3357876820061004852, 0.000000000000000000, 0.03722988336163249312 ) ) ;
#10382 = CARTESIAN_POINT ( 'NONE',  ( 1.119586074144408139, 0.2043528333089706106, 0.03361119833001464247 ) ) ;
#10383 = ORIENTED_EDGE ( 'NONE', *, *, #8621, .F. ) ;
#10384 = CARTESIAN_POINT ( 'NONE',  ( 1.135599138973118594, -0.01742672149896563535, -0.03231241382011299651 ) ) ;
#10385 = ORIENTED_EDGE ( 'NONE', *, *, #11088, .T. ) ;
#10386 = B_SPLINE_CURVE_WITH_KNOTS ( 'NONE', 3,
 ( #6932, #8638, #7735, #5169 ),
 .UNSPECIFIED., .F., .F.,
 ( 4, 4 ),
 ( 0.000000000000000000, 1.000000000000000000 ),
 .UNSPECIFIED. ) ;
#10387 = SURFACE_STYLE_USAGE ( .BOTH. , #4441 ) ;
#10388 = CARTESIAN_POINT ( 'NONE',  ( 1.113408804311424083, 0.1879000879512458533, 0.03069114328941777506 ) ) ;
#10389 = CARTESIAN_POINT ( 'NONE',  ( 1.119523297793410421, 0.2045934616415832352, 0.002385712559677371624 ) ) ;
#10390 =( GEOMETRIC_REPRESENTATION_CONTEXT ( 3 ) GLOBAL_UNCERTAINTY_ASSIGNED_CONTEXT ( ( #8217 ) ) GLOBAL_UNIT_ASSIGNED_CONTEXT ( ( #4630, #5250, #7075 ) ) REPRESENTATION_CONTEXT ( 'NONE', 'WORKASPACE' ) );
#10391 = VERTEX_POINT ( 'NONE', #4747 ) ;
#10392 = ADVANCED_FACE ( 'NONE', ( #4803 ), #3991, .T. ) ;
#10393 = VERTEX_POINT ( 'NONE', #10796 ) ;
#10394 = SURFACE_SIDE_STYLE ('',( #10508 ) ) ;
#10395 = B_SPLINE_SURFACE_WITH_KNOTS ( 'NONE', 1, 3, ( 
 ( #4077, #11042, #3033, #6522 ),
 ( #10075, #1408, #2195, #6692 ) ),
 .UNSPECIFIED., .F., .F., .F.,
 ( 2, 2 ),
 ( 4, 4 ),
 ( 0.000000000000000000, 1.000000000000000000 ),
 ( 0.000000000000000000, 1.000000000000000000 ),
 .UNSPECIFIED. ) ;
#10396 = COLOUR_RGB ( '',0.000000000000000000, 0.000000000000000000, 0.000000000000000000 ) ;
#10397 = CARTESIAN_POINT ( 'NONE',  ( 1.110230781357061769, 0.2005938330748913145, 0.03722988336162978001 ) ) ;
#10398 = CARTESIAN_POINT ( 'NONE',  ( 1.134442477447788811, -0.04658664949314501869, 0.03296644788866148756 ) ) ;
#10399 = VERTEX_POINT ( 'NONE', #10975 ) ;
#10400 = ORIENTED_EDGE ( 'NONE', *, *, #1900, .F. ) ;
#10401 = DIRECTION ( 'NONE',  ( 0.9940289829890087692, 0.1091163643906666592, -3.470633644375342749E-15 ) ) ;
#10402 = STYLED_ITEM ( 'NONE', ( #4771 ), #5437 ) ;
#10403 = DIRECTION ( 'NONE',  ( 1.000000000000000000, 0.000000000000000000, -3.491481338843133355E-15 ) ) ;
#10404 = PRESENTATION_LAYER_ASSIGNMENT (  '', '', ( #2550 ) ) ;
#10405 = DIRECTION ( 'NONE',  ( 1.000000000000000000, 0.000000000000000000, -3.488520879062155587E-15 ) ) ;
#10406 = ADVANCED_FACE ( 'NONE', ( #9057 ), #10146, .T. ) ;
#10407 =( NAMED_UNIT ( * ) SI_UNIT ( $, .STERADIAN. ) SOLID_ANGLE_UNIT ( ) );
#10408 = CARTESIAN_POINT ( 'NONE',  ( 1.145339761689187386, -0.02818183681174360466, 0.06200690043417885627 ) ) ;
#10409 = CARTESIAN_POINT ( 'NONE',  ( 1.128830457771395679, 0.1648731506536953995, 0.02850246652063670449 ) ) ;
#10410 = VECTOR ( 'NONE', #4942, 1000.000000000000114 ) ;
#10411 = CARTESIAN_POINT ( 'NONE',  ( 1.138353972487884169, 0.1094867543692345513, -0.01950651317458672665 ) ) ;
#10412 = DIRECTION ( 'NONE',  ( 3.491481338843133355E-15, -0.000000000000000000, 1.000000000000000000 ) ) ;
#10413 = PRESENTATION_LAYER_ASSIGNMENT (  '', '', ( #1295 ) ) ;
#10414 =( NAMED_UNIT ( * ) PLANE_ANGLE_UNIT ( ) SI_UNIT ( $, .RADIAN. ) );
#10415 =( LENGTH_UNIT ( ) NAMED_UNIT ( * ) SI_UNIT ( .MILLI., .METRE. ) );
#10416 = STYLED_ITEM ( 'NONE', ( #1561 ), #4604 ) ;
#10417 = CARTESIAN_POINT ( 'NONE',  ( 1.100282529917975705, 0.2356924078528244981, -0.003208785415429940471 ) ) ;
#10418 = ORIENTED_EDGE ( 'NONE', *, *, #7366, .T. ) ;
#10419 = CARTESIAN_POINT ( 'NONE',  ( 1.113505489076544563, 0.1874967001457340521, -0.02413220784152421416 ) ) ;
#10420 = FILL_AREA_STYLE ('',( #7076 ) ) ;
#10421 =( GEOMETRIC_REPRESENTATION_CONTEXT ( 3 ) GLOBAL_UNCERTAINTY_ASSIGNED_CONTEXT ( ( #2281 ) ) GLOBAL_UNIT_ASSIGNED_CONTEXT ( ( #5961, #3134, #5743 ) ) REPRESENTATION_CONTEXT ( 'NONE', 'WORKASPACE' ) );
#10422 = PRESENTATION_STYLE_ASSIGNMENT (( #7775 ) ) ;
#10423 =( LENGTH_UNIT ( ) NAMED_UNIT ( * ) SI_UNIT ( .MILLI., .METRE. ) );
#10424 = FILL_AREA_STYLE_COLOUR ( '', #849 ) ;
#10425 = CARTESIAN_POINT ( 'NONE',  ( 1.130685613852037363, 0.1556832616148957349, -0.02590880207654016470 ) ) ;
#10426 = CARTESIAN_POINT ( 'NONE',  ( 1.135839162738410346, 0.1265607687162106088, 0.02617733858181596138 ) ) ;
#10427 = MECHANICAL_DESIGN_GEOMETRIC_PRESENTATION_REPRESENTATION (  '', ( #7857 ), #6391 ) ;
#10428 = VECTOR ( 'NONE', #3020, 1000.000000000000000 ) ;
#10429 = CARTESIAN_POINT ( 'NONE',  ( 1.117547128931093425, 0.2120192612559748113, 0.02485103320822999728 ) ) ;
#10430 = ORIENTED_EDGE ( 'NONE', *, *, #1550, .T. ) ;
#10431 = EDGE_CURVE ( 'NONE', #6215, #189, #9248, .T. ) ;
#10432 = UNCERTAINTY_MEASURE_WITH_UNIT (LENGTH_MEASURE( 1.000000000000000082E-05 ), #3342, 'distance_accuracy_value', 'NONE');
#10433 = FACE_OUTER_BOUND ( 'NONE', #7060, .T. ) ;
#10434 = SURFACE_STYLE_USAGE ( .BOTH. , #6815 ) ;
#10435 = ORIENTED_EDGE ( 'NONE', *, *, #6395, .T. ) ;
#10436 = SURFACE_STYLE_FILL_AREA ( #9557 ) ;
#10437 = B_SPLINE_SURFACE_WITH_KNOTS ( 'NONE', 1, 3, ( 
 ( #6699, #4087, #1638, #2368 ),
 ( #10143, #2313, #5766, #9247 ) ),
 .UNSPECIFIED., .F., .F., .F.,
 ( 2, 2 ),
 ( 4, 4 ),
 ( 0.000000000000000000, 1.000000000000000000 ),
 ( 0.000000000000000000, 1.000000000000000000 ),
 .UNSPECIFIED. ) ;
#10438 = CARTESIAN_POINT ( 'NONE',  ( 1.128822595057868750, 0.1053357806302039484, 0.02868258206520829523 ) ) ;
#10439 = COLOUR_RGB ( '',0.000000000000000000, 0.000000000000000000, 0.000000000000000000 ) ;
#10440 = UNCERTAINTY_MEASURE_WITH_UNIT (LENGTH_MEASURE( 1.000000000000000082E-05 ), #7518, 'distance_accuracy_value', 'NONE');
#10441 = CARTESIAN_POINT ( 'NONE',  ( 1.145734446514678373, 0.01072309901848357908, -0.001997778352075672836 ) ) ;
#10442 = CARTESIAN_POINT ( 'NONE',  ( 1.144836915664353416, -0.03923439201763697509, 0.004672461670102320136 ) ) ;
#10443 = CARTESIAN_POINT ( 'NONE',  ( 1.125084009933419171, 0.1304377810431821827, -0.01388472496559165978 ) ) ;
#10444 = CARTESIAN_POINT ( 'NONE',  ( 1.116469405313945229, 0.1747456634457454361, 0.002385712559677263204 ) ) ;
#10445 =( NAMED_UNIT ( * ) PLANE_ANGLE_UNIT ( ) SI_UNIT ( $, .RADIAN. ) );
#10446 = ORIENTED_EDGE ( 'NONE', *, *, #4523, .F. ) ;
#10447 = COLOUR_RGB ( '',0.000000000000000000, 0.000000000000000000, 0.000000000000000000 ) ;
#10448 = SURFACE_STYLE_USAGE ( .BOTH. , #145 ) ;
#10449 = CARTESIAN_POINT ( 'NONE',  ( 0.3357876820061005962, 0.000000000000000000, 0.05687885185883657241 ) ) ;
#10450 = ORIENTED_EDGE ( 'NONE', *, *, #1550, .F. ) ;
#10451 = FACE_OUTER_BOUND ( 'NONE', #7036, .T. ) ;
#10452 =( NAMED_UNIT ( * ) SI_UNIT ( $, .STERADIAN. ) SOLID_ANGLE_UNIT ( ) );
#10453 = ADVANCED_FACE ( 'NONE', ( #10304 ), #574, .T. ) ;
#10454 = ORIENTED_EDGE ( 'NONE', *, *, #1554, .F. ) ;
#10455 = ORIENTED_EDGE ( 'NONE', *, *, #9259, .F. ) ;
#10456 = AXIS2_PLACEMENT_3D ( 'NONE', #10790, #2959, #6441 ) ;
#10457 =( NAMED_UNIT ( * ) SI_UNIT ( $, .STERADIAN. ) SOLID_ANGLE_UNIT ( ) );
#10458 = SURFACE_SIDE_STYLE ('',( #7753 ) ) ;
#10459 = CARTESIAN_POINT ( 'NONE',  ( 1.127660083813132763, 0.1137457658832261437, -0.005817731787995843520 ) ) ;
#10460 = CARTESIAN_POINT ( 'NONE',  ( 1.126384624049143079, 0.1222966689333342960, -0.01123757226533032491 ) ) ;
#10461 = MECHANICAL_DESIGN_GEOMETRIC_PRESENTATION_REPRESENTATION (  '', ( #6228 ), #2241 ) ;
#10462 = ORIENTED_EDGE ( 'NONE', *, *, #2706, .T. ) ;
#10463 = ORIENTED_EDGE ( 'NONE', *, *, #5429, .F. ) ;
#10464 = DIRECTION ( 'NONE',  ( 1.000000000000000000, 0.000000000000000000, -3.523657060577888622E-15 ) ) ;
#10465 =( NAMED_UNIT ( * ) SI_UNIT ( $, .STERADIAN. ) SOLID_ANGLE_UNIT ( ) );
#10466 = FACE_OUTER_BOUND ( 'NONE', #9619, .T. ) ;
#10467 = PRESENTATION_STYLE_ASSIGNMENT (( #6208 ) ) ;
#10468 = FACE_OUTER_BOUND ( 'NONE', #14, .T. ) ;
#10469 = EDGE_CURVE ( 'NONE', #1827, #1060, #280, .T. ) ;
#10470 = CARTESIAN_POINT ( 'NONE',  ( 1.143466134691158542, -0.06213546210677584752, 0.04638761338568143933 ) ) ;
#10471 = PRESENTATION_LAYER_ASSIGNMENT (  '', '', ( #5870 ) ) ;
#10472 = CARTESIAN_POINT ( 'NONE',  ( 1.133283942824446111, 0.1417852599509318301, -0.003236075649402426514 ) ) ;
#10473 = B_SPLINE_CURVE_WITH_KNOTS ( 'NONE', 3,
 ( #105, #3469, #8772, #9582 ),
 .UNSPECIFIED., .F., .F.,
 ( 4, 4 ),
 ( 0.000000000000000000, 1.000000000000000000 ),
 .UNSPECIFIED. ) ;
#10474 = EDGE_CURVE ( 'NONE', #9068, #10613, #5098, .T. ) ;
#10475 = ORIENTED_EDGE ( 'NONE', *, *, #4028, .F. ) ;
#10476 = SURFACE_SIDE_STYLE ('',( #8677 ) ) ;
#10477 = EDGE_CURVE ( 'NONE', #3314, #3727, #4369, .T. ) ;
#10478 =( GEOMETRIC_REPRESENTATION_CONTEXT ( 3 ) GLOBAL_UNCERTAINTY_ASSIGNED_CONTEXT ( ( #3688 ) ) GLOBAL_UNIT_ASSIGNED_CONTEXT ( ( #723, #7465, #3158 ) ) REPRESENTATION_CONTEXT ( 'NONE', 'WORKASPACE' ) );
#10479 = CARTESIAN_POINT ( 'NONE',  ( 1.131948660348163438, 0.1490915377299869005, -0.03314071409297287413 ) ) ;
#10480 = EDGE_CURVE ( 'NONE', #189, #9729, #8440, .T. ) ;
#10481 = B_SPLINE_CURVE_WITH_KNOTS ( 'NONE', 1,
 ( #4835, #3859 ),
 .UNSPECIFIED., .F., .F.,
 ( 2, 2 ),
 ( 0.000000000000000000, 1.000000000000000000 ),
 .UNSPECIFIED. ) ;
#10482 = FACE_OUTER_BOUND ( 'NONE', #1241, .T. ) ;
#10483 = CARTESIAN_POINT ( 'NONE',  ( 1.138704937510275794, 0.1068825561709821348, 0.04050471144449681316 ) ) ;
#10484 = CARTESIAN_POINT ( 'NONE',  ( 1.129775432322969175, 0.1602605763959369933, 0.05319467026563515222 ) ) ;
#10485 = PRESENTATION_LAYER_ASSIGNMENT (  '', '', ( #7560 ) ) ;
#10486 = CARTESIAN_POINT ( 'NONE',  ( 1.135116260445654834, -0.03326465824674795096, 0.04375174282232748707 ) ) ;
#10487 = ORIENTED_EDGE ( 'NONE', *, *, #3287, .T. ) ;
#10488 = EDGE_CURVE ( 'NONE', #1819, #2199, #8900, .T. ) ;
#10489 = CARTESIAN_POINT ( 'NONE',  ( 0.3357876820061003187, 0.000000000000000000, -0.02606900220520442721 ) ) ;
#10490 = SURFACE_STYLE_USAGE ( .BOTH. , #6055 ) ;
#10491 = ORIENTED_EDGE ( 'NONE', *, *, #1982, .F. ) ;
#10492 = SURFACE_SIDE_STYLE ('',( #5990 ) ) ;
#10493 = ADVANCED_FACE ( 'NONE', ( #5076 ), #3188, .T. ) ;
#10494 = SURFACE_STYLE_FILL_AREA ( #3506 ) ;
#10495 = UNCERTAINTY_MEASURE_WITH_UNIT (LENGTH_MEASURE( 1.000000000000000082E-05 ), #10415, 'distance_accuracy_value', 'NONE');
#10496 = CARTESIAN_POINT ( 'NONE',  ( 0.7407876820061012335, 0.000000000000000000, 0.2101939685163938809 ) ) ;
#10497 = PRESENTATION_STYLE_ASSIGNMENT (( #2713 ) ) ;
#10498 = CARTESIAN_POINT ( 'NONE',  ( 1.133602099059018320, 0.1399839344393067064, -0.002897676747473968209 ) ) ;
#10499 = CARTESIAN_POINT ( 'NONE',  ( 1.119307929416765601, 0.2054196616312301271, 0.03069114328941973877 ) ) ;
#10500 = VERTEX_POINT ( 'NONE', #1093 ) ;
#10501 = MECHANICAL_DESIGN_GEOMETRIC_PRESENTATION_REPRESENTATION (  '', ( #6454 ), #7006 ) ;
#10502 = CARTESIAN_POINT ( 'NONE',  ( 1.145625814174788593, -0.01619258118801872662, -0.01832670521881009373 ) ) ;
#10503 = CARTESIAN_POINT ( 'NONE',  ( 1.118993203687595583, 0.1630983911243968076, -0.01185978960198033963 ) ) ;
#10504 = FACE_OUTER_BOUND ( 'NONE', #1418, .T. ) ;
#10505 = UNCERTAINTY_MEASURE_WITH_UNIT (LENGTH_MEASURE( 1.000000000000000082E-05 ), #7555, 'distance_accuracy_value', 'NONE');
#10506 = ORIENTED_EDGE ( 'NONE', *, *, #8278, .T. ) ;
#10507 = EDGE_LOOP ( 'NONE', ( #263, #5556, #10981, #393 ) ) ;
#10508 = SURFACE_STYLE_FILL_AREA ( #1603 ) ;
#10509 = CARTESIAN_POINT ( 'NONE',  ( 0.3357876820061016510, 0.000000000000000000, 0.3561756190388909449 ) ) ;
#10510 =( NAMED_UNIT ( * ) SI_UNIT ( $, .STERADIAN. ) SOLID_ANGLE_UNIT ( ) );
#10511 = CARTESIAN_POINT ( 'NONE',  ( 1.116302738114169468, 0.1754885956084273890, 0.04115967706098326573 ) ) ;
#10512 = ORIENTED_EDGE ( 'NONE', *, *, #4346, .F. ) ;
#10513 = ORIENTED_EDGE ( 'NONE', *, *, #2354, .T. ) ;
#10514 = DIRECTION ( 'NONE',  ( 0.9828395459913581433, 0.1844625350457399782, -3.431565933905884445E-15 ) ) ;
#10515 = FILL_AREA_STYLE ('',( #2636 ) ) ;
#10516 =( NAMED_UNIT ( * ) PLANE_ANGLE_UNIT ( ) SI_UNIT ( $, .RADIAN. ) );
#10517 = CARTESIAN_POINT ( 'NONE',  ( 1.117362076628753753, 0.1707087158590139819, 0.006069894152875641991 ) ) ;
#10518 = FILL_AREA_STYLE ('',( #5959 ) ) ;
#10519 = FILL_AREA_STYLE ('',( #52 ) ) ;
#10520 = CARTESIAN_POINT ( 'NONE',  ( 0.3357876820061005962, 0.000000000000000000, 0.05687885185883657241 ) ) ;
#10521 = CARTESIAN_POINT ( 'NONE',  ( 1.145743748346655044, 0.009928232369312848041, -0.01333717280368920330 ) ) ;
#10522 = CARTESIAN_POINT ( 'NONE',  ( 1.138353972487884169, 0.1094867543692345513, -0.01950651317458672665 ) ) ;
#10523 = ORIENTED_EDGE ( 'NONE', *, *, #8253, .T. ) ;
#10524 = CARTESIAN_POINT ( 'NONE',  ( 0.3357876820061003742, 0.000000000000000000, 0.002385712559679594238 ) ) ;
#10525 =( NAMED_UNIT ( * ) PLANE_ANGLE_UNIT ( ) SI_UNIT ( $, .RADIAN. ) );
#10526 = CARTESIAN_POINT ( 'NONE',  ( 1.144445989228026317, -0.04660195447585541856, 0.04657192071257245519 ) ) ;
#10527 = EDGE_CURVE ( 'NONE', #6698, #983, #9639, .T. ) ;
#10528 = FILL_AREA_STYLE ('',( #6637 ) ) ;
#10529 = AXIS2_PLACEMENT_3D ( 'NONE', #3214, #6486, #6071 ) ;
#10530 = PRESENTATION_STYLE_ASSIGNMENT (( #2856 ) ) ;
#10531 = UNCERTAINTY_MEASURE_WITH_UNIT (LENGTH_MEASURE( 1.000000000000000082E-05 ), #99, 'distance_accuracy_value', 'NONE');
#10532 = CARTESIAN_POINT ( 'NONE',  ( 1.127660083813132763, 0.1137457658832261437, -0.005817731787995843520 ) ) ;
#10533 =( NAMED_UNIT ( * ) PLANE_ANGLE_UNIT ( ) SI_UNIT ( $, .RADIAN. ) );
#10534 = PRESENTATION_LAYER_ASSIGNMENT (  '', '', ( #1417 ) ) ;
#10535 = EDGE_CURVE ( 'NONE', #5665, #2593, #6808, .T. ) ;
#10536 = DIRECTION ( 'NONE',  ( -3.491481338843133355E-15, 0.000000000000000000, -1.000000000000000000 ) ) ;
#10537 = CARTESIAN_POINT ( 'NONE',  ( 1.132746985084240876, -0.07006770916342361377, 0.04274404510425057480 ) ) ;
#10538 = ORIENTED_EDGE ( 'NONE', *, *, #6681, .F. ) ;
#10539 = AXIS2_PLACEMENT_3D ( 'NONE', #3999, #6738, #5751 ) ;
#10540 = B_SPLINE_CURVE_WITH_KNOTS ( 'NONE', 1,
 ( #4350, #7827 ),
 .UNSPECIFIED., .F., .F.,
 ( 2, 2 ),
 ( 0.000000000000000000, 1.000000000000000000 ),
 .UNSPECIFIED. ) ;
#10541 = CARTESIAN_POINT ( 'NONE',  ( 1.131751295470914576, 0.1501396884239352414, 0.02850246652063670449 ) ) ;
#10542 = DIRECTION ( 'NONE',  ( 1.224646799147353207E-16, 1.000000000000000000, -4.275831445896958607E-31 ) ) ;
#10543 = VERTEX_POINT ( 'NONE', #3585 ) ;
#10544 = CARTESIAN_POINT ( 'NONE',  ( 1.106877158342509437, 0.2131326565024225794, -0.01614917956299907753 ) ) ;
#10545 =( NAMED_UNIT ( * ) PLANE_ANGLE_UNIT ( ) SI_UNIT ( $, .RADIAN. ) );
#10546 = CARTESIAN_POINT ( 'NONE',  ( 1.128445746679467065, 0.1081350660436884437, -0.01950651317458667461 ) ) ;
#10547 = CARTESIAN_POINT ( 'NONE',  ( 1.127606449508173903, 0.1141185323753213104, -0.002559277845524488091 ) ) ;
#10548 = CARTESIAN_POINT ( 'NONE',  ( 1.116408555218666887, 0.1750172914453036188, 0.02933754768169474780 ) ) ;
#10549 = CARTESIAN_POINT ( 'NONE',  ( 1.129518019250175698, 0.09996075098960890970, 0.02850246652063648592 ) ) ;
#10550 =( LENGTH_UNIT ( ) NAMED_UNIT ( * ) SI_UNIT ( .MILLI., .METRE. ) );
#10551 = ORIENTED_EDGE ( 'NONE', *, *, #5426, .F. ) ;
#10552 = DIRECTION ( 'NONE',  ( 1.000000000000000000, 0.000000000000000000, -3.491658038126059717E-15 ) ) ;
#10553 = CARTESIAN_POINT ( 'NONE',  ( 1.134520007007010056, 0.1346353333959597331, -0.006669187089668247685 ) ) ;
#10554 = EDGE_LOOP ( 'NONE', ( #442, #96, #2948, #3302 ) ) ;
#10555 = ORIENTED_EDGE ( 'NONE', *, *, #7309, .T. ) ;
#10556 = EDGE_CURVE ( 'NONE', #8412, #9077, #9457, .T. ) ;
#10557 = CARTESIAN_POINT ( 'NONE',  ( 1.117046289794958458, 0.1721481564113178653, 0.03184279116508718921 ) ) ;
#10558 = CARTESIAN_POINT ( 'NONE',  ( 1.116161713504016273, 0.2170630575747283797, -0.009649280644974899540 ) ) ;
#10559 = SURFACE_SIDE_STYLE ('',( #4396 ) ) ;
#10560 = DIRECTION ( 'NONE',  ( -3.491481338843133355E-15, 0.000000000000000000, -1.000000000000000000 ) ) ;
#10561 = ORIENTED_EDGE ( 'NONE', *, *, #3679, .F. ) ;
#10562 = EDGE_LOOP ( 'NONE', ( #3976, #968, #1552, #889 ) ) ;
#10563 = CARTESIAN_POINT ( 'NONE',  ( 0.3357876820061011514, 0.000000000000000000, 0.2101939685163952964 ) ) ;
#10564 = DIRECTION ( 'NONE',  ( 3.491481338843133355E-15, -0.000000000000000000, 1.000000000000000000 ) ) ;
#10565 = CARTESIAN_POINT ( 'NONE',  ( 1.127962219587985038, 0.1116221394120677363, -0.01236738795373066267 ) ) ;
#10566 = VERTEX_POINT ( 'NONE', #5470 ) ;
#10567 = ADVANCED_FACE ( 'NONE', ( #6269 ), #116, .T. ) ;
#10568 = FILL_AREA_STYLE ('',( #4508 ) ) ;
#10569 =( GEOMETRIC_REPRESENTATION_CONTEXT ( 3 ) GLOBAL_UNCERTAINTY_ASSIGNED_CONTEXT ( ( #2189 ) ) GLOBAL_UNIT_ASSIGNED_CONTEXT ( ( #6726, #7647, #3579 ) ) REPRESENTATION_CONTEXT ( 'NONE', 'WORKASPACE' ) );
#10570 = CARTESIAN_POINT ( 'NONE',  ( 1.134101489487371550, 0.1370950939485292563, 0.02850246652063670449 ) ) ;
#10571 = CARTESIAN_POINT ( 'NONE',  ( 1.103593396057919618, 0.2246650517311849504, -0.02595792449772773083 ) ) ;
#10572 = EDGE_CURVE ( 'NONE', #5446, #3149, #9272, .T. ) ;
#10573 = CARTESIAN_POINT ( 'NONE',  ( 1.144123784531717147, -0.05189166940556268898, 0.04702705973495244218 ) ) ;
#10574 =( GEOMETRIC_REPRESENTATION_CONTEXT ( 3 ) GLOBAL_UNCERTAINTY_ASSIGNED_CONTEXT ( ( #4251 ) ) GLOBAL_UNIT_ASSIGNED_CONTEXT ( ( #2710, #1920, #10599 ) ) REPRESENTATION_CONTEXT ( 'NONE', 'WORKASPACE' ) );
#10575 = AXIS2_PLACEMENT_3D ( 'NONE', #9330, #562, #7536 ) ;
#10576 = EDGE_LOOP ( 'NONE', ( #6633, #103, #6777, #8318 ) ) ;
#10577 = CARTESIAN_POINT ( 'NONE',  ( 1.140872178391330705, -0.08910080628221116184, 0.01013760047613248248 ) ) ;
#10578 = DIRECTION ( 'NONE',  ( -3.491481338843133355E-15, 0.000000000000000000, -1.000000000000000000 ) ) ;
#10579 = CARTESIAN_POINT ( 'NONE',  ( 1.144138307394682474, -0.05166494395514906190, 0.03336449143510910459 ) ) ;
#10580 = PRESENTATION_STYLE_ASSIGNMENT (( #4 ) ) ;
#10581 =( GEOMETRIC_REPRESENTATION_CONTEXT ( 3 ) GLOBAL_UNCERTAINTY_ASSIGNED_CONTEXT ( ( #4137 ) ) GLOBAL_UNIT_ASSIGNED_CONTEXT ( ( #3208, #5722, #7527 ) ) REPRESENTATION_CONTEXT ( 'NONE', 'WORKASPACE' ) );
#10582 = AXIS2_PLACEMENT_3D ( 'NONE', #5288, #4276, #3455 ) ;
#10583 = SURFACE_SIDE_STYLE ('',( #4520 ) ) ;
#10584 = CIRCLE ( 'NONE', #176, 0.4000000000000000222 ) ;
#10585 = CARTESIAN_POINT ( 'NONE',  ( 1.126799305365406179, 0.1196185145670020517, 0.02811804747488805267 ) ) ;
#10586 = CARTESIAN_POINT ( 'NONE',  ( 1.138194018417720388, 0.1106529316669103008, -0.02217549806215568520 ) ) ;
#10587 = VERTEX_POINT ( 'NONE', #10689 ) ;
#10588 = EDGE_CURVE ( 'NONE', #8601, #8708, #4770, .T. ) ;
#10589 = MECHANICAL_DESIGN_GEOMETRIC_PRESENTATION_REPRESENTATION (  '', ( #7307 ), #2385 ) ;
#10590 = VECTOR ( 'NONE', #10021, 1000.000000000000000 ) ;
#10591 =( GEOMETRIC_REPRESENTATION_CONTEXT ( 3 ) GLOBAL_UNCERTAINTY_ASSIGNED_CONTEXT ( ( #127 ) ) GLOBAL_UNIT_ASSIGNED_CONTEXT ( ( #8053, #7198, #8942 ) ) REPRESENTATION_CONTEXT ( 'NONE', 'WORKASPACE' ) );
#10592 = AXIS2_PLACEMENT_3D ( 'NONE', #7523, #7407, #488 ) ;
#10593 = CARTESIAN_POINT ( 'NONE',  ( 1.132381764682297787, 0.1467578530957288352, -0.003083250338844025808 ) ) ;
#10594 =( GEOMETRIC_REPRESENTATION_CONTEXT ( 3 ) GLOBAL_UNCERTAINTY_ASSIGNED_CONTEXT ( ( #7788 ) ) GLOBAL_UNIT_ASSIGNED_CONTEXT ( ( #11067, #5778, #3925 ) ) REPRESENTATION_CONTEXT ( 'NONE', 'WORKASPACE' ) );
#10595 = VERTEX_POINT ( 'NONE', #6151 ) ;
#10596 = PRESENTATION_LAYER_ASSIGNMENT (  '', '', ( #1864 ) ) ;
#10597 = AXIS2_PLACEMENT_3D ( 'NONE', #9867, #5520, #8987 ) ;
#10598 = STYLED_ITEM ( 'NONE', ( #6958 ), #6182 ) ;
#10599 =( NAMED_UNIT ( * ) SI_UNIT ( $, .STERADIAN. ) SOLID_ANGLE_UNIT ( ) );
#10600 = CARTESIAN_POINT ( 'NONE',  ( 1.120872059137890009, 0.1537612460394031932, -0.02590880207654016470 ) ) ;
#10601 = ADVANCED_FACE ( 'NONE', ( #2846 ), #664, .F. ) ;
#10602 = EDGE_CURVE ( 'NONE', #7960, #1637, #5055, .T. ) ;
#10603 = PRESENTATION_LAYER_ASSIGNMENT (  '', '', ( #5472 ) ) ;
#10604 = CARTESIAN_POINT ( 'NONE',  ( 1.127688781061871870, 0.1135927818073930035, 0.02829036175517083904 ) ) ;
#10605 = VERTEX_POINT ( 'NONE', #2377 ) ;
#10606 = EDGE_CURVE ( 'NONE', #8229, #5808, #1290, .T. ) ;
#10607 =( NAMED_UNIT ( * ) SI_UNIT ( $, .STERADIAN. ) SOLID_ANGLE_UNIT ( ) );
#10608 = CARTESIAN_POINT ( 'NONE',  ( 1.098495056703570505, 0.2414097061894623919, -0.02011781441668670373 ) ) ;
#10609 = CARTESIAN_POINT ( 'NONE',  ( 1.137911751380072500, 0.1126808649724486827, -0.02649827113144435226 ) ) ;
#10610 =( GEOMETRIC_REPRESENTATION_CONTEXT ( 3 ) GLOBAL_UNCERTAINTY_ASSIGNED_CONTEXT ( ( #2983 ) ) GLOBAL_UNIT_ASSIGNED_CONTEXT ( ( #3415, #822, #8679 ) ) REPRESENTATION_CONTEXT ( 'NONE', 'WORKASPACE' ) );
#10611 = SURFACE_SIDE_STYLE ('',( #9790 ) ) ;
#10612 = ORIENTED_EDGE ( 'NONE', *, *, #7809, .T. ) ;
#10613 = VERTEX_POINT ( 'NONE', #1424 ) ;
#10614 = MECHANICAL_DESIGN_GEOMETRIC_PRESENTATION_REPRESENTATION (  '', ( #5838 ), #2401 ) ;
#10615 = FACE_OUTER_BOUND ( 'NONE', #8613, .T. ) ;
#10616 = FILL_AREA_STYLE ('',( #2150 ) ) ;
#10617 = FILL_AREA_STYLE_COLOUR ( '', #6976 ) ;
#10618 = VECTOR ( 'NONE', #1229, 1000.000000000000227 ) ;
#10619 = CYLINDRICAL_SURFACE ( 'NONE', #6435, 0.8099999999999999423 ) ;
#10620 = CARTESIAN_POINT ( 'NONE',  ( 1.106656769549965391, 0.2139178577615463150, -0.02147141002426292827 ) ) ;
#10621 = ORIENTED_EDGE ( 'NONE', *, *, #8853, .F. ) ;
#10622 = VERTEX_POINT ( 'NONE', #8420 ) ;
#10623 = SURFACE_SIDE_STYLE ('',( #1033 ) ) ;
#10624 = CARTESIAN_POINT ( 'NONE',  ( 0.3357876820061005407, 0.000000000000000000, 0.05319467026563780981 ) ) ;
#10625 = CARTESIAN_POINT ( 'NONE',  ( 0.3357876820061016510, 0.000000000000000000, 0.3561756190388909449 ) ) ;
#10626 = AXIS2_PLACEMENT_3D ( 'NONE', #10635, #3586, #2643 ) ;
#10627 = EDGE_LOOP ( 'NONE', ( #1585, #3354, #3713, #8588, #1559, #3335, #8324, #8776, #5868, #2360, #5338, #8527, #9567, #9215, #3365, #235 ) ) ;
#10628 = COLOUR_RGB ( '',0.000000000000000000, 0.000000000000000000, 0.000000000000000000 ) ;
#10629 = CARTESIAN_POINT ( 'NONE',  ( 1.143480324515949054, -0.06109496898646864238, -0.02561357143766564495 ) ) ;
#10630 = DIRECTION ( 'NONE',  ( 3.491481338843133355E-15, 0.000000000000000000, 1.000000000000000000 ) ) ;
#10631 =( LENGTH_UNIT ( ) NAMED_UNIT ( * ) SI_UNIT ( .MILLI., .METRE. ) );
#10632 = ADVANCED_FACE ( 'NONE', ( #4206 ), #8397, .T. ) ;
#10633 = SURFACE_SIDE_STYLE ('',( #3583 ) ) ;
#10634 = PRESENTATION_STYLE_ASSIGNMENT (( #3535 ) ) ;
#10635 = CARTESIAN_POINT ( 'NONE',  ( 0.3357876820061005407, 0.000000000000000000, 0.03927665091328814972 ) ) ;
#10636 = AXIS2_PLACEMENT_3D ( 'NONE', #1080, #9624, #5292 ) ;
#10637 = MECHANICAL_DESIGN_GEOMETRIC_PRESENTATION_REPRESENTATION (  '', ( #6794 ), #2244 ) ;
#10638 = CARTESIAN_POINT ( 'NONE',  ( 1.127660083813132763, 0.1137457658832261437, -0.005817731787995843520 ) ) ;
#10639 = ORIENTED_EDGE ( 'NONE', *, *, #327, .F. ) ;
#10640 = SURFACE_STYLE_FILL_AREA ( #8834 ) ;
#10641 = DIRECTION ( 'NONE',  ( 3.491481338843133355E-15, 0.000000000000000000, 1.000000000000000000 ) ) ;
#10642 = CARTESIAN_POINT ( 'NONE',  ( 1.130324462641736805, 0.1575156266701916441, -0.02112603636846634506 ) ) ;
#10643 = CARTESIAN_POINT ( 'NONE',  ( 1.128825395542424115, 0.1648974981892691594, 0.02485103320822983769 ) ) ;
#10644 = EDGE_CURVE ( 'NONE', #6840, #3777, #5050, .T. ) ;
#10645 = B_SPLINE_CURVE_WITH_KNOTS ( 'NONE', 3,
 ( #2479, #11160, #884, #4424 ),
 .UNSPECIFIED., .F., .F.,
 ( 4, 4 ),
 ( 0.000000000000000000, 0.9996932847174299086 ),
 .UNSPECIFIED. ) ;
#10646 = SURFACE_SIDE_STYLE ('',( #5378 ) ) ;
#10647 = CARTESIAN_POINT ( 'NONE',  ( 1.134158670044206119, -0.05102710514088796417, 0.03336449143510916010 ) ) ;
#10648 = CARTESIAN_POINT ( 'NONE',  ( 1.137133744029834359, 0.1180867853701424164, -0.02134140042960540676 ) ) ;
#10649 = ORIENTED_EDGE ( 'NONE', *, *, #7728, .T. ) ;
#10650 = B_SPLINE_CURVE_WITH_KNOTS ( 'NONE', 3,
 ( #9122, #1563, #2405, #2236 ),
 .UNSPECIFIED., .F., .F.,
 ( 4, 4 ),
 ( 0.000000000000000000, 1.000000000000000000 ),
 .UNSPECIFIED. ) ;
#10651 = FILL_AREA_STYLE_COLOUR ( '', #4555 ) ;
#10652 = EDGE_LOOP ( 'NONE', ( #11287, #11288, #300, #6926 ) ) ;
#10653 = PRESENTATION_STYLE_ASSIGNMENT (( #6232 ) ) ;
#10654 = CARTESIAN_POINT ( 'NONE',  ( 1.128272681931495436, 0.1094126047490366904, -0.02641068840324005060 ) ) ;
#10655 = CARTESIAN_POINT ( 'NONE',  ( 1.126987947808945956, 0.1183306359042599343, -0.01447965206718851428 ) ) ;
#10656 = STYLED_ITEM ( 'NONE', ( #4549 ), #8960 ) ;
#10657 = CARTESIAN_POINT ( 'NONE',  ( 1.127211755934392823, 0.1168243776219023006, 0.02799486816771251316 ) ) ;
#10658 = CARTESIAN_POINT ( 'NONE',  ( 1.130591134916222318, 0.1561794233218267158, -0.03438479163157805163 ) ) ;
#10659 =( GEOMETRIC_REPRESENTATION_CONTEXT ( 3 ) GLOBAL_UNCERTAINTY_ASSIGNED_CONTEXT ( ( #6644 ) ) GLOBAL_UNIT_ASSIGNED_CONTEXT ( ( #9530, #918, #4459 ) ) REPRESENTATION_CONTEXT ( 'NONE', 'WORKASPACE' ) );
#10660 = VERTEX_POINT ( 'NONE', #3112 ) ;
#10661 = CARTESIAN_POINT ( 'NONE',  ( 1.128691550378154052, 0.1063177102868227281, -0.008584961518158181620 ) ) ;
#10662 = UNCERTAINTY_MEASURE_WITH_UNIT (LENGTH_MEASURE( 1.000000000000000082E-05 ), #6440, 'distance_accuracy_value', 'NONE');
#10663 = CARTESIAN_POINT ( 'NONE',  ( 1.133981931705877688, 0.1377894761809101420, -0.005817731787995843520 ) ) ;
#10664 =( NAMED_UNIT ( * ) SI_UNIT ( $, .STERADIAN. ) SOLID_ANGLE_UNIT ( ) );
#10665 = ORIENTED_EDGE ( 'NONE', *, *, #3032, .F. ) ;
#10666 = EDGE_CURVE ( 'NONE', #7758, #2248, #548, .T. ) ;
#10667 = ORIENTED_EDGE ( 'NONE', *, *, #9573, .F. ) ;
#10668 = CARTESIAN_POINT ( 'NONE',  ( 1.137145243926030780, 0.1180225551828364000, -0.01471980612663230381 ) ) ;
#10669 = B_SPLINE_CURVE_WITH_KNOTS ( 'NONE', 3,
 ( #1813, #959, #7683, #6821 ),
 .UNSPECIFIED., .F., .F.,
 ( 4, 4 ),
 ( 0.000000000000000000, 1.000000000000000000 ),
 .UNSPECIFIED. ) ;
#10670 = ADVANCED_FACE ( 'NONE', ( #10150 ), #9299, .T. ) ;
#10671 = AXIS2_PLACEMENT_3D ( 'NONE', #6778, #8427, #5059 ) ;
#10672 = FACE_OUTER_BOUND ( 'NONE', #505, .T. ) ;
#10673 = FACE_BOUND ( 'NONE', #5212, .T. ) ;
#10674 = EDGE_CURVE ( 'NONE', #272, #6353, #2469, .T. ) ;
#10675 = ORIENTED_EDGE ( 'NONE', *, *, #10685, .F. ) ;
#10676 = DIRECTION ( 'NONE',  ( 0.9554179039230853432, 0.2952568862248908244, -3.336251020997874672E-15 ) ) ;
#10677 = ORIENTED_EDGE ( 'NONE', *, *, #2010, .T. ) ;
#10678 = FACE_OUTER_BOUND ( 'NONE', #6545, .T. ) ;
#10679 =( NAMED_UNIT ( * ) PLANE_ANGLE_UNIT ( ) SI_UNIT ( $, .RADIAN. ) );
#10680 = UNCERTAINTY_MEASURE_WITH_UNIT (LENGTH_MEASURE( 1.000000000000000082E-05 ), #3594, 'distance_accuracy_value', 'NONE');
#10681 = VERTEX_POINT ( 'NONE', #8581 ) ;
#10682 = ORIENTED_EDGE ( 'NONE', *, *, #6983, .T. ) ;
#10683 = B_SPLINE_CURVE_WITH_KNOTS ( 'NONE', 1,
 ( #9679, #2619 ),
 .UNSPECIFIED., .F., .F.,
 ( 2, 2 ),
 ( 0.000000000000000000, 1.000000000000000000 ),
 .UNSPECIFIED. ) ;
#10684 = CARTESIAN_POINT ( 'NONE',  ( 1.133508810410889245, -0.06034071011009248253, -0.02561357143766559291 ) ) ;
#10685 = EDGE_CURVE ( 'NONE', #466, #5035, #5313, .T. ) ;
#10686 = CARTESIAN_POINT ( 'NONE',  ( 1.143725140545314378, 0.05776731852177337256, 0.005811029902011302997 ) ) ;
#10687 = EDGE_CURVE ( 'NONE', #9719, #10138, #3659, .T. ) ;
#10688 = FACE_OUTER_BOUND ( 'NONE', #9614, .T. ) ;
#10689 = CARTESIAN_POINT ( 'NONE',  ( 1.101415663247545140, 0.2319780040007037858, 0.006069894152875912607 ) ) ;
#10690 = FILL_AREA_STYLE ('',( #8783 ) ) ;
#10691 = FILL_AREA_STYLE ('',( #118 ) ) ;
#10692 = ORIENTED_EDGE ( 'NONE', *, *, #8635, .F. ) ;
#10693 =( LENGTH_UNIT ( ) NAMED_UNIT ( * ) SI_UNIT ( .MILLI., .METRE. ) );
#10694 = PRESENTATION_LAYER_ASSIGNMENT (  '', '', ( #1770 ) ) ;
#10695 = CARTESIAN_POINT ( 'NONE',  ( 1.145782110010027388, -0.004818307736902694219, 0.05158290729459218821 ) ) ;
#10696 = AXIS2_PLACEMENT_3D ( 'NONE', #752, #7601, #11143 ) ;
#10697 = EDGE_CURVE ( 'NONE', #10587, #10681, #688, .T. ) ;
#10698 =( NAMED_UNIT ( * ) PLANE_ANGLE_UNIT ( ) SI_UNIT ( $, .RADIAN. ) );
#10699 = SURFACE_SIDE_STYLE ('',( #9941 ) ) ;
#10700 = STYLED_ITEM ( 'NONE', ( #1277 ), #440 ) ;
#10701 = B_SPLINE_SURFACE_WITH_KNOTS ( 'NONE', 1, 3, ( 
 ( #444, #3969, #623, #2382 ),
 ( #2218, #5845, #1547, #1482 ) ),
 .UNSPECIFIED., .F., .F., .F.,
 ( 2, 2 ),
 ( 4, 4 ),
 ( 0.000000000000000000, 1.000000000000000000 ),
 ( 0.000000000000000000, 1.000000000000000000 ),
 .UNSPECIFIED. ) ;
#10702 = CYLINDRICAL_SURFACE ( 'NONE', #3520, 0.5999999999999996447 ) ;
#10703 = CARTESIAN_POINT ( 'NONE',  ( 0.3357876820061003187, 0.000000000000000000, -0.01153230679267017687 ) ) ;
#10704 = ORIENTED_EDGE ( 'NONE', *, *, #702, .F. ) ;
#10705 = ORIENTED_EDGE ( 'NONE', *, *, #4056, .F. ) ;
#10706 = DIRECTION ( 'NONE',  ( 1.000000000000000000, 0.000000000000000000, -3.491481338843133355E-15 ) ) ;
#10707 = SURFACE_SIDE_STYLE ('',( #2126 ) ) ;
#10708 = ORIENTED_EDGE ( 'NONE', *, *, #4048, .T. ) ;
#10709 = SURFACE_STYLE_FILL_AREA ( #1012 ) ;
#10710 = STYLED_ITEM ( 'NONE', ( #373 ), #1631 ) ;
#10711 = CARTESIAN_POINT ( 'NONE',  ( 1.128511290096553932, 0.1076658680749478514, -0.02581030304531917174 ) ) ;
#10712 = CARTESIAN_POINT ( 'NONE',  ( 1.121208475530091953, 0.1520334736173032109, -0.03006783374187219429 ) ) ;
#10713 = EDGE_CURVE ( 'NONE', #4226, #8232, #4903, .T. ) ;
#10714 = CARTESIAN_POINT ( 'NONE',  ( 0.3357876820061003187, 0.000000000000000000, -0.02595792449772523630 ) ) ;
#10715 =( NAMED_UNIT ( * ) SI_UNIT ( $, .STERADIAN. ) SOLID_ANGLE_UNIT ( ) );
#10716 = CIRCLE ( 'NONE', #1232, 0.7900000000000000355 ) ;
#10717 = ORIENTED_EDGE ( 'NONE', *, *, #1693, .F. ) ;
#10718 = SURFACE_STYLE_FILL_AREA ( #2938 ) ;
#10719 = SURFACE_SIDE_STYLE ('',( #1309 ) ) ;
#10720 = CARTESIAN_POINT ( 'NONE',  ( 1.134633177656892311, 0.04296363669943129709, 0.005583310175039112727 ) ) ;
#10721 = CARTESIAN_POINT ( 'NONE',  ( 1.119565156902578851, 0.2044330448946553580, -0.02595792449772794594 ) ) ;
#10722 = ORIENTED_EDGE ( 'NONE', *, *, #8415, .F. ) ;
#10723 = ORIENTED_EDGE ( 'NONE', *, *, #8818, .F. ) ;
#10724 = CARTESIAN_POINT ( 'NONE',  ( 1.128445746679467065, 0.1081350660436884437, -0.01950651317458667461 ) ) ;
#10725 = CARTESIAN_POINT ( 'NONE',  ( 1.121921548956863468, 0.1483022023876921502, -0.03673210889059547180 ) ) ;
#10726 = CARTESIAN_POINT ( 'NONE',  ( 1.122883752474023389, 0.1912584007408694442, 0.03361119833001458695 ) ) ;
#10727 = VERTEX_POINT ( 'NONE', #2544 ) ;
#10728 = FILL_AREA_STYLE_COLOUR ( '', #9256 ) ;
#10729 = EDGE_CURVE ( 'NONE', #10605, #9892, #4510, .T. ) ;
#10730 = ORIENTED_EDGE ( 'NONE', *, *, #4934, .T. ) ;
#10731 = CARTESIAN_POINT ( 'NONE',  ( 1.133676825082067685, 0.1395453881771035742, -0.01795096983524133508 ) ) ;
#10732 = DIRECTION ( 'NONE',  ( 1.000000000000000000, 0.000000000000000000, -3.523657060577891383E-15 ) ) ;
#10733 = EDGE_LOOP ( 'NONE', ( #8569, #6230, #2834, #660 ) ) ;
#10734 = ORIENTED_EDGE ( 'NONE', *, *, #1886, .F. ) ;
#10735 = FILL_AREA_STYLE ('',( #7980 ) ) ;
#10736 = CARTESIAN_POINT ( 'NONE',  ( 1.119481405851483702, 0.2047538698177787941, 0.006069894152875641991 ) ) ;
#10737 = FILL_AREA_STYLE_COLOUR ( '', #5456 ) ;
#10738 = SURFACE_STYLE_FILL_AREA ( #10047 ) ;
#10739 = SURFACE_SIDE_STYLE ('',( #2847 ) ) ;
#10740 = EDGE_CURVE ( 'NONE', #3604, #2996, #3510, .T. ) ;
#10741 = ORIENTED_EDGE ( 'NONE', *, *, #8435, .T. ) ;
#10742 =( NAMED_UNIT ( * ) SI_UNIT ( $, .STERADIAN. ) SOLID_ANGLE_UNIT ( ) );
#10743 = AXIS2_PLACEMENT_3D ( 'NONE', #2579, #8664, #10403 ) ;
#10744 = B_SPLINE_CURVE_WITH_KNOTS ( 'NONE', 3,
 ( #9764, #1955, #4522, #6222 ),
 .UNSPECIFIED., .F., .F.,
 ( 4, 4 ),
 ( 0.000000000000000000, 1.000000000000000000 ),
 .UNSPECIFIED. ) ;
#10745 = EDGE_CURVE ( 'NONE', #9450, #7741, #8641, .T. ) ;
#10746 = AXIS2_PLACEMENT_3D ( 'NONE', #11300, #6085, #3686 ) ;
#10747 =( NAMED_UNIT ( * ) SI_UNIT ( $, .STERADIAN. ) SOLID_ANGLE_UNIT ( ) );
#10748 = FILL_AREA_STYLE_COLOUR ( '', #6190 ) ;
#10749 = CARTESIAN_POINT ( 'NONE',  ( 1.124675894295734446, 0.1837263957913116974, 0.02485103320822983769 ) ) ;
#10750 = CARTESIAN_POINT ( 'NONE',  ( 1.111133547202119320, 0.1970839235622743324, 0.04760017229074605533 ) ) ;
#10751 = CARTESIAN_POINT ( 'NONE',  ( 1.120371788107200173, 0.1874537051238239771, 0.02485103320822985851 ) ) ;
#10752 = AXIS2_PLACEMENT_3D ( 'NONE', #5725, #4039, #5009 ) ;
#10753 = FACE_OUTER_BOUND ( 'NONE', #2510, .T. ) ;
#10754 = ORIENTED_EDGE ( 'NONE', *, *, #10666, .T. ) ;
#10755 = B_SPLINE_SURFACE_WITH_KNOTS ( 'NONE', 1, 3, ( 
 ( #1557, #5785, #9271, #1501 ),
 ( #5066, #7700, #5023, #6787 ) ),
 .UNSPECIFIED., .F., .F., .F.,
 ( 2, 2 ),
 ( 4, 4 ),
 ( 0.000000000000000000, 1.000000000000000000 ),
 ( 0.000000000000000000, 1.000000000000000000 ),
 .UNSPECIFIED. ) ;
#10756 = ORIENTED_EDGE ( 'NONE', *, *, #221, .T. ) ;
#10757 = FACE_OUTER_BOUND ( 'NONE', #7168, .T. ) ;
#10758 = COLOUR_RGB ( '',0.000000000000000000, 0.000000000000000000, 0.000000000000000000 ) ;
#10759 = PRESENTATION_LAYER_ASSIGNMENT (  '', '', ( #735 ) ) ;
#10760 = ORIENTED_EDGE ( 'NONE', *, *, #2081, .F. ) ;
#10761 =( LENGTH_UNIT ( ) NAMED_UNIT ( * ) SI_UNIT ( .MILLI., .METRE. ) );
#10762 = DIRECTION ( 'NONE',  ( 0.9940289829890087692, 0.1091163643906666592, -3.470633644375342749E-15 ) ) ;
#10763 = AXIS2_PLACEMENT_3D ( 'NONE', #9379, #494, #10209 ) ;
#10764 = PRESENTATION_LAYER_ASSIGNMENT (  '', '', ( #543 ) ) ;
#10765 = STYLED_ITEM ( 'NONE', ( #2260 ), #5552 ) ;
#10766 = CARTESIAN_POINT ( 'NONE',  ( 0.3357876820061007628, 0.000000000000000000, 0.1101939685163951937 ) ) ;
#10767 = EDGE_LOOP ( 'NONE', ( #8199, #2483, #10513, #95 ) ) ;
#10768 = DIRECTION ( 'NONE',  ( 3.491481338843133355E-15, -0.000000000000000000, 1.000000000000000000 ) ) ;
#10769 = CARTESIAN_POINT ( 'NONE',  ( 1.109888891780399955, 0.2019091801428694599, -0.02595792449772794594 ) ) ;
#10770 = ORIENTED_EDGE ( 'NONE', *, *, #1705, .T. ) ;
#10771 = ORIENTED_EDGE ( 'NONE', *, *, #8290, .T. ) ;
#10772 = VECTOR ( 'NONE', #5760, 1000.000000000000000 ) ;
#10773 = STYLED_ITEM ( 'NONE', ( #1211 ), #7877 ) ;
#10774 = PRESENTATION_STYLE_ASSIGNMENT (( #4660 ) ) ;
#10775 = FILL_AREA_STYLE ('',( #9086 ) ) ;
#10776 = STYLED_ITEM ( 'NONE', ( #2777 ), #5075 ) ;
#10777 = CARTESIAN_POINT ( 'NONE',  ( 1.117313263057758688, 0.2129138915727680492, 0.004415583926386843806 ) ) ;
#10778 = CARTESIAN_POINT ( 'NONE',  ( 1.135407184376999057, 0.1292619488794606308, -0.02515559161746130576 ) ) ;
#10779 = VERTEX_POINT ( 'NONE', #960 ) ;
#10780 = STYLED_ITEM ( 'NONE', ( #10580 ), #6563 ) ;
#10781 = PRESENTATION_LAYER_ASSIGNMENT (  '', '', ( #7858 ) ) ;
#10782 =( LENGTH_UNIT ( ) NAMED_UNIT ( * ) SI_UNIT ( .MILLI., .METRE. ) );
#10783 = ORIENTED_EDGE ( 'NONE', *, *, #2002, .F. ) ;
#10784 = FILL_AREA_STYLE_COLOUR ( '', #10940 ) ;
#10785 = VERTEX_POINT ( 'NONE', #5335 ) ;
#10786 = ORIENTED_EDGE ( 'NONE', *, *, #7593, .T. ) ;
#10787 = CARTESIAN_POINT ( 'NONE',  ( 0.3357876820061003742, 0.000000000000000000, 0.002385712559679594238 ) ) ;
#10788 = SURFACE_STYLE_FILL_AREA ( #507 ) ;
#10789 = DIRECTION ( 'NONE',  ( 0.9675231158584980395, 0.2527825553305910744, -3.378602668360589294E-15 ) ) ;
#10790 = CARTESIAN_POINT ( 'NONE',  ( 0.3357876820061003187, 0.000000000000000000, -0.01153230679267017687 ) ) ;
#10791 = ORIENTED_EDGE ( 'NONE', *, *, #3904, .T. ) ;
#10792 = CARTESIAN_POINT ( 'NONE',  ( 1.125531418753369817, 0.1276903687380523122, -0.009256301275038954918 ) ) ;
#10793 =( NAMED_UNIT ( * ) SI_UNIT ( $, .STERADIAN. ) SOLID_ANGLE_UNIT ( ) );
#10794 = EDGE_CURVE ( 'NONE', #7400, #264, #7792, .T. ) ;
#10795 = CARTESIAN_POINT ( 'NONE',  ( 1.127573733570371051, 0.1143895705845586752, 0.05347393590837044852 ) ) ;
#10796 = CARTESIAN_POINT ( 'NONE',  ( 1.144138139239062824, -0.05166757485368505404, 0.03336422432481222361 ) ) ;
#10797 = DIRECTION ( 'NONE',  ( 3.491481338843133355E-15, -0.000000000000000000, 1.000000000000000000 ) ) ;
#10798 = AXIS2_PLACEMENT_3D ( 'NONE', #5784, #9576, #4332 ) ;
#10799 = EDGE_CURVE ( 'NONE', #9627, #3026, #2324, .T. ) ;
#10800 = FACE_OUTER_BOUND ( 'NONE', #3792, .T. ) ;
#10801 = CARTESIAN_POINT ( 'NONE',  ( 0.3357876820061003187, 0.000000000000000000, -0.02606900220520442721 ) ) ;
#10802 =( NAMED_UNIT ( * ) PLANE_ANGLE_UNIT ( ) SI_UNIT ( $, .RADIAN. ) );
#10803 = CARTESIAN_POINT ( 'NONE',  ( 1.132959688476586235, 0.1435854870793692173, -0.003574474551373189955 ) ) ;
#10804 = ORIENTED_EDGE ( 'NONE', *, *, #3392, .F. ) ;
#10805 = ORIENTED_EDGE ( 'NONE', *, *, #5381, .F. ) ;
#10806 = ADVANCED_FACE ( 'NONE', ( #2934 ), #2871, .F. ) ;
#10807 = SURFACE_STYLE_USAGE ( .BOTH. , #6337 ) ;
#10808 = ORIENTED_EDGE ( 'NONE', *, *, #7090, .F. ) ;
#10809 = CARTESIAN_POINT ( 'NONE',  ( 1.120791177002668837, 0.1541888915247630887, -0.03453507662375549653 ) ) ;
#10810 = ADVANCED_FACE ( 'NONE', ( #2774 ), #4124, .F. ) ;
#10811 = VECTOR ( 'NONE', #6235, 1000.000000000000227 ) ;
#10812 = ORIENTED_EDGE ( 'NONE', *, *, #9238, .T. ) ;
#10813 =( NAMED_UNIT ( * ) SI_UNIT ( $, .STERADIAN. ) SOLID_ANGLE_UNIT ( ) );
#10814 = CARTESIAN_POINT ( 'NONE',  ( 1.127106225578279775, 0.1175370690412406716, 0.05368589447794498704 ) ) ;
#10815 = CARTESIAN_POINT ( 'NONE',  ( 1.117083350185325674, 0.2137219663122577329, -0.01896685498166574002 ) ) ;
#10816 = MECHANICAL_DESIGN_GEOMETRIC_PRESENTATION_REPRESENTATION (  '', ( #9543 ), #2628 ) ;
#10817 = CARTESIAN_POINT ( 'NONE',  ( 1.128032466752274976, 0.1111533197370268428, -0.006028080668868981799 ) ) ;
#10818 = VERTEX_POINT ( 'NONE', #1966 ) ;
#10819 = PRESENTATION_LAYER_ASSIGNMENT (  '', '', ( #4447 ) ) ;
#10820 = CARTESIAN_POINT ( 'NONE',  ( 1.111055529193243130, 0.1973822816714135564, 0.002385712559677371624 ) ) ;
#10821 = FACE_OUTER_BOUND ( 'NONE', #10767, .T. ) ;
#10822 = SURFACE_STYLE_FILL_AREA ( #5662 ) ;
#10823 = VERTEX_POINT ( 'NONE', #8902 ) ;
#10824 = B_SPLINE_CURVE_WITH_KNOTS ( 'NONE', 3,
 ( #9981, #2159, #3007, #502 ),
 .UNSPECIFIED., .F., .F.,
 ( 4, 4 ),
 ( 0.000000000000000000, 1.000000000000000000 ),
 .UNSPECIFIED. ) ;
#10825 = ORIENTED_EDGE ( 'NONE', *, *, #5576, .F. ) ;
#10827 = EDGE_CURVE ( 'NONE', #7208, #7861, #9794, .T. ) ;
#10826 = CARTESIAN_POINT ( 'NONE',  ( 1.127240425544098423, 0.1166299907664222479, -0.02134041690087835896 ) ) ;
#10828 = CARTESIAN_POINT ( 'NONE',  ( 1.115399507665039369, 0.1794588456073250293, 0.03690639644216524295 ) ) ;
#10829 = DIRECTION ( 'NONE',  ( 3.491481338843133355E-15, -0.000000000000000000, 1.000000000000000000 ) ) ;
#10830 = VECTOR ( 'NONE', #10829, 1000.000000000000000 ) ;
#10831 = SURFACE_STYLE_USAGE ( .BOTH. , #1142 ) ;
#10832 = CARTESIAN_POINT ( 'NONE',  ( 1.122081413428336782, 0.1474547781881585806, -0.03662294795447749302 ) ) ;
#10833 = FILL_AREA_STYLE_COLOUR ( '', #6255 ) ;
#10834 = ORIENTED_EDGE ( 'NONE', *, *, #3781, .T. ) ;
#10835 = COLOUR_RGB ( '',0.000000000000000000, 0.000000000000000000, 0.000000000000000000 ) ;
#10836 = ORIENTED_EDGE ( 'NONE', *, *, #3673, .F. ) ;
#10837 = FILL_AREA_STYLE ('',( #3924 ) ) ;
#10838 = CARTESIAN_POINT ( 'NONE',  ( -0.06421231799389751083, 0.000000000000000000, 0.6101939685163967342 ) ) ;
#10839 = ORIENTED_EDGE ( 'NONE', *, *, #3058, .T. ) ;
#10840 = EDGE_LOOP ( 'NONE', ( #11124, #10805, #11063, #4842 ) ) ;
#10841 = PRESENTATION_LAYER_ASSIGNMENT (  '', '', ( #6645 ) ) ;
#10842 = CARTESIAN_POINT ( 'NONE',  ( 1.133750604020139052, 0.05705414174989962423, 0.005811029902011302997 ) ) ;
#10843 = CARTESIAN_POINT ( 'NONE',  ( 1.123438309974836846, 0.1400348246428955445, -0.003236075649402426514 ) ) ;
#10844 = CARTESIAN_POINT ( 'NONE',  ( 1.118273080978316125, 0.1664830333556310271, -0.003083250338843971598 ) ) ;
#10845 = EDGE_LOOP ( 'NONE', ( #9311, #6892, #6050, #4775 ) ) ;
#10846 = COLOUR_RGB ( '',0.000000000000000000, 0.000000000000000000, 0.000000000000000000 ) ;
#10847 = CARTESIAN_POINT ( 'NONE',  ( 1.127106225578279775, 0.1175370690412406716, 0.05368589447794498704 ) ) ;
#10848 = FACE_OUTER_BOUND ( 'NONE', #949, .T. ) ;
#10849 = UNCERTAINTY_MEASURE_WITH_UNIT (LENGTH_MEASURE( 1.000000000000000082E-05 ), #3740, 'distance_accuracy_value', 'NONE');
#10850 = CARTESIAN_POINT ( 'NONE',  ( 1.128054148465468920, 0.1685640712725764434, -0.003083250338844025808 ) ) ;
#10851 = CARTESIAN_POINT ( 'NONE',  ( 1.120872059137890009, 0.1537612460394031932, -0.02590880207654016470 ) ) ;
#10852 = CARTESIAN_POINT ( 'NONE',  ( 1.132762035276840384, 0.1446785410096670388, -0.01973575114034626515 ) ) ;
#10853 = DIRECTION ( 'NONE',  ( 3.491481338843133355E-15, -0.000000000000000000, 1.000000000000000000 ) ) ;
#10854 = FACE_OUTER_BOUND ( 'NONE', #3550, .T. ) ;
#10855 = ORIENTED_EDGE ( 'NONE', *, *, #9468, .F. ) ;
#10856 = ORIENTED_EDGE ( 'NONE', *, *, #9745, .T. ) ;
#10857 = PRESENTATION_STYLE_ASSIGNMENT (( #3774 ) ) ;
#10858 = EDGE_CURVE ( 'NONE', #4955, #6812, #8040, .T. ) ;
#10859 = VERTEX_POINT ( 'NONE', #1180 ) ;
#10860 = CARTESIAN_POINT ( 'NONE',  ( 1.131748222293747830, 0.1501559799175382903, -0.03673210889059547180 ) ) ;
#10861 = ORIENTED_EDGE ( 'NONE', *, *, #4245, .T. ) ;
#10862 =( NAMED_UNIT ( * ) SI_UNIT ( $, .STERADIAN. ) SOLID_ANGLE_UNIT ( ) );
#10863 = UNCERTAINTY_MEASURE_WITH_UNIT (LENGTH_MEASURE( 1.000000000000000082E-05 ), #2513, 'distance_accuracy_value', 'NONE');
#10864 = CARTESIAN_POINT ( 'NONE',  ( 1.144825714831420926, -0.03946468601338971871, -0.02743530319401912485 ) ) ;
#10865 = CARTESIAN_POINT ( 'NONE',  ( 1.144445989228026317, -0.04660195447585541856, 0.04657192071257245519 ) ) ;
#10866 = FILL_AREA_STYLE_COLOUR ( '', #5107 ) ;
#10867 = CARTESIAN_POINT ( 'NONE',  ( 1.136256566846366889, 0.1239221566247878381, 0.02505018333803777156 ) ) ;
#10868 = ORIENTED_EDGE ( 'NONE', *, *, #2081, .T. ) ;
#10869 = CARTESIAN_POINT ( 'NONE',  ( 1.126227926855292827, 0.1769299842388186716, -0.02230649118532048586 ) ) ;
#10870 =( LENGTH_UNIT ( ) NAMED_UNIT ( * ) SI_UNIT ( .MILLI., .METRE. ) );
#10871 = CARTESIAN_POINT ( 'NONE',  ( 1.125961983963937652, 0.1249982900900838689, 0.05610926725935867776 ) ) ;
#10872 = VERTEX_POINT ( 'NONE', #142 ) ;
#10873 = ORIENTED_EDGE ( 'NONE', *, *, #10874, .F. ) ;
#10874 = EDGE_CURVE ( 'NONE', #156, #44, #6564, .T. ) ;
#10875 = FILL_AREA_STYLE ('',( #1037 ) ) ;
#10876 = CARTESIAN_POINT ( 'NONE',  ( 1.145625814174788593, -0.01619258118801872315, -0.01832670521881009373 ) ) ;
#10877 =( NAMED_UNIT ( * ) SI_UNIT ( $, .STERADIAN. ) SOLID_ANGLE_UNIT ( ) );
#10878 = CARTESIAN_POINT ( 'NONE',  ( 1.127762199581942681, 0.1130325772090155223, -0.01520011424547607938 ) ) ;
#10879 = CARTESIAN_POINT ( 'NONE',  ( 1.096431526730480499, 0.2478324867383474017, -0.02595792449772773083 ) ) ;
#10880 = CARTESIAN_POINT ( 'NONE',  ( 1.135445455925694125, 0.02339753427095348989, 0.02334504061165312144 ) ) ;
#10881 = ORIENTED_EDGE ( 'NONE', *, *, #9121, .F. ) ;
#10882 = CARTESIAN_POINT ( 'NONE',  ( 1.145006014542727213, 0.03651381272387026200, -0.02488043166025204894 ) ) ;
#10883 = PRESENTATION_STYLE_ASSIGNMENT (( #7364 ) ) ;
#10884 = VERTEX_POINT ( 'NONE', #7620 ) ;
#10885 = ORIENTED_EDGE ( 'NONE', *, *, #9899, .T. ) ;
#10886 = ADVANCED_FACE ( 'NONE', ( #11043 ), #8487, .T. ) ;
#10887 = SURFACE_STYLE_USAGE ( .BOTH. , #7418 ) ;
#10888 = ORIENTED_EDGE ( 'NONE', *, *, #7807, .T. ) ;
#10889 = EDGE_LOOP ( 'NONE', ( #11217, #4697, #7540, #4543 ) ) ;
#10890 = CARTESIAN_POINT ( 'NONE',  ( 1.137784107385003241, 0.1136587109519352212, 0.02455216937030114954 ) ) ;
#10891 = FACE_OUTER_BOUND ( 'NONE', #3926, .T. ) ;
#10892 = FACE_OUTER_BOUND ( 'NONE', #4268, .T. ) ;
#10893 = B_SPLINE_CURVE_WITH_KNOTS ( 'NONE', 1,
 ( #4631, #7140 ),
 .UNSPECIFIED., .F., .F.,
 ( 2, 2 ),
 ( 0.000000000000000000, 1.000000000000000000 ),
 .UNSPECIFIED. ) ;
#10894 = PRESENTATION_STYLE_ASSIGNMENT (( #2230 ) ) ;
#10895 = EDGE_LOOP ( 'NONE', ( #3685, #2823, #2100, #4860 ) ) ;
#10896 = EDGE_CURVE ( 'NONE', #1805, #7757, #3906, .T. ) ;
#10897 = CARTESIAN_POINT ( 'NONE',  ( 1.108460590049745731, 0.2430916030324741239, -0.004606045399621117899 ) ) ;
#10898 = CARTESIAN_POINT ( 'NONE',  ( 1.122059318799187189, 0.1475700280365919992, 0.05503676106223429065 ) ) ;
#10899 = UNCERTAINTY_MEASURE_WITH_UNIT (LENGTH_MEASURE( 1.000000000000000082E-05 ), #10631, 'distance_accuracy_value', 'NONE');
#10900 = CARTESIAN_POINT ( 'NONE',  ( 1.135493757208255294, -0.02168394071116949706, -0.003069830972985104333 ) ) ;
#10901 = FACE_OUTER_BOUND ( 'NONE', #6601, .T. ) ;
#10902 = LINE ( 'NONE', #8154, #4376 ) ;
#10903 = CARTESIAN_POINT ( 'NONE',  ( 1.134158670044206119, -0.05102710514088796417, 0.03336449143510916010 ) ) ;
#10904 =( GEOMETRIC_REPRESENTATION_CONTEXT ( 3 ) GLOBAL_UNCERTAINTY_ASSIGNED_CONTEXT ( ( #1222 ) ) GLOBAL_UNIT_ASSIGNED_CONTEXT ( ( #7199, #10698, #7941 ) ) REPRESENTATION_CONTEXT ( 'NONE', 'WORKASPACE' ) );
#10905 = MANIFOLD_SOLID_BREP ( 'ÊµÌå-ÒÆ¶¯/¸´ÖÆ1', #8798 ) ;
#10906 =( NAMED_UNIT ( * ) SI_UNIT ( $, .STERADIAN. ) SOLID_ANGLE_UNIT ( ) );
#10907 = DIRECTION ( 'NONE',  ( 0.9824179272048114697, 0.1866949820070205879, -3.429954040787883224E-15 ) ) ;
#10908 = CARTESIAN_POINT ( 'NONE',  ( 1.126987947808945956, 0.1183306359042599343, -0.01667378688284185118 ) ) ;
#10909 = ORIENTED_EDGE ( 'NONE', *, *, #11025, .F. ) ;
#10910 = B_SPLINE_CURVE_WITH_KNOTS ( 'NONE', 3,
 ( #1537, #5003, #8470, #666, #11115, #6480 ),
 .UNSPECIFIED., .F., .F.,
 ( 4, 2, 4 ),
 ( 0.000000000000000000, 0.5000000000000000000, 1.000000000000000000 ),
 .UNSPECIFIED. ) ;
#10911 = EDGE_CURVE ( 'NONE', #3567, #1201, #7844, .T. ) ;
#10912 = VERTEX_POINT ( 'NONE', #1409 ) ;
#10913 = CARTESIAN_POINT ( 'NONE',  ( 1.120774554600089790, 0.1532305996866419329, -0.01454514862892918210 ) ) ;
#10914 = B_SPLINE_CURVE_WITH_KNOTS ( 'NONE', 3,
 ( #9950, #8064, #3775, #6407 ),
 .UNSPECIFIED., .F., .F.,
 ( 4, 4 ),
 ( 0.000000000000000000, 1.000000000000000000 ),
 .UNSPECIFIED. ) ;
#10915 = CARTESIAN_POINT ( 'NONE',  ( 1.124245763469084558, 0.1354025619244733636, 0.03927665091328538111 ) ) ;
#10916 = PRESENTATION_LAYER_ASSIGNMENT (  '', '', ( #4539 ) ) ;
#10917 = CARTESIAN_POINT ( 'NONE',  ( 1.134625701707343559, -0.04319559697695861400, 0.05016323821820052598 ) ) ;
#10918 =( LENGTH_UNIT ( ) NAMED_UNIT ( * ) SI_UNIT ( .MILLI., .METRE. ) );
#10919 =( LENGTH_UNIT ( ) NAMED_UNIT ( * ) SI_UNIT ( .MILLI., .METRE. ) );
#10920 = ORIENTED_EDGE ( 'NONE', *, *, #1058, .T. ) ;
#10921 = TOROIDAL_SURFACE ( 'NONE', #8367, 0.7900000000000000355, 0.01000000000000000021 ) ;
#10922 = MECHANICAL_DESIGN_GEOMETRIC_PRESENTATION_REPRESENTATION (  '', ( #10402 ), #7646 ) ;
#10923 =( LENGTH_UNIT ( ) NAMED_UNIT ( * ) SI_UNIT ( .MILLI., .METRE. ) );
#10924 = CARTESIAN_POINT ( 'NONE',  ( 1.127869124159824432, 0.1694873778142934606, 0.05663788390017187452 ) ) ;
#10925 = STYLED_ITEM ( 'NONE', ( #7581 ), #1463 ) ;
#10926 = ORIENTED_EDGE ( 'NONE', *, *, #5708, .T. ) ;
#10927 = ORIENTED_EDGE ( 'NONE', *, *, #114, .T. ) ;
#10928 = CARTESIAN_POINT ( 'NONE',  ( 1.122119512467397273, 0.1472509014617155165, -0.03314071409297287413 ) ) ;
#10929 = CARTESIAN_POINT ( 'NONE',  ( 1.135759802558931719, 0.01213346238266871727, 0.06179810047098803494 ) ) ;
#10930 = EDGE_CURVE ( 'NONE', #2670, #5681, #3004, .T. ) ;
#10931 = CARTESIAN_POINT ( 'NONE',  ( 1.115337583976614866, 0.1797274334590070188, 0.04127429604397193919 ) ) ;
#10932 = AXIS2_PLACEMENT_3D ( 'NONE', #8782, #7018, #231 ) ;
#10933 = AXIS2_PLACEMENT_3D ( 'NONE', #1985, #10564, #8823 ) ;
#10934 = CARTESIAN_POINT ( 'NONE',  ( 1.101415663247544696, 0.2319780040007039523, 0.006069894152875912607 ) ) ;
#10935 =( NAMED_UNIT ( * ) SI_UNIT ( $, .STERADIAN. ) SOLID_ANGLE_UNIT ( ) );
#10936 = MECHANICAL_DESIGN_GEOMETRIC_PRESENTATION_REPRESENTATION (  '', ( #6921 ), #4735 ) ;
#10937 = ADVANCED_FACE ( 'NONE', ( #4766, #4993 ), #6693, .T. ) ;
#10938 = SPHERICAL_SURFACE ( 'NONE', #9887, 0.4000000000000000222 ) ;
#10939 =( NAMED_UNIT ( * ) PLANE_ANGLE_UNIT ( ) SI_UNIT ( $, .RADIAN. ) );
#10940 = COLOUR_RGB ( '',0.000000000000000000, 0.000000000000000000, 0.000000000000000000 ) ;
#10941 = CARTESIAN_POINT ( 'NONE',  ( 1.145473986964933744, 0.02254079772571031953, 0.05362807743469277799 ) ) ;
#10942 = B_SPLINE_CURVE_WITH_KNOTS ( 'NONE', 3,
 ( #3246, #3090, #2357, #4765 ),
 .UNSPECIFIED., .F., .F.,
 ( 4, 4 ),
 ( 0.000000000000000000, 1.000000000000000000 ),
 .UNSPECIFIED. ) ;
#10943 = CARTESIAN_POINT ( 'NONE',  ( 1.145627981620290337, 0.01608381549258649720, 0.0008013131769034451297 ) ) ;
#10944 = ORIENTED_EDGE ( 'NONE', *, *, #3260, .F. ) ;
#10945 = EDGE_CURVE ( 'NONE', #1637, #5446, #8730, .T. ) ;
#10946 =( NAMED_UNIT ( * ) SI_UNIT ( $, .STERADIAN. ) SOLID_ANGLE_UNIT ( ) );
#10947 = VERTEX_POINT ( 'NONE', #10484 ) ;
#10948 = ORIENTED_EDGE ( 'NONE', *, *, #7090, .T. ) ;
#10949 =( GEOMETRIC_REPRESENTATION_CONTEXT ( 3 ) GLOBAL_UNCERTAINTY_ASSIGNED_CONTEXT ( ( #5219 ) ) GLOBAL_UNIT_ASSIGNED_CONTEXT ( ( #827, #7895, #8509 ) ) REPRESENTATION_CONTEXT ( 'NONE', 'WORKASPACE' ) );
#10950 = COLOUR_RGB ( '',0.000000000000000000, 0.000000000000000000, 0.000000000000000000 ) ;
#10951 = CARTESIAN_POINT ( 'NONE',  ( 1.109078966955336032, 0.2049892402580200390, 0.02485103320822999728 ) ) ;
#10952 =( NAMED_UNIT ( * ) PLANE_ANGLE_UNIT ( ) SI_UNIT ( $, .RADIAN. ) );
#10953 = STYLED_ITEM ( 'NONE', ( #2003 ), #6651 ) ;
#10954 = FILL_AREA_STYLE ('',( #7636 ) ) ;
#10955 = COLOUR_RGB ( '',0.000000000000000000, 0.000000000000000000, 0.000000000000000000 ) ;
#10956 = VERTEX_POINT ( 'NONE', #6048 ) ;
#10957 = ORIENTED_EDGE ( 'NONE', *, *, #6254, .T. ) ;
#10958 = STYLED_ITEM ( 'NONE', ( #2482 ), #5293 ) ;
#10959 = EDGE_CURVE ( 'NONE', #7234, #7330, #4301, .T. ) ;
#10960 = B_SPLINE_CURVE_WITH_KNOTS ( 'NONE', 3,
 ( #8414, #6649, #3153, #1989 ),
 .UNSPECIFIED., .F., .F.,
 ( 4, 4 ),
 ( 0.000000000000000000, 1.000000000000000000 ),
 .UNSPECIFIED. ) ;
#10961 = CARTESIAN_POINT ( 'NONE',  ( 1.133616845517835925, 0.1398883378347891004, -0.01867689006025465351 ) ) ;
#10962 = CARTESIAN_POINT ( 'NONE',  ( 1.145787691240836015, 0.002170657881750628123, 0.05009240139799180092 ) ) ;
#10963 = PRESENTATION_LAYER_ASSIGNMENT (  '', '', ( #8024 ) ) ;
#10964 = PRESENTATION_LAYER_ASSIGNMENT (  '', '', ( #10598 ) ) ;
#10965 = UNCERTAINTY_MEASURE_WITH_UNIT (LENGTH_MEASURE( 1.000000000000000082E-05 ), #7992, 'distance_accuracy_value', 'NONE');
#10966 = DIRECTION ( 'NONE',  ( 3.491481338843133355E-15, -0.000000000000000000, 1.000000000000000000 ) ) ;
#10967 = ORIENTED_EDGE ( 'NONE', *, *, #9338, .T. ) ;
#10968 = DIRECTION ( 'NONE',  ( 3.491481338843133355E-15, -0.000000000000000000, 1.000000000000000000 ) ) ;
#10969 = FACE_OUTER_BOUND ( 'NONE', #5546, .T. ) ;
#10970 = AXIS2_PLACEMENT_3D ( 'NONE', #2475, #11207, #3359 ) ;
#10971 = FACE_OUTER_BOUND ( 'NONE', #8449, .T. ) ;
#10972 = EDGE_CURVE ( 'NONE', #7332, #10613, #6109, .T. ) ;
#10973 = CARTESIAN_POINT ( 'NONE',  ( 1.137504567772833042, 0.1155423518736383576, -0.002559441173946347316 ) ) ;
#10974 = CARTESIAN_POINT ( 'NONE',  ( 0.3357876820061005407, 0.000000000000000000, 0.04294445836609057932 ) ) ;
#10975 = CARTESIAN_POINT ( 'NONE',  ( 1.145317065025201364, 0.02760757194527830444, -0.02606900220520724787 ) ) ;
#10976 = CARTESIAN_POINT ( 'NONE',  ( 1.132949893072215497, 0.1436483741032467676, -0.02328743477320590130 ) ) ;
#10977 = B_SPLINE_SURFACE_WITH_KNOTS ( 'NONE', 1, 3, ( 
 ( #1194, #8303, #492, #7459 ),
 ( #10934, #7816, #8778, #7130 ) ),
 .UNSPECIFIED., .F., .F., .F.,
 ( 2, 2 ),
 ( 4, 4 ),
 ( 0.000000000000000000, 1.000000000000000000 ),
 ( 0.000000000000000000, 1.000000000000000000 ),
 .UNSPECIFIED. ) ;
#10978 =( NAMED_UNIT ( * ) PLANE_ANGLE_UNIT ( ) SI_UNIT ( $, .RADIAN. ) );
#10979 = PRESENTATION_LAYER_ASSIGNMENT (  '', '', ( #4053 ) ) ;
#10980 =( NAMED_UNIT ( * ) SI_UNIT ( $, .STERADIAN. ) SOLID_ANGLE_UNIT ( ) );
#10981 = ORIENTED_EDGE ( 'NONE', *, *, #1438, .T. ) ;
#10982 = CARTESIAN_POINT ( 'NONE',  ( 1.128008985091504934, 0.1112897431826653655, -0.02649827113144429674 ) ) ;
#10983 = ORIENTED_EDGE ( 'NONE', *, *, #3245, .T. ) ;
#10984 = CARTESIAN_POINT ( 'NONE',  ( 1.131546203041997600, 0.1512229354256866276, -0.003083250338844025808 ) ) ;
#10985 = COLOUR_RGB ( '',0.000000000000000000, 0.000000000000000000, 0.000000000000000000 ) ;
#10986 = CARTESIAN_POINT ( 'NONE',  ( 1.135655916436075552, 0.01451921312862077505, -0.02606900220520724787 ) ) ;
#10987 = SURFACE_SIDE_STYLE ('',( #10004 ) ) ;
#10988 = DIRECTION ( 'NONE',  ( -3.491481338843133355E-15, 0.000000000000000000, -1.000000000000000000 ) ) ;
#10989 = CARTESIAN_POINT ( 'NONE',  ( 1.124455434015714905, 0.1341759178843247580, -0.02322344304857634767 ) ) ;
#10990 = COLOUR_RGB ( '',0.000000000000000000, 0.000000000000000000, 0.000000000000000000 ) ;
#10991 = CARTESIAN_POINT ( 'NONE',  ( 1.137192700193411010, 0.1176860094667016438, 0.02431068657451375750 ) ) ;
#10992 = ORIENTED_EDGE ( 'NONE', *, *, #1390, .F. ) ;
#10993 = UNCERTAINTY_MEASURE_WITH_UNIT (LENGTH_MEASURE( 1.000000000000000082E-05 ), #890, 'distance_accuracy_value', 'NONE');
#10994 = CARTESIAN_POINT ( 'NONE',  ( 1.127762199581942681, 0.1130325772090155223, -0.01520011424547607938 ) ) ;
#10995 = VERTEX_POINT ( 'NONE', #4190 ) ;
#10996 = VERTEX_POINT ( 'NONE', #9550 ) ;
#10997 = DIRECTION ( 'NONE',  ( 3.491481338843133355E-15, 0.000000000000000000, 1.000000000000000000 ) ) ;
#10998 =( NAMED_UNIT ( * ) SI_UNIT ( $, .STERADIAN. ) SOLID_ANGLE_UNIT ( ) );
#10999 = CARTESIAN_POINT ( 'NONE',  ( 0.3357876820061004852, 0.000000000000000000, 0.02850246652063946617 ) ) ;
#11000 = CARTESIAN_POINT ( 'NONE',  ( 1.127944967196892190, 0.1117519968909145012, -0.01566950627074397209 ) ) ;
#11001 = COLOUR_RGB ( '',0.000000000000000000, 0.000000000000000000, 0.000000000000000000 ) ;
#11002 = CARTESIAN_POINT ( 'NONE',  ( 1.145712084954772170, 0.01131977353587369090, 0.008846972458569571027 ) ) ;
#11003 = CARTESIAN_POINT ( 'NONE',  ( 1.112065260323596982, 0.1933730110473615149, 0.006069894152875641991 ) ) ;
#11004 = CARTESIAN_POINT ( 'NONE',  ( 1.135740301461795942, -0.008706700062117166822, 0.06547222589606033205 ) ) ;
#11005 = UNCERTAINTY_MEASURE_WITH_UNIT (LENGTH_MEASURE( 1.000000000000000082E-05 ), #5794, 'distance_accuracy_value', 'NONE');
#11006 = CARTESIAN_POINT ( 'NONE',  ( 1.107795896424556892, 0.2339111540340429174, 0.006069894152875873576 ) ) ;
#11007 = PRESENTATION_STYLE_ASSIGNMENT (( #3269 ) ) ;
#11008 = EDGE_LOOP ( 'NONE', ( #7065, #11147, #9409, #3832 ) ) ;
#11009 = CARTESIAN_POINT ( 'NONE',  ( 1.142293146964217687, -0.01612594505144251608, -0.01604956006815406316 ) ) ;
#11010 = FILL_AREA_STYLE ('',( #3163 ) ) ;
#11011 = SURFACE_SIDE_STYLE ('',( #7537 ) ) ;
#11013 = UNCERTAINTY_MEASURE_WITH_UNIT (LENGTH_MEASURE( 1.000000000000000082E-05 ), #7231, 'distance_accuracy_value', 'NONE');
#11012 = VECTOR ( 'NONE', #3829, 1000.000000000000000 ) ;
#11014 = EDGE_CURVE ( 'NONE', #1583, #9436, #10365, .T. ) ;
#11015 = VERTEX_POINT ( 'NONE', #708 ) ;
#11016 = ORIENTED_EDGE ( 'NONE', *, *, #7250, .F. ) ;
#11017 = DIRECTION ( 'NONE',  ( -1.000000000000000000, 0.000000000000000000, 3.491481338843133355E-15 ) ) ;
#11018 = EDGE_CURVE ( 'NONE', #1381, #2798, #6396, .T. ) ;
#11019 = DIRECTION ( 'NONE',  ( 0.9855726018287297441, 0.1692532024055914686, -3.441108347360083608E-15 ) ) ;
#11020 = COLOUR_RGB ( '',0.000000000000000000, 0.000000000000000000, 0.000000000000000000 ) ;
#11021 = COLOUR_RGB ( '',0.000000000000000000, 0.000000000000000000, 0.000000000000000000 ) ;
#11022 = CARTESIAN_POINT ( 'NONE',  ( 1.113887621941075379, 0.1859045009492469314, -0.009698403066271482631 ) ) ;
#11023 = VERTEX_POINT ( 'NONE', #2601 ) ;
#11024 = B_SPLINE_CURVE_WITH_KNOTS ( 'NONE', 3,
 ( #4347, #6968, #2411, #6735 ),
 .UNSPECIFIED., .F., .F.,
 ( 4, 4 ),
 ( 0.000000000000000000, 1.000000000000000000 ),
 .UNSPECIFIED. ) ;
#11025 = EDGE_CURVE ( 'NONE', #2351, #2261, #10645, .T. ) ;
#11026 = SURFACE_STYLE_USAGE ( .BOTH. , #7550 ) ;
#11027 = EDGE_CURVE ( 'NONE', #10660, #9389, #8015, .T. ) ;
#11028 = CARTESIAN_POINT ( 'NONE',  ( 1.145490083148282157, -0.02195498997005911404, -0.003069830972985104333 ) ) ;
#11029 = PLANE ( 'NONE',  #10696 ) ;
#11030 = CARTESIAN_POINT ( 'NONE',  ( 1.145654269366450206, 0.01470070329272873261, -0.02606900220520724787 ) ) ;
#11031 = SURFACE_STYLE_USAGE ( .BOTH. , #8387 ) ;
#11032 = LINE ( 'NONE', #2344, #11012 ) ;
#11033 = CARTESIAN_POINT ( 'NONE',  ( 1.135839162738410568, 0.1265607687162099426, 0.05178649419006951804 ) ) ;
#11034 = COLOUR_RGB ( '',0.000000000000000000, 0.000000000000000000, 0.000000000000000000 ) ;
#11035 = CARTESIAN_POINT ( 'NONE',  ( 1.144836768010198069, -0.03923743666365536731, -0.04109791807730252267 ) ) ;
#11036 = ORIENTED_EDGE ( 'NONE', *, *, #4519, .T. ) ;
#11037 =( NAMED_UNIT ( * ) SI_UNIT ( $, .STERADIAN. ) SOLID_ANGLE_UNIT ( ) );
#11038 = ADVANCED_FACE ( 'NONE', ( #8624 ), #6670, .T. ) ;
#11039 = VERTEX_POINT ( 'NONE', #9767 ) ;
#11040 = CARTESIAN_POINT ( 'NONE',  ( 1.133981678438849894, 0.1377909433116554505, -0.005817835657525032185 ) ) ;
#11041 = CARTESIAN_POINT ( 'NONE',  ( 1.125674569773882583, 0.1463664885722526787, -0.03283506347181483487 ) ) ;
#11042 = CARTESIAN_POINT ( 'NONE',  ( 1.112899200819566170, 0.2284704942046327236, -0.02303786945720355528 ) ) ;
#11043 = FACE_OUTER_BOUND ( 'NONE', #6325, .T. ) ;
#11044 = B_SPLINE_CURVE_WITH_KNOTS ( 'NONE', 3,
 ( #1728, #4339, #5136, #7878 ),
 .UNSPECIFIED., .F., .F.,
 ( 4, 4 ),
 ( 0.0003034230274214994635, 1.000000000000000000 ),
 .UNSPECIFIED. ) ;
#11045 = CARTESIAN_POINT ( 'NONE',  ( 1.124867192861273457, 0.1317490214515542046, -0.02605071129340244193 ) ) ;
#11046 = VERTEX_POINT ( 'NONE', #4524 ) ;
#11047 = SURFACE_STYLE_FILL_AREA ( #6814 ) ;
#11048 = CARTESIAN_POINT ( 'NONE',  ( 1.142340451086743647, -0.07465005484490092047, 0.01059303993007697058 ) ) ;
#11049 = VERTEX_POINT ( 'NONE', #6225 ) ;
#11050 = VERTEX_POINT ( 'NONE', #10647 ) ;
#11051 = FILL_AREA_STYLE_COLOUR ( '', #4756 ) ;
#11052 =( LENGTH_UNIT ( ) NAMED_UNIT ( * ) SI_UNIT ( .MILLI., .METRE. ) );
#11053 = PRODUCT ( 'SMD_YZP0120-16020-01', 'SMD_YZP0120-16020-01', '', ( #8046 ) ) ;
#11054 = CARTESIAN_POINT ( 'NONE',  ( -0.2642123179938979938, 7.347880794884115299E-17, 0.3561756190388930543 ) ) ;
#11055 = EDGE_CURVE ( 'NONE', #9029, #3654, #5969, .T. ) ;
#11056 = FACE_OUTER_BOUND ( 'NONE', #6409, .T. ) ;
#11057 = FILL_AREA_STYLE_COLOUR ( '', #6420 ) ;
#11058 = CARTESIAN_POINT ( 'NONE',  ( 1.133638856240936299, 0.1397647281429152955, -0.02218949910552030225 ) ) ;
#11059 = DIRECTION ( 'NONE',  ( -3.491481338843133355E-15, 0.000000000000000000, -1.000000000000000000 ) ) ;
#11060 = CARTESIAN_POINT ( 'NONE',  ( 1.134265133726769292, -0.05071301476606290132, -0.02461346741501875546 ) ) ;
#11061 = CARTESIAN_POINT ( 'NONE',  ( 1.122922845730287777, 0.1428923861823872266, -0.01973575114034626515 ) ) ;
#11062 = PLANE ( 'NONE',  #10529 ) ;
#11063 = ORIENTED_EDGE ( 'NONE', *, *, #3179, .T. ) ;
#11064 = B_SPLINE_CURVE_WITH_KNOTS ( 'NONE', 3,
 ( #5218, #25, #6766, #5052 ),
 .UNSPECIFIED., .F., .F.,
 ( 4, 4 ),
 ( 0.000000000000000000, 1.000000000000000000 ),
 .UNSPECIFIED. ) ;
#11065 = CARTESIAN_POINT ( 'NONE',  ( 1.130593066069631503, 0.1561550558375326969, 0.02485103320822983769 ) ) ;
#11066 = CARTESIAN_POINT ( 'NONE',  ( 1.134442477447788811, -0.04658664949314501869, 0.03296644788866148756 ) ) ;
#11067 =( LENGTH_UNIT ( ) NAMED_UNIT ( * ) SI_UNIT ( .MILLI., .METRE. ) );
#11068 = ORIENTED_EDGE ( 'NONE', *, *, #11018, .T. ) ;
#11069 = VERTEX_POINT ( 'NONE', #5379 ) ;
#11070 = CIRCLE ( 'NONE', #6312, 0.8100000000000000533 ) ;
#11071 = B_SPLINE_SURFACE_WITH_KNOTS ( 'NONE', 1, 3, ( 
 ( #443, #6485, #3056, #2099 ),
 ( #4837, #9975, #2155, #219 ) ),
 .UNSPECIFIED., .F., .F., .F.,
 ( 2, 2 ),
 ( 4, 4 ),
 ( 0.000000000000000000, 1.000000000000000000 ),
 ( 0.000000000000000000, 1.000000000000000000 ),
 .UNSPECIFIED. ) ;
#11072 = CARTESIAN_POINT ( 'NONE',  ( 1.125787682006100132, 0.000000000000000000, -0.07980603148360752852 ) ) ;
#11073 = SURFACE_STYLE_FILL_AREA ( #8369 ) ;
#11074 = PRESENTATION_LAYER_ASSIGNMENT (  '', '', ( #8133 ) ) ;
#11075 =( NAMED_UNIT ( * ) PLANE_ANGLE_UNIT ( ) SI_UNIT ( $, .RADIAN. ) );
#11076 = CARTESIAN_POINT ( 'NONE',  ( 1.143480324515949054, -0.06109496898646864238, -0.02561357143766564495 ) ) ;
#11077 = ADVANCED_FACE ( 'NONE', ( #5324, #6280 ), #133, .T. ) ;
#11078 = PRESENTATION_LAYER_ASSIGNMENT (  '', '', ( #1608 ) ) ;
#11079 = FILL_AREA_STYLE_COLOUR ( '', #4781 ) ;
#11080 = ORIENTED_EDGE ( 'NONE', *, *, #10896, .T. ) ;
#11081 = CARTESIAN_POINT ( 'NONE',  ( 1.145637000818259699, 0.01560970345644753857, -0.01202446129206988235 ) ) ;
#11082 = PLANE ( 'NONE',  #8579 ) ;
#11083 = PRESENTATION_STYLE_ASSIGNMENT (( #8269 ) ) ;
#11084 = DIRECTION ( 'NONE',  ( 3.491481338843133355E-15, -0.000000000000000000, 1.000000000000000000 ) ) ;
#11085 = CARTESIAN_POINT ( 'NONE',  ( 0.3357876820061004852, 0.000000000000000000, 0.02485103320823259937 ) ) ;
#11086 = EDGE_CURVE ( 'NONE', #2449, #8821, #1315, .T. ) ;
#11087 = CARTESIAN_POINT ( 'NONE',  ( 1.134588439536222459, 0.1342293532436118486, -0.007411481455077494063 ) ) ;
#11088 = EDGE_CURVE ( 'NONE', #9730, #4336, #5424, .T. ) ;
#11089 = FILL_AREA_STYLE ('',( #2462 ) ) ;
#11090 = SURFACE_SIDE_STYLE ('',( #7606 ) ) ;
#11091 = EDGE_CURVE ( 'NONE', #3850, #8075, #2858, .T. ) ;
#11092 = DIRECTION ( 'NONE',  ( 1.000000000000000000, 0.000000000000000000, -3.480155121558409533E-15 ) ) ;
#11093 = SURFACE_SIDE_STYLE ('',( #8330 ) ) ;
#11094 = FILL_AREA_STYLE_COLOUR ( '', #10439 ) ;
#11095 = EDGE_CURVE ( 'NONE', #2161, #557, #8969, .T. ) ;
#11096 = ORIENTED_EDGE ( 'NONE', *, *, #6010, .F. ) ;
#11097 = CARTESIAN_POINT ( 'NONE',  ( 1.119027606595378810, 0.2064859220783350213, 0.02777108824882854737 ) ) ;
#11098 = ORIENTED_EDGE ( 'NONE', *, *, #2088, .F. ) ;
#11099 = CARTESIAN_POINT ( 'NONE',  ( 1.134837590969379972, -0.03897746766754540265, -0.009673564070785820729 ) ) ;
#11100 = CARTESIAN_POINT ( 'NONE',  ( 1.130174755980359436, 0.1582693169967411828, -0.02941286812516781535 ) ) ;
#11101 = B_SPLINE_CURVE_WITH_KNOTS ( 'NONE', 1,
 ( #871, #2581 ),
 .UNSPECIFIED., .F., .F.,
 ( 2, 2 ),
 ( 0.000000000000000000, 1.000000000000000000 ),
 .UNSPECIFIED. ) ;
#11102 = SURFACE_SIDE_STYLE ('',( #4356 ) ) ;
#11103 = CARTESIAN_POINT ( 'NONE',  ( 1.120689078674309558, 0.2000744799025975795, 0.05687885185883380379 ) ) ;
#11104 = SURFACE_STYLE_FILL_AREA ( #4928 ) ;
#11105 = ORIENTED_EDGE ( 'NONE', *, *, #7770, .F. ) ;
#11106 = UNCERTAINTY_MEASURE_WITH_UNIT (LENGTH_MEASURE( 1.000000000000000082E-05 ), #3376, 'distance_accuracy_value', 'NONE');
#11107 = CARTESIAN_POINT ( 'NONE',  ( -0.2642123179939027677, 7.347880794884135020E-17, -0.9798060314836025686 ) ) ;
#11108 = EDGE_LOOP ( 'NONE', ( #651, #9699, #1312, #5390 ) ) ;
#11109 = MECHANICAL_DESIGN_GEOMETRIC_PRESENTATION_REPRESENTATION (  '', ( #4539 ), #5468 ) ;
#11110 = ORIENTED_EDGE ( 'NONE', *, *, #6244, .F. ) ;
#11111 = DIRECTION ( 'NONE',  ( -0.1244635492313379693, 0.9922241807740518338, 4.345621595074001570E-16 ) ) ;
#11112 = CARTESIAN_POINT ( 'NONE',  ( 1.137406555850297263, 0.1162344470236876814, -0.01495996018603239913 ) ) ;
#11113 = CIRCLE ( 'NONE', #2527, 0.7999999999999999334 ) ;
#11114 = CARTESIAN_POINT ( 'NONE',  ( 1.118049856333088066, 0.1675986245349308790, 0.02521247374022298274 ) ) ;
#11115 = CARTESIAN_POINT ( 'NONE',  ( 1.144584325190593166, -0.04412885649106477320, -0.02632747953987084680 ) ) ;
#11116 = PRESENTATION_LAYER_ASSIGNMENT (  '', '', ( #9641 ) ) ;
#11117 = CARTESIAN_POINT ( 'NONE',  ( 1.130932863621142870, -0.08800079632810978159, 0.01013760047613253626 ) ) ;
#11118 = CARTESIAN_POINT ( 'NONE',  ( 1.116292337304989335, 0.2165928970598124670, -0.02147007775802343282 ) ) ;
#11119 = CARTESIAN_POINT ( 'NONE',  ( 1.138207601216812748, 0.1105543904776014469, -0.01660829032125834062 ) ) ;
#11120 = VECTOR ( 'NONE', #8971, 1000.000000000000000 ) ;
#11121 = CARTESIAN_POINT ( 'NONE',  ( 1.134837590969379972, -0.03897746766754540265, -0.009673564070785820729 ) ) ;
#11122 = CARTESIAN_POINT ( 'NONE',  ( 1.124817482566454085, 0.1320430222167094381, -0.003304952191664851848 ) ) ;
#11123 = DIRECTION ( 'NONE',  ( 3.491481338843133355E-15, -0.000000000000000000, 1.000000000000000000 ) ) ;
#11124 = ORIENTED_EDGE ( 'NONE', *, *, #9375, .F. ) ;
#11125 = CARTESIAN_POINT ( 'NONE',  ( 0.3357876820061003742, 0.000000000000000000, 0.006069894152878568469 ) ) ;
#11126 = LINE ( 'NONE', #9100, #6746 ) ;
#11127 = ORIENTED_EDGE ( 'NONE', *, *, #7807, .F. ) ;
#11128 = ORIENTED_EDGE ( 'NONE', *, *, #9393, .T. ) ;
#11129 = COLOUR_RGB ( '',0.000000000000000000, 0.000000000000000000, 0.000000000000000000 ) ;
#11130 =( GEOMETRIC_REPRESENTATION_CONTEXT ( 3 ) GLOBAL_UNCERTAINTY_ASSIGNED_CONTEXT ( ( #8322 ) ) GLOBAL_UNIT_ASSIGNED_CONTEXT ( ( #9032, #2879, #8813 ) ) REPRESENTATION_CONTEXT ( 'NONE', 'WORKASPACE' ) );
#11131 = PRESENTATION_LAYER_ASSIGNMENT (  '', '', ( #5626 ) ) ;
#11132 = FILL_AREA_STYLE ('',( #5018 ) ) ;
#11133 = CARTESIAN_POINT ( 'NONE',  ( 0.9257876820060967349, 0.000000000000000000, -0.9798060314836066764 ) ) ;
#11134 = CARTESIAN_POINT ( 'NONE',  ( 0.3357876820061038714, 0.000000000000000000, 1.010193968516395202 ) ) ;
#11135 = SURFACE_STYLE_USAGE ( .BOTH. , #7641 ) ;
#11136 = AXIS2_PLACEMENT_3D ( 'NONE', #4011, #7398, #2305 ) ;
#11137 = AXIS2_PLACEMENT_3D ( 'NONE', #8779, #113, #3581 ) ;
#11138 = MECHANICAL_DESIGN_GEOMETRIC_PRESENTATION_REPRESENTATION (  '', ( #8736 ), #4203 ) ;
#11139 =( LENGTH_UNIT ( ) NAMED_UNIT ( * ) SI_UNIT ( .MILLI., .METRE. ) );
#11140 = ORIENTED_EDGE ( 'NONE', *, *, #5140, .F. ) ;
#11141 = CARTESIAN_POINT ( 'NONE',  ( 1.120780653920699255, 0.1542272156420074480, 0.05687885185883380379 ) ) ;
#11142 = STYLED_ITEM ( 'NONE', ( #7585 ), #4871 ) ;
#11143 = DIRECTION ( 'NONE',  ( 3.491481338843133355E-15, 0.000000000000000000, 1.000000000000000000 ) ) ;
#11144 = AXIS2_PLACEMENT_3D ( 'NONE', #4703, #1921, #7956 ) ;
#11145 = AXIS2_PLACEMENT_3D ( 'NONE', #9911, #3852, #3790 ) ;
#11146 =( NAMED_UNIT ( * ) SI_UNIT ( $, .STERADIAN. ) SOLID_ANGLE_UNIT ( ) );
#11147 = ORIENTED_EDGE ( 'NONE', *, *, #6603, .T. ) ;
#11148 = STYLED_ITEM ( 'NONE', ( #6103 ), #6613 ) ;
#11149 = SURFACE_STYLE_USAGE ( .BOTH. , #7659 ) ;
#11150 = VECTOR ( 'NONE', #6569, 1000.000000000000114 ) ;
#11151 = CARTESIAN_POINT ( 'NONE',  ( -0.1142123179938971528, 6.429395695523593799E-17, 0.3101939685163968563 ) ) ;
#11152 = ADVANCED_FACE ( 'NONE', ( #8157, #2011 ), #2070, .F. ) ;
#11153 = ORIENTED_EDGE ( 'NONE', *, *, #7593, .F. ) ;
#11154 = SURFACE_SIDE_STYLE ('',( #7664 ) ) ;
#11155 = DIRECTION ( 'NONE',  ( -1.000000000000000000, 0.000000000000000000, 3.491481338843133355E-15 ) ) ;
#11156 = DIRECTION ( 'NONE',  ( -1.000000000000000000, 0.000000000000000000, 3.523657060577889411E-15 ) ) ;
#11157 = EDGE_CURVE ( 'NONE', #7400, #5592, #4754, .T. ) ;
#11158 = EDGE_CURVE ( 'NONE', #5634, #2449, #2585, .T. ) ;
#11159 = FILL_AREA_STYLE_COLOUR ( '', #804 ) ;
#11160 = CARTESIAN_POINT ( 'NONE',  ( 1.137518445155790703, 0.1154593343106052189, -0.02303160069894362103 ) ) ;
#11161 = EDGE_CURVE ( 'NONE', #1367, #8398, #6922, .T. ) ;
#11162 = CARTESIAN_POINT ( 'NONE',  ( 1.142708976228259843, -0.07094355701492777166, 0.04274404376479576384 ) ) ;
#11163 = ORIENTED_EDGE ( 'NONE', *, *, #4136, .F. ) ;
#11164 = PRESENTATION_LAYER_ASSIGNMENT (  '', '', ( #4595 ) ) ;
#11165 = CARTESIAN_POINT ( 'NONE',  ( 1.117362076628753531, 0.1707087158590141762, 0.006069894152875641991 ) ) ;
#11166 = DIRECTION ( 'NONE',  ( 3.491481338843133355E-15, -0.000000000000000000, 1.000000000000000000 ) ) ;
#11167 = PRESENTATION_LAYER_ASSIGNMENT (  '', '', ( #1516 ) ) ;
#11168 = ORIENTED_EDGE ( 'NONE', *, *, #50, .F. ) ;
#11170 = ORIENTED_EDGE ( 'NONE', *, *, #1266, .F. ) ;
#11169 = UNCERTAINTY_MEASURE_WITH_UNIT (LENGTH_MEASURE( 1.000000000000000082E-05 ), #11194, 'distance_accuracy_value', 'NONE');
#11171 = ADVANCED_FACE ( 'NONE', ( #7385 ), #9944, .T. ) ;
#11172 = CARTESIAN_POINT ( 'NONE',  ( 1.139397111179339950, 0.1015474536552359586, 0.3561756190388881138 ) ) ;
#11173 = ADVANCED_FACE ( 'NONE', ( #414 ), #6941, .T. ) ;
#11174 = EDGE_CURVE ( 'NONE', #10956, #1580, #4082, .T. ) ;
#11175 = SURFACE_STYLE_USAGE ( .BOTH. , #8577 ) ;
#11176 =( NAMED_UNIT ( * ) SI_UNIT ( $, .STERADIAN. ) SOLID_ANGLE_UNIT ( ) );
#11177 = CARTESIAN_POINT ( 'NONE',  ( 1.101415663247545140, 0.2319780040007037858, 0.006069894152875912607 ) ) ;
#11178 = PRESENTATION_LAYER_ASSIGNMENT (  '', '', ( #6794 ) ) ;
#11179 = VERTEX_POINT ( 'NONE', #9230 ) ;
#11180 = CARTESIAN_POINT ( 'NONE',  ( 1.131026235449142048, 0.1539338920375195319, -0.03006783374187219429 ) ) ;
#11181 = VERTEX_POINT ( 'NONE', #6629 ) ;
#11182 = CARTESIAN_POINT ( 'NONE',  ( 1.138960479753647004, -0.01605930891486630555, -0.01604956006815404929 ) ) ;
#11183 = VERTEX_POINT ( 'NONE', #3079 ) ;
#11184 = B_SPLINE_SURFACE_WITH_KNOTS ( 'NONE', 1, 3, ( 
 ( #10991, #478, #10867, #3952 ),
 ( #6587, #5823, #602, #657 ) ),
 .UNSPECIFIED., .F., .F., .F.,
 ( 2, 2 ),
 ( 4, 4 ),
 ( 0.000000000000000000, 1.000000000000000000 ),
 ( 0.000000000000000000, 1.000000000000000000 ),
 .UNSPECIFIED. ) ;
#11185 = VERTEX_POINT ( 'NONE', #3941 ) ;
#11186 =( GEOMETRIC_REPRESENTATION_CONTEXT ( 3 ) GLOBAL_UNCERTAINTY_ASSIGNED_CONTEXT ( ( #1087 ) ) GLOBAL_UNIT_ASSIGNED_CONTEXT ( ( #2526, #1695, #5156 ) ) REPRESENTATION_CONTEXT ( 'NONE', 'WORKASPACE' ) );
#11187 = FILL_AREA_STYLE_COLOUR ( '', #4932 ) ;
#11188 = CARTESIAN_POINT ( 'NONE',  ( 1.138684743754058148, 0.1070342545949476282, 0.03722513019632300857 ) ) ;
#11189 = CARTESIAN_POINT ( 'NONE',  ( 1.131010868397307467, 0.08729309151253333843, -0.02230649118532102709 ) ) ;
#11190 = VECTOR ( 'NONE', #6684, 1000.000000000000000 ) ;
#11191 = CARTESIAN_POINT ( 'NONE',  ( 1.109909550784675902, 0.2018299588236746600, 0.03361119833001464247 ) ) ;
#11192 = EDGE_LOOP ( 'NONE', ( #2937, #7713, #1256, #2283 ) ) ;
#11193 =( NAMED_UNIT ( * ) PLANE_ANGLE_UNIT ( ) SI_UNIT ( $, .RADIAN. ) );
#11194 =( LENGTH_UNIT ( ) NAMED_UNIT ( * ) SI_UNIT ( .MILLI., .METRE. ) );
#11195 =( NAMED_UNIT ( * ) SI_UNIT ( $, .STERADIAN. ) SOLID_ANGLE_UNIT ( ) );
#11196 = DIRECTION ( 'NONE',  ( -1.000000000000000000, 0.000000000000000000, 3.491481338843133355E-15 ) ) ;
#11197 = CARTESIAN_POINT ( 'NONE',  ( 1.144966369205042023, -0.03646713839880545011, 0.05659367849026816777 ) ) ;
#11198 = SURFACE_STYLE_FILL_AREA ( #7709 ) ;
#11199 = CARTESIAN_POINT ( 'NONE',  ( 1.116408555218666887, 0.1750172914453036188, 0.02933754768169474780 ) ) ;
#11200 = PRESENTATION_STYLE_ASSIGNMENT (( #4120 ) ) ;
#11201 =( NAMED_UNIT ( * ) SI_UNIT ( $, .STERADIAN. ) SOLID_ANGLE_UNIT ( ) );
#11202 = B_SPLINE_SURFACE_WITH_KNOTS ( 'NONE', 1, 3, ( 
 ( #6992, #2712, #3559, #9505 ),
 ( #11274, #10443, #7044, #4377 ) ),
 .UNSPECIFIED., .F., .F., .F.,
 ( 2, 2 ),
 ( 4, 4 ),
 ( 0.000000000000000000, 1.000000000000000000 ),
 ( 0.000000000000000000, 1.000000000000000000 ),
 .UNSPECIFIED. ) ;
#11203 = VERTEX_POINT ( 'NONE', #9131 ) ;
#11204 = CARTESIAN_POINT ( 'NONE',  ( 1.109634839942559514, 0.2028836164259073815, 0.03069114328941663708 ) ) ;
#11205 = ORIENTED_EDGE ( 'NONE', *, *, #10474, .F. ) ;
#11206 = CARTESIAN_POINT ( 'NONE',  ( 0.3357876820061016510, 0.000000000000000000, 0.3561756190388909449 ) ) ;
#11207 = DIRECTION ( 'NONE',  ( 3.491481338843133355E-15, -0.000000000000000000, 1.000000000000000000 ) ) ;
#11208 = CARTESIAN_POINT ( 'NONE',  ( 1.133914149879059474, 0.1381815518824220934, -0.01298960528964358298 ) ) ;
#11209 = CARTESIAN_POINT ( 'NONE',  ( 1.132229647680669027, 0.1475811482284539733, -0.03283506347181482099 ) ) ;
#11210 = DIRECTION ( 'NONE',  ( 0.9940289829890088802, 0.1091163643906664649, -3.470633644375343143E-15 ) ) ;
#11211 =( NAMED_UNIT ( * ) SI_UNIT ( $, .STERADIAN. ) SOLID_ANGLE_UNIT ( ) );
#11212 = CARTESIAN_POINT ( 'NONE',  ( 1.141992109589303528, -0.07832254429753938985, 0.03609705215150383478 ) ) ;
#11213 = VERTEX_POINT ( 'NONE', #1394 ) ;
#11214 = EDGE_CURVE ( 'NONE', #7751, #4322, #7487, .T. ) ;
#11215 =( GEOMETRIC_REPRESENTATION_CONTEXT ( 3 ) GLOBAL_UNCERTAINTY_ASSIGNED_CONTEXT ( ( #9120 ) ) GLOBAL_UNIT_ASSIGNED_CONTEXT ( ( #10923, #5714, #11176 ) ) REPRESENTATION_CONTEXT ( 'NONE', 'WORKASPACE' ) );
#11216 = UNCERTAINTY_MEASURE_WITH_UNIT (LENGTH_MEASURE( 1.000000000000000082E-05 ), #5801, 'distance_accuracy_value', 'NONE');
#11217 = ORIENTED_EDGE ( 'NONE', *, *, #4125, .F. ) ;
#11218 = ORIENTED_EDGE ( 'NONE', *, *, #4950, .T. ) ;
#11219 =( NAMED_UNIT ( * ) SI_UNIT ( $, .STERADIAN. ) SOLID_ANGLE_UNIT ( ) );
#11220 = DIRECTION ( 'NONE',  ( 0.9994189913816061699, 0.03408342215466457492, -3.489452758094304365E-15 ) ) ;
#11221 = FACE_OUTER_BOUND ( 'NONE', #6188, .T. ) ;
#11222 = CARTESIAN_POINT ( 'NONE',  ( 1.128386112756643689, 0.1086218976716262774, 0.02600949444933023380 ) ) ;
#11223 = SURFACE_SIDE_STYLE ('',( #4318 ) ) ;
#11224 = VERTEX_POINT ( 'NONE', #11033 ) ;
#11225 = FACE_OUTER_BOUND ( 'NONE', #2220, .T. ) ;
#11226 = B_SPLINE_CURVE_WITH_KNOTS ( 'NONE', 1,
 ( #7171, #4830 ),
 .UNSPECIFIED., .F., .F.,
 ( 2, 2 ),
 ( 0.000000000000000000, 1.000000000000000000 ),
 .UNSPECIFIED. ) ;
#11227 = AXIS2_PLACEMENT_3D ( 'NONE', #5091, #768, #9545 ) ;
#11228 = VERTEX_POINT ( 'NONE', #5804 ) ;
#11229 = CARTESIAN_POINT ( 'NONE',  ( 1.144837071409571250, -0.03923118027629247939, 0.004672290736132487382 ) ) ;
#11230 = CARTESIAN_POINT ( 'NONE',  ( 0.3357876820061003742, 0.000000000000000000, 0.002385712559679973709 ) ) ;
#11231 = LINE ( 'NONE', #5061, #2210 ) ;
#11232 = ORIENTED_EDGE ( 'NONE', *, *, #3801, .T. ) ;
#11233 = CIRCLE ( 'NONE', #7763, 0.8100000000000000533 ) ;
#11234 = ORIENTED_EDGE ( 'NONE', *, *, #8210, .F. ) ;
#11235 = CARTESIAN_POINT ( 'NONE',  ( 1.126987947808945956, 0.1183306359042599343, -0.01141768780968355906 ) ) ;
#11236 = CARTESIAN_POINT ( 'NONE',  ( 1.124099963293829996, 0.1362721289186305251, -0.02637904226169575719 ) ) ;
#11237 = B_SPLINE_CURVE_WITH_KNOTS ( 'NONE', 1,
 ( #7069, #2795 ),
 .UNSPECIFIED., .F., .F.,
 ( 2, 2 ),
 ( 0.000000000000000000, 1.000000000000000000 ),
 .UNSPECIFIED. ) ;
#11238 = B_SPLINE_SURFACE_WITH_KNOTS ( 'NONE', 1, 3, ( 
 ( #10609, #9960, #1310, #3789 ),
 ( #3851, #10014, #5605, #2202 ) ),
 .UNSPECIFIED., .F., .F., .F.,
 ( 2, 2 ),
 ( 4, 4 ),
 ( 0.000000000000000000, 1.000000000000000000 ),
 ( 0.000000000000000000, 1.000000000000000000 ),
 .UNSPECIFIED. ) ;
#11239 = DIRECTION ( 'NONE',  ( 3.491481338843133355E-15, -0.000000000000000000, 1.000000000000000000 ) ) ;
#11240 = CARTESIAN_POINT ( 'NONE',  ( 1.134158670044206119, -0.05102710514088796417, 0.03336449143510916010 ) ) ;
#11241 = EDGE_LOOP ( 'NONE', ( #3082, #8111, #8990, #9117 ) ) ;
#11242 = EDGE_LOOP ( 'NONE', ( #9870, #2219, #7452, #6927 ) ) ;
#11243 = CARTESIAN_POINT ( 'NONE',  ( 1.128301182461124874, 0.1091895214593594649, -0.01660829032125828511 ) ) ;
#11244 = CARTESIAN_POINT ( 'NONE',  ( 1.138778844334981111, 0.1063299897133404281, -0.01433688433358188720 ) ) ;
#11245 = COLOUR_RGB ( '',0.000000000000000000, 0.000000000000000000, 0.000000000000000000 ) ;
#11246 = CARTESIAN_POINT ( 'NONE',  ( 0.3357876820061016510, 0.000000000000000000, 0.3561756190388909449 ) ) ;
#11247 = PRESENTATION_STYLE_ASSIGNMENT (( #4284 ) ) ;
#11248 = B_SPLINE_CURVE_WITH_KNOTS ( 'NONE', 1,
 ( #6878, #2498 ),
 .UNSPECIFIED., .F., .F.,
 ( 2, 2 ),
 ( 0.000000000000000000, 1.000000000000000000 ),
 .UNSPECIFIED. ) ;
#11249 = CARTESIAN_POINT ( 'NONE',  ( 1.138194018417720388, 0.1106529316669103008, -0.02217549806215568520 ) ) ;
#11250 = VECTOR ( 'NONE', #5171, 1000.000000000000000 ) ;
#11251 = DIRECTION ( 'NONE',  ( 3.491481338843133355E-15, -0.000000000000000000, 1.000000000000000000 ) ) ;
#11252 = CARTESIAN_POINT ( 'NONE',  ( 0.3357876820061003187, 0.000000000000000000, -0.01719775937615916628 ) ) ;
#11253 = EDGE_CURVE ( 'NONE', #8833, #7242, #8277, .T. ) ;
#11254 = CARTESIAN_POINT ( 'NONE',  ( 1.135742747320645840, -0.008479002158367401898, 0.05180935499299749863 ) ) ;
#11255 = FILL_AREA_STYLE_COLOUR ( '', #10628 ) ;
#11256 = ORIENTED_EDGE ( 'NONE', *, *, #1405, .F. ) ;
#11257 = DIRECTION ( 'NONE',  ( 3.491481338843133355E-15, -0.000000000000000000, 1.000000000000000000 ) ) ;
#11258 =( NAMED_UNIT ( * ) SI_UNIT ( $, .STERADIAN. ) SOLID_ANGLE_UNIT ( ) );
#11259 = B_SPLINE_CURVE_WITH_KNOTS ( 'NONE', 1,
 ( #729, #11229 ),
 .UNSPECIFIED., .F., .F.,
 ( 2, 2 ),
 ( 0.000000000000000000, 1.000000000000000000 ),
 .UNSPECIFIED. ) ;
#11260 = DIRECTION ( 'NONE',  ( -3.491481338843133355E-15, 0.000000000000000000, -1.000000000000000000 ) ) ;
#11261 = CARTESIAN_POINT ( 'NONE',  ( 1.123118058767074157, 0.1418128267450560198, -0.007471519969934293723 ) ) ;
#11262 = EDGE_CURVE ( 'NONE', #9029, #2050, #8392, .T. ) ;
#11263 = LINE ( 'NONE', #4477, #10618 ) ;
#11264 = B_SPLINE_SURFACE_WITH_KNOTS ( 'NONE', 1, 3, ( 
 ( #8247, #438, #7410, #544 ),
 ( #10878, #11000, #6536, #5668 ) ),
 .UNSPECIFIED., .F., .F., .F.,
 ( 2, 2 ),
 ( 4, 4 ),
 ( 0.000000000000000000, 1.000000000000000000 ),
 ( 0.000000000000000000, 1.000000000000000000 ),
 .UNSPECIFIED. ) ;
#11265 = ORIENTED_EDGE ( 'NONE', *, *, #701, .T. ) ;
#11266 = CARTESIAN_POINT ( 'NONE',  ( 1.127962219587985038, 0.1116221394120677363, -0.01236738795373066267 ) ) ;
#11267 = CARTESIAN_POINT ( 'NONE',  ( 1.136267085824681278, 0.1238253772950009685, -0.01123757226533038042 ) ) ;
#11268 = ORIENTED_EDGE ( 'NONE', *, *, #2090, .F. ) ;
#11269 = ORIENTED_EDGE ( 'NONE', *, *, #6543, .T. ) ;
#11270 = CARTESIAN_POINT ( 'NONE',  ( 1.135743414800849838, 0.009698899387967448507, -0.02476400594610231667 ) ) ;
#11271 = CARTESIAN_POINT ( 'NONE',  ( 1.136267085824682388, 0.1238253772950009685, 0.3561756190388881138 ) ) ;
#11272 =( NAMED_UNIT ( * ) SI_UNIT ( $, .STERADIAN. ) SOLID_ANGLE_UNIT ( ) );
#11273 = CARTESIAN_POINT ( 'NONE',  ( 1.135365259734852028, -0.02642294140746605235, 0.001734383743266310410 ) ) ;
#11274 = CARTESIAN_POINT ( 'NONE',  ( 1.125348979795322446, 0.1288136523564147873, -0.01287498630665490432 ) ) ;
#11275 = CARTESIAN_POINT ( 'NONE',  ( 1.145653669275015218, 0.01515564480478382228, 0.05897684345595013977 ) ) ;
#11276 = CARTESIAN_POINT ( 'NONE',  ( 1.117362076628753309, 0.1707087158590141762, -0.02595792449772822003 ) ) ;
#11277 = SURFACE_STYLE_USAGE ( .BOTH. , #5337 ) ;
#11278 = ORIENTED_EDGE ( 'NONE', *, *, #7862, .T. ) ;
#11279 = CARTESIAN_POINT ( 'NONE',  ( 1.145771245899008584, 0.005958324523509797230, 0.01133311956155611151 ) ) ;
#11280 = CARTESIAN_POINT ( 'NONE',  ( 1.122922845730287777, 0.1428923861823872266, -0.01973575114034626515 ) ) ;
#11281 = ORIENTED_EDGE ( 'NONE', *, *, #88, .F. ) ;
#11282 = CARTESIAN_POINT ( 'NONE',  ( 1.128772434349800236, 0.1057128440441084671, 0.03722513020254497595 ) ) ;
#11283 = FILL_AREA_STYLE_COLOUR ( '', #5802 ) ;
#11284 = CARTESIAN_POINT ( 'NONE',  ( 0.3357876820061016510, 0.000000000000000000, 0.3561756190388909449 ) ) ;
#11285 = CIRCLE ( 'NONE', #9637, 0.8100000000000001643 ) ;
#11286 = ADVANCED_FACE ( 'NONE', ( #6572 ), #10063, .T. ) ;
#11287 = ORIENTED_EDGE ( 'NONE', *, *, #8887, .F. ) ;
#11288 = ORIENTED_EDGE ( 'NONE', *, *, #1565, .T. ) ;
#11289 = FILL_AREA_STYLE_COLOUR ( '', #7004 ) ;
#11290 = B_SPLINE_SURFACE_WITH_KNOTS ( 'NONE', 1, 3, ( 
 ( #3568, #8656, #4329, #7803 ),
 ( #1829, #6079, #10343, #6137 ) ),
 .UNSPECIFIED., .F., .F., .F.,
 ( 2, 2 ),
 ( 4, 4 ),
 ( 0.000000000000000000, 1.000000000000000000 ),
 ( 0.000000000000000000, 1.000000000000000000 ),
 .UNSPECIFIED. ) ;
#11291 = VECTOR ( 'NONE', #6909, 1000.000000000000000 ) ;
#11292 = EDGE_CURVE ( 'NONE', #4716, #11183, #11024, .T. ) ;
#11293 =( NAMED_UNIT ( * ) PLANE_ANGLE_UNIT ( ) SI_UNIT ( $, .RADIAN. ) );
#11294 = CARTESIAN_POINT ( 'NONE',  ( 1.124860959957600492, 0.1317701105064226219, -0.008896070185896201923 ) ) ;
#11295 = EDGE_CURVE ( 'NONE', #9694, #2391, #667, .T. ) ;
#11296 = FACE_OUTER_BOUND ( 'NONE', #773, .T. ) ;
#11297 = ORIENTED_EDGE ( 'NONE', *, *, #4521, .T. ) ;
#11298 = ORIENTED_EDGE ( 'NONE', *, *, #3694, .T. ) ;
#11299 = AXIS2_PLACEMENT_3D ( 'NONE', #1978, #5512, #2943 ) ;
#11300 = CARTESIAN_POINT ( 'NONE',  ( 0.3357876820061003187, 0.000000000000000000, -0.02606900220520442721 ) ) ;
#11301 = CARTESIAN_POINT ( 'NONE',  ( 1.128054148465468920, 0.1685640712725764156, -0.003083250338844025808 ) ) ;
#11302 = EDGE_CURVE ( 'NONE', #6812, #10956, #7883, .T. ) ;
#11303 = MECHANICAL_DESIGN_GEOMETRIC_PRESENTATION_REPRESENTATION (  '', ( #2178 ), #8537 ) ;
#11304 = SURFACE_SIDE_STYLE ('',( #48 ) ) ;
#11305 = CARTESIAN_POINT ( 'NONE',  ( 1.138639007566222716, 0.1073766690038141375, -0.02469787592213919247 ) ) ;
#11306 = SURFACE_SIDE_STYLE ('',( #7131 ) ) ;
#11307 = ADVANCED_FACE ( 'NONE', ( #6903 ), #4941, .T. ) ;
#11308 =( GEOMETRIC_REPRESENTATION_CONTEXT ( 3 ) GLOBAL_UNCERTAINTY_ASSIGNED_CONTEXT ( ( #5162 ) ) GLOBAL_UNIT_ASSIGNED_CONTEXT ( ( #6451, #410, #9128 ) ) REPRESENTATION_CONTEXT ( 'NONE', 'WORKASPACE' ) );
#11309 = CARTESIAN_POINT ( 'NONE',  ( 1.112309914343384998, 0.2304630614348432416, -0.01719775937616187939 ) ) ;
#11310 = PRESENTATION_LAYER_ASSIGNMENT (  '', '', ( #4916 ) ) ;
#11311 = PRESENTATION_LAYER_ASSIGNMENT (  '', '', ( #5994 ) ) ;
#11312 = SURFACE_STYLE_FILL_AREA ( #2589 ) ;
#11313 = SURFACE_SIDE_STYLE ('',( #7822 ) ) ;
#11314 = AXIS2_PLACEMENT_3D ( 'NONE', #4252, #10083, #5715 ) ;
#11315 =( NAMED_UNIT ( * ) PLANE_ANGLE_UNIT ( ) SI_UNIT ( $, .RADIAN. ) );
#11316 = STYLED_ITEM ( 'NONE', ( #5012 ), #4865 ) ;
#11317 = CARTESIAN_POINT ( 'NONE',  ( 1.121921548956863468, 0.1483022023876921502, -0.03673210889059547180 ) ) ;
#11318 = EDGE_LOOP ( 'NONE', ( #10873, #6955, #4645, #9508 ) ) ;
#11319 = B_SPLINE_SURFACE_WITH_KNOTS ( 'NONE', 1, 3, ( 
 ( #7269, #7617, #6913, #11208 ),
 ( #1576, #10256, #5814, #7719 ) ),
 .UNSPECIFIED., .F., .F., .F.,
 ( 2, 2 ),
 ( 4, 4 ),
 ( 0.000000000000000000, 1.000000000000000000 ),
 ( 0.000000000000000000, 1.000000000000000000 ),
 .UNSPECIFIED. ) ;
#11320 = CARTESIAN_POINT ( 'NONE',  ( 1.136877951131481490, 0.1198097688530631866, -0.01667378688284196220 ) ) ;
#11321 = CARTESIAN_POINT ( 'NONE',  ( 1.134577802342496611, 0.1342920088946685797, -0.01102470843974886171 ) ) ;
#11322 = EDGE_CURVE ( 'NONE', #6425, #9774, #10071, .T. ) ;
ENDSEC;
END-ISO-10303-21;
